{
  "extreme_500k": {
    "max_dd_percentiles": {
      "5": 0.9010378075965922,
      "25": 0.9624861577692516,
      "50": 1.0038368140557141,
      "75": 1.0494915861018397,
      "95": 1.1113409863222616
    },
    "final_equity_percentiles": {
      "5": -11126.109999999624,
      "25": -4946.6374999998625,
      "50": -383.2049999998053,
      "75": 3746.132500000207,
      "95": 9881.031000000381
    },
    "ruin_probability": 1.0,
    "median_sharpe": -11.068826752357534,
    "mean_final_equity": -454.1287498597424,
    "gpu_used": false,
    "elapsed_s": 356.3
  },
  "deep_2k_trades": {
    "max_dd_percentiles": {
      "5": 1.8634177385443385,
      "25": 1.9467801177816328,
      "50": 2.007930450042695,
      "75": 2.0695166720537403,
      "95": 2.160994221837319
    },
    "final_equity_percentiles": {
      "5": -116052.32249999874,
      "25": -106914.86999999927,
      "50": -100770.21999999904,
      "75": -94643.37749999895,
      "95": -85959.05549999881
    },
    "ruin_probability": 1.0,
    "median_sharpe": -11.069079018260023,
    "mean_final_equity": -100887.54360989905,
    "gpu_used": false,
    "elapsed_s": 150.9
  },
  "million_sims": {
    "max_dd_percentiles": {
      "5": 0.4277028533517597,
      "25": 0.4708333429660348,
      "50": 0.4996263499999999,
      "75": 0.5303673076978875,
      "95": 0.5762298426934565
    },
    "final_equity_percentiles": {
      "5": 42373.38950000007,
      "25": 46961.15000000003,
      "50": 50035.04000000005,
      "75": 52659.9800000001,
      "95": 57226.08050000004
    },
    "ruin_probability": 1.0,
    "median_sharpe": -11.041784211586643,
    "mean_final_equity": 49782.28361688004,
    "gpu_used": false,
    "elapsed_s": 275.7
  },
  "gtx1050_50k": {
    "max_dd_percentiles": {
      "5": 0.4278024077567071,
      "25": 0.47092350288039014,
      "50": 0.49955697373731844,
      "75": 0.530279798332693,
      "95": 0.5761999854999633
    },
    "final_equity_percentiles": {
      "5": 42376.458500000044,
      "25": 46969.96000000011,
      "50": 50041.740000000056,
      "75": 52656.16000000003,
      "95": 57216.71100000004
    },
    "ruin_probability": 1.0,
    "median_sharpe": -11.040058521856949,
    "mean_final_equity": 49790.10497080005,
    "gpu_used": false,
    "elapsed_s": 13.7
  },
  "gtx1050_100k": {
    "max_dd_percentiles": {
      "5": 0.42776610637400647,
      "25": 0.4709768032141528,
      "50": 0.5015591910098438,
      "75": 0.53243159014264,
      "95": 0.5762328251908735
    },
    "final_equity_percentiles": {
      "5": 42373.757000000034,
      "25": 46526.22250000003,
      "50": 49601.83000000004,
      "75": 52652.32500000008,
      "95": 57221.03200000004
    },
    "ruin_probability": 1.0,
    "median_sharpe": -11.090577213634113,
    "mean_final_equity": 49754.80338250004,
    "gpu_used": false,
    "elapsed_s": 27.1
  },
  "gpu_xgb_stress": {
    "elapsed_s": 1205.1,
    "rows": 100000,
    "depth": 14,
    "rounds": 5000,
    "device": "P40"
  }
}