{
  "extreme_500k": {
    "max_dd_percentiles": {
      "5": 0.901079406857457,
      "25": 0.9625156312891786,
      "50": 1.00381287193071,
      "75": 1.0453752634344842,
      "95": 1.1112702770486604
    },
    "final_equity_percentiles": {
      "5": -11119.14099999972,
      "25": -4528.70999999973,
      "50": -380.9049999997442,
      "75": 3743.545000000242,
      "95": 9879.840000000202
    },
    "ruin_probability": 1.0,
    "median_sharpe": -11.068522226032801,
    "mean_final_equity": -439.33384711974213,
    "gpu_used": false,
    "elapsed_s": 24.9
  },
  "deep_2k_trades": {
    "max_dd_percentiles": {
      "5": 1.859571884824067,
      "25": 1.946669589021635,
      "50": 2.0080178573024967,
      "75": 2.069428073664406,
      "95": 2.160950120224642
    },
    "final_equity_percentiles": {
      "5": -116051.52099999873,
      "25": -106910.68749999921,
      "50": -100774.41499999897,
      "75": -94639.76999999891,
      "95": -85933.15549999916
    },
    "ruin_probability": 1.0,
    "median_sharpe": -11.06935414063717,
    "mean_final_equity": -100884.55430344904,
    "gpu_used": false,
    "elapsed_s": 20.0
  },
  "million_sims": {
    "max_dd_percentiles": {
      "5": 0.42771065186097795,
      "25": 0.47087759476090874,
      "50": 0.4996552745001209,
      "75": 0.530445429801671,
      "95": 0.5762480604036997
    },
    "final_equity_percentiles": {
      "5": 42371.54950000009,
      "25": 46953.277500000055,
      "50": 50032.215000000055,
      "75": 52656.89250000003,
      "95": 57225.33
    },
    "ruin_probability": 1.0,
    "median_sharpe": -11.042563823437979,
    "mean_final_equity": 49775.541913280045,
    "gpu_used": false,
    "elapsed_s": 25.3
  },
  "gtx1050_50k": {
    "max_dd_percentiles": {
      "5": 0.4277032476665298,
      "25": 0.4688695057823716,
      "50": 0.4995469641935235,
      "75": 0.5302158675725316,
      "95": 0.5762166435902762
    },
    "final_equity_percentiles": {
      "5": 42374.473000000085,
      "25": 46975.59500000004,
      "50": 50042.55500000006,
      "75": 53110.07000000008,
      "95": 57225.32250000004
    },
    "ruin_probability": 1.0,
    "median_sharpe": -11.039784111642561,
    "mean_final_equity": 49813.477163200056,
    "gpu_used": false,
    "elapsed_s": 1.3
  },
  "gtx1050_100k": {
    "max_dd_percentiles": {
      "5": 0.42768352852518476,
      "25": 0.4708017792854918,
      "50": 0.49960299817372555,
      "75": 0.5325158972248669,
      "95": 0.5762398400497749
    },
    "final_equity_percentiles": {
      "5": 42371.62750000007,
      "25": 46520.52750000004,
      "50": 50037.36500000003,
      "75": 52661.89250000001,
      "95": 57226.71999999996
    },
    "ruin_probability": 1.0,
    "median_sharpe": -11.0412078225452,
    "mean_final_equity": 49776.43915160005,
    "gpu_used": false,
    "elapsed_s": 2.6
  }
}