total_return,total_return_pct,final_equity,max_dd,max_dd_pct,sharpe,calmar,profit_factor,n_trades,win_rate,wins,losses,avg_bars_held,ftmo_compliant,ftmo_killed,max_daily_loss_pct,max_daily_gain_pct,gross_profit,gross_loss,sl,tp,breakeven,trail,horizon,session,skipped_max_pos,skipped_corr,skipped_spread,skipped_dd_gate,skipped_profit_lock,skipped_profit_gate,skipped_session,skipped_already_in,prob_threshold,risk_scale,max_positions,dd_gate_pct,profit_lock_pct,profit_gate_pct,dd_recovery_threshold,session_buffer_hours
-9199.56,-0.092,90800.44,10690.7,0.1053,-0.814,-0.861,0.148,32,0.2188,7,25,5.8,False,True,-0.0536,0.0,1646.11,11154.16,14,0,6,9,3,0,1100,62,53,0,0,0,93,88,0.44,0.5,5,0.025,0.02,0.01,0.03,1
-9199.56,-0.092,90800.44,10690.7,0.1053,-0.814,-0.861,0.148,32,0.2188,7,25,5.8,False,True,-0.0536,0.0,1646.11,11154.16,14,0,6,9,3,0,1100,62,53,0,0,0,93,88,0.44,0.5,5,0.025,0.02,0.01,0.03,2
-9199.56,-0.092,90800.44,10690.7,0.1053,-0.814,-0.861,0.148,32,0.2188,7,25,5.8,False,True,-0.0536,0.0,1646.11,11154.16,14,0,6,9,3,0,1100,62,53,0,0,0,93,88,0.44,0.5,5,0.025,0.02,0.01,0.03,3
-8817.94,-0.0882,91182.06,10349.02,0.102,-0.827,-0.852,0.429,57,0.2632,15,42,7.1,False,True,-0.0408,0.014,6724.93,15673.97,26,0,9,16,6,0,1578,94,203,0,0,478,97,170,0.44,0.5,5,0.025,0.02,0.01,0.05,1
-8817.94,-0.0882,91182.06,10349.02,0.102,-0.827,-0.852,0.429,57,0.2632,15,42,7.1,False,True,-0.0408,0.014,6724.93,15673.97,26,0,9,16,6,0,1578,94,203,0,0,478,97,170,0.44,0.5,5,0.025,0.02,0.01,0.05,2
-8817.94,-0.0882,91182.06,10349.02,0.102,-0.827,-0.852,0.429,57,0.2632,15,42,7.1,False,True,-0.0408,0.014,6724.93,15673.97,26,0,9,16,6,0,1578,94,203,0,0,478,97,170,0.44,0.5,5,0.025,0.02,0.01,0.05,3
-9199.56,-0.092,90800.44,10690.7,0.1053,-0.814,-0.861,0.148,32,0.2188,7,25,5.8,False,True,-0.0536,0.0,1646.11,11154.16,14,0,6,9,3,0,1100,62,53,0,0,0,93,88,0.44,0.5,5,0.025,0.02,0.02,0.03,1
-9199.56,-0.092,90800.44,10690.7,0.1053,-0.814,-0.861,0.148,32,0.2188,7,25,5.8,False,True,-0.0536,0.0,1646.11,11154.16,14,0,6,9,3,0,1100,62,53,0,0,0,93,88,0.44,0.5,5,0.025,0.02,0.02,0.03,2
-9199.56,-0.092,90800.44,10690.7,0.1053,-0.814,-0.861,0.148,32,0.2188,7,25,5.8,False,True,-0.0536,0.0,1646.11,11154.16,14,0,6,9,3,0,1100,62,53,0,0,0,93,88,0.44,0.5,5,0.025,0.02,0.02,0.03,3
-9201.14,-0.092,90798.86,10692.28,0.1054,-0.933,-0.861,0.408,49,0.2653,13,36,7.4,False,True,-0.0408,0.0,6517.14,15992.16,24,0,7,14,4,0,1103,135,91,0,0,0,93,165,0.44,0.5,5,0.025,0.02,0.02,0.05,1
-9201.14,-0.092,90798.86,10692.28,0.1054,-0.933,-0.861,0.408,49,0.2653,13,36,7.4,False,True,-0.0408,0.0,6517.14,15992.16,24,0,7,14,4,0,1103,135,91,0,0,0,93,165,0.44,0.5,5,0.025,0.02,0.02,0.05,2
-9201.14,-0.092,90798.86,10692.28,0.1054,-0.933,-0.861,0.408,49,0.2653,13,36,7.4,False,True,-0.0408,0.0,6517.14,15992.16,24,0,7,14,4,0,1103,135,91,0,0,0,93,165,0.44,0.5,5,0.025,0.02,0.02,0.05,3
-9199.56,-0.092,90800.44,10690.7,0.1053,-0.814,-0.861,0.148,32,0.2188,7,25,5.8,False,True,-0.0536,0.0,1646.11,11154.16,14,0,6,9,3,0,1100,62,53,0,0,0,93,88,0.44,0.5,5,0.025,0.03,0.01,0.03,1
-9199.56,-0.092,90800.44,10690.7,0.1053,-0.814,-0.861,0.148,32,0.2188,7,25,5.8,False,True,-0.0536,0.0,1646.11,11154.16,14,0,6,9,3,0,1100,62,53,0,0,0,93,88,0.44,0.5,5,0.025,0.03,0.01,0.03,2
-9199.56,-0.092,90800.44,10690.7,0.1053,-0.814,-0.861,0.148,32,0.2188,7,25,5.8,False,True,-0.0536,0.0,1646.11,11154.16,14,0,6,9,3,0,1100,62,53,0,0,0,93,88,0.44,0.5,5,0.025,0.03,0.01,0.03,3
-8817.94,-0.0882,91182.06,10349.02,0.102,-0.827,-0.852,0.429,57,0.2632,15,42,7.1,False,True,-0.0408,0.014,6724.93,15673.97,26,0,9,16,6,0,1578,94,203,0,0,478,97,170,0.44,0.5,5,0.025,0.03,0.01,0.05,1
-8817.94,-0.0882,91182.06,10349.02,0.102,-0.827,-0.852,0.429,57,0.2632,15,42,7.1,False,True,-0.0408,0.014,6724.93,15673.97,26,0,9,16,6,0,1578,94,203,0,0,478,97,170,0.44,0.5,5,0.025,0.03,0.01,0.05,2
-8817.94,-0.0882,91182.06,10349.02,0.102,-0.827,-0.852,0.429,57,0.2632,15,42,7.1,False,True,-0.0408,0.014,6724.93,15673.97,26,0,9,16,6,0,1578,94,203,0,0,478,97,170,0.44,0.5,5,0.025,0.03,0.01,0.05,3
-9199.56,-0.092,90800.44,10690.7,0.1053,-0.814,-0.861,0.148,32,0.2188,7,25,5.8,False,True,-0.0536,0.0,1646.11,11154.16,14,0,6,9,3,0,1100,62,53,0,0,0,93,88,0.44,0.5,5,0.025,0.03,0.02,0.03,1
-9199.56,-0.092,90800.44,10690.7,0.1053,-0.814,-0.861,0.148,32,0.2188,7,25,5.8,False,True,-0.0536,0.0,1646.11,11154.16,14,0,6,9,3,0,1100,62,53,0,0,0,93,88,0.44,0.5,5,0.025,0.03,0.02,0.03,2
-9199.56,-0.092,90800.44,10690.7,0.1053,-0.814,-0.861,0.148,32,0.2188,7,25,5.8,False,True,-0.0536,0.0,1646.11,11154.16,14,0,6,9,3,0,1100,62,53,0,0,0,93,88,0.44,0.5,5,0.025,0.03,0.02,0.03,3
-9201.14,-0.092,90798.86,10692.28,0.1054,-0.933,-0.861,0.408,49,0.2653,13,36,7.4,False,True,-0.0408,0.0,6517.14,15992.16,24,0,7,14,4,0,1103,135,91,0,0,0,93,165,0.44,0.5,5,0.025,0.03,0.02,0.05,1
-9201.14,-0.092,90798.86,10692.28,0.1054,-0.933,-0.861,0.408,49,0.2653,13,36,7.4,False,True,-0.0408,0.0,6517.14,15992.16,24,0,7,14,4,0,1103,135,91,0,0,0,93,165,0.44,0.5,5,0.025,0.03,0.02,0.05,2
-9201.14,-0.092,90798.86,10692.28,0.1054,-0.933,-0.861,0.408,49,0.2653,13,36,7.4,False,True,-0.0408,0.0,6517.14,15992.16,24,0,7,14,4,0,1103,135,91,0,0,0,93,165,0.44,0.5,5,0.025,0.03,0.02,0.05,3
-9563.91,-0.0956,90436.09,11055.05,0.1089,-0.818,-0.865,0.152,36,0.25,9,27,5.8,False,True,-0.0536,0.0,1773.94,11645.1,15,0,7,11,3,0,1358,62,60,0,0,0,100,100,0.44,0.5,5,0.035,0.02,0.01,0.03,1
-9563.91,-0.0956,90436.09,11055.05,0.1089,-0.818,-0.865,0.152,36,0.25,9,27,5.8,False,True,-0.0536,0.0,1773.94,11645.1,15,0,7,11,3,0,1358,62,60,0,0,0,100,100,0.44,0.5,5,0.035,0.02,0.01,0.03,2
-9563.91,-0.0956,90436.09,11055.05,0.1089,-0.818,-0.865,0.152,36,0.25,9,27,5.8,False,True,-0.0536,0.0,1773.94,11645.1,15,0,7,11,3,0,1358,62,60,0,0,0,100,100,0.44,0.5,5,0.035,0.02,0.01,0.03,3
-8936.0,-0.0894,91064.0,10427.14,0.1027,-0.817,-0.857,0.435,59,0.2881,17,42,7.2,False,True,-0.0441,0.0142,6966.04,16002.06,26,0,10,18,5,0,1776,94,209,0,0,478,104,180,0.44,0.5,5,0.035,0.02,0.01,0.05,1
-8936.0,-0.0894,91064.0,10427.14,0.1027,-0.817,-0.857,0.435,59,0.2881,17,42,7.2,False,True,-0.0441,0.0142,6966.04,16002.06,26,0,10,18,5,0,1776,94,209,0,0,478,104,180,0.44,0.5,5,0.035,0.02,0.01,0.05,2
-8936.0,-0.0894,91064.0,10427.14,0.1027,-0.817,-0.857,0.435,59,0.2881,17,42,7.2,False,True,-0.0441,0.0142,6966.04,16002.06,26,0,10,18,5,0,1776,94,209,0,0,478,104,180,0.44,0.5,5,0.035,0.02,0.01,0.05,3
-9563.91,-0.0956,90436.09,11055.05,0.1089,-0.818,-0.865,0.152,36,0.25,9,27,5.8,False,True,-0.0536,0.0,1773.94,11645.1,15,0,7,11,3,0,1358,62,60,0,0,0,100,100,0.44,0.5,5,0.035,0.02,0.02,0.03,1
-9563.91,-0.0956,90436.09,11055.05,0.1089,-0.818,-0.865,0.152,36,0.25,9,27,5.8,False,True,-0.0536,0.0,1773.94,11645.1,15,0,7,11,3,0,1358,62,60,0,0,0,100,100,0.44,0.5,5,0.035,0.02,0.02,0.03,2
-9563.91,-0.0956,90436.09,11055.05,0.1089,-0.818,-0.865,0.152,36,0.25,9,27,5.8,False,True,-0.0536,0.0,1773.94,11645.1,15,0,7,11,3,0,1358,62,60,0,0,0,100,100,0.44,0.5,5,0.035,0.02,0.02,0.03,3
-9509.03,-0.0951,90490.97,11000.17,0.1084,-0.928,-0.864,0.409,53,0.283,15,38,7.3,False,True,-0.0441,0.0,6758.95,16540.89,25,0,8,16,4,0,1361,135,98,0,0,0,100,177,0.44,0.5,5,0.035,0.02,0.02,0.05,1
-9509.03,-0.0951,90490.97,11000.17,0.1084,-0.928,-0.864,0.409,53,0.283,15,38,7.3,False,True,-0.0441,0.0,6758.95,16540.89,25,0,8,16,4,0,1361,135,98,0,0,0,100,177,0.44,0.5,5,0.035,0.02,0.02,0.05,2
-9509.03,-0.0951,90490.97,11000.17,0.1084,-0.928,-0.864,0.409,53,0.283,15,38,7.3,False,True,-0.0441,0.0,6758.95,16540.89,25,0,8,16,4,0,1361,135,98,0,0,0,100,177,0.44,0.5,5,0.035,0.02,0.02,0.05,3
-9563.91,-0.0956,90436.09,11055.05,0.1089,-0.818,-0.865,0.152,36,0.25,9,27,5.8,False,True,-0.0536,0.0,1773.94,11645.1,15,0,7,11,3,0,1358,62,60,0,0,0,100,100,0.44,0.5,5,0.035,0.03,0.01,0.03,1
-9563.91,-0.0956,90436.09,11055.05,0.1089,-0.818,-0.865,0.152,36,0.25,9,27,5.8,False,True,-0.0536,0.0,1773.94,11645.1,15,0,7,11,3,0,1358,62,60,0,0,0,100,100,0.44,0.5,5,0.035,0.03,0.01,0.03,2
-9563.91,-0.0956,90436.09,11055.05,0.1089,-0.818,-0.865,0.152,36,0.25,9,27,5.8,False,True,-0.0536,0.0,1773.94,11645.1,15,0,7,11,3,0,1358,62,60,0,0,0,100,100,0.44,0.5,5,0.035,0.03,0.01,0.03,3
-8936.0,-0.0894,91064.0,10427.14,0.1027,-0.817,-0.857,0.435,59,0.2881,17,42,7.2,False,True,-0.0441,0.0142,6966.04,16002.06,26,0,10,18,5,0,1776,94,209,0,0,478,104,180,0.44,0.5,5,0.035,0.03,0.01,0.05,1
-8936.0,-0.0894,91064.0,10427.14,0.1027,-0.817,-0.857,0.435,59,0.2881,17,42,7.2,False,True,-0.0441,0.0142,6966.04,16002.06,26,0,10,18,5,0,1776,94,209,0,0,478,104,180,0.44,0.5,5,0.035,0.03,0.01,0.05,2
-8936.0,-0.0894,91064.0,10427.14,0.1027,-0.817,-0.857,0.435,59,0.2881,17,42,7.2,False,True,-0.0441,0.0142,6966.04,16002.06,26,0,10,18,5,0,1776,94,209,0,0,478,104,180,0.44,0.5,5,0.035,0.03,0.01,0.05,3
-9563.91,-0.0956,90436.09,11055.05,0.1089,-0.818,-0.865,0.152,36,0.25,9,27,5.8,False,True,-0.0536,0.0,1773.94,11645.1,15,0,7,11,3,0,1358,62,60,0,0,0,100,100,0.44,0.5,5,0.035,0.03,0.02,0.03,1
-9563.91,-0.0956,90436.09,11055.05,0.1089,-0.818,-0.865,0.152,36,0.25,9,27,5.8,False,True,-0.0536,0.0,1773.94,11645.1,15,0,7,11,3,0,1358,62,60,0,0,0,100,100,0.44,0.5,5,0.035,0.03,0.02,0.03,2
-9563.91,-0.0956,90436.09,11055.05,0.1089,-0.818,-0.865,0.152,36,0.25,9,27,5.8,False,True,-0.0536,0.0,1773.94,11645.1,15,0,7,11,3,0,1358,62,60,0,0,0,100,100,0.44,0.5,5,0.035,0.03,0.02,0.03,3
-9509.03,-0.0951,90490.97,11000.17,0.1084,-0.928,-0.864,0.409,53,0.283,15,38,7.3,False,True,-0.0441,0.0,6758.95,16540.89,25,0,8,16,4,0,1361,135,98,0,0,0,100,177,0.44,0.5,5,0.035,0.03,0.02,0.05,1
-9509.03,-0.0951,90490.97,11000.17,0.1084,-0.928,-0.864,0.409,53,0.283,15,38,7.3,False,True,-0.0441,0.0,6758.95,16540.89,25,0,8,16,4,0,1361,135,98,0,0,0,100,177,0.44,0.5,5,0.035,0.03,0.02,0.05,2
-9509.03,-0.0951,90490.97,11000.17,0.1084,-0.928,-0.864,0.409,53,0.283,15,38,7.3,False,True,-0.0441,0.0,6758.95,16540.89,25,0,8,16,4,0,1361,135,98,0,0,0,100,177,0.44,0.5,5,0.035,0.03,0.02,0.05,3
-4962.31,-0.0496,95037.69,11020.97,0.1039,-0.287,-0.45,0.604,63,0.1905,12,51,7.7,False,True,-0.0437,0.0703,8352.78,13817.97,29,0,12,13,9,0,699,150,88,0,0,143,50,139,0.44,0.5,10,0.025,0.02,0.01,0.03,1
-4962.31,-0.0496,95037.69,11020.97,0.1039,-0.287,-0.45,0.604,63,0.1905,12,51,7.7,False,True,-0.0437,0.0703,8352.78,13817.97,29,0,12,13,9,0,699,150,88,0,0,143,50,139,0.44,0.5,10,0.025,0.02,0.01,0.03,2
-4962.31,-0.0496,95037.69,11020.97,0.1039,-0.287,-0.45,0.604,63,0.1905,12,51,7.7,False,True,-0.0437,0.0703,8352.78,13817.97,29,0,12,13,9,0,699,150,88,0,0,143,50,139,0.44,0.5,10,0.025,0.02,0.01,0.03,3
-5026.62,-0.0503,94973.38,11109.84,0.1047,-0.268,-0.452,0.59,53,0.1887,10,43,6.8,False,True,-0.0597,0.0705,8012.7,13576.64,20,0,12,11,10,0,634,147,87,0,0,143,46,133,0.44,0.5,10,0.025,0.02,0.01,0.05,1
-5026.62,-0.0503,94973.38,11109.84,0.1047,-0.268,-0.452,0.59,53,0.1887,10,43,6.8,False,True,-0.0597,0.0705,8012.7,13576.64,20,0,12,11,10,0,634,147,87,0,0,143,46,133,0.44,0.5,10,0.025,0.02,0.01,0.05,2
-5026.62,-0.0503,94973.38,11109.84,0.1047,-0.268,-0.452,0.59,53,0.1887,10,43,6.8,False,True,-0.0597,0.0705,8012.7,13576.64,20,0,12,11,10,0,634,147,87,0,0,143,46,133,0.44,0.5,10,0.025,0.02,0.01,0.05,3
-10033.45,-0.1003,89966.55,10904.18,0.1081,-0.871,-0.92,0.581,108,0.2315,25,83,7.4,False,True,-0.0381,0.0245,15747.7,27104.8,53,0,17,28,10,0,759,267,126,0,0,0,50,294,0.44,0.5,10,0.025,0.02,0.02,0.03,1
-10033.45,-0.1003,89966.55,10904.18,0.1081,-0.871,-0.92,0.581,108,0.2315,25,83,7.4,False,True,-0.0381,0.0245,15747.7,27104.8,53,0,17,28,10,0,759,267,126,0,0,0,50,294,0.44,0.5,10,0.025,0.02,0.02,0.03,2
-10033.45,-0.1003,89966.55,10904.18,0.1081,-0.871,-0.92,0.581,108,0.2315,25,83,7.4,False,True,-0.0381,0.0245,15747.7,27104.8,53,0,17,28,10,0,759,267,126,0,0,0,50,294,0.44,0.5,10,0.025,0.02,0.02,0.03,3
-8127.53,-0.0813,91872.47,10281.04,0.101,-0.584,-0.791,0.575,53,0.2075,11,42,5.8,False,True,-0.0681,0.0301,12687.26,22081.43,25,0,5,13,10,0,353,128,54,0,0,0,42,105,0.44,0.5,10,0.025,0.02,0.02,0.05,1
-8127.53,-0.0813,91872.47,10281.04,0.101,-0.584,-0.791,0.575,53,0.2075,11,42,5.8,False,True,-0.0681,0.0301,12687.26,22081.43,25,0,5,13,10,0,353,128,54,0,0,0,42,105,0.44,0.5,10,0.025,0.02,0.02,0.05,2
-8127.53,-0.0813,91872.47,10281.04,0.101,-0.584,-0.791,0.575,53,0.2075,11,42,5.8,False,True,-0.0681,0.0301,12687.26,22081.43,25,0,5,13,10,0,353,128,54,0,0,0,42,105,0.44,0.5,10,0.025,0.02,0.02,0.05,3
-4962.31,-0.0496,95037.69,11020.97,0.1039,-0.287,-0.45,0.604,63,0.1905,12,51,7.7,False,True,-0.0437,0.0703,8352.78,13817.97,29,0,12,13,9,0,699,150,88,0,0,143,50,139,0.44,0.5,10,0.025,0.03,0.01,0.03,1
-4962.31,-0.0496,95037.69,11020.97,0.1039,-0.287,-0.45,0.604,63,0.1905,12,51,7.7,False,True,-0.0437,0.0703,8352.78,13817.97,29,0,12,13,9,0,699,150,88,0,0,143,50,139,0.44,0.5,10,0.025,0.03,0.01,0.03,2
-4962.31,-0.0496,95037.69,11020.97,0.1039,-0.287,-0.45,0.604,63,0.1905,12,51,7.7,False,True,-0.0437,0.0703,8352.78,13817.97,29,0,12,13,9,0,699,150,88,0,0,143,50,139,0.44,0.5,10,0.025,0.03,0.01,0.03,3
-5026.62,-0.0503,94973.38,11109.84,0.1047,-0.268,-0.452,0.59,53,0.1887,10,43,6.8,False,True,-0.0597,0.0705,8012.7,13576.64,20,0,12,11,10,0,634,147,87,0,0,143,46,133,0.44,0.5,10,0.025,0.03,0.01,0.05,1
-5026.62,-0.0503,94973.38,11109.84,0.1047,-0.268,-0.452,0.59,53,0.1887,10,43,6.8,False,True,-0.0597,0.0705,8012.7,13576.64,20,0,12,11,10,0,634,147,87,0,0,143,46,133,0.44,0.5,10,0.025,0.03,0.01,0.05,2
-5026.62,-0.0503,94973.38,11109.84,0.1047,-0.268,-0.452,0.59,53,0.1887,10,43,6.8,False,True,-0.0597,0.0705,8012.7,13576.64,20,0,12,11,10,0,634,147,87,0,0,143,46,133,0.44,0.5,10,0.025,0.03,0.01,0.05,3
-10033.45,-0.1003,89966.55,10904.18,0.1081,-0.871,-0.92,0.581,108,0.2315,25,83,7.4,False,True,-0.0381,0.0245,15747.7,27104.8,53,0,17,28,10,0,759,285,186,0,0,160,50,331,0.44,0.5,10,0.025,0.03,0.02,0.03,1
-10033.45,-0.1003,89966.55,10904.18,0.1081,-0.871,-0.92,0.581,108,0.2315,25,83,7.4,False,True,-0.0381,0.0245,15747.7,27104.8,53,0,17,28,10,0,759,285,186,0,0,160,50,331,0.44,0.5,10,0.025,0.03,0.02,0.03,2
-10033.45,-0.1003,89966.55,10904.18,0.1081,-0.871,-0.92,0.581,108,0.2315,25,83,7.4,False,True,-0.0381,0.0245,15747.7,27104.8,53,0,17,28,10,0,759,285,186,0,0,160,50,331,0.44,0.5,10,0.025,0.03,0.02,0.03,3
-8127.53,-0.0813,91872.47,10281.04,0.101,-0.584,-0.791,0.575,53,0.2075,11,42,5.8,False,True,-0.0681,0.0301,12687.26,22081.43,25,0,5,13,10,0,353,128,59,0,0,18,42,116,0.44,0.5,10,0.025,0.03,0.02,0.05,1
-8127.53,-0.0813,91872.47,10281.04,0.101,-0.584,-0.791,0.575,53,0.2075,11,42,5.8,False,True,-0.0681,0.0301,12687.26,22081.43,25,0,5,13,10,0,353,128,59,0,0,18,42,116,0.44,0.5,10,0.025,0.03,0.02,0.05,2
-8127.53,-0.0813,91872.47,10281.04,0.101,-0.584,-0.791,0.575,53,0.2075,11,42,5.8,False,True,-0.0681,0.0301,12687.26,22081.43,25,0,5,13,10,0,353,128,59,0,0,18,42,116,0.44,0.5,10,0.025,0.03,0.02,0.05,3
-11748.45,-0.1175,88251.55,11748.45,0.1175,-0.817,-1.0,0.136,34,0.2059,7,27,6.4,False,True,-0.0675,0.0,1902.77,13948.06,14,0,7,10,3,0,417,90,34,0,0,0,45,73,0.44,0.5,10,0.035,0.02,0.01,0.03,1
-11748.45,-0.1175,88251.55,11748.45,0.1175,-0.817,-1.0,0.136,34,0.2059,7,27,6.4,False,True,-0.0675,0.0,1902.77,13948.06,14,0,7,10,3,0,417,90,34,0,0,0,45,73,0.44,0.5,10,0.035,0.02,0.01,0.03,2
-11748.45,-0.1175,88251.55,11748.45,0.1175,-0.817,-1.0,0.136,34,0.2059,7,27,6.4,False,True,-0.0675,0.0,1902.77,13948.06,14,0,7,10,3,0,417,90,34,0,0,0,45,73,0.44,0.5,10,0.035,0.02,0.01,0.03,3
-11748.45,-0.1175,88251.55,11748.45,0.1175,-0.817,-1.0,0.136,34,0.2059,7,27,6.4,False,True,-0.0675,0.0,1902.77,13948.06,14,0,7,10,3,0,417,90,34,0,0,0,45,73,0.44,0.5,10,0.035,0.02,0.01,0.05,1
-11748.45,-0.1175,88251.55,11748.45,0.1175,-0.817,-1.0,0.136,34,0.2059,7,27,6.4,False,True,-0.0675,0.0,1902.77,13948.06,14,0,7,10,3,0,417,90,34,0,0,0,45,73,0.44,0.5,10,0.035,0.02,0.01,0.05,2
-11748.45,-0.1175,88251.55,11748.45,0.1175,-0.817,-1.0,0.136,34,0.2059,7,27,6.4,False,True,-0.0675,0.0,1902.77,13948.06,14,0,7,10,3,0,417,90,34,0,0,0,45,73,0.44,0.5,10,0.035,0.02,0.01,0.05,3
-11748.45,-0.1175,88251.55,11748.45,0.1175,-0.817,-1.0,0.136,34,0.2059,7,27,6.4,False,True,-0.0675,0.0,1902.77,13948.06,14,0,7,10,3,0,417,90,34,0,0,0,45,73,0.44,0.5,10,0.035,0.02,0.02,0.03,1
-11748.45,-0.1175,88251.55,11748.45,0.1175,-0.817,-1.0,0.136,34,0.2059,7,27,6.4,False,True,-0.0675,0.0,1902.77,13948.06,14,0,7,10,3,0,417,90,34,0,0,0,45,73,0.44,0.5,10,0.035,0.02,0.02,0.03,2
-11748.45,-0.1175,88251.55,11748.45,0.1175,-0.817,-1.0,0.136,34,0.2059,7,27,6.4,False,True,-0.0675,0.0,1902.77,13948.06,14,0,7,10,3,0,417,90,34,0,0,0,45,73,0.44,0.5,10,0.035,0.02,0.02,0.03,3
-11748.45,-0.1175,88251.55,11748.45,0.1175,-0.817,-1.0,0.136,34,0.2059,7,27,6.4,False,True,-0.0675,0.0,1902.77,13948.06,14,0,7,10,3,0,417,90,34,0,0,0,45,73,0.44,0.5,10,0.035,0.02,0.02,0.05,1
-11748.45,-0.1175,88251.55,11748.45,0.1175,-0.817,-1.0,0.136,34,0.2059,7,27,6.4,False,True,-0.0675,0.0,1902.77,13948.06,14,0,7,10,3,0,417,90,34,0,0,0,45,73,0.44,0.5,10,0.035,0.02,0.02,0.05,2
-11748.45,-0.1175,88251.55,11748.45,0.1175,-0.817,-1.0,0.136,34,0.2059,7,27,6.4,False,True,-0.0675,0.0,1902.77,13948.06,14,0,7,10,3,0,417,90,34,0,0,0,45,73,0.44,0.5,10,0.035,0.02,0.02,0.05,3
-11748.45,-0.1175,88251.55,11748.45,0.1175,-0.817,-1.0,0.136,34,0.2059,7,27,6.4,False,True,-0.0675,0.0,1902.77,13948.06,14,0,7,10,3,0,417,90,34,0,0,0,45,73,0.44,0.5,10,0.035,0.03,0.01,0.03,1
-11748.45,-0.1175,88251.55,11748.45,0.1175,-0.817,-1.0,0.136,34,0.2059,7,27,6.4,False,True,-0.0675,0.0,1902.77,13948.06,14,0,7,10,3,0,417,90,34,0,0,0,45,73,0.44,0.5,10,0.035,0.03,0.01,0.03,2
-11748.45,-0.1175,88251.55,11748.45,0.1175,-0.817,-1.0,0.136,34,0.2059,7,27,6.4,False,True,-0.0675,0.0,1902.77,13948.06,14,0,7,10,3,0,417,90,34,0,0,0,45,73,0.44,0.5,10,0.035,0.03,0.01,0.03,3
-11748.45,-0.1175,88251.55,11748.45,0.1175,-0.817,-1.0,0.136,34,0.2059,7,27,6.4,False,True,-0.0675,0.0,1902.77,13948.06,14,0,7,10,3,0,417,90,34,0,0,0,45,73,0.44,0.5,10,0.035,0.03,0.01,0.05,1
-11748.45,-0.1175,88251.55,11748.45,0.1175,-0.817,-1.0,0.136,34,0.2059,7,27,6.4,False,True,-0.0675,0.0,1902.77,13948.06,14,0,7,10,3,0,417,90,34,0,0,0,45,73,0.44,0.5,10,0.035,0.03,0.01,0.05,2
-11748.45,-0.1175,88251.55,11748.45,0.1175,-0.817,-1.0,0.136,34,0.2059,7,27,6.4,False,True,-0.0675,0.0,1902.77,13948.06,14,0,7,10,3,0,417,90,34,0,0,0,45,73,0.44,0.5,10,0.035,0.03,0.01,0.05,3
-11748.45,-0.1175,88251.55,11748.45,0.1175,-0.817,-1.0,0.136,34,0.2059,7,27,6.4,False,True,-0.0675,0.0,1902.77,13948.06,14,0,7,10,3,0,417,90,34,0,0,0,45,73,0.44,0.5,10,0.035,0.03,0.02,0.03,1
-11748.45,-0.1175,88251.55,11748.45,0.1175,-0.817,-1.0,0.136,34,0.2059,7,27,6.4,False,True,-0.0675,0.0,1902.77,13948.06,14,0,7,10,3,0,417,90,34,0,0,0,45,73,0.44,0.5,10,0.035,0.03,0.02,0.03,2
-11748.45,-0.1175,88251.55,11748.45,0.1175,-0.817,-1.0,0.136,34,0.2059,7,27,6.4,False,True,-0.0675,0.0,1902.77,13948.06,14,0,7,10,3,0,417,90,34,0,0,0,45,73,0.44,0.5,10,0.035,0.03,0.02,0.03,3
-11748.45,-0.1175,88251.55,11748.45,0.1175,-0.817,-1.0,0.136,34,0.2059,7,27,6.4,False,True,-0.0675,0.0,1902.77,13948.06,14,0,7,10,3,0,417,90,34,0,0,0,45,73,0.44,0.5,10,0.035,0.03,0.02,0.05,1
-11748.45,-0.1175,88251.55,11748.45,0.1175,-0.817,-1.0,0.136,34,0.2059,7,27,6.4,False,True,-0.0675,0.0,1902.77,13948.06,14,0,7,10,3,0,417,90,34,0,0,0,45,73,0.44,0.5,10,0.035,0.03,0.02,0.05,2
-11748.45,-0.1175,88251.55,11748.45,0.1175,-0.817,-1.0,0.136,34,0.2059,7,27,6.4,False,True,-0.0675,0.0,1902.77,13948.06,14,0,7,10,3,0,417,90,34,0,0,0,45,73,0.44,0.5,10,0.035,0.03,0.02,0.05,3
-10689.4,-0.1069,89310.6,10689.4,0.1069,-1.076,-1.0,0.294,43,0.2093,9,34,9.4,False,True,-0.043,0.0,4634.04,15764.09,20,0,9,12,2,0,227,153,49,0,0,0,42,101,0.44,0.5,15,0.025,0.02,0.01,0.03,1
-10689.4,-0.1069,89310.6,10689.4,0.1069,-1.076,-1.0,0.294,43,0.2093,9,34,9.4,False,True,-0.043,0.0,4634.04,15764.09,20,0,9,12,2,0,227,153,49,0,0,0,42,101,0.44,0.5,15,0.025,0.02,0.01,0.03,2
-10689.4,-0.1069,89310.6,10689.4,0.1069,-1.076,-1.0,0.294,43,0.2093,9,34,9.4,False,True,-0.043,0.0,4634.04,15764.09,20,0,9,12,2,0,227,153,49,0,0,0,42,101,0.44,0.5,15,0.025,0.02,0.01,0.03,3
-6732.75,-0.0673,93267.25,11086.69,0.1062,-0.349,-0.607,0.53,60,0.2,12,48,7.5,False,True,-0.0597,0.0703,8318.16,15707.3,24,0,13,13,10,0,423,185,85,0,0,143,46,155,0.44,0.5,15,0.025,0.02,0.01,0.05,1
-6732.75,-0.0673,93267.25,11086.69,0.1062,-0.349,-0.607,0.53,60,0.2,12,48,7.5,False,True,-0.0597,0.0703,8318.16,15707.3,24,0,13,13,10,0,423,185,85,0,0,143,46,155,0.44,0.5,15,0.025,0.02,0.01,0.05,2
-6732.75,-0.0673,93267.25,11086.69,0.1062,-0.349,-0.607,0.53,60,0.2,12,48,7.5,False,True,-0.0597,0.0703,8318.16,15707.3,24,0,13,13,10,0,423,185,85,0,0,143,46,155,0.44,0.5,15,0.025,0.02,0.01,0.05,3
-10689.4,-0.1069,89310.6,10689.4,0.1069,-1.076,-1.0,0.294,43,0.2093,9,34,9.4,False,True,-0.043,0.0,4634.04,15764.09,20,0,9,12,2,0,227,153,49,0,0,0,42,101,0.44,0.5,15,0.025,0.02,0.02,0.03,1
-10689.4,-0.1069,89310.6,10689.4,0.1069,-1.076,-1.0,0.294,43,0.2093,9,34,9.4,False,True,-0.043,0.0,4634.04,15764.09,20,0,9,12,2,0,227,153,49,0,0,0,42,101,0.44,0.5,15,0.025,0.02,0.02,0.03,2
-10689.4,-0.1069,89310.6,10689.4,0.1069,-1.076,-1.0,0.294,43,0.2093,9,34,9.4,False,True,-0.043,0.0,4634.04,15764.09,20,0,9,12,2,0,227,153,49,0,0,0,42,101,0.44,0.5,15,0.025,0.02,0.02,0.03,3
-9626.57,-0.0963,90373.43,10038.18,0.1003,-0.645,-0.959,0.534,63,0.1905,12,51,6.0,False,True,-0.0683,0.0301,12824.81,24015.15,28,0,6,14,15,0,281,165,54,0,0,0,42,125,0.44,0.5,15,0.025,0.02,0.02,0.05,1
-9626.57,-0.0963,90373.43,10038.18,0.1003,-0.645,-0.959,0.534,63,0.1905,12,51,6.0,False,True,-0.0683,0.0301,12824.81,24015.15,28,0,6,14,15,0,281,165,54,0,0,0,42,125,0.44,0.5,15,0.025,0.02,0.02,0.05,2
-9626.57,-0.0963,90373.43,10038.18,0.1003,-0.645,-0.959,0.534,63,0.1905,12,51,6.0,False,True,-0.0683,0.0301,12824.81,24015.15,28,0,6,14,15,0,281,165,54,0,0,0,42,125,0.44,0.5,15,0.025,0.02,0.02,0.05,3
-10689.4,-0.1069,89310.6,10689.4,0.1069,-1.076,-1.0,0.294,43,0.2093,9,34,9.4,False,True,-0.043,0.0,4634.04,15764.09,20,0,9,12,2,0,227,153,49,0,0,0,42,101,0.44,0.5,15,0.025,0.03,0.01,0.03,1
-10689.4,-0.1069,89310.6,10689.4,0.1069,-1.076,-1.0,0.294,43,0.2093,9,34,9.4,False,True,-0.043,0.0,4634.04,15764.09,20,0,9,12,2,0,227,153,49,0,0,0,42,101,0.44,0.5,15,0.025,0.03,0.01,0.03,2
-10689.4,-0.1069,89310.6,10689.4,0.1069,-1.076,-1.0,0.294,43,0.2093,9,34,9.4,False,True,-0.043,0.0,4634.04,15764.09,20,0,9,12,2,0,227,153,49,0,0,0,42,101,0.44,0.5,15,0.025,0.03,0.01,0.03,3
-6732.75,-0.0673,93267.25,11086.69,0.1062,-0.349,-0.607,0.53,60,0.2,12,48,7.5,False,True,-0.0597,0.0703,8318.16,15707.3,24,0,13,13,10,0,423,185,85,0,0,143,46,155,0.44,0.5,15,0.025,0.03,0.01,0.05,1
-6732.75,-0.0673,93267.25,11086.69,0.1062,-0.349,-0.607,0.53,60,0.2,12,48,7.5,False,True,-0.0597,0.0703,8318.16,15707.3,24,0,13,13,10,0,423,185,85,0,0,143,46,155,0.44,0.5,15,0.025,0.03,0.01,0.05,2
-6732.75,-0.0673,93267.25,11086.69,0.1062,-0.349,-0.607,0.53,60,0.2,12,48,7.5,False,True,-0.0597,0.0703,8318.16,15707.3,24,0,13,13,10,0,423,185,85,0,0,143,46,155,0.44,0.5,15,0.025,0.03,0.01,0.05,3
-10689.4,-0.1069,89310.6,10689.4,0.1069,-1.076,-1.0,0.294,43,0.2093,9,34,9.4,False,True,-0.043,0.0,4634.04,15764.09,20,0,9,12,2,0,227,153,49,0,0,0,42,101,0.44,0.5,15,0.025,0.03,0.02,0.03,1
-10689.4,-0.1069,89310.6,10689.4,0.1069,-1.076,-1.0,0.294,43,0.2093,9,34,9.4,False,True,-0.043,0.0,4634.04,15764.09,20,0,9,12,2,0,227,153,49,0,0,0,42,101,0.44,0.5,15,0.025,0.03,0.02,0.03,2
-10689.4,-0.1069,89310.6,10689.4,0.1069,-1.076,-1.0,0.294,43,0.2093,9,34,9.4,False,True,-0.043,0.0,4634.04,15764.09,20,0,9,12,2,0,227,153,49,0,0,0,42,101,0.44,0.5,15,0.025,0.03,0.02,0.03,3
-9626.57,-0.0963,90373.43,10038.18,0.1003,-0.645,-0.959,0.534,63,0.1905,12,51,6.0,False,True,-0.0683,0.0301,12824.81,24015.15,28,0,6,14,15,0,281,165,59,0,0,18,42,136,0.44,0.5,15,0.025,0.03,0.02,0.05,1
-9626.57,-0.0963,90373.43,10038.18,0.1003,-0.645,-0.959,0.534,63,0.1905,12,51,6.0,False,True,-0.0683,0.0301,12824.81,24015.15,28,0,6,14,15,0,281,165,59,0,0,18,42,136,0.44,0.5,15,0.025,0.03,0.02,0.05,2
-9626.57,-0.0963,90373.43,10038.18,0.1003,-0.645,-0.959,0.534,63,0.1905,12,51,6.0,False,True,-0.0683,0.0301,12824.81,24015.15,28,0,6,14,15,0,281,165,59,0,0,18,42,136,0.44,0.5,15,0.025,0.03,0.02,0.05,3
-10563.66,-0.1056,89436.34,10563.66,0.1056,-0.721,-1.0,0.17,36,0.1944,7,29,8.1,False,True,-0.0833,0.0,2216.68,13063.37,16,0,8,10,2,0,357,108,28,0,0,0,45,88,0.44,0.5,15,0.035,0.02,0.01,0.03,1
-10563.66,-0.1056,89436.34,10563.66,0.1056,-0.721,-1.0,0.17,36,0.1944,7,29,8.1,False,True,-0.0833,0.0,2216.68,13063.37,16,0,8,10,2,0,357,108,28,0,0,0,45,88,0.44,0.5,15,0.035,0.02,0.01,0.03,2
-10563.66,-0.1056,89436.34,10563.66,0.1056,-0.721,-1.0,0.17,36,0.1944,7,29,8.1,False,True,-0.0833,0.0,2216.68,13063.37,16,0,8,10,2,0,357,108,28,0,0,0,45,88,0.44,0.5,15,0.035,0.02,0.01,0.03,3
-10563.66,-0.1056,89436.34,10563.66,0.1056,-0.721,-1.0,0.17,36,0.1944,7,29,8.1,False,True,-0.0833,0.0,2216.68,13063.37,16,0,8,10,2,0,357,108,28,0,0,0,45,88,0.44,0.5,15,0.035,0.02,0.01,0.05,1
-10563.66,-0.1056,89436.34,10563.66,0.1056,-0.721,-1.0,0.17,36,0.1944,7,29,8.1,False,True,-0.0833,0.0,2216.68,13063.37,16,0,8,10,2,0,357,108,28,0,0,0,45,88,0.44,0.5,15,0.035,0.02,0.01,0.05,2
-10563.66,-0.1056,89436.34,10563.66,0.1056,-0.721,-1.0,0.17,36,0.1944,7,29,8.1,False,True,-0.0833,0.0,2216.68,13063.37,16,0,8,10,2,0,357,108,28,0,0,0,45,88,0.44,0.5,15,0.035,0.02,0.01,0.05,3
-10563.66,-0.1056,89436.34,10563.66,0.1056,-0.721,-1.0,0.17,36,0.1944,7,29,8.1,False,True,-0.0833,0.0,2216.68,13063.37,16,0,8,10,2,0,357,108,28,0,0,0,45,88,0.44,0.5,15,0.035,0.02,0.02,0.03,1
-10563.66,-0.1056,89436.34,10563.66,0.1056,-0.721,-1.0,0.17,36,0.1944,7,29,8.1,False,True,-0.0833,0.0,2216.68,13063.37,16,0,8,10,2,0,357,108,28,0,0,0,45,88,0.44,0.5,15,0.035,0.02,0.02,0.03,2
-10563.66,-0.1056,89436.34,10563.66,0.1056,-0.721,-1.0,0.17,36,0.1944,7,29,8.1,False,True,-0.0833,0.0,2216.68,13063.37,16,0,8,10,2,0,357,108,28,0,0,0,45,88,0.44,0.5,15,0.035,0.02,0.02,0.03,3
-10563.66,-0.1056,89436.34,10563.66,0.1056,-0.721,-1.0,0.17,36,0.1944,7,29,8.1,False,True,-0.0833,0.0,2216.68,13063.37,16,0,8,10,2,0,357,108,28,0,0,0,45,88,0.44,0.5,15,0.035,0.02,0.02,0.05,1
-10563.66,-0.1056,89436.34,10563.66,0.1056,-0.721,-1.0,0.17,36,0.1944,7,29,8.1,False,True,-0.0833,0.0,2216.68,13063.37,16,0,8,10,2,0,357,108,28,0,0,0,45,88,0.44,0.5,15,0.035,0.02,0.02,0.05,2
-10563.66,-0.1056,89436.34,10563.66,0.1056,-0.721,-1.0,0.17,36,0.1944,7,29,8.1,False,True,-0.0833,0.0,2216.68,13063.37,16,0,8,10,2,0,357,108,28,0,0,0,45,88,0.44,0.5,15,0.035,0.02,0.02,0.05,3
-10563.66,-0.1056,89436.34,10563.66,0.1056,-0.721,-1.0,0.17,36,0.1944,7,29,8.1,False,True,-0.0833,0.0,2216.68,13063.37,16,0,8,10,2,0,357,108,28,0,0,0,45,88,0.44,0.5,15,0.035,0.03,0.01,0.03,1
-10563.66,-0.1056,89436.34,10563.66,0.1056,-0.721,-1.0,0.17,36,0.1944,7,29,8.1,False,True,-0.0833,0.0,2216.68,13063.37,16,0,8,10,2,0,357,108,28,0,0,0,45,88,0.44,0.5,15,0.035,0.03,0.01,0.03,2
-10563.66,-0.1056,89436.34,10563.66,0.1056,-0.721,-1.0,0.17,36,0.1944,7,29,8.1,False,True,-0.0833,0.0,2216.68,13063.37,16,0,8,10,2,0,357,108,28,0,0,0,45,88,0.44,0.5,15,0.035,0.03,0.01,0.03,3
-10563.66,-0.1056,89436.34,10563.66,0.1056,-0.721,-1.0,0.17,36,0.1944,7,29,8.1,False,True,-0.0833,0.0,2216.68,13063.37,16,0,8,10,2,0,357,108,28,0,0,0,45,88,0.44,0.5,15,0.035,0.03,0.01,0.05,1
-10563.66,-0.1056,89436.34,10563.66,0.1056,-0.721,-1.0,0.17,36,0.1944,7,29,8.1,False,True,-0.0833,0.0,2216.68,13063.37,16,0,8,10,2,0,357,108,28,0,0,0,45,88,0.44,0.5,15,0.035,0.03,0.01,0.05,2
-10563.66,-0.1056,89436.34,10563.66,0.1056,-0.721,-1.0,0.17,36,0.1944,7,29,8.1,False,True,-0.0833,0.0,2216.68,13063.37,16,0,8,10,2,0,357,108,28,0,0,0,45,88,0.44,0.5,15,0.035,0.03,0.01,0.05,3
-10563.66,-0.1056,89436.34,10563.66,0.1056,-0.721,-1.0,0.17,36,0.1944,7,29,8.1,False,True,-0.0833,0.0,2216.68,13063.37,16,0,8,10,2,0,357,108,28,0,0,0,45,88,0.44,0.5,15,0.035,0.03,0.02,0.03,1
-10563.66,-0.1056,89436.34,10563.66,0.1056,-0.721,-1.0,0.17,36,0.1944,7,29,8.1,False,True,-0.0833,0.0,2216.68,13063.37,16,0,8,10,2,0,357,108,28,0,0,0,45,88,0.44,0.5,15,0.035,0.03,0.02,0.03,2
-10563.66,-0.1056,89436.34,10563.66,0.1056,-0.721,-1.0,0.17,36,0.1944,7,29,8.1,False,True,-0.0833,0.0,2216.68,13063.37,16,0,8,10,2,0,357,108,28,0,0,0,45,88,0.44,0.5,15,0.035,0.03,0.02,0.03,3
-10563.66,-0.1056,89436.34,10563.66,0.1056,-0.721,-1.0,0.17,36,0.1944,7,29,8.1,False,True,-0.0833,0.0,2216.68,13063.37,16,0,8,10,2,0,357,108,28,0,0,0,45,88,0.44,0.5,15,0.035,0.03,0.02,0.05,1
-10563.66,-0.1056,89436.34,10563.66,0.1056,-0.721,-1.0,0.17,36,0.1944,7,29,8.1,False,True,-0.0833,0.0,2216.68,13063.37,16,0,8,10,2,0,357,108,28,0,0,0,45,88,0.44,0.5,15,0.035,0.03,0.02,0.05,2
-10563.66,-0.1056,89436.34,10563.66,0.1056,-0.721,-1.0,0.17,36,0.1944,7,29,8.1,False,True,-0.0833,0.0,2216.68,13063.37,16,0,8,10,2,0,357,108,28,0,0,0,45,88,0.44,0.5,15,0.035,0.03,0.02,0.05,3
2375.16,0.0238,102375.16,12546.61,0.1092,0.13,0.189,1.106,20,0.25,5,15,9.7,False,True,-0.0554,0.1405,14101.15,12747.27,7,0,6,5,2,0,189,88,30,0,0,0,38,44,0.44,1.0,5,0.025,0.02,0.01,0.03,1
2375.16,0.0238,102375.16,12546.61,0.1092,0.13,0.189,1.106,20,0.25,5,15,9.7,False,True,-0.0554,0.1405,14101.15,12747.27,7,0,6,5,2,0,189,88,30,0,0,0,38,44,0.44,1.0,5,0.025,0.02,0.01,0.03,2
2375.16,0.0238,102375.16,12546.61,0.1092,0.13,0.189,1.106,20,0.25,5,15,9.7,False,True,-0.0554,0.1405,14101.15,12747.27,7,0,6,5,2,0,189,88,30,0,0,0,38,44,0.44,1.0,5,0.025,0.02,0.01,0.03,3
2375.16,0.0238,102375.16,12546.61,0.1092,0.13,0.189,1.106,20,0.25,5,15,9.7,False,True,-0.0554,0.1405,14101.15,12747.27,7,0,6,5,2,0,189,88,30,0,0,0,38,44,0.44,1.0,5,0.025,0.02,0.01,0.05,1
2375.16,0.0238,102375.16,12546.61,0.1092,0.13,0.189,1.106,20,0.25,5,15,9.7,False,True,-0.0554,0.1405,14101.15,12747.27,7,0,6,5,2,0,189,88,30,0,0,0,38,44,0.44,1.0,5,0.025,0.02,0.01,0.05,2
2375.16,0.0238,102375.16,12546.61,0.1092,0.13,0.189,1.106,20,0.25,5,15,9.7,False,True,-0.0554,0.1405,14101.15,12747.27,7,0,6,5,2,0,189,88,30,0,0,0,38,44,0.44,1.0,5,0.025,0.02,0.01,0.05,3
2375.16,0.0238,102375.16,12546.61,0.1092,0.13,0.189,1.106,20,0.25,5,15,9.7,False,True,-0.0554,0.1405,14101.15,12747.27,7,0,6,5,2,0,189,88,30,0,0,0,38,44,0.44,1.0,5,0.025,0.02,0.02,0.03,1
2375.16,0.0238,102375.16,12546.61,0.1092,0.13,0.189,1.106,20,0.25,5,15,9.7,False,True,-0.0554,0.1405,14101.15,12747.27,7,0,6,5,2,0,189,88,30,0,0,0,38,44,0.44,1.0,5,0.025,0.02,0.02,0.03,2
2375.16,0.0238,102375.16,12546.61,0.1092,0.13,0.189,1.106,20,0.25,5,15,9.7,False,True,-0.0554,0.1405,14101.15,12747.27,7,0,6,5,2,0,189,88,30,0,0,0,38,44,0.44,1.0,5,0.025,0.02,0.02,0.03,3
2375.16,0.0238,102375.16,12546.61,0.1092,0.13,0.189,1.106,20,0.25,5,15,9.7,False,True,-0.0554,0.1405,14101.15,12747.27,7,0,6,5,2,0,189,88,30,0,0,0,38,44,0.44,1.0,5,0.025,0.02,0.02,0.05,1
2375.16,0.0238,102375.16,12546.61,0.1092,0.13,0.189,1.106,20,0.25,5,15,9.7,False,True,-0.0554,0.1405,14101.15,12747.27,7,0,6,5,2,0,189,88,30,0,0,0,38,44,0.44,1.0,5,0.025,0.02,0.02,0.05,2
2375.16,0.0238,102375.16,12546.61,0.1092,0.13,0.189,1.106,20,0.25,5,15,9.7,False,True,-0.0554,0.1405,14101.15,12747.27,7,0,6,5,2,0,189,88,30,0,0,0,38,44,0.44,1.0,5,0.025,0.02,0.02,0.05,3
2375.16,0.0238,102375.16,12546.61,0.1092,0.13,0.189,1.106,20,0.25,5,15,9.7,False,True,-0.0554,0.1405,14101.15,12747.27,7,0,6,5,2,0,189,88,30,0,0,0,38,44,0.44,1.0,5,0.025,0.03,0.01,0.03,1
2375.16,0.0238,102375.16,12546.61,0.1092,0.13,0.189,1.106,20,0.25,5,15,9.7,False,True,-0.0554,0.1405,14101.15,12747.27,7,0,6,5,2,0,189,88,30,0,0,0,38,44,0.44,1.0,5,0.025,0.03,0.01,0.03,2
2375.16,0.0238,102375.16,12546.61,0.1092,0.13,0.189,1.106,20,0.25,5,15,9.7,False,True,-0.0554,0.1405,14101.15,12747.27,7,0,6,5,2,0,189,88,30,0,0,0,38,44,0.44,1.0,5,0.025,0.03,0.01,0.03,3
2375.16,0.0238,102375.16,12546.61,0.1092,0.13,0.189,1.106,20,0.25,5,15,9.7,False,True,-0.0554,0.1405,14101.15,12747.27,7,0,6,5,2,0,189,88,30,0,0,0,38,44,0.44,1.0,5,0.025,0.03,0.01,0.05,1
2375.16,0.0238,102375.16,12546.61,0.1092,0.13,0.189,1.106,20,0.25,5,15,9.7,False,True,-0.0554,0.1405,14101.15,12747.27,7,0,6,5,2,0,189,88,30,0,0,0,38,44,0.44,1.0,5,0.025,0.03,0.01,0.05,2
2375.16,0.0238,102375.16,12546.61,0.1092,0.13,0.189,1.106,20,0.25,5,15,9.7,False,True,-0.0554,0.1405,14101.15,12747.27,7,0,6,5,2,0,189,88,30,0,0,0,38,44,0.44,1.0,5,0.025,0.03,0.01,0.05,3
2375.16,0.0238,102375.16,12546.61,0.1092,0.13,0.189,1.106,20,0.25,5,15,9.7,False,True,-0.0554,0.1405,14101.15,12747.27,7,0,6,5,2,0,189,88,30,0,0,0,38,44,0.44,1.0,5,0.025,0.03,0.02,0.03,1
2375.16,0.0238,102375.16,12546.61,0.1092,0.13,0.189,1.106,20,0.25,5,15,9.7,False,True,-0.0554,0.1405,14101.15,12747.27,7,0,6,5,2,0,189,88,30,0,0,0,38,44,0.44,1.0,5,0.025,0.03,0.02,0.03,2
2375.16,0.0238,102375.16,12546.61,0.1092,0.13,0.189,1.106,20,0.25,5,15,9.7,False,True,-0.0554,0.1405,14101.15,12747.27,7,0,6,5,2,0,189,88,30,0,0,0,38,44,0.44,1.0,5,0.025,0.03,0.02,0.03,3
2375.16,0.0238,102375.16,12546.61,0.1092,0.13,0.189,1.106,20,0.25,5,15,9.7,False,True,-0.0554,0.1405,14101.15,12747.27,7,0,6,5,2,0,189,88,30,0,0,0,38,44,0.44,1.0,5,0.025,0.03,0.02,0.05,1
2375.16,0.0238,102375.16,12546.61,0.1092,0.13,0.189,1.106,20,0.25,5,15,9.7,False,True,-0.0554,0.1405,14101.15,12747.27,7,0,6,5,2,0,189,88,30,0,0,0,38,44,0.44,1.0,5,0.025,0.03,0.02,0.05,2
2375.16,0.0238,102375.16,12546.61,0.1092,0.13,0.189,1.106,20,0.25,5,15,9.7,False,True,-0.0554,0.1405,14101.15,12747.27,7,0,6,5,2,0,189,88,30,0,0,0,38,44,0.44,1.0,5,0.025,0.03,0.02,0.05,3
-6813.8,-0.0681,93186.2,10798.82,0.1049,-0.585,-0.631,0.129,20,0.2,4,16,6.8,False,True,-0.0677,0.0,1385.34,10738.82,7,0,5,5,3,0,963,36,31,0,0,0,86,50,0.44,1.0,5,0.035,0.02,0.01,0.03,1
-6813.8,-0.0681,93186.2,10798.82,0.1049,-0.585,-0.631,0.129,20,0.2,4,16,6.8,False,True,-0.0677,0.0,1385.34,10738.82,7,0,5,5,3,0,963,36,31,0,0,0,86,50,0.44,1.0,5,0.035,0.02,0.01,0.03,2
-6813.8,-0.0681,93186.2,10798.82,0.1049,-0.585,-0.631,0.129,20,0.2,4,16,6.8,False,True,-0.0677,0.0,1385.34,10738.82,7,0,5,5,3,0,963,36,31,0,0,0,86,50,0.44,1.0,5,0.035,0.02,0.01,0.03,3
-6773.54,-0.0677,93226.46,10759.03,0.1046,-0.585,-0.63,0.133,20,0.2,4,16,6.8,False,True,-0.0673,0.0,1425.62,10739.93,7,0,5,5,3,0,963,36,31,0,0,0,86,50,0.44,1.0,5,0.035,0.02,0.01,0.05,1
-6773.54,-0.0677,93226.46,10759.03,0.1046,-0.585,-0.63,0.133,20,0.2,4,16,6.8,False,True,-0.0673,0.0,1425.62,10739.93,7,0,5,5,3,0,963,36,31,0,0,0,86,50,0.44,1.0,5,0.035,0.02,0.01,0.05,2
-6773.54,-0.0677,93226.46,10759.03,0.1046,-0.585,-0.63,0.133,20,0.2,4,16,6.8,False,True,-0.0673,0.0,1425.62,10739.93,7,0,5,5,3,0,963,36,31,0,0,0,86,50,0.44,1.0,5,0.035,0.02,0.01,0.05,3
-6813.8,-0.0681,93186.2,10798.82,0.1049,-0.585,-0.631,0.129,20,0.2,4,16,6.8,False,True,-0.0677,0.0,1385.34,10738.82,7,0,5,5,3,0,963,36,31,0,0,0,86,50,0.44,1.0,5,0.035,0.02,0.02,0.03,1
-6813.8,-0.0681,93186.2,10798.82,0.1049,-0.585,-0.631,0.129,20,0.2,4,16,6.8,False,True,-0.0677,0.0,1385.34,10738.82,7,0,5,5,3,0,963,36,31,0,0,0,86,50,0.44,1.0,5,0.035,0.02,0.02,0.03,2
-6813.8,-0.0681,93186.2,10798.82,0.1049,-0.585,-0.631,0.129,20,0.2,4,16,6.8,False,True,-0.0677,0.0,1385.34,10738.82,7,0,5,5,3,0,963,36,31,0,0,0,86,50,0.44,1.0,5,0.035,0.02,0.02,0.03,3
-6773.54,-0.0677,93226.46,10759.03,0.1046,-0.585,-0.63,0.133,20,0.2,4,16,6.8,False,True,-0.0673,0.0,1425.62,10739.93,7,0,5,5,3,0,963,36,31,0,0,0,86,50,0.44,1.0,5,0.035,0.02,0.02,0.05,1
-6773.54,-0.0677,93226.46,10759.03,0.1046,-0.585,-0.63,0.133,20,0.2,4,16,6.8,False,True,-0.0673,0.0,1425.62,10739.93,7,0,5,5,3,0,963,36,31,0,0,0,86,50,0.44,1.0,5,0.035,0.02,0.02,0.05,2
-6773.54,-0.0677,93226.46,10759.03,0.1046,-0.585,-0.63,0.133,20,0.2,4,16,6.8,False,True,-0.0673,0.0,1425.62,10739.93,7,0,5,5,3,0,963,36,31,0,0,0,86,50,0.44,1.0,5,0.035,0.02,0.02,0.05,3
-6813.8,-0.0681,93186.2,10798.82,0.1049,-0.585,-0.631,0.129,20,0.2,4,16,6.8,False,True,-0.0677,0.0,1385.34,10738.82,7,0,5,5,3,0,963,36,31,0,0,0,86,50,0.44,1.0,5,0.035,0.03,0.01,0.03,1
-6813.8,-0.0681,93186.2,10798.82,0.1049,-0.585,-0.631,0.129,20,0.2,4,16,6.8,False,True,-0.0677,0.0,1385.34,10738.82,7,0,5,5,3,0,963,36,31,0,0,0,86,50,0.44,1.0,5,0.035,0.03,0.01,0.03,2
-6813.8,-0.0681,93186.2,10798.82,0.1049,-0.585,-0.631,0.129,20,0.2,4,16,6.8,False,True,-0.0677,0.0,1385.34,10738.82,7,0,5,5,3,0,963,36,31,0,0,0,86,50,0.44,1.0,5,0.035,0.03,0.01,0.03,3
-6773.54,-0.0677,93226.46,10759.03,0.1046,-0.585,-0.63,0.133,20,0.2,4,16,6.8,False,True,-0.0673,0.0,1425.62,10739.93,7,0,5,5,3,0,963,36,31,0,0,0,86,50,0.44,1.0,5,0.035,0.03,0.01,0.05,1
-6773.54,-0.0677,93226.46,10759.03,0.1046,-0.585,-0.63,0.133,20,0.2,4,16,6.8,False,True,-0.0673,0.0,1425.62,10739.93,7,0,5,5,3,0,963,36,31,0,0,0,86,50,0.44,1.0,5,0.035,0.03,0.01,0.05,2
-6773.54,-0.0677,93226.46,10759.03,0.1046,-0.585,-0.63,0.133,20,0.2,4,16,6.8,False,True,-0.0673,0.0,1425.62,10739.93,7,0,5,5,3,0,963,36,31,0,0,0,86,50,0.44,1.0,5,0.035,0.03,0.01,0.05,3
-6813.8,-0.0681,93186.2,10798.82,0.1049,-0.585,-0.631,0.129,20,0.2,4,16,6.8,False,True,-0.0677,0.0,1385.34,10738.82,7,0,5,5,3,0,963,36,31,0,0,0,86,50,0.44,1.0,5,0.035,0.03,0.02,0.03,1
-6813.8,-0.0681,93186.2,10798.82,0.1049,-0.585,-0.631,0.129,20,0.2,4,16,6.8,False,True,-0.0677,0.0,1385.34,10738.82,7,0,5,5,3,0,963,36,31,0,0,0,86,50,0.44,1.0,5,0.035,0.03,0.02,0.03,2
-6813.8,-0.0681,93186.2,10798.82,0.1049,-0.585,-0.631,0.129,20,0.2,4,16,6.8,False,True,-0.0677,0.0,1385.34,10738.82,7,0,5,5,3,0,963,36,31,0,0,0,86,50,0.44,1.0,5,0.035,0.03,0.02,0.03,3
-6773.54,-0.0677,93226.46,10759.03,0.1046,-0.585,-0.63,0.133,20,0.2,4,16,6.8,False,True,-0.0673,0.0,1425.62,10739.93,7,0,5,5,3,0,963,36,31,0,0,0,86,50,0.44,1.0,5,0.035,0.03,0.02,0.05,1
-6773.54,-0.0677,93226.46,10759.03,0.1046,-0.585,-0.63,0.133,20,0.2,4,16,6.8,False,True,-0.0673,0.0,1425.62,10739.93,7,0,5,5,3,0,963,36,31,0,0,0,86,50,0.44,1.0,5,0.035,0.03,0.02,0.05,2
-6773.54,-0.0677,93226.46,10759.03,0.1046,-0.585,-0.63,0.133,20,0.2,4,16,6.8,False,True,-0.0673,0.0,1425.62,10739.93,7,0,5,5,3,0,963,36,31,0,0,0,86,50,0.44,1.0,5,0.035,0.03,0.02,0.05,3
-5234.86,-0.0523,94765.14,11613.96,0.1092,-0.278,-0.451,0.558,23,0.2609,6,17,10.0,False,True,-0.0554,0.0705,7789.89,13970.12,9,0,5,7,2,0,14,99,67,0,0,143,35,50,0.44,1.0,10,0.025,0.02,0.01,0.03,1
-5234.86,-0.0523,94765.14,11613.96,0.1092,-0.278,-0.451,0.558,23,0.2609,6,17,10.0,False,True,-0.0554,0.0705,7789.89,13970.12,9,0,5,7,2,0,14,99,67,0,0,143,35,50,0.44,1.0,10,0.025,0.02,0.01,0.03,2
-5234.86,-0.0523,94765.14,11613.96,0.1092,-0.278,-0.451,0.558,23,0.2609,6,17,10.0,False,True,-0.0554,0.0705,7789.89,13970.12,9,0,5,7,2,0,14,99,67,0,0,143,35,50,0.44,1.0,10,0.025,0.02,0.01,0.03,3
962.29,0.0096,100962.29,12373.46,0.1092,0.078,0.078,0.997,23,0.2609,6,17,10.0,False,True,-0.0554,0.1405,14569.97,14614.87,9,0,5,7,2,0,14,99,29,0,0,0,35,36,0.44,1.0,10,0.025,0.02,0.01,0.05,1
962.29,0.0096,100962.29,12373.46,0.1092,0.078,0.078,0.997,23,0.2609,6,17,10.0,False,True,-0.0554,0.1405,14569.97,14614.87,9,0,5,7,2,0,14,99,29,0,0,0,35,36,0.44,1.0,10,0.025,0.02,0.01,0.05,2
962.29,0.0096,100962.29,12373.46,0.1092,0.078,0.078,0.997,23,0.2609,6,17,10.0,False,True,-0.0554,0.1405,14569.97,14614.87,9,0,5,7,2,0,14,99,29,0,0,0,35,36,0.44,1.0,10,0.025,0.02,0.01,0.05,3
-12302.51,-0.123,87697.49,12302.51,0.123,-0.78,-1.0,0.176,20,0.2,4,16,5.5,False,True,-0.0843,0.0,2761.89,15655.79,9,0,2,7,2,0,14,69,22,0,0,0,35,24,0.44,1.0,10,0.025,0.02,0.02,0.03,1
-12302.51,-0.123,87697.49,12302.51,0.123,-0.78,-1.0,0.176,20,0.2,4,16,5.5,False,True,-0.0843,0.0,2761.89,15655.79,9,0,2,7,2,0,14,69,22,0,0,0,35,24,0.44,1.0,10,0.025,0.02,0.02,0.03,2
-12302.51,-0.123,87697.49,12302.51,0.123,-0.78,-1.0,0.176,20,0.2,4,16,5.5,False,True,-0.0843,0.0,2761.89,15655.79,9,0,2,7,2,0,14,69,22,0,0,0,35,24,0.44,1.0,10,0.025,0.02,0.02,0.03,3
962.29,0.0096,100962.29,12373.46,0.1092,0.078,0.078,0.997,23,0.2609,6,17,10.0,False,True,-0.0554,0.1405,14569.97,14614.87,9,0,5,7,2,0,14,99,29,0,0,0,35,36,0.44,1.0,10,0.025,0.02,0.02,0.05,1
962.29,0.0096,100962.29,12373.46,0.1092,0.078,0.078,0.997,23,0.2609,6,17,10.0,False,True,-0.0554,0.1405,14569.97,14614.87,9,0,5,7,2,0,14,99,29,0,0,0,35,36,0.44,1.0,10,0.025,0.02,0.02,0.05,2
962.29,0.0096,100962.29,12373.46,0.1092,0.078,0.078,0.997,23,0.2609,6,17,10.0,False,True,-0.0554,0.1405,14569.97,14614.87,9,0,5,7,2,0,14,99,29,0,0,0,35,36,0.44,1.0,10,0.025,0.02,0.02,0.05,3
-5234.86,-0.0523,94765.14,11613.96,0.1092,-0.278,-0.451,0.558,23,0.2609,6,17,10.0,False,True,-0.0554,0.0705,7789.89,13970.12,9,0,5,7,2,0,14,99,67,0,0,143,35,50,0.44,1.0,10,0.025,0.03,0.01,0.03,1
-5234.86,-0.0523,94765.14,11613.96,0.1092,-0.278,-0.451,0.558,23,0.2609,6,17,10.0,False,True,-0.0554,0.0705,7789.89,13970.12,9,0,5,7,2,0,14,99,67,0,0,143,35,50,0.44,1.0,10,0.025,0.03,0.01,0.03,2
-5234.86,-0.0523,94765.14,11613.96,0.1092,-0.278,-0.451,0.558,23,0.2609,6,17,10.0,False,True,-0.0554,0.0705,7789.89,13970.12,9,0,5,7,2,0,14,99,67,0,0,143,35,50,0.44,1.0,10,0.025,0.03,0.01,0.03,3
962.29,0.0096,100962.29,12373.46,0.1092,0.078,0.078,0.997,23,0.2609,6,17,10.0,False,True,-0.0554,0.1405,14569.97,14614.87,9,0,5,7,2,0,14,99,29,0,0,0,35,36,0.44,1.0,10,0.025,0.03,0.01,0.05,1
962.29,0.0096,100962.29,12373.46,0.1092,0.078,0.078,0.997,23,0.2609,6,17,10.0,False,True,-0.0554,0.1405,14569.97,14614.87,9,0,5,7,2,0,14,99,29,0,0,0,35,36,0.44,1.0,10,0.025,0.03,0.01,0.05,2
962.29,0.0096,100962.29,12373.46,0.1092,0.078,0.078,0.997,23,0.2609,6,17,10.0,False,True,-0.0554,0.1405,14569.97,14614.87,9,0,5,7,2,0,14,99,29,0,0,0,35,36,0.44,1.0,10,0.025,0.03,0.01,0.05,3
-12302.51,-0.123,87697.49,12302.51,0.123,-0.78,-1.0,0.176,20,0.2,4,16,5.5,False,True,-0.0843,0.0,2761.89,15655.79,9,0,2,7,2,0,14,69,22,0,0,0,35,24,0.44,1.0,10,0.025,0.03,0.02,0.03,1
-12302.51,-0.123,87697.49,12302.51,0.123,-0.78,-1.0,0.176,20,0.2,4,16,5.5,False,True,-0.0843,0.0,2761.89,15655.79,9,0,2,7,2,0,14,69,22,0,0,0,35,24,0.44,1.0,10,0.025,0.03,0.02,0.03,2
-12302.51,-0.123,87697.49,12302.51,0.123,-0.78,-1.0,0.176,20,0.2,4,16,5.5,False,True,-0.0843,0.0,2761.89,15655.79,9,0,2,7,2,0,14,69,22,0,0,0,35,24,0.44,1.0,10,0.025,0.03,0.02,0.03,3
962.29,0.0096,100962.29,12373.46,0.1092,0.078,0.078,0.997,23,0.2609,6,17,10.0,False,True,-0.0554,0.1405,14569.97,14614.87,9,0,5,7,2,0,14,99,29,0,0,0,35,36,0.44,1.0,10,0.025,0.03,0.02,0.05,1
962.29,0.0096,100962.29,12373.46,0.1092,0.078,0.078,0.997,23,0.2609,6,17,10.0,False,True,-0.0554,0.1405,14569.97,14614.87,9,0,5,7,2,0,14,99,29,0,0,0,35,36,0.44,1.0,10,0.025,0.03,0.02,0.05,2
962.29,0.0096,100962.29,12373.46,0.1092,0.078,0.078,0.997,23,0.2609,6,17,10.0,False,True,-0.0554,0.1405,14569.97,14614.87,9,0,5,7,2,0,14,99,29,0,0,0,35,36,0.44,1.0,10,0.025,0.03,0.02,0.05,3
-5234.86,-0.0523,94765.14,11613.96,0.1092,-0.278,-0.451,0.558,23,0.2609,6,17,10.0,False,True,-0.0554,0.0705,7789.89,13970.12,9,0,5,7,2,0,14,99,67,0,0,143,35,50,0.44,1.0,10,0.035,0.02,0.01,0.03,1
-5234.86,-0.0523,94765.14,11613.96,0.1092,-0.278,-0.451,0.558,23,0.2609,6,17,10.0,False,True,-0.0554,0.0705,7789.89,13970.12,9,0,5,7,2,0,14,99,67,0,0,143,35,50,0.44,1.0,10,0.035,0.02,0.01,0.03,2
-5234.86,-0.0523,94765.14,11613.96,0.1092,-0.278,-0.451,0.558,23,0.2609,6,17,10.0,False,True,-0.0554,0.0705,7789.89,13970.12,9,0,5,7,2,0,14,99,67,0,0,143,35,50,0.44,1.0,10,0.035,0.02,0.01,0.03,3
962.29,0.0096,100962.29,12373.46,0.1092,0.078,0.078,0.997,23,0.2609,6,17,10.0,False,True,-0.0554,0.1405,14569.97,14614.87,9,0,5,7,2,0,14,99,29,0,0,0,35,36,0.44,1.0,10,0.035,0.02,0.01,0.05,1
962.29,0.0096,100962.29,12373.46,0.1092,0.078,0.078,0.997,23,0.2609,6,17,10.0,False,True,-0.0554,0.1405,14569.97,14614.87,9,0,5,7,2,0,14,99,29,0,0,0,35,36,0.44,1.0,10,0.035,0.02,0.01,0.05,2
962.29,0.0096,100962.29,12373.46,0.1092,0.078,0.078,0.997,23,0.2609,6,17,10.0,False,True,-0.0554,0.1405,14569.97,14614.87,9,0,5,7,2,0,14,99,29,0,0,0,35,36,0.44,1.0,10,0.035,0.02,0.01,0.05,3
-12302.51,-0.123,87697.49,12302.51,0.123,-0.78,-1.0,0.176,20,0.2,4,16,5.5,False,True,-0.0843,0.0,2761.89,15655.79,9,0,2,7,2,0,14,69,22,0,0,0,35,24,0.44,1.0,10,0.035,0.02,0.02,0.03,1
-12302.51,-0.123,87697.49,12302.51,0.123,-0.78,-1.0,0.176,20,0.2,4,16,5.5,False,True,-0.0843,0.0,2761.89,15655.79,9,0,2,7,2,0,14,69,22,0,0,0,35,24,0.44,1.0,10,0.035,0.02,0.02,0.03,2
-12302.51,-0.123,87697.49,12302.51,0.123,-0.78,-1.0,0.176,20,0.2,4,16,5.5,False,True,-0.0843,0.0,2761.89,15655.79,9,0,2,7,2,0,14,69,22,0,0,0,35,24,0.44,1.0,10,0.035,0.02,0.02,0.03,3
962.29,0.0096,100962.29,12373.46,0.1092,0.078,0.078,0.997,23,0.2609,6,17,10.0,False,True,-0.0554,0.1405,14569.97,14614.87,9,0,5,7,2,0,14,99,29,0,0,0,35,36,0.44,1.0,10,0.035,0.02,0.02,0.05,1
962.29,0.0096,100962.29,12373.46,0.1092,0.078,0.078,0.997,23,0.2609,6,17,10.0,False,True,-0.0554,0.1405,14569.97,14614.87,9,0,5,7,2,0,14,99,29,0,0,0,35,36,0.44,1.0,10,0.035,0.02,0.02,0.05,2
962.29,0.0096,100962.29,12373.46,0.1092,0.078,0.078,0.997,23,0.2609,6,17,10.0,False,True,-0.0554,0.1405,14569.97,14614.87,9,0,5,7,2,0,14,99,29,0,0,0,35,36,0.44,1.0,10,0.035,0.02,0.02,0.05,3
-5234.86,-0.0523,94765.14,11613.96,0.1092,-0.278,-0.451,0.558,23,0.2609,6,17,10.0,False,True,-0.0554,0.0705,7789.89,13970.12,9,0,5,7,2,0,14,99,67,0,0,143,35,50,0.44,1.0,10,0.035,0.03,0.01,0.03,1
-5234.86,-0.0523,94765.14,11613.96,0.1092,-0.278,-0.451,0.558,23,0.2609,6,17,10.0,False,True,-0.0554,0.0705,7789.89,13970.12,9,0,5,7,2,0,14,99,67,0,0,143,35,50,0.44,1.0,10,0.035,0.03,0.01,0.03,2
-5234.86,-0.0523,94765.14,11613.96,0.1092,-0.278,-0.451,0.558,23,0.2609,6,17,10.0,False,True,-0.0554,0.0705,7789.89,13970.12,9,0,5,7,2,0,14,99,67,0,0,143,35,50,0.44,1.0,10,0.035,0.03,0.01,0.03,3
962.29,0.0096,100962.29,12373.46,0.1092,0.078,0.078,0.997,23,0.2609,6,17,10.0,False,True,-0.0554,0.1405,14569.97,14614.87,9,0,5,7,2,0,14,99,29,0,0,0,35,36,0.44,1.0,10,0.035,0.03,0.01,0.05,1
962.29,0.0096,100962.29,12373.46,0.1092,0.078,0.078,0.997,23,0.2609,6,17,10.0,False,True,-0.0554,0.1405,14569.97,14614.87,9,0,5,7,2,0,14,99,29,0,0,0,35,36,0.44,1.0,10,0.035,0.03,0.01,0.05,2
962.29,0.0096,100962.29,12373.46,0.1092,0.078,0.078,0.997,23,0.2609,6,17,10.0,False,True,-0.0554,0.1405,14569.97,14614.87,9,0,5,7,2,0,14,99,29,0,0,0,35,36,0.44,1.0,10,0.035,0.03,0.01,0.05,3
-12302.51,-0.123,87697.49,12302.51,0.123,-0.78,-1.0,0.176,20,0.2,4,16,5.5,False,True,-0.0843,0.0,2761.89,15655.79,9,0,2,7,2,0,14,69,22,0,0,0,35,24,0.44,1.0,10,0.035,0.03,0.02,0.03,1
-12302.51,-0.123,87697.49,12302.51,0.123,-0.78,-1.0,0.176,20,0.2,4,16,5.5,False,True,-0.0843,0.0,2761.89,15655.79,9,0,2,7,2,0,14,69,22,0,0,0,35,24,0.44,1.0,10,0.035,0.03,0.02,0.03,2
-12302.51,-0.123,87697.49,12302.51,0.123,-0.78,-1.0,0.176,20,0.2,4,16,5.5,False,True,-0.0843,0.0,2761.89,15655.79,9,0,2,7,2,0,14,69,22,0,0,0,35,24,0.44,1.0,10,0.035,0.03,0.02,0.03,3
962.29,0.0096,100962.29,12373.46,0.1092,0.078,0.078,0.997,23,0.2609,6,17,10.0,False,True,-0.0554,0.1405,14569.97,14614.87,9,0,5,7,2,0,14,99,29,0,0,0,35,36,0.44,1.0,10,0.035,0.03,0.02,0.05,1
962.29,0.0096,100962.29,12373.46,0.1092,0.078,0.078,0.997,23,0.2609,6,17,10.0,False,True,-0.0554,0.1405,14569.97,14614.87,9,0,5,7,2,0,14,99,29,0,0,0,35,36,0.44,1.0,10,0.035,0.03,0.02,0.05,2
962.29,0.0096,100962.29,12373.46,0.1092,0.078,0.078,0.997,23,0.2609,6,17,10.0,False,True,-0.0554,0.1405,14569.97,14614.87,9,0,5,7,2,0,14,99,29,0,0,0,35,36,0.44,1.0,10,0.035,0.03,0.02,0.05,3
-5234.86,-0.0523,94765.14,11613.96,0.1092,-0.278,-0.451,0.558,23,0.2609,6,17,10.0,False,True,-0.0554,0.0705,7789.89,13970.12,9,0,5,7,2,0,0,110,67,0,0,143,35,50,0.44,1.0,15,0.025,0.02,0.01,0.03,1
-5234.86,-0.0523,94765.14,11613.96,0.1092,-0.278,-0.451,0.558,23,0.2609,6,17,10.0,False,True,-0.0554,0.0705,7789.89,13970.12,9,0,5,7,2,0,0,110,67,0,0,143,35,50,0.44,1.0,15,0.025,0.02,0.01,0.03,2
-5234.86,-0.0523,94765.14,11613.96,0.1092,-0.278,-0.451,0.558,23,0.2609,6,17,10.0,False,True,-0.0554,0.0705,7789.89,13970.12,9,0,5,7,2,0,0,110,67,0,0,143,35,50,0.44,1.0,15,0.025,0.02,0.01,0.03,3
962.29,0.0096,100962.29,12373.46,0.1092,0.078,0.078,0.997,23,0.2609,6,17,10.0,False,True,-0.0554,0.1405,14569.97,14614.87,9,0,5,7,2,0,0,110,29,0,0,0,35,36,0.44,1.0,15,0.025,0.02,0.01,0.05,1
962.29,0.0096,100962.29,12373.46,0.1092,0.078,0.078,0.997,23,0.2609,6,17,10.0,False,True,-0.0554,0.1405,14569.97,14614.87,9,0,5,7,2,0,0,110,29,0,0,0,35,36,0.44,1.0,15,0.025,0.02,0.01,0.05,2
962.29,0.0096,100962.29,12373.46,0.1092,0.078,0.078,0.997,23,0.2609,6,17,10.0,False,True,-0.0554,0.1405,14569.97,14614.87,9,0,5,7,2,0,0,110,29,0,0,0,35,36,0.44,1.0,15,0.025,0.02,0.01,0.05,3
-12302.51,-0.123,87697.49,12302.51,0.123,-0.78,-1.0,0.176,20,0.2,4,16,5.5,False,True,-0.0843,0.0,2761.89,15655.79,9,0,2,7,2,0,0,80,22,0,0,0,35,24,0.44,1.0,15,0.025,0.02,0.02,0.03,1
-12302.51,-0.123,87697.49,12302.51,0.123,-0.78,-1.0,0.176,20,0.2,4,16,5.5,False,True,-0.0843,0.0,2761.89,15655.79,9,0,2,7,2,0,0,80,22,0,0,0,35,24,0.44,1.0,15,0.025,0.02,0.02,0.03,2
-12302.51,-0.123,87697.49,12302.51,0.123,-0.78,-1.0,0.176,20,0.2,4,16,5.5,False,True,-0.0843,0.0,2761.89,15655.79,9,0,2,7,2,0,0,80,22,0,0,0,35,24,0.44,1.0,15,0.025,0.02,0.02,0.03,3
962.29,0.0096,100962.29,12373.46,0.1092,0.078,0.078,0.997,23,0.2609,6,17,10.0,False,True,-0.0554,0.1405,14569.97,14614.87,9,0,5,7,2,0,0,110,29,0,0,0,35,36,0.44,1.0,15,0.025,0.02,0.02,0.05,1
962.29,0.0096,100962.29,12373.46,0.1092,0.078,0.078,0.997,23,0.2609,6,17,10.0,False,True,-0.0554,0.1405,14569.97,14614.87,9,0,5,7,2,0,0,110,29,0,0,0,35,36,0.44,1.0,15,0.025,0.02,0.02,0.05,2
962.29,0.0096,100962.29,12373.46,0.1092,0.078,0.078,0.997,23,0.2609,6,17,10.0,False,True,-0.0554,0.1405,14569.97,14614.87,9,0,5,7,2,0,0,110,29,0,0,0,35,36,0.44,1.0,15,0.025,0.02,0.02,0.05,3
-5234.86,-0.0523,94765.14,11613.96,0.1092,-0.278,-0.451,0.558,23,0.2609,6,17,10.0,False,True,-0.0554,0.0705,7789.89,13970.12,9,0,5,7,2,0,0,110,67,0,0,143,35,50,0.44,1.0,15,0.025,0.03,0.01,0.03,1
-5234.86,-0.0523,94765.14,11613.96,0.1092,-0.278,-0.451,0.558,23,0.2609,6,17,10.0,False,True,-0.0554,0.0705,7789.89,13970.12,9,0,5,7,2,0,0,110,67,0,0,143,35,50,0.44,1.0,15,0.025,0.03,0.01,0.03,2
-5234.86,-0.0523,94765.14,11613.96,0.1092,-0.278,-0.451,0.558,23,0.2609,6,17,10.0,False,True,-0.0554,0.0705,7789.89,13970.12,9,0,5,7,2,0,0,110,67,0,0,143,35,50,0.44,1.0,15,0.025,0.03,0.01,0.03,3
962.29,0.0096,100962.29,12373.46,0.1092,0.078,0.078,0.997,23,0.2609,6,17,10.0,False,True,-0.0554,0.1405,14569.97,14614.87,9,0,5,7,2,0,0,110,29,0,0,0,35,36,0.44,1.0,15,0.025,0.03,0.01,0.05,1
962.29,0.0096,100962.29,12373.46,0.1092,0.078,0.078,0.997,23,0.2609,6,17,10.0,False,True,-0.0554,0.1405,14569.97,14614.87,9,0,5,7,2,0,0,110,29,0,0,0,35,36,0.44,1.0,15,0.025,0.03,0.01,0.05,2
962.29,0.0096,100962.29,12373.46,0.1092,0.078,0.078,0.997,23,0.2609,6,17,10.0,False,True,-0.0554,0.1405,14569.97,14614.87,9,0,5,7,2,0,0,110,29,0,0,0,35,36,0.44,1.0,15,0.025,0.03,0.01,0.05,3
-12302.51,-0.123,87697.49,12302.51,0.123,-0.78,-1.0,0.176,20,0.2,4,16,5.5,False,True,-0.0843,0.0,2761.89,15655.79,9,0,2,7,2,0,0,80,22,0,0,0,35,24,0.44,1.0,15,0.025,0.03,0.02,0.03,1
-12302.51,-0.123,87697.49,12302.51,0.123,-0.78,-1.0,0.176,20,0.2,4,16,5.5,False,True,-0.0843,0.0,2761.89,15655.79,9,0,2,7,2,0,0,80,22,0,0,0,35,24,0.44,1.0,15,0.025,0.03,0.02,0.03,2
-12302.51,-0.123,87697.49,12302.51,0.123,-0.78,-1.0,0.176,20,0.2,4,16,5.5,False,True,-0.0843,0.0,2761.89,15655.79,9,0,2,7,2,0,0,80,22,0,0,0,35,24,0.44,1.0,15,0.025,0.03,0.02,0.03,3
962.29,0.0096,100962.29,12373.46,0.1092,0.078,0.078,0.997,23,0.2609,6,17,10.0,False,True,-0.0554,0.1405,14569.97,14614.87,9,0,5,7,2,0,0,110,29,0,0,0,35,36,0.44,1.0,15,0.025,0.03,0.02,0.05,1
962.29,0.0096,100962.29,12373.46,0.1092,0.078,0.078,0.997,23,0.2609,6,17,10.0,False,True,-0.0554,0.1405,14569.97,14614.87,9,0,5,7,2,0,0,110,29,0,0,0,35,36,0.44,1.0,15,0.025,0.03,0.02,0.05,2
962.29,0.0096,100962.29,12373.46,0.1092,0.078,0.078,0.997,23,0.2609,6,17,10.0,False,True,-0.0554,0.1405,14569.97,14614.87,9,0,5,7,2,0,0,110,29,0,0,0,35,36,0.44,1.0,15,0.025,0.03,0.02,0.05,3
-5234.86,-0.0523,94765.14,11613.96,0.1092,-0.278,-0.451,0.558,23,0.2609,6,17,10.0,False,True,-0.0554,0.0705,7789.89,13970.12,9,0,5,7,2,0,0,110,67,0,0,143,35,50,0.44,1.0,15,0.035,0.02,0.01,0.03,1
-5234.86,-0.0523,94765.14,11613.96,0.1092,-0.278,-0.451,0.558,23,0.2609,6,17,10.0,False,True,-0.0554,0.0705,7789.89,13970.12,9,0,5,7,2,0,0,110,67,0,0,143,35,50,0.44,1.0,15,0.035,0.02,0.01,0.03,2
-5234.86,-0.0523,94765.14,11613.96,0.1092,-0.278,-0.451,0.558,23,0.2609,6,17,10.0,False,True,-0.0554,0.0705,7789.89,13970.12,9,0,5,7,2,0,0,110,67,0,0,143,35,50,0.44,1.0,15,0.035,0.02,0.01,0.03,3
962.29,0.0096,100962.29,12373.46,0.1092,0.078,0.078,0.997,23,0.2609,6,17,10.0,False,True,-0.0554,0.1405,14569.97,14614.87,9,0,5,7,2,0,0,110,29,0,0,0,35,36,0.44,1.0,15,0.035,0.02,0.01,0.05,1
962.29,0.0096,100962.29,12373.46,0.1092,0.078,0.078,0.997,23,0.2609,6,17,10.0,False,True,-0.0554,0.1405,14569.97,14614.87,9,0,5,7,2,0,0,110,29,0,0,0,35,36,0.44,1.0,15,0.035,0.02,0.01,0.05,2
962.29,0.0096,100962.29,12373.46,0.1092,0.078,0.078,0.997,23,0.2609,6,17,10.0,False,True,-0.0554,0.1405,14569.97,14614.87,9,0,5,7,2,0,0,110,29,0,0,0,35,36,0.44,1.0,15,0.035,0.02,0.01,0.05,3
-12302.51,-0.123,87697.49,12302.51,0.123,-0.78,-1.0,0.176,20,0.2,4,16,5.5,False,True,-0.0843,0.0,2761.89,15655.79,9,0,2,7,2,0,0,80,22,0,0,0,35,24,0.44,1.0,15,0.035,0.02,0.02,0.03,1
-12302.51,-0.123,87697.49,12302.51,0.123,-0.78,-1.0,0.176,20,0.2,4,16,5.5,False,True,-0.0843,0.0,2761.89,15655.79,9,0,2,7,2,0,0,80,22,0,0,0,35,24,0.44,1.0,15,0.035,0.02,0.02,0.03,2
-12302.51,-0.123,87697.49,12302.51,0.123,-0.78,-1.0,0.176,20,0.2,4,16,5.5,False,True,-0.0843,0.0,2761.89,15655.79,9,0,2,7,2,0,0,80,22,0,0,0,35,24,0.44,1.0,15,0.035,0.02,0.02,0.03,3
962.29,0.0096,100962.29,12373.46,0.1092,0.078,0.078,0.997,23,0.2609,6,17,10.0,False,True,-0.0554,0.1405,14569.97,14614.87,9,0,5,7,2,0,0,110,29,0,0,0,35,36,0.44,1.0,15,0.035,0.02,0.02,0.05,1
962.29,0.0096,100962.29,12373.46,0.1092,0.078,0.078,0.997,23,0.2609,6,17,10.0,False,True,-0.0554,0.1405,14569.97,14614.87,9,0,5,7,2,0,0,110,29,0,0,0,35,36,0.44,1.0,15,0.035,0.02,0.02,0.05,2
962.29,0.0096,100962.29,12373.46,0.1092,0.078,0.078,0.997,23,0.2609,6,17,10.0,False,True,-0.0554,0.1405,14569.97,14614.87,9,0,5,7,2,0,0,110,29,0,0,0,35,36,0.44,1.0,15,0.035,0.02,0.02,0.05,3
-5234.86,-0.0523,94765.14,11613.96,0.1092,-0.278,-0.451,0.558,23,0.2609,6,17,10.0,False,True,-0.0554,0.0705,7789.89,13970.12,9,0,5,7,2,0,0,110,67,0,0,143,35,50,0.44,1.0,15,0.035,0.03,0.01,0.03,1
-5234.86,-0.0523,94765.14,11613.96,0.1092,-0.278,-0.451,0.558,23,0.2609,6,17,10.0,False,True,-0.0554,0.0705,7789.89,13970.12,9,0,5,7,2,0,0,110,67,0,0,143,35,50,0.44,1.0,15,0.035,0.03,0.01,0.03,2
-5234.86,-0.0523,94765.14,11613.96,0.1092,-0.278,-0.451,0.558,23,0.2609,6,17,10.0,False,True,-0.0554,0.0705,7789.89,13970.12,9,0,5,7,2,0,0,110,67,0,0,143,35,50,0.44,1.0,15,0.035,0.03,0.01,0.03,3
962.29,0.0096,100962.29,12373.46,0.1092,0.078,0.078,0.997,23,0.2609,6,17,10.0,False,True,-0.0554,0.1405,14569.97,14614.87,9,0,5,7,2,0,0,110,29,0,0,0,35,36,0.44,1.0,15,0.035,0.03,0.01,0.05,1
962.29,0.0096,100962.29,12373.46,0.1092,0.078,0.078,0.997,23,0.2609,6,17,10.0,False,True,-0.0554,0.1405,14569.97,14614.87,9,0,5,7,2,0,0,110,29,0,0,0,35,36,0.44,1.0,15,0.035,0.03,0.01,0.05,2
962.29,0.0096,100962.29,12373.46,0.1092,0.078,0.078,0.997,23,0.2609,6,17,10.0,False,True,-0.0554,0.1405,14569.97,14614.87,9,0,5,7,2,0,0,110,29,0,0,0,35,36,0.44,1.0,15,0.035,0.03,0.01,0.05,3
-12302.51,-0.123,87697.49,12302.51,0.123,-0.78,-1.0,0.176,20,0.2,4,16,5.5,False,True,-0.0843,0.0,2761.89,15655.79,9,0,2,7,2,0,0,80,22,0,0,0,35,24,0.44,1.0,15,0.035,0.03,0.02,0.03,1
-12302.51,-0.123,87697.49,12302.51,0.123,-0.78,-1.0,0.176,20,0.2,4,16,5.5,False,True,-0.0843,0.0,2761.89,15655.79,9,0,2,7,2,0,0,80,22,0,0,0,35,24,0.44,1.0,15,0.035,0.03,0.02,0.03,2
-12302.51,-0.123,87697.49,12302.51,0.123,-0.78,-1.0,0.176,20,0.2,4,16,5.5,False,True,-0.0843,0.0,2761.89,15655.79,9,0,2,7,2,0,0,80,22,0,0,0,35,24,0.44,1.0,15,0.035,0.03,0.02,0.03,3
962.29,0.0096,100962.29,12373.46,0.1092,0.078,0.078,0.997,23,0.2609,6,17,10.0,False,True,-0.0554,0.1405,14569.97,14614.87,9,0,5,7,2,0,0,110,29,0,0,0,35,36,0.44,1.0,15,0.035,0.03,0.02,0.05,1
962.29,0.0096,100962.29,12373.46,0.1092,0.078,0.078,0.997,23,0.2609,6,17,10.0,False,True,-0.0554,0.1405,14569.97,14614.87,9,0,5,7,2,0,0,110,29,0,0,0,35,36,0.44,1.0,15,0.035,0.03,0.02,0.05,2
962.29,0.0096,100962.29,12373.46,0.1092,0.078,0.078,0.997,23,0.2609,6,17,10.0,False,True,-0.0554,0.1405,14569.97,14614.87,9,0,5,7,2,0,0,110,29,0,0,0,35,36,0.44,1.0,15,0.035,0.03,0.02,0.05,3
10092.11,0.1009,110092.11,15094.62,0.1212,0.309,0.669,1.613,15,0.3333,5,10,10.1,False,True,-0.0659,0.2108,21200.14,13144.85,4,0,3,5,3,0,41,88,27,0,0,0,35,35,0.44,1.5,5,0.025,0.02,0.01,0.03,1
10092.11,0.1009,110092.11,15094.62,0.1212,0.309,0.669,1.613,15,0.3333,5,10,10.1,False,True,-0.0659,0.2108,21200.14,13144.85,4,0,3,5,3,0,41,88,27,0,0,0,35,35,0.44,1.5,5,0.025,0.02,0.01,0.03,2
10092.11,0.1009,110092.11,15094.62,0.1212,0.309,0.669,1.613,15,0.3333,5,10,10.1,False,True,-0.0659,0.2108,21200.14,13144.85,4,0,3,5,3,0,41,88,27,0,0,0,35,35,0.44,1.5,5,0.025,0.02,0.01,0.03,3
10092.11,0.1009,110092.11,15094.62,0.1212,0.309,0.669,1.613,15,0.3333,5,10,10.1,False,True,-0.0659,0.2108,21200.14,13144.85,4,0,3,5,3,0,41,88,27,0,0,0,35,35,0.44,1.5,5,0.025,0.02,0.01,0.05,1
10092.11,0.1009,110092.11,15094.62,0.1212,0.309,0.669,1.613,15,0.3333,5,10,10.1,False,True,-0.0659,0.2108,21200.14,13144.85,4,0,3,5,3,0,41,88,27,0,0,0,35,35,0.44,1.5,5,0.025,0.02,0.01,0.05,2
10092.11,0.1009,110092.11,15094.62,0.1212,0.309,0.669,1.613,15,0.3333,5,10,10.1,False,True,-0.0659,0.2108,21200.14,13144.85,4,0,3,5,3,0,41,88,27,0,0,0,35,35,0.44,1.5,5,0.025,0.02,0.01,0.05,3
10092.11,0.1009,110092.11,15094.62,0.1212,0.309,0.669,1.613,15,0.3333,5,10,10.1,False,True,-0.0659,0.2108,21200.14,13144.85,4,0,3,5,3,0,41,88,27,0,0,0,35,35,0.44,1.5,5,0.025,0.02,0.02,0.03,1
10092.11,0.1009,110092.11,15094.62,0.1212,0.309,0.669,1.613,15,0.3333,5,10,10.1,False,True,-0.0659,0.2108,21200.14,13144.85,4,0,3,5,3,0,41,88,27,0,0,0,35,35,0.44,1.5,5,0.025,0.02,0.02,0.03,2
10092.11,0.1009,110092.11,15094.62,0.1212,0.309,0.669,1.613,15,0.3333,5,10,10.1,False,True,-0.0659,0.2108,21200.14,13144.85,4,0,3,5,3,0,41,88,27,0,0,0,35,35,0.44,1.5,5,0.025,0.02,0.02,0.03,3
10092.11,0.1009,110092.11,15094.62,0.1212,0.309,0.669,1.613,15,0.3333,5,10,10.1,False,True,-0.0659,0.2108,21200.14,13144.85,4,0,3,5,3,0,41,88,27,0,0,0,35,35,0.44,1.5,5,0.025,0.02,0.02,0.05,1
10092.11,0.1009,110092.11,15094.62,0.1212,0.309,0.669,1.613,15,0.3333,5,10,10.1,False,True,-0.0659,0.2108,21200.14,13144.85,4,0,3,5,3,0,41,88,27,0,0,0,35,35,0.44,1.5,5,0.025,0.02,0.02,0.05,2
10092.11,0.1009,110092.11,15094.62,0.1212,0.309,0.669,1.613,15,0.3333,5,10,10.1,False,True,-0.0659,0.2108,21200.14,13144.85,4,0,3,5,3,0,41,88,27,0,0,0,35,35,0.44,1.5,5,0.025,0.02,0.02,0.05,3
10092.11,0.1009,110092.11,15094.62,0.1212,0.309,0.669,1.613,15,0.3333,5,10,10.1,False,True,-0.0659,0.2108,21200.14,13144.85,4,0,3,5,3,0,41,88,27,0,0,0,35,35,0.44,1.5,5,0.025,0.03,0.01,0.03,1
10092.11,0.1009,110092.11,15094.62,0.1212,0.309,0.669,1.613,15,0.3333,5,10,10.1,False,True,-0.0659,0.2108,21200.14,13144.85,4,0,3,5,3,0,41,88,27,0,0,0,35,35,0.44,1.5,5,0.025,0.03,0.01,0.03,2
10092.11,0.1009,110092.11,15094.62,0.1212,0.309,0.669,1.613,15,0.3333,5,10,10.1,False,True,-0.0659,0.2108,21200.14,13144.85,4,0,3,5,3,0,41,88,27,0,0,0,35,35,0.44,1.5,5,0.025,0.03,0.01,0.03,3
10092.11,0.1009,110092.11,15094.62,0.1212,0.309,0.669,1.613,15,0.3333,5,10,10.1,False,True,-0.0659,0.2108,21200.14,13144.85,4,0,3,5,3,0,41,88,27,0,0,0,35,35,0.44,1.5,5,0.025,0.03,0.01,0.05,1
10092.11,0.1009,110092.11,15094.62,0.1212,0.309,0.669,1.613,15,0.3333,5,10,10.1,False,True,-0.0659,0.2108,21200.14,13144.85,4,0,3,5,3,0,41,88,27,0,0,0,35,35,0.44,1.5,5,0.025,0.03,0.01,0.05,2
10092.11,0.1009,110092.11,15094.62,0.1212,0.309,0.669,1.613,15,0.3333,5,10,10.1,False,True,-0.0659,0.2108,21200.14,13144.85,4,0,3,5,3,0,41,88,27,0,0,0,35,35,0.44,1.5,5,0.025,0.03,0.01,0.05,3
10092.11,0.1009,110092.11,15094.62,0.1212,0.309,0.669,1.613,15,0.3333,5,10,10.1,False,True,-0.0659,0.2108,21200.14,13144.85,4,0,3,5,3,0,41,88,27,0,0,0,35,35,0.44,1.5,5,0.025,0.03,0.02,0.03,1
10092.11,0.1009,110092.11,15094.62,0.1212,0.309,0.669,1.613,15,0.3333,5,10,10.1,False,True,-0.0659,0.2108,21200.14,13144.85,4,0,3,5,3,0,41,88,27,0,0,0,35,35,0.44,1.5,5,0.025,0.03,0.02,0.03,2
10092.11,0.1009,110092.11,15094.62,0.1212,0.309,0.669,1.613,15,0.3333,5,10,10.1,False,True,-0.0659,0.2108,21200.14,13144.85,4,0,3,5,3,0,41,88,27,0,0,0,35,35,0.44,1.5,5,0.025,0.03,0.02,0.03,3
10092.11,0.1009,110092.11,15094.62,0.1212,0.309,0.669,1.613,15,0.3333,5,10,10.1,False,True,-0.0659,0.2108,21200.14,13144.85,4,0,3,5,3,0,41,88,27,0,0,0,35,35,0.44,1.5,5,0.025,0.03,0.02,0.05,1
10092.11,0.1009,110092.11,15094.62,0.1212,0.309,0.669,1.613,15,0.3333,5,10,10.1,False,True,-0.0659,0.2108,21200.14,13144.85,4,0,3,5,3,0,41,88,27,0,0,0,35,35,0.44,1.5,5,0.025,0.03,0.02,0.05,2
10092.11,0.1009,110092.11,15094.62,0.1212,0.309,0.669,1.613,15,0.3333,5,10,10.1,False,True,-0.0659,0.2108,21200.14,13144.85,4,0,3,5,3,0,41,88,27,0,0,0,35,35,0.44,1.5,5,0.025,0.03,0.02,0.05,3
-1211.84,-0.0121,98788.16,13544.74,0.1212,-0.017,-0.089,0.779,17,0.2941,5,12,9.2,False,True,-0.0659,0.1053,10686.41,13725.94,5,0,4,5,3,0,189,88,28,0,0,0,38,43,0.44,1.5,5,0.035,0.02,0.01,0.03,1
-1211.84,-0.0121,98788.16,13544.74,0.1212,-0.017,-0.089,0.779,17,0.2941,5,12,9.2,False,True,-0.0659,0.1053,10686.41,13725.94,5,0,4,5,3,0,189,88,28,0,0,0,38,43,0.44,1.5,5,0.035,0.02,0.01,0.03,2
-1211.84,-0.0121,98788.16,13544.74,0.1212,-0.017,-0.089,0.779,17,0.2941,5,12,9.2,False,True,-0.0659,0.1053,10686.41,13725.94,5,0,4,5,3,0,189,88,28,0,0,0,38,43,0.44,1.5,5,0.035,0.02,0.01,0.03,3
8218.33,0.0822,108218.33,14837.71,0.1212,0.262,0.554,1.425,17,0.2941,5,12,9.2,False,True,-0.0659,0.2108,20847.04,14630.87,5,0,4,5,3,0,189,88,28,0,0,0,38,43,0.44,1.5,5,0.035,0.02,0.01,0.05,1
8218.33,0.0822,108218.33,14837.71,0.1212,0.262,0.554,1.425,17,0.2941,5,12,9.2,False,True,-0.0659,0.2108,20847.04,14630.87,5,0,4,5,3,0,189,88,28,0,0,0,38,43,0.44,1.5,5,0.035,0.02,0.01,0.05,2
8218.33,0.0822,108218.33,14837.71,0.1212,0.262,0.554,1.425,17,0.2941,5,12,9.2,False,True,-0.0659,0.2108,20847.04,14630.87,5,0,4,5,3,0,189,88,28,0,0,0,38,43,0.44,1.5,5,0.035,0.02,0.01,0.05,3
-1211.84,-0.0121,98788.16,13544.74,0.1212,-0.017,-0.089,0.779,17,0.2941,5,12,9.2,False,True,-0.0659,0.1053,10686.41,13725.94,5,0,4,5,3,0,189,88,28,0,0,0,38,43,0.44,1.5,5,0.035,0.02,0.02,0.03,1
-1211.84,-0.0121,98788.16,13544.74,0.1212,-0.017,-0.089,0.779,17,0.2941,5,12,9.2,False,True,-0.0659,0.1053,10686.41,13725.94,5,0,4,5,3,0,189,88,28,0,0,0,38,43,0.44,1.5,5,0.035,0.02,0.02,0.03,2
-1211.84,-0.0121,98788.16,13544.74,0.1212,-0.017,-0.089,0.779,17,0.2941,5,12,9.2,False,True,-0.0659,0.1053,10686.41,13725.94,5,0,4,5,3,0,189,88,28,0,0,0,38,43,0.44,1.5,5,0.035,0.02,0.02,0.03,3
8218.33,0.0822,108218.33,14837.71,0.1212,0.262,0.554,1.425,17,0.2941,5,12,9.2,False,True,-0.0659,0.2108,20847.04,14630.87,5,0,4,5,3,0,189,88,28,0,0,0,38,43,0.44,1.5,5,0.035,0.02,0.02,0.05,1
8218.33,0.0822,108218.33,14837.71,0.1212,0.262,0.554,1.425,17,0.2941,5,12,9.2,False,True,-0.0659,0.2108,20847.04,14630.87,5,0,4,5,3,0,189,88,28,0,0,0,38,43,0.44,1.5,5,0.035,0.02,0.02,0.05,2
8218.33,0.0822,108218.33,14837.71,0.1212,0.262,0.554,1.425,17,0.2941,5,12,9.2,False,True,-0.0659,0.2108,20847.04,14630.87,5,0,4,5,3,0,189,88,28,0,0,0,38,43,0.44,1.5,5,0.035,0.02,0.02,0.05,3
-1211.84,-0.0121,98788.16,13544.74,0.1212,-0.017,-0.089,0.779,17,0.2941,5,12,9.2,False,True,-0.0659,0.1053,10686.41,13725.94,5,0,4,5,3,0,189,88,66,0,0,143,38,57,0.44,1.5,5,0.035,0.03,0.01,0.03,1
-1211.84,-0.0121,98788.16,13544.74,0.1212,-0.017,-0.089,0.779,17,0.2941,5,12,9.2,False,True,-0.0659,0.1053,10686.41,13725.94,5,0,4,5,3,0,189,88,66,0,0,143,38,57,0.44,1.5,5,0.035,0.03,0.01,0.03,2
-1211.84,-0.0121,98788.16,13544.74,0.1212,-0.017,-0.089,0.779,17,0.2941,5,12,9.2,False,True,-0.0659,0.1053,10686.41,13725.94,5,0,4,5,3,0,189,88,66,0,0,143,38,57,0.44,1.5,5,0.035,0.03,0.01,0.03,3
8218.33,0.0822,108218.33,14837.71,0.1212,0.262,0.554,1.425,17,0.2941,5,12,9.2,False,True,-0.0659,0.2108,20847.04,14630.87,5,0,4,5,3,0,189,88,28,0,0,0,38,43,0.44,1.5,5,0.035,0.03,0.01,0.05,1
8218.33,0.0822,108218.33,14837.71,0.1212,0.262,0.554,1.425,17,0.2941,5,12,9.2,False,True,-0.0659,0.2108,20847.04,14630.87,5,0,4,5,3,0,189,88,28,0,0,0,38,43,0.44,1.5,5,0.035,0.03,0.01,0.05,2
8218.33,0.0822,108218.33,14837.71,0.1212,0.262,0.554,1.425,17,0.2941,5,12,9.2,False,True,-0.0659,0.2108,20847.04,14630.87,5,0,4,5,3,0,189,88,28,0,0,0,38,43,0.44,1.5,5,0.035,0.03,0.01,0.05,3
-1211.84,-0.0121,98788.16,13544.74,0.1212,-0.017,-0.089,0.779,17,0.2941,5,12,9.2,False,True,-0.0659,0.1053,10686.41,13725.94,5,0,4,5,3,0,189,88,66,0,0,143,38,57,0.44,1.5,5,0.035,0.03,0.02,0.03,1
-1211.84,-0.0121,98788.16,13544.74,0.1212,-0.017,-0.089,0.779,17,0.2941,5,12,9.2,False,True,-0.0659,0.1053,10686.41,13725.94,5,0,4,5,3,0,189,88,66,0,0,143,38,57,0.44,1.5,5,0.035,0.03,0.02,0.03,2
-1211.84,-0.0121,98788.16,13544.74,0.1212,-0.017,-0.089,0.779,17,0.2941,5,12,9.2,False,True,-0.0659,0.1053,10686.41,13725.94,5,0,4,5,3,0,189,88,66,0,0,143,38,57,0.44,1.5,5,0.035,0.03,0.02,0.03,3
8218.33,0.0822,108218.33,14837.71,0.1212,0.262,0.554,1.425,17,0.2941,5,12,9.2,False,True,-0.0659,0.2108,20847.04,14630.87,5,0,4,5,3,0,189,88,28,0,0,0,38,43,0.44,1.5,5,0.035,0.03,0.02,0.05,1
8218.33,0.0822,108218.33,14837.71,0.1212,0.262,0.554,1.425,17,0.2941,5,12,9.2,False,True,-0.0659,0.2108,20847.04,14630.87,5,0,4,5,3,0,189,88,28,0,0,0,38,43,0.44,1.5,5,0.035,0.03,0.02,0.05,2
8218.33,0.0822,108218.33,14837.71,0.1212,0.262,0.554,1.425,17,0.2941,5,12,9.2,False,True,-0.0659,0.2108,20847.04,14630.87,5,0,4,5,3,0,189,88,28,0,0,0,38,43,0.44,1.5,5,0.035,0.03,0.02,0.05,3
-3258.69,-0.0326,96741.31,13264.1,0.1212,-0.098,-0.246,0.694,20,0.3,6,14,9.7,False,True,-0.0659,0.1058,11458.77,16507.28,7,0,3,7,3,0,14,99,27,0,0,0,35,35,0.44,1.5,10,0.025,0.02,0.01,0.03,1
-3258.69,-0.0326,96741.31,13264.1,0.1212,-0.098,-0.246,0.694,20,0.3,6,14,9.7,False,True,-0.0659,0.1058,11458.77,16507.28,7,0,3,7,3,0,14,99,27,0,0,0,35,35,0.44,1.5,10,0.025,0.02,0.01,0.03,2
-3258.69,-0.0326,96741.31,13264.1,0.1212,-0.098,-0.246,0.694,20,0.3,6,14,9.7,False,True,-0.0659,0.1058,11458.77,16507.28,7,0,3,7,3,0,14,99,27,0,0,0,35,35,0.44,1.5,10,0.025,0.02,0.01,0.03,3
-3302.26,-0.033,96697.74,13258.13,0.1212,-0.1,-0.249,0.692,20,0.3,6,14,9.7,False,True,-0.0659,0.1053,11458.77,16550.04,7,0,3,7,3,0,14,99,27,0,0,0,35,35,0.44,1.5,10,0.025,0.02,0.01,0.05,1
-3302.26,-0.033,96697.74,13258.13,0.1212,-0.1,-0.249,0.692,20,0.3,6,14,9.7,False,True,-0.0659,0.1053,11458.77,16550.04,7,0,3,7,3,0,14,99,27,0,0,0,35,35,0.44,1.5,10,0.025,0.02,0.01,0.05,2
-3302.26,-0.033,96697.74,13258.13,0.1212,-0.1,-0.249,0.692,20,0.3,6,14,9.7,False,True,-0.0659,0.1053,11458.77,16550.04,7,0,3,7,3,0,14,99,27,0,0,0,35,35,0.44,1.5,10,0.025,0.02,0.01,0.05,3
-3258.69,-0.0326,96741.31,13264.1,0.1212,-0.098,-0.246,0.694,20,0.3,6,14,9.7,False,True,-0.0659,0.1058,11458.77,16507.28,7,0,3,7,3,0,14,99,27,0,0,0,35,35,0.44,1.5,10,0.025,0.02,0.02,0.03,1
-3258.69,-0.0326,96741.31,13264.1,0.1212,-0.098,-0.246,0.694,20,0.3,6,14,9.7,False,True,-0.0659,0.1058,11458.77,16507.28,7,0,3,7,3,0,14,99,27,0,0,0,35,35,0.44,1.5,10,0.025,0.02,0.02,0.03,2
-3258.69,-0.0326,96741.31,13264.1,0.1212,-0.098,-0.246,0.694,20,0.3,6,14,9.7,False,True,-0.0659,0.1058,11458.77,16507.28,7,0,3,7,3,0,14,99,27,0,0,0,35,35,0.44,1.5,10,0.025,0.02,0.02,0.03,3
-3302.26,-0.033,96697.74,13258.13,0.1212,-0.1,-0.249,0.692,20,0.3,6,14,9.7,False,True,-0.0659,0.1053,11458.77,16550.04,7,0,3,7,3,0,14,99,27,0,0,0,35,35,0.44,1.5,10,0.025,0.02,0.02,0.05,1
-3302.26,-0.033,96697.74,13258.13,0.1212,-0.1,-0.249,0.692,20,0.3,6,14,9.7,False,True,-0.0659,0.1053,11458.77,16550.04,7,0,3,7,3,0,14,99,27,0,0,0,35,35,0.44,1.5,10,0.025,0.02,0.02,0.05,2
-3302.26,-0.033,96697.74,13258.13,0.1212,-0.1,-0.249,0.692,20,0.3,6,14,9.7,False,True,-0.0659,0.1053,11458.77,16550.04,7,0,3,7,3,0,14,99,27,0,0,0,35,35,0.44,1.5,10,0.025,0.02,0.02,0.05,3
-3258.69,-0.0326,96741.31,13264.1,0.1212,-0.098,-0.246,0.694,20,0.3,6,14,9.7,False,True,-0.0659,0.1058,11458.77,16507.28,7,0,3,7,3,0,14,99,65,0,0,143,35,49,0.44,1.5,10,0.025,0.03,0.01,0.03,1
-3258.69,-0.0326,96741.31,13264.1,0.1212,-0.098,-0.246,0.694,20,0.3,6,14,9.7,False,True,-0.0659,0.1058,11458.77,16507.28,7,0,3,7,3,0,14,99,65,0,0,143,35,49,0.44,1.5,10,0.025,0.03,0.01,0.03,2
-3258.69,-0.0326,96741.31,13264.1,0.1212,-0.098,-0.246,0.694,20,0.3,6,14,9.7,False,True,-0.0659,0.1058,11458.77,16507.28,7,0,3,7,3,0,14,99,65,0,0,143,35,49,0.44,1.5,10,0.025,0.03,0.01,0.03,3
-3302.26,-0.033,96697.74,13258.13,0.1212,-0.1,-0.249,0.692,20,0.3,6,14,9.7,False,True,-0.0659,0.1053,11458.77,16550.04,7,0,3,7,3,0,14,99,65,0,0,143,35,49,0.44,1.5,10,0.025,0.03,0.01,0.05,1
-3302.26,-0.033,96697.74,13258.13,0.1212,-0.1,-0.249,0.692,20,0.3,6,14,9.7,False,True,-0.0659,0.1053,11458.77,16550.04,7,0,3,7,3,0,14,99,65,0,0,143,35,49,0.44,1.5,10,0.025,0.03,0.01,0.05,2
-3302.26,-0.033,96697.74,13258.13,0.1212,-0.1,-0.249,0.692,20,0.3,6,14,9.7,False,True,-0.0659,0.1053,11458.77,16550.04,7,0,3,7,3,0,14,99,65,0,0,143,35,49,0.44,1.5,10,0.025,0.03,0.01,0.05,3
-3258.69,-0.0326,96741.31,13264.1,0.1212,-0.098,-0.246,0.694,20,0.3,6,14,9.7,False,True,-0.0659,0.1058,11458.77,16507.28,7,0,3,7,3,0,14,99,65,0,0,143,35,49,0.44,1.5,10,0.025,0.03,0.02,0.03,1
-3258.69,-0.0326,96741.31,13264.1,0.1212,-0.098,-0.246,0.694,20,0.3,6,14,9.7,False,True,-0.0659,0.1058,11458.77,16507.28,7,0,3,7,3,0,14,99,65,0,0,143,35,49,0.44,1.5,10,0.025,0.03,0.02,0.03,2
-3258.69,-0.0326,96741.31,13264.1,0.1212,-0.098,-0.246,0.694,20,0.3,6,14,9.7,False,True,-0.0659,0.1058,11458.77,16507.28,7,0,3,7,3,0,14,99,65,0,0,143,35,49,0.44,1.5,10,0.025,0.03,0.02,0.03,3
-3302.26,-0.033,96697.74,13258.13,0.1212,-0.1,-0.249,0.692,20,0.3,6,14,9.7,False,True,-0.0659,0.1053,11458.77,16550.04,7,0,3,7,3,0,14,99,65,0,0,143,35,49,0.44,1.5,10,0.025,0.03,0.02,0.05,1
-3302.26,-0.033,96697.74,13258.13,0.1212,-0.1,-0.249,0.692,20,0.3,6,14,9.7,False,True,-0.0659,0.1053,11458.77,16550.04,7,0,3,7,3,0,14,99,65,0,0,143,35,49,0.44,1.5,10,0.025,0.03,0.02,0.05,2
-3302.26,-0.033,96697.74,13258.13,0.1212,-0.1,-0.249,0.692,20,0.3,6,14,9.7,False,True,-0.0659,0.1053,11458.77,16550.04,7,0,3,7,3,0,14,99,65,0,0,143,35,49,0.44,1.5,10,0.025,0.03,0.02,0.05,3
-3258.69,-0.0326,96741.31,13264.1,0.1212,-0.098,-0.246,0.694,20,0.3,6,14,9.7,False,True,-0.0659,0.1058,11458.77,16507.28,7,0,3,7,3,0,14,99,27,0,0,0,35,35,0.44,1.5,10,0.035,0.02,0.01,0.03,1
-3258.69,-0.0326,96741.31,13264.1,0.1212,-0.098,-0.246,0.694,20,0.3,6,14,9.7,False,True,-0.0659,0.1058,11458.77,16507.28,7,0,3,7,3,0,14,99,27,0,0,0,35,35,0.44,1.5,10,0.035,0.02,0.01,0.03,2
-3258.69,-0.0326,96741.31,13264.1,0.1212,-0.098,-0.246,0.694,20,0.3,6,14,9.7,False,True,-0.0659,0.1058,11458.77,16507.28,7,0,3,7,3,0,14,99,27,0,0,0,35,35,0.44,1.5,10,0.035,0.02,0.01,0.03,3
-3302.26,-0.033,96697.74,13258.13,0.1212,-0.1,-0.249,0.692,20,0.3,6,14,9.7,False,True,-0.0659,0.1053,11458.77,16550.04,7,0,3,7,3,0,14,99,27,0,0,0,35,35,0.44,1.5,10,0.035,0.02,0.01,0.05,1
-3302.26,-0.033,96697.74,13258.13,0.1212,-0.1,-0.249,0.692,20,0.3,6,14,9.7,False,True,-0.0659,0.1053,11458.77,16550.04,7,0,3,7,3,0,14,99,27,0,0,0,35,35,0.44,1.5,10,0.035,0.02,0.01,0.05,2
-3302.26,-0.033,96697.74,13258.13,0.1212,-0.1,-0.249,0.692,20,0.3,6,14,9.7,False,True,-0.0659,0.1053,11458.77,16550.04,7,0,3,7,3,0,14,99,27,0,0,0,35,35,0.44,1.5,10,0.035,0.02,0.01,0.05,3
-3258.69,-0.0326,96741.31,13264.1,0.1212,-0.098,-0.246,0.694,20,0.3,6,14,9.7,False,True,-0.0659,0.1058,11458.77,16507.28,7,0,3,7,3,0,14,99,27,0,0,0,35,35,0.44,1.5,10,0.035,0.02,0.02,0.03,1
-3258.69,-0.0326,96741.31,13264.1,0.1212,-0.098,-0.246,0.694,20,0.3,6,14,9.7,False,True,-0.0659,0.1058,11458.77,16507.28,7,0,3,7,3,0,14,99,27,0,0,0,35,35,0.44,1.5,10,0.035,0.02,0.02,0.03,2
-3258.69,-0.0326,96741.31,13264.1,0.1212,-0.098,-0.246,0.694,20,0.3,6,14,9.7,False,True,-0.0659,0.1058,11458.77,16507.28,7,0,3,7,3,0,14,99,27,0,0,0,35,35,0.44,1.5,10,0.035,0.02,0.02,0.03,3
-3302.26,-0.033,96697.74,13258.13,0.1212,-0.1,-0.249,0.692,20,0.3,6,14,9.7,False,True,-0.0659,0.1053,11458.77,16550.04,7,0,3,7,3,0,14,99,27,0,0,0,35,35,0.44,1.5,10,0.035,0.02,0.02,0.05,1
-3302.26,-0.033,96697.74,13258.13,0.1212,-0.1,-0.249,0.692,20,0.3,6,14,9.7,False,True,-0.0659,0.1053,11458.77,16550.04,7,0,3,7,3,0,14,99,27,0,0,0,35,35,0.44,1.5,10,0.035,0.02,0.02,0.05,2
-3302.26,-0.033,96697.74,13258.13,0.1212,-0.1,-0.249,0.692,20,0.3,6,14,9.7,False,True,-0.0659,0.1053,11458.77,16550.04,7,0,3,7,3,0,14,99,27,0,0,0,35,35,0.44,1.5,10,0.035,0.02,0.02,0.05,3
-3258.69,-0.0326,96741.31,13264.1,0.1212,-0.098,-0.246,0.694,20,0.3,6,14,9.7,False,True,-0.0659,0.1058,11458.77,16507.28,7,0,3,7,3,0,14,99,65,0,0,143,35,49,0.44,1.5,10,0.035,0.03,0.01,0.03,1
-3258.69,-0.0326,96741.31,13264.1,0.1212,-0.098,-0.246,0.694,20,0.3,6,14,9.7,False,True,-0.0659,0.1058,11458.77,16507.28,7,0,3,7,3,0,14,99,65,0,0,143,35,49,0.44,1.5,10,0.035,0.03,0.01,0.03,2
-3258.69,-0.0326,96741.31,13264.1,0.1212,-0.098,-0.246,0.694,20,0.3,6,14,9.7,False,True,-0.0659,0.1058,11458.77,16507.28,7,0,3,7,3,0,14,99,65,0,0,143,35,49,0.44,1.5,10,0.035,0.03,0.01,0.03,3
-3302.26,-0.033,96697.74,13258.13,0.1212,-0.1,-0.249,0.692,20,0.3,6,14,9.7,False,True,-0.0659,0.1053,11458.77,16550.04,7,0,3,7,3,0,14,99,65,0,0,143,35,49,0.44,1.5,10,0.035,0.03,0.01,0.05,1
-3302.26,-0.033,96697.74,13258.13,0.1212,-0.1,-0.249,0.692,20,0.3,6,14,9.7,False,True,-0.0659,0.1053,11458.77,16550.04,7,0,3,7,3,0,14,99,65,0,0,143,35,49,0.44,1.5,10,0.035,0.03,0.01,0.05,2
-3302.26,-0.033,96697.74,13258.13,0.1212,-0.1,-0.249,0.692,20,0.3,6,14,9.7,False,True,-0.0659,0.1053,11458.77,16550.04,7,0,3,7,3,0,14,99,65,0,0,143,35,49,0.44,1.5,10,0.035,0.03,0.01,0.05,3
-3258.69,-0.0326,96741.31,13264.1,0.1212,-0.098,-0.246,0.694,20,0.3,6,14,9.7,False,True,-0.0659,0.1058,11458.77,16507.28,7,0,3,7,3,0,14,99,65,0,0,143,35,49,0.44,1.5,10,0.035,0.03,0.02,0.03,1
-3258.69,-0.0326,96741.31,13264.1,0.1212,-0.098,-0.246,0.694,20,0.3,6,14,9.7,False,True,-0.0659,0.1058,11458.77,16507.28,7,0,3,7,3,0,14,99,65,0,0,143,35,49,0.44,1.5,10,0.035,0.03,0.02,0.03,2
-3258.69,-0.0326,96741.31,13264.1,0.1212,-0.098,-0.246,0.694,20,0.3,6,14,9.7,False,True,-0.0659,0.1058,11458.77,16507.28,7,0,3,7,3,0,14,99,65,0,0,143,35,49,0.44,1.5,10,0.035,0.03,0.02,0.03,3
-3302.26,-0.033,96697.74,13258.13,0.1212,-0.1,-0.249,0.692,20,0.3,6,14,9.7,False,True,-0.0659,0.1053,11458.77,16550.04,7,0,3,7,3,0,14,99,65,0,0,143,35,49,0.44,1.5,10,0.035,0.03,0.02,0.05,1
-3302.26,-0.033,96697.74,13258.13,0.1212,-0.1,-0.249,0.692,20,0.3,6,14,9.7,False,True,-0.0659,0.1053,11458.77,16550.04,7,0,3,7,3,0,14,99,65,0,0,143,35,49,0.44,1.5,10,0.035,0.03,0.02,0.05,2
-3302.26,-0.033,96697.74,13258.13,0.1212,-0.1,-0.249,0.692,20,0.3,6,14,9.7,False,True,-0.0659,0.1053,11458.77,16550.04,7,0,3,7,3,0,14,99,65,0,0,143,35,49,0.44,1.5,10,0.035,0.03,0.02,0.05,3
-3258.69,-0.0326,96741.31,13264.1,0.1212,-0.098,-0.246,0.694,20,0.3,6,14,9.7,False,True,-0.0659,0.1058,11458.77,16507.28,7,0,3,7,3,0,0,110,27,0,0,0,35,35,0.44,1.5,15,0.025,0.02,0.01,0.03,1
-3258.69,-0.0326,96741.31,13264.1,0.1212,-0.098,-0.246,0.694,20,0.3,6,14,9.7,False,True,-0.0659,0.1058,11458.77,16507.28,7,0,3,7,3,0,0,110,27,0,0,0,35,35,0.44,1.5,15,0.025,0.02,0.01,0.03,2
-3258.69,-0.0326,96741.31,13264.1,0.1212,-0.098,-0.246,0.694,20,0.3,6,14,9.7,False,True,-0.0659,0.1058,11458.77,16507.28,7,0,3,7,3,0,0,110,27,0,0,0,35,35,0.44,1.5,15,0.025,0.02,0.01,0.03,3
-3302.26,-0.033,96697.74,13258.13,0.1212,-0.1,-0.249,0.692,20,0.3,6,14,9.7,False,True,-0.0659,0.1053,11458.77,16550.04,7,0,3,7,3,0,0,110,27,0,0,0,35,35,0.44,1.5,15,0.025,0.02,0.01,0.05,1
-3302.26,-0.033,96697.74,13258.13,0.1212,-0.1,-0.249,0.692,20,0.3,6,14,9.7,False,True,-0.0659,0.1053,11458.77,16550.04,7,0,3,7,3,0,0,110,27,0,0,0,35,35,0.44,1.5,15,0.025,0.02,0.01,0.05,2
-3302.26,-0.033,96697.74,13258.13,0.1212,-0.1,-0.249,0.692,20,0.3,6,14,9.7,False,True,-0.0659,0.1053,11458.77,16550.04,7,0,3,7,3,0,0,110,27,0,0,0,35,35,0.44,1.5,15,0.025,0.02,0.01,0.05,3
-3258.69,-0.0326,96741.31,13264.1,0.1212,-0.098,-0.246,0.694,20,0.3,6,14,9.7,False,True,-0.0659,0.1058,11458.77,16507.28,7,0,3,7,3,0,0,110,27,0,0,0,35,35,0.44,1.5,15,0.025,0.02,0.02,0.03,1
-3258.69,-0.0326,96741.31,13264.1,0.1212,-0.098,-0.246,0.694,20,0.3,6,14,9.7,False,True,-0.0659,0.1058,11458.77,16507.28,7,0,3,7,3,0,0,110,27,0,0,0,35,35,0.44,1.5,15,0.025,0.02,0.02,0.03,2
-3258.69,-0.0326,96741.31,13264.1,0.1212,-0.098,-0.246,0.694,20,0.3,6,14,9.7,False,True,-0.0659,0.1058,11458.77,16507.28,7,0,3,7,3,0,0,110,27,0,0,0,35,35,0.44,1.5,15,0.025,0.02,0.02,0.03,3
-3302.26,-0.033,96697.74,13258.13,0.1212,-0.1,-0.249,0.692,20,0.3,6,14,9.7,False,True,-0.0659,0.1053,11458.77,16550.04,7,0,3,7,3,0,0,110,27,0,0,0,35,35,0.44,1.5,15,0.025,0.02,0.02,0.05,1
-3302.26,-0.033,96697.74,13258.13,0.1212,-0.1,-0.249,0.692,20,0.3,6,14,9.7,False,True,-0.0659,0.1053,11458.77,16550.04,7,0,3,7,3,0,0,110,27,0,0,0,35,35,0.44,1.5,15,0.025,0.02,0.02,0.05,2
-3302.26,-0.033,96697.74,13258.13,0.1212,-0.1,-0.249,0.692,20,0.3,6,14,9.7,False,True,-0.0659,0.1053,11458.77,16550.04,7,0,3,7,3,0,0,110,27,0,0,0,35,35,0.44,1.5,15,0.025,0.02,0.02,0.05,3
-3258.69,-0.0326,96741.31,13264.1,0.1212,-0.098,-0.246,0.694,20,0.3,6,14,9.7,False,True,-0.0659,0.1058,11458.77,16507.28,7,0,3,7,3,0,0,110,65,0,0,143,35,49,0.44,1.5,15,0.025,0.03,0.01,0.03,1
-3258.69,-0.0326,96741.31,13264.1,0.1212,-0.098,-0.246,0.694,20,0.3,6,14,9.7,False,True,-0.0659,0.1058,11458.77,16507.28,7,0,3,7,3,0,0,110,65,0,0,143,35,49,0.44,1.5,15,0.025,0.03,0.01,0.03,2
-3258.69,-0.0326,96741.31,13264.1,0.1212,-0.098,-0.246,0.694,20,0.3,6,14,9.7,False,True,-0.0659,0.1058,11458.77,16507.28,7,0,3,7,3,0,0,110,65,0,0,143,35,49,0.44,1.5,15,0.025,0.03,0.01,0.03,3
-3302.26,-0.033,96697.74,13258.13,0.1212,-0.1,-0.249,0.692,20,0.3,6,14,9.7,False,True,-0.0659,0.1053,11458.77,16550.04,7,0,3,7,3,0,0,110,65,0,0,143,35,49,0.44,1.5,15,0.025,0.03,0.01,0.05,1
-3302.26,-0.033,96697.74,13258.13,0.1212,-0.1,-0.249,0.692,20,0.3,6,14,9.7,False,True,-0.0659,0.1053,11458.77,16550.04,7,0,3,7,3,0,0,110,65,0,0,143,35,49,0.44,1.5,15,0.025,0.03,0.01,0.05,2
-3302.26,-0.033,96697.74,13258.13,0.1212,-0.1,-0.249,0.692,20,0.3,6,14,9.7,False,True,-0.0659,0.1053,11458.77,16550.04,7,0,3,7,3,0,0,110,65,0,0,143,35,49,0.44,1.5,15,0.025,0.03,0.01,0.05,3
-3258.69,-0.0326,96741.31,13264.1,0.1212,-0.098,-0.246,0.694,20,0.3,6,14,9.7,False,True,-0.0659,0.1058,11458.77,16507.28,7,0,3,7,3,0,0,110,65,0,0,143,35,49,0.44,1.5,15,0.025,0.03,0.02,0.03,1
-3258.69,-0.0326,96741.31,13264.1,0.1212,-0.098,-0.246,0.694,20,0.3,6,14,9.7,False,True,-0.0659,0.1058,11458.77,16507.28,7,0,3,7,3,0,0,110,65,0,0,143,35,49,0.44,1.5,15,0.025,0.03,0.02,0.03,2
-3258.69,-0.0326,96741.31,13264.1,0.1212,-0.098,-0.246,0.694,20,0.3,6,14,9.7,False,True,-0.0659,0.1058,11458.77,16507.28,7,0,3,7,3,0,0,110,65,0,0,143,35,49,0.44,1.5,15,0.025,0.03,0.02,0.03,3
-3302.26,-0.033,96697.74,13258.13,0.1212,-0.1,-0.249,0.692,20,0.3,6,14,9.7,False,True,-0.0659,0.1053,11458.77,16550.04,7,0,3,7,3,0,0,110,65,0,0,143,35,49,0.44,1.5,15,0.025,0.03,0.02,0.05,1
-3302.26,-0.033,96697.74,13258.13,0.1212,-0.1,-0.249,0.692,20,0.3,6,14,9.7,False,True,-0.0659,0.1053,11458.77,16550.04,7,0,3,7,3,0,0,110,65,0,0,143,35,49,0.44,1.5,15,0.025,0.03,0.02,0.05,2
-3302.26,-0.033,96697.74,13258.13,0.1212,-0.1,-0.249,0.692,20,0.3,6,14,9.7,False,True,-0.0659,0.1053,11458.77,16550.04,7,0,3,7,3,0,0,110,65,0,0,143,35,49,0.44,1.5,15,0.025,0.03,0.02,0.05,3
-3258.69,-0.0326,96741.31,13264.1,0.1212,-0.098,-0.246,0.694,20,0.3,6,14,9.7,False,True,-0.0659,0.1058,11458.77,16507.28,7,0,3,7,3,0,0,110,27,0,0,0,35,35,0.44,1.5,15,0.035,0.02,0.01,0.03,1
-3258.69,-0.0326,96741.31,13264.1,0.1212,-0.098,-0.246,0.694,20,0.3,6,14,9.7,False,True,-0.0659,0.1058,11458.77,16507.28,7,0,3,7,3,0,0,110,27,0,0,0,35,35,0.44,1.5,15,0.035,0.02,0.01,0.03,2
-3258.69,-0.0326,96741.31,13264.1,0.1212,-0.098,-0.246,0.694,20,0.3,6,14,9.7,False,True,-0.0659,0.1058,11458.77,16507.28,7,0,3,7,3,0,0,110,27,0,0,0,35,35,0.44,1.5,15,0.035,0.02,0.01,0.03,3
-3302.26,-0.033,96697.74,13258.13,0.1212,-0.1,-0.249,0.692,20,0.3,6,14,9.7,False,True,-0.0659,0.1053,11458.77,16550.04,7,0,3,7,3,0,0,110,27,0,0,0,35,35,0.44,1.5,15,0.035,0.02,0.01,0.05,1
-3302.26,-0.033,96697.74,13258.13,0.1212,-0.1,-0.249,0.692,20,0.3,6,14,9.7,False,True,-0.0659,0.1053,11458.77,16550.04,7,0,3,7,3,0,0,110,27,0,0,0,35,35,0.44,1.5,15,0.035,0.02,0.01,0.05,2
-3302.26,-0.033,96697.74,13258.13,0.1212,-0.1,-0.249,0.692,20,0.3,6,14,9.7,False,True,-0.0659,0.1053,11458.77,16550.04,7,0,3,7,3,0,0,110,27,0,0,0,35,35,0.44,1.5,15,0.035,0.02,0.01,0.05,3
-3258.69,-0.0326,96741.31,13264.1,0.1212,-0.098,-0.246,0.694,20,0.3,6,14,9.7,False,True,-0.0659,0.1058,11458.77,16507.28,7,0,3,7,3,0,0,110,27,0,0,0,35,35,0.44,1.5,15,0.035,0.02,0.02,0.03,1
-3258.69,-0.0326,96741.31,13264.1,0.1212,-0.098,-0.246,0.694,20,0.3,6,14,9.7,False,True,-0.0659,0.1058,11458.77,16507.28,7,0,3,7,3,0,0,110,27,0,0,0,35,35,0.44,1.5,15,0.035,0.02,0.02,0.03,2
-3258.69,-0.0326,96741.31,13264.1,0.1212,-0.098,-0.246,0.694,20,0.3,6,14,9.7,False,True,-0.0659,0.1058,11458.77,16507.28,7,0,3,7,3,0,0,110,27,0,0,0,35,35,0.44,1.5,15,0.035,0.02,0.02,0.03,3
-3302.26,-0.033,96697.74,13258.13,0.1212,-0.1,-0.249,0.692,20,0.3,6,14,9.7,False,True,-0.0659,0.1053,11458.77,16550.04,7,0,3,7,3,0,0,110,27,0,0,0,35,35,0.44,1.5,15,0.035,0.02,0.02,0.05,1
-3302.26,-0.033,96697.74,13258.13,0.1212,-0.1,-0.249,0.692,20,0.3,6,14,9.7,False,True,-0.0659,0.1053,11458.77,16550.04,7,0,3,7,3,0,0,110,27,0,0,0,35,35,0.44,1.5,15,0.035,0.02,0.02,0.05,2
-3302.26,-0.033,96697.74,13258.13,0.1212,-0.1,-0.249,0.692,20,0.3,6,14,9.7,False,True,-0.0659,0.1053,11458.77,16550.04,7,0,3,7,3,0,0,110,27,0,0,0,35,35,0.44,1.5,15,0.035,0.02,0.02,0.05,3
-3258.69,-0.0326,96741.31,13264.1,0.1212,-0.098,-0.246,0.694,20,0.3,6,14,9.7,False,True,-0.0659,0.1058,11458.77,16507.28,7,0,3,7,3,0,0,110,65,0,0,143,35,49,0.44,1.5,15,0.035,0.03,0.01,0.03,1
-3258.69,-0.0326,96741.31,13264.1,0.1212,-0.098,-0.246,0.694,20,0.3,6,14,9.7,False,True,-0.0659,0.1058,11458.77,16507.28,7,0,3,7,3,0,0,110,65,0,0,143,35,49,0.44,1.5,15,0.035,0.03,0.01,0.03,2
-3258.69,-0.0326,96741.31,13264.1,0.1212,-0.098,-0.246,0.694,20,0.3,6,14,9.7,False,True,-0.0659,0.1058,11458.77,16507.28,7,0,3,7,3,0,0,110,65,0,0,143,35,49,0.44,1.5,15,0.035,0.03,0.01,0.03,3
-3302.26,-0.033,96697.74,13258.13,0.1212,-0.1,-0.249,0.692,20,0.3,6,14,9.7,False,True,-0.0659,0.1053,11458.77,16550.04,7,0,3,7,3,0,0,110,65,0,0,143,35,49,0.44,1.5,15,0.035,0.03,0.01,0.05,1
-3302.26,-0.033,96697.74,13258.13,0.1212,-0.1,-0.249,0.692,20,0.3,6,14,9.7,False,True,-0.0659,0.1053,11458.77,16550.04,7,0,3,7,3,0,0,110,65,0,0,143,35,49,0.44,1.5,15,0.035,0.03,0.01,0.05,2
-3302.26,-0.033,96697.74,13258.13,0.1212,-0.1,-0.249,0.692,20,0.3,6,14,9.7,False,True,-0.0659,0.1053,11458.77,16550.04,7,0,3,7,3,0,0,110,65,0,0,143,35,49,0.44,1.5,15,0.035,0.03,0.01,0.05,3
-3258.69,-0.0326,96741.31,13264.1,0.1212,-0.098,-0.246,0.694,20,0.3,6,14,9.7,False,True,-0.0659,0.1058,11458.77,16507.28,7,0,3,7,3,0,0,110,65,0,0,143,35,49,0.44,1.5,15,0.035,0.03,0.02,0.03,1
-3258.69,-0.0326,96741.31,13264.1,0.1212,-0.098,-0.246,0.694,20,0.3,6,14,9.7,False,True,-0.0659,0.1058,11458.77,16507.28,7,0,3,7,3,0,0,110,65,0,0,143,35,49,0.44,1.5,15,0.035,0.03,0.02,0.03,2
-3258.69,-0.0326,96741.31,13264.1,0.1212,-0.098,-0.246,0.694,20,0.3,6,14,9.7,False,True,-0.0659,0.1058,11458.77,16507.28,7,0,3,7,3,0,0,110,65,0,0,143,35,49,0.44,1.5,15,0.035,0.03,0.02,0.03,3
-3302.26,-0.033,96697.74,13258.13,0.1212,-0.1,-0.249,0.692,20,0.3,6,14,9.7,False,True,-0.0659,0.1053,11458.77,16550.04,7,0,3,7,3,0,0,110,65,0,0,143,35,49,0.44,1.5,15,0.035,0.03,0.02,0.05,1
-3302.26,-0.033,96697.74,13258.13,0.1212,-0.1,-0.249,0.692,20,0.3,6,14,9.7,False,True,-0.0659,0.1053,11458.77,16550.04,7,0,3,7,3,0,0,110,65,0,0,143,35,49,0.44,1.5,15,0.035,0.03,0.02,0.05,2
-3302.26,-0.033,96697.74,13258.13,0.1212,-0.1,-0.249,0.692,20,0.3,6,14,9.7,False,True,-0.0659,0.1053,11458.77,16550.04,7,0,3,7,3,0,0,110,65,0,0,143,35,49,0.44,1.5,15,0.035,0.03,0.02,0.05,3
-9199.56,-0.092,90800.44,10690.7,0.1053,-0.814,-0.861,0.148,32,0.2188,7,25,5.8,False,True,-0.0536,0.0,1646.11,11154.16,14,0,6,9,3,0,1100,62,53,0,0,0,93,88,0.46,0.5,5,0.025,0.02,0.01,0.03,1
-9199.56,-0.092,90800.44,10690.7,0.1053,-0.814,-0.861,0.148,32,0.2188,7,25,5.8,False,True,-0.0536,0.0,1646.11,11154.16,14,0,6,9,3,0,1100,62,53,0,0,0,93,88,0.46,0.5,5,0.025,0.02,0.01,0.03,2
-9199.56,-0.092,90800.44,10690.7,0.1053,-0.814,-0.861,0.148,32,0.2188,7,25,5.8,False,True,-0.0536,0.0,1646.11,11154.16,14,0,6,9,3,0,1100,62,53,0,0,0,93,88,0.46,0.5,5,0.025,0.02,0.01,0.03,3
-8817.94,-0.0882,91182.06,10349.02,0.102,-0.827,-0.852,0.429,57,0.2632,15,42,7.1,False,True,-0.0408,0.014,6724.93,15673.97,26,0,9,16,6,0,1578,94,203,0,0,478,97,170,0.46,0.5,5,0.025,0.02,0.01,0.05,1
-8817.94,-0.0882,91182.06,10349.02,0.102,-0.827,-0.852,0.429,57,0.2632,15,42,7.1,False,True,-0.0408,0.014,6724.93,15673.97,26,0,9,16,6,0,1578,94,203,0,0,478,97,170,0.46,0.5,5,0.025,0.02,0.01,0.05,2
-8817.94,-0.0882,91182.06,10349.02,0.102,-0.827,-0.852,0.429,57,0.2632,15,42,7.1,False,True,-0.0408,0.014,6724.93,15673.97,26,0,9,16,6,0,1578,94,203,0,0,478,97,170,0.46,0.5,5,0.025,0.02,0.01,0.05,3
-9199.56,-0.092,90800.44,10690.7,0.1053,-0.814,-0.861,0.148,32,0.2188,7,25,5.8,False,True,-0.0536,0.0,1646.11,11154.16,14,0,6,9,3,0,1100,62,53,0,0,0,93,88,0.46,0.5,5,0.025,0.02,0.02,0.03,1
-9199.56,-0.092,90800.44,10690.7,0.1053,-0.814,-0.861,0.148,32,0.2188,7,25,5.8,False,True,-0.0536,0.0,1646.11,11154.16,14,0,6,9,3,0,1100,62,53,0,0,0,93,88,0.46,0.5,5,0.025,0.02,0.02,0.03,2
-9199.56,-0.092,90800.44,10690.7,0.1053,-0.814,-0.861,0.148,32,0.2188,7,25,5.8,False,True,-0.0536,0.0,1646.11,11154.16,14,0,6,9,3,0,1100,62,53,0,0,0,93,88,0.46,0.5,5,0.025,0.02,0.02,0.03,3
-9201.14,-0.092,90798.86,10692.28,0.1054,-0.933,-0.861,0.408,49,0.2653,13,36,7.4,False,True,-0.0408,0.0,6517.14,15992.16,24,0,7,14,4,0,1103,135,91,0,0,0,93,165,0.46,0.5,5,0.025,0.02,0.02,0.05,1
-9201.14,-0.092,90798.86,10692.28,0.1054,-0.933,-0.861,0.408,49,0.2653,13,36,7.4,False,True,-0.0408,0.0,6517.14,15992.16,24,0,7,14,4,0,1103,135,91,0,0,0,93,165,0.46,0.5,5,0.025,0.02,0.02,0.05,2
-9201.14,-0.092,90798.86,10692.28,0.1054,-0.933,-0.861,0.408,49,0.2653,13,36,7.4,False,True,-0.0408,0.0,6517.14,15992.16,24,0,7,14,4,0,1103,135,91,0,0,0,93,165,0.46,0.5,5,0.025,0.02,0.02,0.05,3
-9199.56,-0.092,90800.44,10690.7,0.1053,-0.814,-0.861,0.148,32,0.2188,7,25,5.8,False,True,-0.0536,0.0,1646.11,11154.16,14,0,6,9,3,0,1100,62,53,0,0,0,93,88,0.46,0.5,5,0.025,0.03,0.01,0.03,1
-9199.56,-0.092,90800.44,10690.7,0.1053,-0.814,-0.861,0.148,32,0.2188,7,25,5.8,False,True,-0.0536,0.0,1646.11,11154.16,14,0,6,9,3,0,1100,62,53,0,0,0,93,88,0.46,0.5,5,0.025,0.03,0.01,0.03,2
-9199.56,-0.092,90800.44,10690.7,0.1053,-0.814,-0.861,0.148,32,0.2188,7,25,5.8,False,True,-0.0536,0.0,1646.11,11154.16,14,0,6,9,3,0,1100,62,53,0,0,0,93,88,0.46,0.5,5,0.025,0.03,0.01,0.03,3
-8817.94,-0.0882,91182.06,10349.02,0.102,-0.827,-0.852,0.429,57,0.2632,15,42,7.1,False,True,-0.0408,0.014,6724.93,15673.97,26,0,9,16,6,0,1578,94,203,0,0,478,97,170,0.46,0.5,5,0.025,0.03,0.01,0.05,1
-8817.94,-0.0882,91182.06,10349.02,0.102,-0.827,-0.852,0.429,57,0.2632,15,42,7.1,False,True,-0.0408,0.014,6724.93,15673.97,26,0,9,16,6,0,1578,94,203,0,0,478,97,170,0.46,0.5,5,0.025,0.03,0.01,0.05,2
-8817.94,-0.0882,91182.06,10349.02,0.102,-0.827,-0.852,0.429,57,0.2632,15,42,7.1,False,True,-0.0408,0.014,6724.93,15673.97,26,0,9,16,6,0,1578,94,203,0,0,478,97,170,0.46,0.5,5,0.025,0.03,0.01,0.05,3
-9199.56,-0.092,90800.44,10690.7,0.1053,-0.814,-0.861,0.148,32,0.2188,7,25,5.8,False,True,-0.0536,0.0,1646.11,11154.16,14,0,6,9,3,0,1100,62,53,0,0,0,93,88,0.46,0.5,5,0.025,0.03,0.02,0.03,1
-9199.56,-0.092,90800.44,10690.7,0.1053,-0.814,-0.861,0.148,32,0.2188,7,25,5.8,False,True,-0.0536,0.0,1646.11,11154.16,14,0,6,9,3,0,1100,62,53,0,0,0,93,88,0.46,0.5,5,0.025,0.03,0.02,0.03,2
-9199.56,-0.092,90800.44,10690.7,0.1053,-0.814,-0.861,0.148,32,0.2188,7,25,5.8,False,True,-0.0536,0.0,1646.11,11154.16,14,0,6,9,3,0,1100,62,53,0,0,0,93,88,0.46,0.5,5,0.025,0.03,0.02,0.03,3
-9201.14,-0.092,90798.86,10692.28,0.1054,-0.933,-0.861,0.408,49,0.2653,13,36,7.4,False,True,-0.0408,0.0,6517.14,15992.16,24,0,7,14,4,0,1103,135,91,0,0,0,93,165,0.46,0.5,5,0.025,0.03,0.02,0.05,1
-9201.14,-0.092,90798.86,10692.28,0.1054,-0.933,-0.861,0.408,49,0.2653,13,36,7.4,False,True,-0.0408,0.0,6517.14,15992.16,24,0,7,14,4,0,1103,135,91,0,0,0,93,165,0.46,0.5,5,0.025,0.03,0.02,0.05,2
-9201.14,-0.092,90798.86,10692.28,0.1054,-0.933,-0.861,0.408,49,0.2653,13,36,7.4,False,True,-0.0408,0.0,6517.14,15992.16,24,0,7,14,4,0,1103,135,91,0,0,0,93,165,0.46,0.5,5,0.025,0.03,0.02,0.05,3
-9563.91,-0.0956,90436.09,11055.05,0.1089,-0.818,-0.865,0.152,36,0.25,9,27,5.8,False,True,-0.0536,0.0,1773.94,11645.1,15,0,7,11,3,0,1358,62,60,0,0,0,100,100,0.46,0.5,5,0.035,0.02,0.01,0.03,1
-9563.91,-0.0956,90436.09,11055.05,0.1089,-0.818,-0.865,0.152,36,0.25,9,27,5.8,False,True,-0.0536,0.0,1773.94,11645.1,15,0,7,11,3,0,1358,62,60,0,0,0,100,100,0.46,0.5,5,0.035,0.02,0.01,0.03,2
-9563.91,-0.0956,90436.09,11055.05,0.1089,-0.818,-0.865,0.152,36,0.25,9,27,5.8,False,True,-0.0536,0.0,1773.94,11645.1,15,0,7,11,3,0,1358,62,60,0,0,0,100,100,0.46,0.5,5,0.035,0.02,0.01,0.03,3
-8936.0,-0.0894,91064.0,10427.14,0.1027,-0.817,-0.857,0.435,59,0.2881,17,42,7.2,False,True,-0.0441,0.0142,6966.04,16002.06,26,0,10,18,5,0,1776,94,209,0,0,478,104,180,0.46,0.5,5,0.035,0.02,0.01,0.05,1
-8936.0,-0.0894,91064.0,10427.14,0.1027,-0.817,-0.857,0.435,59,0.2881,17,42,7.2,False,True,-0.0441,0.0142,6966.04,16002.06,26,0,10,18,5,0,1776,94,209,0,0,478,104,180,0.46,0.5,5,0.035,0.02,0.01,0.05,2
-8936.0,-0.0894,91064.0,10427.14,0.1027,-0.817,-0.857,0.435,59,0.2881,17,42,7.2,False,True,-0.0441,0.0142,6966.04,16002.06,26,0,10,18,5,0,1776,94,209,0,0,478,104,180,0.46,0.5,5,0.035,0.02,0.01,0.05,3
-9563.91,-0.0956,90436.09,11055.05,0.1089,-0.818,-0.865,0.152,36,0.25,9,27,5.8,False,True,-0.0536,0.0,1773.94,11645.1,15,0,7,11,3,0,1358,62,60,0,0,0,100,100,0.46,0.5,5,0.035,0.02,0.02,0.03,1
-9563.91,-0.0956,90436.09,11055.05,0.1089,-0.818,-0.865,0.152,36,0.25,9,27,5.8,False,True,-0.0536,0.0,1773.94,11645.1,15,0,7,11,3,0,1358,62,60,0,0,0,100,100,0.46,0.5,5,0.035,0.02,0.02,0.03,2
-9563.91,-0.0956,90436.09,11055.05,0.1089,-0.818,-0.865,0.152,36,0.25,9,27,5.8,False,True,-0.0536,0.0,1773.94,11645.1,15,0,7,11,3,0,1358,62,60,0,0,0,100,100,0.46,0.5,5,0.035,0.02,0.02,0.03,3
-9509.03,-0.0951,90490.97,11000.17,0.1084,-0.928,-0.864,0.409,53,0.283,15,38,7.3,False,True,-0.0441,0.0,6758.95,16540.89,25,0,8,16,4,0,1361,135,98,0,0,0,100,177,0.46,0.5,5,0.035,0.02,0.02,0.05,1
-9509.03,-0.0951,90490.97,11000.17,0.1084,-0.928,-0.864,0.409,53,0.283,15,38,7.3,False,True,-0.0441,0.0,6758.95,16540.89,25,0,8,16,4,0,1361,135,98,0,0,0,100,177,0.46,0.5,5,0.035,0.02,0.02,0.05,2
-9509.03,-0.0951,90490.97,11000.17,0.1084,-0.928,-0.864,0.409,53,0.283,15,38,7.3,False,True,-0.0441,0.0,6758.95,16540.89,25,0,8,16,4,0,1361,135,98,0,0,0,100,177,0.46,0.5,5,0.035,0.02,0.02,0.05,3
-9563.91,-0.0956,90436.09,11055.05,0.1089,-0.818,-0.865,0.152,36,0.25,9,27,5.8,False,True,-0.0536,0.0,1773.94,11645.1,15,0,7,11,3,0,1358,62,60,0,0,0,100,100,0.46,0.5,5,0.035,0.03,0.01,0.03,1
-9563.91,-0.0956,90436.09,11055.05,0.1089,-0.818,-0.865,0.152,36,0.25,9,27,5.8,False,True,-0.0536,0.0,1773.94,11645.1,15,0,7,11,3,0,1358,62,60,0,0,0,100,100,0.46,0.5,5,0.035,0.03,0.01,0.03,2
-9563.91,-0.0956,90436.09,11055.05,0.1089,-0.818,-0.865,0.152,36,0.25,9,27,5.8,False,True,-0.0536,0.0,1773.94,11645.1,15,0,7,11,3,0,1358,62,60,0,0,0,100,100,0.46,0.5,5,0.035,0.03,0.01,0.03,3
-8936.0,-0.0894,91064.0,10427.14,0.1027,-0.817,-0.857,0.435,59,0.2881,17,42,7.2,False,True,-0.0441,0.0142,6966.04,16002.06,26,0,10,18,5,0,1776,94,209,0,0,478,104,180,0.46,0.5,5,0.035,0.03,0.01,0.05,1
-8936.0,-0.0894,91064.0,10427.14,0.1027,-0.817,-0.857,0.435,59,0.2881,17,42,7.2,False,True,-0.0441,0.0142,6966.04,16002.06,26,0,10,18,5,0,1776,94,209,0,0,478,104,180,0.46,0.5,5,0.035,0.03,0.01,0.05,2
-8936.0,-0.0894,91064.0,10427.14,0.1027,-0.817,-0.857,0.435,59,0.2881,17,42,7.2,False,True,-0.0441,0.0142,6966.04,16002.06,26,0,10,18,5,0,1776,94,209,0,0,478,104,180,0.46,0.5,5,0.035,0.03,0.01,0.05,3
-9563.91,-0.0956,90436.09,11055.05,0.1089,-0.818,-0.865,0.152,36,0.25,9,27,5.8,False,True,-0.0536,0.0,1773.94,11645.1,15,0,7,11,3,0,1358,62,60,0,0,0,100,100,0.46,0.5,5,0.035,0.03,0.02,0.03,1
-9563.91,-0.0956,90436.09,11055.05,0.1089,-0.818,-0.865,0.152,36,0.25,9,27,5.8,False,True,-0.0536,0.0,1773.94,11645.1,15,0,7,11,3,0,1358,62,60,0,0,0,100,100,0.46,0.5,5,0.035,0.03,0.02,0.03,2
-9563.91,-0.0956,90436.09,11055.05,0.1089,-0.818,-0.865,0.152,36,0.25,9,27,5.8,False,True,-0.0536,0.0,1773.94,11645.1,15,0,7,11,3,0,1358,62,60,0,0,0,100,100,0.46,0.5,5,0.035,0.03,0.02,0.03,3
-9509.03,-0.0951,90490.97,11000.17,0.1084,-0.928,-0.864,0.409,53,0.283,15,38,7.3,False,True,-0.0441,0.0,6758.95,16540.89,25,0,8,16,4,0,1361,135,98,0,0,0,100,177,0.46,0.5,5,0.035,0.03,0.02,0.05,1
-9509.03,-0.0951,90490.97,11000.17,0.1084,-0.928,-0.864,0.409,53,0.283,15,38,7.3,False,True,-0.0441,0.0,6758.95,16540.89,25,0,8,16,4,0,1361,135,98,0,0,0,100,177,0.46,0.5,5,0.035,0.03,0.02,0.05,2
-9509.03,-0.0951,90490.97,11000.17,0.1084,-0.928,-0.864,0.409,53,0.283,15,38,7.3,False,True,-0.0441,0.0,6758.95,16540.89,25,0,8,16,4,0,1361,135,98,0,0,0,100,177,0.46,0.5,5,0.035,0.03,0.02,0.05,3
-4962.31,-0.0496,95037.69,11020.97,0.1039,-0.287,-0.45,0.604,63,0.1905,12,51,7.7,False,True,-0.0437,0.0703,8352.78,13817.97,29,0,12,13,9,0,699,150,88,0,0,143,50,139,0.46,0.5,10,0.025,0.02,0.01,0.03,1
-4962.31,-0.0496,95037.69,11020.97,0.1039,-0.287,-0.45,0.604,63,0.1905,12,51,7.7,False,True,-0.0437,0.0703,8352.78,13817.97,29,0,12,13,9,0,699,150,88,0,0,143,50,139,0.46,0.5,10,0.025,0.02,0.01,0.03,2
-4962.31,-0.0496,95037.69,11020.97,0.1039,-0.287,-0.45,0.604,63,0.1905,12,51,7.7,False,True,-0.0437,0.0703,8352.78,13817.97,29,0,12,13,9,0,699,150,88,0,0,143,50,139,0.46,0.5,10,0.025,0.02,0.01,0.03,3
-5026.62,-0.0503,94973.38,11109.84,0.1047,-0.268,-0.452,0.59,53,0.1887,10,43,6.8,False,True,-0.0597,0.0705,8012.7,13576.64,20,0,12,11,10,0,634,147,87,0,0,143,46,133,0.46,0.5,10,0.025,0.02,0.01,0.05,1
-5026.62,-0.0503,94973.38,11109.84,0.1047,-0.268,-0.452,0.59,53,0.1887,10,43,6.8,False,True,-0.0597,0.0705,8012.7,13576.64,20,0,12,11,10,0,634,147,87,0,0,143,46,133,0.46,0.5,10,0.025,0.02,0.01,0.05,2
-5026.62,-0.0503,94973.38,11109.84,0.1047,-0.268,-0.452,0.59,53,0.1887,10,43,6.8,False,True,-0.0597,0.0705,8012.7,13576.64,20,0,12,11,10,0,634,147,87,0,0,143,46,133,0.46,0.5,10,0.025,0.02,0.01,0.05,3
-10033.45,-0.1003,89966.55,10904.18,0.1081,-0.871,-0.92,0.581,108,0.2315,25,83,7.4,False,True,-0.0381,0.0245,15747.7,27104.8,53,0,17,28,10,0,759,267,126,0,0,0,50,294,0.46,0.5,10,0.025,0.02,0.02,0.03,1
-10033.45,-0.1003,89966.55,10904.18,0.1081,-0.871,-0.92,0.581,108,0.2315,25,83,7.4,False,True,-0.0381,0.0245,15747.7,27104.8,53,0,17,28,10,0,759,267,126,0,0,0,50,294,0.46,0.5,10,0.025,0.02,0.02,0.03,2
-10033.45,-0.1003,89966.55,10904.18,0.1081,-0.871,-0.92,0.581,108,0.2315,25,83,7.4,False,True,-0.0381,0.0245,15747.7,27104.8,53,0,17,28,10,0,759,267,126,0,0,0,50,294,0.46,0.5,10,0.025,0.02,0.02,0.03,3
-8127.53,-0.0813,91872.47,10281.04,0.101,-0.584,-0.791,0.575,53,0.2075,11,42,5.8,False,True,-0.0681,0.0301,12687.26,22081.43,25,0,5,13,10,0,353,128,54,0,0,0,42,105,0.46,0.5,10,0.025,0.02,0.02,0.05,1
-8127.53,-0.0813,91872.47,10281.04,0.101,-0.584,-0.791,0.575,53,0.2075,11,42,5.8,False,True,-0.0681,0.0301,12687.26,22081.43,25,0,5,13,10,0,353,128,54,0,0,0,42,105,0.46,0.5,10,0.025,0.02,0.02,0.05,2
-8127.53,-0.0813,91872.47,10281.04,0.101,-0.584,-0.791,0.575,53,0.2075,11,42,5.8,False,True,-0.0681,0.0301,12687.26,22081.43,25,0,5,13,10,0,353,128,54,0,0,0,42,105,0.46,0.5,10,0.025,0.02,0.02,0.05,3
-4962.31,-0.0496,95037.69,11020.97,0.1039,-0.287,-0.45,0.604,63,0.1905,12,51,7.7,False,True,-0.0437,0.0703,8352.78,13817.97,29,0,12,13,9,0,699,150,88,0,0,143,50,139,0.46,0.5,10,0.025,0.03,0.01,0.03,1
-4962.31,-0.0496,95037.69,11020.97,0.1039,-0.287,-0.45,0.604,63,0.1905,12,51,7.7,False,True,-0.0437,0.0703,8352.78,13817.97,29,0,12,13,9,0,699,150,88,0,0,143,50,139,0.46,0.5,10,0.025,0.03,0.01,0.03,2
-4962.31,-0.0496,95037.69,11020.97,0.1039,-0.287,-0.45,0.604,63,0.1905,12,51,7.7,False,True,-0.0437,0.0703,8352.78,13817.97,29,0,12,13,9,0,699,150,88,0,0,143,50,139,0.46,0.5,10,0.025,0.03,0.01,0.03,3
-5026.62,-0.0503,94973.38,11109.84,0.1047,-0.268,-0.452,0.59,53,0.1887,10,43,6.8,False,True,-0.0597,0.0705,8012.7,13576.64,20,0,12,11,10,0,634,147,87,0,0,143,46,133,0.46,0.5,10,0.025,0.03,0.01,0.05,1
-5026.62,-0.0503,94973.38,11109.84,0.1047,-0.268,-0.452,0.59,53,0.1887,10,43,6.8,False,True,-0.0597,0.0705,8012.7,13576.64,20,0,12,11,10,0,634,147,87,0,0,143,46,133,0.46,0.5,10,0.025,0.03,0.01,0.05,2
-5026.62,-0.0503,94973.38,11109.84,0.1047,-0.268,-0.452,0.59,53,0.1887,10,43,6.8,False,True,-0.0597,0.0705,8012.7,13576.64,20,0,12,11,10,0,634,147,87,0,0,143,46,133,0.46,0.5,10,0.025,0.03,0.01,0.05,3
-10033.45,-0.1003,89966.55,10904.18,0.1081,-0.871,-0.92,0.581,108,0.2315,25,83,7.4,False,True,-0.0381,0.0245,15747.7,27104.8,53,0,17,28,10,0,759,285,186,0,0,160,50,331,0.46,0.5,10,0.025,0.03,0.02,0.03,1
-10033.45,-0.1003,89966.55,10904.18,0.1081,-0.871,-0.92,0.581,108,0.2315,25,83,7.4,False,True,-0.0381,0.0245,15747.7,27104.8,53,0,17,28,10,0,759,285,186,0,0,160,50,331,0.46,0.5,10,0.025,0.03,0.02,0.03,2
-10033.45,-0.1003,89966.55,10904.18,0.1081,-0.871,-0.92,0.581,108,0.2315,25,83,7.4,False,True,-0.0381,0.0245,15747.7,27104.8,53,0,17,28,10,0,759,285,186,0,0,160,50,331,0.46,0.5,10,0.025,0.03,0.02,0.03,3
-8127.53,-0.0813,91872.47,10281.04,0.101,-0.584,-0.791,0.575,53,0.2075,11,42,5.8,False,True,-0.0681,0.0301,12687.26,22081.43,25,0,5,13,10,0,353,128,59,0,0,18,42,116,0.46,0.5,10,0.025,0.03,0.02,0.05,1
-8127.53,-0.0813,91872.47,10281.04,0.101,-0.584,-0.791,0.575,53,0.2075,11,42,5.8,False,True,-0.0681,0.0301,12687.26,22081.43,25,0,5,13,10,0,353,128,59,0,0,18,42,116,0.46,0.5,10,0.025,0.03,0.02,0.05,2
-8127.53,-0.0813,91872.47,10281.04,0.101,-0.584,-0.791,0.575,53,0.2075,11,42,5.8,False,True,-0.0681,0.0301,12687.26,22081.43,25,0,5,13,10,0,353,128,59,0,0,18,42,116,0.46,0.5,10,0.025,0.03,0.02,0.05,3
-11748.45,-0.1175,88251.55,11748.45,0.1175,-0.817,-1.0,0.136,34,0.2059,7,27,6.4,False,True,-0.0675,0.0,1902.77,13948.06,14,0,7,10,3,0,417,90,34,0,0,0,45,73,0.46,0.5,10,0.035,0.02,0.01,0.03,1
-11748.45,-0.1175,88251.55,11748.45,0.1175,-0.817,-1.0,0.136,34,0.2059,7,27,6.4,False,True,-0.0675,0.0,1902.77,13948.06,14,0,7,10,3,0,417,90,34,0,0,0,45,73,0.46,0.5,10,0.035,0.02,0.01,0.03,2
-11748.45,-0.1175,88251.55,11748.45,0.1175,-0.817,-1.0,0.136,34,0.2059,7,27,6.4,False,True,-0.0675,0.0,1902.77,13948.06,14,0,7,10,3,0,417,90,34,0,0,0,45,73,0.46,0.5,10,0.035,0.02,0.01,0.03,3
-11748.45,-0.1175,88251.55,11748.45,0.1175,-0.817,-1.0,0.136,34,0.2059,7,27,6.4,False,True,-0.0675,0.0,1902.77,13948.06,14,0,7,10,3,0,417,90,34,0,0,0,45,73,0.46,0.5,10,0.035,0.02,0.01,0.05,1
-11748.45,-0.1175,88251.55,11748.45,0.1175,-0.817,-1.0,0.136,34,0.2059,7,27,6.4,False,True,-0.0675,0.0,1902.77,13948.06,14,0,7,10,3,0,417,90,34,0,0,0,45,73,0.46,0.5,10,0.035,0.02,0.01,0.05,2
-11748.45,-0.1175,88251.55,11748.45,0.1175,-0.817,-1.0,0.136,34,0.2059,7,27,6.4,False,True,-0.0675,0.0,1902.77,13948.06,14,0,7,10,3,0,417,90,34,0,0,0,45,73,0.46,0.5,10,0.035,0.02,0.01,0.05,3
-11748.45,-0.1175,88251.55,11748.45,0.1175,-0.817,-1.0,0.136,34,0.2059,7,27,6.4,False,True,-0.0675,0.0,1902.77,13948.06,14,0,7,10,3,0,417,90,34,0,0,0,45,73,0.46,0.5,10,0.035,0.02,0.02,0.03,1
-11748.45,-0.1175,88251.55,11748.45,0.1175,-0.817,-1.0,0.136,34,0.2059,7,27,6.4,False,True,-0.0675,0.0,1902.77,13948.06,14,0,7,10,3,0,417,90,34,0,0,0,45,73,0.46,0.5,10,0.035,0.02,0.02,0.03,2
-11748.45,-0.1175,88251.55,11748.45,0.1175,-0.817,-1.0,0.136,34,0.2059,7,27,6.4,False,True,-0.0675,0.0,1902.77,13948.06,14,0,7,10,3,0,417,90,34,0,0,0,45,73,0.46,0.5,10,0.035,0.02,0.02,0.03,3
-11748.45,-0.1175,88251.55,11748.45,0.1175,-0.817,-1.0,0.136,34,0.2059,7,27,6.4,False,True,-0.0675,0.0,1902.77,13948.06,14,0,7,10,3,0,417,90,34,0,0,0,45,73,0.46,0.5,10,0.035,0.02,0.02,0.05,1
-11748.45,-0.1175,88251.55,11748.45,0.1175,-0.817,-1.0,0.136,34,0.2059,7,27,6.4,False,True,-0.0675,0.0,1902.77,13948.06,14,0,7,10,3,0,417,90,34,0,0,0,45,73,0.46,0.5,10,0.035,0.02,0.02,0.05,2
-11748.45,-0.1175,88251.55,11748.45,0.1175,-0.817,-1.0,0.136,34,0.2059,7,27,6.4,False,True,-0.0675,0.0,1902.77,13948.06,14,0,7,10,3,0,417,90,34,0,0,0,45,73,0.46,0.5,10,0.035,0.02,0.02,0.05,3
-11748.45,-0.1175,88251.55,11748.45,0.1175,-0.817,-1.0,0.136,34,0.2059,7,27,6.4,False,True,-0.0675,0.0,1902.77,13948.06,14,0,7,10,3,0,417,90,34,0,0,0,45,73,0.46,0.5,10,0.035,0.03,0.01,0.03,1
-11748.45,-0.1175,88251.55,11748.45,0.1175,-0.817,-1.0,0.136,34,0.2059,7,27,6.4,False,True,-0.0675,0.0,1902.77,13948.06,14,0,7,10,3,0,417,90,34,0,0,0,45,73,0.46,0.5,10,0.035,0.03,0.01,0.03,2
-11748.45,-0.1175,88251.55,11748.45,0.1175,-0.817,-1.0,0.136,34,0.2059,7,27,6.4,False,True,-0.0675,0.0,1902.77,13948.06,14,0,7,10,3,0,417,90,34,0,0,0,45,73,0.46,0.5,10,0.035,0.03,0.01,0.03,3
-11748.45,-0.1175,88251.55,11748.45,0.1175,-0.817,-1.0,0.136,34,0.2059,7,27,6.4,False,True,-0.0675,0.0,1902.77,13948.06,14,0,7,10,3,0,417,90,34,0,0,0,45,73,0.46,0.5,10,0.035,0.03,0.01,0.05,1
-11748.45,-0.1175,88251.55,11748.45,0.1175,-0.817,-1.0,0.136,34,0.2059,7,27,6.4,False,True,-0.0675,0.0,1902.77,13948.06,14,0,7,10,3,0,417,90,34,0,0,0,45,73,0.46,0.5,10,0.035,0.03,0.01,0.05,2
-11748.45,-0.1175,88251.55,11748.45,0.1175,-0.817,-1.0,0.136,34,0.2059,7,27,6.4,False,True,-0.0675,0.0,1902.77,13948.06,14,0,7,10,3,0,417,90,34,0,0,0,45,73,0.46,0.5,10,0.035,0.03,0.01,0.05,3
-11748.45,-0.1175,88251.55,11748.45,0.1175,-0.817,-1.0,0.136,34,0.2059,7,27,6.4,False,True,-0.0675,0.0,1902.77,13948.06,14,0,7,10,3,0,417,90,34,0,0,0,45,73,0.46,0.5,10,0.035,0.03,0.02,0.03,1
-11748.45,-0.1175,88251.55,11748.45,0.1175,-0.817,-1.0,0.136,34,0.2059,7,27,6.4,False,True,-0.0675,0.0,1902.77,13948.06,14,0,7,10,3,0,417,90,34,0,0,0,45,73,0.46,0.5,10,0.035,0.03,0.02,0.03,2
-11748.45,-0.1175,88251.55,11748.45,0.1175,-0.817,-1.0,0.136,34,0.2059,7,27,6.4,False,True,-0.0675,0.0,1902.77,13948.06,14,0,7,10,3,0,417,90,34,0,0,0,45,73,0.46,0.5,10,0.035,0.03,0.02,0.03,3
-11748.45,-0.1175,88251.55,11748.45,0.1175,-0.817,-1.0,0.136,34,0.2059,7,27,6.4,False,True,-0.0675,0.0,1902.77,13948.06,14,0,7,10,3,0,417,90,34,0,0,0,45,73,0.46,0.5,10,0.035,0.03,0.02,0.05,1
-11748.45,-0.1175,88251.55,11748.45,0.1175,-0.817,-1.0,0.136,34,0.2059,7,27,6.4,False,True,-0.0675,0.0,1902.77,13948.06,14,0,7,10,3,0,417,90,34,0,0,0,45,73,0.46,0.5,10,0.035,0.03,0.02,0.05,2
-11748.45,-0.1175,88251.55,11748.45,0.1175,-0.817,-1.0,0.136,34,0.2059,7,27,6.4,False,True,-0.0675,0.0,1902.77,13948.06,14,0,7,10,3,0,417,90,34,0,0,0,45,73,0.46,0.5,10,0.035,0.03,0.02,0.05,3
-10689.4,-0.1069,89310.6,10689.4,0.1069,-1.076,-1.0,0.294,43,0.2093,9,34,9.4,False,True,-0.043,0.0,4634.04,15764.09,20,0,9,12,2,0,227,153,49,0,0,0,42,101,0.46,0.5,15,0.025,0.02,0.01,0.03,1
-10689.4,-0.1069,89310.6,10689.4,0.1069,-1.076,-1.0,0.294,43,0.2093,9,34,9.4,False,True,-0.043,0.0,4634.04,15764.09,20,0,9,12,2,0,227,153,49,0,0,0,42,101,0.46,0.5,15,0.025,0.02,0.01,0.03,2
-10689.4,-0.1069,89310.6,10689.4,0.1069,-1.076,-1.0,0.294,43,0.2093,9,34,9.4,False,True,-0.043,0.0,4634.04,15764.09,20,0,9,12,2,0,227,153,49,0,0,0,42,101,0.46,0.5,15,0.025,0.02,0.01,0.03,3
-6732.75,-0.0673,93267.25,11086.69,0.1062,-0.349,-0.607,0.53,60,0.2,12,48,7.5,False,True,-0.0597,0.0703,8318.16,15707.3,24,0,13,13,10,0,423,185,85,0,0,143,46,155,0.46,0.5,15,0.025,0.02,0.01,0.05,1
-6732.75,-0.0673,93267.25,11086.69,0.1062,-0.349,-0.607,0.53,60,0.2,12,48,7.5,False,True,-0.0597,0.0703,8318.16,15707.3,24,0,13,13,10,0,423,185,85,0,0,143,46,155,0.46,0.5,15,0.025,0.02,0.01,0.05,2
-6732.75,-0.0673,93267.25,11086.69,0.1062,-0.349,-0.607,0.53,60,0.2,12,48,7.5,False,True,-0.0597,0.0703,8318.16,15707.3,24,0,13,13,10,0,423,185,85,0,0,143,46,155,0.46,0.5,15,0.025,0.02,0.01,0.05,3
-10689.4,-0.1069,89310.6,10689.4,0.1069,-1.076,-1.0,0.294,43,0.2093,9,34,9.4,False,True,-0.043,0.0,4634.04,15764.09,20,0,9,12,2,0,227,153,49,0,0,0,42,101,0.46,0.5,15,0.025,0.02,0.02,0.03,1
-10689.4,-0.1069,89310.6,10689.4,0.1069,-1.076,-1.0,0.294,43,0.2093,9,34,9.4,False,True,-0.043,0.0,4634.04,15764.09,20,0,9,12,2,0,227,153,49,0,0,0,42,101,0.46,0.5,15,0.025,0.02,0.02,0.03,2
-10689.4,-0.1069,89310.6,10689.4,0.1069,-1.076,-1.0,0.294,43,0.2093,9,34,9.4,False,True,-0.043,0.0,4634.04,15764.09,20,0,9,12,2,0,227,153,49,0,0,0,42,101,0.46,0.5,15,0.025,0.02,0.02,0.03,3
-9626.57,-0.0963,90373.43,10038.18,0.1003,-0.645,-0.959,0.534,63,0.1905,12,51,6.0,False,True,-0.0683,0.0301,12824.81,24015.15,28,0,6,14,15,0,281,165,54,0,0,0,42,125,0.46,0.5,15,0.025,0.02,0.02,0.05,1
-9626.57,-0.0963,90373.43,10038.18,0.1003,-0.645,-0.959,0.534,63,0.1905,12,51,6.0,False,True,-0.0683,0.0301,12824.81,24015.15,28,0,6,14,15,0,281,165,54,0,0,0,42,125,0.46,0.5,15,0.025,0.02,0.02,0.05,2
-9626.57,-0.0963,90373.43,10038.18,0.1003,-0.645,-0.959,0.534,63,0.1905,12,51,6.0,False,True,-0.0683,0.0301,12824.81,24015.15,28,0,6,14,15,0,281,165,54,0,0,0,42,125,0.46,0.5,15,0.025,0.02,0.02,0.05,3
-10689.4,-0.1069,89310.6,10689.4,0.1069,-1.076,-1.0,0.294,43,0.2093,9,34,9.4,False,True,-0.043,0.0,4634.04,15764.09,20,0,9,12,2,0,227,153,49,0,0,0,42,101,0.46,0.5,15,0.025,0.03,0.01,0.03,1
-10689.4,-0.1069,89310.6,10689.4,0.1069,-1.076,-1.0,0.294,43,0.2093,9,34,9.4,False,True,-0.043,0.0,4634.04,15764.09,20,0,9,12,2,0,227,153,49,0,0,0,42,101,0.46,0.5,15,0.025,0.03,0.01,0.03,2
-10689.4,-0.1069,89310.6,10689.4,0.1069,-1.076,-1.0,0.294,43,0.2093,9,34,9.4,False,True,-0.043,0.0,4634.04,15764.09,20,0,9,12,2,0,227,153,49,0,0,0,42,101,0.46,0.5,15,0.025,0.03,0.01,0.03,3
-6732.75,-0.0673,93267.25,11086.69,0.1062,-0.349,-0.607,0.53,60,0.2,12,48,7.5,False,True,-0.0597,0.0703,8318.16,15707.3,24,0,13,13,10,0,423,185,85,0,0,143,46,155,0.46,0.5,15,0.025,0.03,0.01,0.05,1
-6732.75,-0.0673,93267.25,11086.69,0.1062,-0.349,-0.607,0.53,60,0.2,12,48,7.5,False,True,-0.0597,0.0703,8318.16,15707.3,24,0,13,13,10,0,423,185,85,0,0,143,46,155,0.46,0.5,15,0.025,0.03,0.01,0.05,2
-6732.75,-0.0673,93267.25,11086.69,0.1062,-0.349,-0.607,0.53,60,0.2,12,48,7.5,False,True,-0.0597,0.0703,8318.16,15707.3,24,0,13,13,10,0,423,185,85,0,0,143,46,155,0.46,0.5,15,0.025,0.03,0.01,0.05,3
-10689.4,-0.1069,89310.6,10689.4,0.1069,-1.076,-1.0,0.294,43,0.2093,9,34,9.4,False,True,-0.043,0.0,4634.04,15764.09,20,0,9,12,2,0,227,153,49,0,0,0,42,101,0.46,0.5,15,0.025,0.03,0.02,0.03,1
-10689.4,-0.1069,89310.6,10689.4,0.1069,-1.076,-1.0,0.294,43,0.2093,9,34,9.4,False,True,-0.043,0.0,4634.04,15764.09,20,0,9,12,2,0,227,153,49,0,0,0,42,101,0.46,0.5,15,0.025,0.03,0.02,0.03,2
-10689.4,-0.1069,89310.6,10689.4,0.1069,-1.076,-1.0,0.294,43,0.2093,9,34,9.4,False,True,-0.043,0.0,4634.04,15764.09,20,0,9,12,2,0,227,153,49,0,0,0,42,101,0.46,0.5,15,0.025,0.03,0.02,0.03,3
-9626.57,-0.0963,90373.43,10038.18,0.1003,-0.645,-0.959,0.534,63,0.1905,12,51,6.0,False,True,-0.0683,0.0301,12824.81,24015.15,28,0,6,14,15,0,281,165,59,0,0,18,42,136,0.46,0.5,15,0.025,0.03,0.02,0.05,1
-9626.57,-0.0963,90373.43,10038.18,0.1003,-0.645,-0.959,0.534,63,0.1905,12,51,6.0,False,True,-0.0683,0.0301,12824.81,24015.15,28,0,6,14,15,0,281,165,59,0,0,18,42,136,0.46,0.5,15,0.025,0.03,0.02,0.05,2
-9626.57,-0.0963,90373.43,10038.18,0.1003,-0.645,-0.959,0.534,63,0.1905,12,51,6.0,False,True,-0.0683,0.0301,12824.81,24015.15,28,0,6,14,15,0,281,165,59,0,0,18,42,136,0.46,0.5,15,0.025,0.03,0.02,0.05,3
-10563.66,-0.1056,89436.34,10563.66,0.1056,-0.721,-1.0,0.17,36,0.1944,7,29,8.1,False,True,-0.0833,0.0,2216.68,13063.37,16,0,8,10,2,0,357,108,28,0,0,0,45,88,0.46,0.5,15,0.035,0.02,0.01,0.03,1
-10563.66,-0.1056,89436.34,10563.66,0.1056,-0.721,-1.0,0.17,36,0.1944,7,29,8.1,False,True,-0.0833,0.0,2216.68,13063.37,16,0,8,10,2,0,357,108,28,0,0,0,45,88,0.46,0.5,15,0.035,0.02,0.01,0.03,2
-10563.66,-0.1056,89436.34,10563.66,0.1056,-0.721,-1.0,0.17,36,0.1944,7,29,8.1,False,True,-0.0833,0.0,2216.68,13063.37,16,0,8,10,2,0,357,108,28,0,0,0,45,88,0.46,0.5,15,0.035,0.02,0.01,0.03,3
-10563.66,-0.1056,89436.34,10563.66,0.1056,-0.721,-1.0,0.17,36,0.1944,7,29,8.1,False,True,-0.0833,0.0,2216.68,13063.37,16,0,8,10,2,0,357,108,28,0,0,0,45,88,0.46,0.5,15,0.035,0.02,0.01,0.05,1
-10563.66,-0.1056,89436.34,10563.66,0.1056,-0.721,-1.0,0.17,36,0.1944,7,29,8.1,False,True,-0.0833,0.0,2216.68,13063.37,16,0,8,10,2,0,357,108,28,0,0,0,45,88,0.46,0.5,15,0.035,0.02,0.01,0.05,2
-10563.66,-0.1056,89436.34,10563.66,0.1056,-0.721,-1.0,0.17,36,0.1944,7,29,8.1,False,True,-0.0833,0.0,2216.68,13063.37,16,0,8,10,2,0,357,108,28,0,0,0,45,88,0.46,0.5,15,0.035,0.02,0.01,0.05,3
-10563.66,-0.1056,89436.34,10563.66,0.1056,-0.721,-1.0,0.17,36,0.1944,7,29,8.1,False,True,-0.0833,0.0,2216.68,13063.37,16,0,8,10,2,0,357,108,28,0,0,0,45,88,0.46,0.5,15,0.035,0.02,0.02,0.03,1
-10563.66,-0.1056,89436.34,10563.66,0.1056,-0.721,-1.0,0.17,36,0.1944,7,29,8.1,False,True,-0.0833,0.0,2216.68,13063.37,16,0,8,10,2,0,357,108,28,0,0,0,45,88,0.46,0.5,15,0.035,0.02,0.02,0.03,2
-10563.66,-0.1056,89436.34,10563.66,0.1056,-0.721,-1.0,0.17,36,0.1944,7,29,8.1,False,True,-0.0833,0.0,2216.68,13063.37,16,0,8,10,2,0,357,108,28,0,0,0,45,88,0.46,0.5,15,0.035,0.02,0.02,0.03,3
-10563.66,-0.1056,89436.34,10563.66,0.1056,-0.721,-1.0,0.17,36,0.1944,7,29,8.1,False,True,-0.0833,0.0,2216.68,13063.37,16,0,8,10,2,0,357,108,28,0,0,0,45,88,0.46,0.5,15,0.035,0.02,0.02,0.05,1
-10563.66,-0.1056,89436.34,10563.66,0.1056,-0.721,-1.0,0.17,36,0.1944,7,29,8.1,False,True,-0.0833,0.0,2216.68,13063.37,16,0,8,10,2,0,357,108,28,0,0,0,45,88,0.46,0.5,15,0.035,0.02,0.02,0.05,2
-10563.66,-0.1056,89436.34,10563.66,0.1056,-0.721,-1.0,0.17,36,0.1944,7,29,8.1,False,True,-0.0833,0.0,2216.68,13063.37,16,0,8,10,2,0,357,108,28,0,0,0,45,88,0.46,0.5,15,0.035,0.02,0.02,0.05,3
-10563.66,-0.1056,89436.34,10563.66,0.1056,-0.721,-1.0,0.17,36,0.1944,7,29,8.1,False,True,-0.0833,0.0,2216.68,13063.37,16,0,8,10,2,0,357,108,28,0,0,0,45,88,0.46,0.5,15,0.035,0.03,0.01,0.03,1
-10563.66,-0.1056,89436.34,10563.66,0.1056,-0.721,-1.0,0.17,36,0.1944,7,29,8.1,False,True,-0.0833,0.0,2216.68,13063.37,16,0,8,10,2,0,357,108,28,0,0,0,45,88,0.46,0.5,15,0.035,0.03,0.01,0.03,2
-10563.66,-0.1056,89436.34,10563.66,0.1056,-0.721,-1.0,0.17,36,0.1944,7,29,8.1,False,True,-0.0833,0.0,2216.68,13063.37,16,0,8,10,2,0,357,108,28,0,0,0,45,88,0.46,0.5,15,0.035,0.03,0.01,0.03,3
-10563.66,-0.1056,89436.34,10563.66,0.1056,-0.721,-1.0,0.17,36,0.1944,7,29,8.1,False,True,-0.0833,0.0,2216.68,13063.37,16,0,8,10,2,0,357,108,28,0,0,0,45,88,0.46,0.5,15,0.035,0.03,0.01,0.05,1
-10563.66,-0.1056,89436.34,10563.66,0.1056,-0.721,-1.0,0.17,36,0.1944,7,29,8.1,False,True,-0.0833,0.0,2216.68,13063.37,16,0,8,10,2,0,357,108,28,0,0,0,45,88,0.46,0.5,15,0.035,0.03,0.01,0.05,2
-10563.66,-0.1056,89436.34,10563.66,0.1056,-0.721,-1.0,0.17,36,0.1944,7,29,8.1,False,True,-0.0833,0.0,2216.68,13063.37,16,0,8,10,2,0,357,108,28,0,0,0,45,88,0.46,0.5,15,0.035,0.03,0.01,0.05,3
-10563.66,-0.1056,89436.34,10563.66,0.1056,-0.721,-1.0,0.17,36,0.1944,7,29,8.1,False,True,-0.0833,0.0,2216.68,13063.37,16,0,8,10,2,0,357,108,28,0,0,0,45,88,0.46,0.5,15,0.035,0.03,0.02,0.03,1
-10563.66,-0.1056,89436.34,10563.66,0.1056,-0.721,-1.0,0.17,36,0.1944,7,29,8.1,False,True,-0.0833,0.0,2216.68,13063.37,16,0,8,10,2,0,357,108,28,0,0,0,45,88,0.46,0.5,15,0.035,0.03,0.02,0.03,2
-10563.66,-0.1056,89436.34,10563.66,0.1056,-0.721,-1.0,0.17,36,0.1944,7,29,8.1,False,True,-0.0833,0.0,2216.68,13063.37,16,0,8,10,2,0,357,108,28,0,0,0,45,88,0.46,0.5,15,0.035,0.03,0.02,0.03,3
-10563.66,-0.1056,89436.34,10563.66,0.1056,-0.721,-1.0,0.17,36,0.1944,7,29,8.1,False,True,-0.0833,0.0,2216.68,13063.37,16,0,8,10,2,0,357,108,28,0,0,0,45,88,0.46,0.5,15,0.035,0.03,0.02,0.05,1
-10563.66,-0.1056,89436.34,10563.66,0.1056,-0.721,-1.0,0.17,36,0.1944,7,29,8.1,False,True,-0.0833,0.0,2216.68,13063.37,16,0,8,10,2,0,357,108,28,0,0,0,45,88,0.46,0.5,15,0.035,0.03,0.02,0.05,2
-10563.66,-0.1056,89436.34,10563.66,0.1056,-0.721,-1.0,0.17,36,0.1944,7,29,8.1,False,True,-0.0833,0.0,2216.68,13063.37,16,0,8,10,2,0,357,108,28,0,0,0,45,88,0.46,0.5,15,0.035,0.03,0.02,0.05,3
2375.16,0.0238,102375.16,12546.61,0.1092,0.13,0.189,1.106,20,0.25,5,15,9.7,False,True,-0.0554,0.1405,14101.15,12747.27,7,0,6,5,2,0,189,88,30,0,0,0,38,44,0.46,1.0,5,0.025,0.02,0.01,0.03,1
2375.16,0.0238,102375.16,12546.61,0.1092,0.13,0.189,1.106,20,0.25,5,15,9.7,False,True,-0.0554,0.1405,14101.15,12747.27,7,0,6,5,2,0,189,88,30,0,0,0,38,44,0.46,1.0,5,0.025,0.02,0.01,0.03,2
2375.16,0.0238,102375.16,12546.61,0.1092,0.13,0.189,1.106,20,0.25,5,15,9.7,False,True,-0.0554,0.1405,14101.15,12747.27,7,0,6,5,2,0,189,88,30,0,0,0,38,44,0.46,1.0,5,0.025,0.02,0.01,0.03,3
2375.16,0.0238,102375.16,12546.61,0.1092,0.13,0.189,1.106,20,0.25,5,15,9.7,False,True,-0.0554,0.1405,14101.15,12747.27,7,0,6,5,2,0,189,88,30,0,0,0,38,44,0.46,1.0,5,0.025,0.02,0.01,0.05,1
2375.16,0.0238,102375.16,12546.61,0.1092,0.13,0.189,1.106,20,0.25,5,15,9.7,False,True,-0.0554,0.1405,14101.15,12747.27,7,0,6,5,2,0,189,88,30,0,0,0,38,44,0.46,1.0,5,0.025,0.02,0.01,0.05,2
2375.16,0.0238,102375.16,12546.61,0.1092,0.13,0.189,1.106,20,0.25,5,15,9.7,False,True,-0.0554,0.1405,14101.15,12747.27,7,0,6,5,2,0,189,88,30,0,0,0,38,44,0.46,1.0,5,0.025,0.02,0.01,0.05,3
2375.16,0.0238,102375.16,12546.61,0.1092,0.13,0.189,1.106,20,0.25,5,15,9.7,False,True,-0.0554,0.1405,14101.15,12747.27,7,0,6,5,2,0,189,88,30,0,0,0,38,44,0.46,1.0,5,0.025,0.02,0.02,0.03,1
2375.16,0.0238,102375.16,12546.61,0.1092,0.13,0.189,1.106,20,0.25,5,15,9.7,False,True,-0.0554,0.1405,14101.15,12747.27,7,0,6,5,2,0,189,88,30,0,0,0,38,44,0.46,1.0,5,0.025,0.02,0.02,0.03,2
2375.16,0.0238,102375.16,12546.61,0.1092,0.13,0.189,1.106,20,0.25,5,15,9.7,False,True,-0.0554,0.1405,14101.15,12747.27,7,0,6,5,2,0,189,88,30,0,0,0,38,44,0.46,1.0,5,0.025,0.02,0.02,0.03,3
2375.16,0.0238,102375.16,12546.61,0.1092,0.13,0.189,1.106,20,0.25,5,15,9.7,False,True,-0.0554,0.1405,14101.15,12747.27,7,0,6,5,2,0,189,88,30,0,0,0,38,44,0.46,1.0,5,0.025,0.02,0.02,0.05,1
2375.16,0.0238,102375.16,12546.61,0.1092,0.13,0.189,1.106,20,0.25,5,15,9.7,False,True,-0.0554,0.1405,14101.15,12747.27,7,0,6,5,2,0,189,88,30,0,0,0,38,44,0.46,1.0,5,0.025,0.02,0.02,0.05,2
2375.16,0.0238,102375.16,12546.61,0.1092,0.13,0.189,1.106,20,0.25,5,15,9.7,False,True,-0.0554,0.1405,14101.15,12747.27,7,0,6,5,2,0,189,88,30,0,0,0,38,44,0.46,1.0,5,0.025,0.02,0.02,0.05,3
2375.16,0.0238,102375.16,12546.61,0.1092,0.13,0.189,1.106,20,0.25,5,15,9.7,False,True,-0.0554,0.1405,14101.15,12747.27,7,0,6,5,2,0,189,88,30,0,0,0,38,44,0.46,1.0,5,0.025,0.03,0.01,0.03,1
2375.16,0.0238,102375.16,12546.61,0.1092,0.13,0.189,1.106,20,0.25,5,15,9.7,False,True,-0.0554,0.1405,14101.15,12747.27,7,0,6,5,2,0,189,88,30,0,0,0,38,44,0.46,1.0,5,0.025,0.03,0.01,0.03,2
2375.16,0.0238,102375.16,12546.61,0.1092,0.13,0.189,1.106,20,0.25,5,15,9.7,False,True,-0.0554,0.1405,14101.15,12747.27,7,0,6,5,2,0,189,88,30,0,0,0,38,44,0.46,1.0,5,0.025,0.03,0.01,0.03,3
2375.16,0.0238,102375.16,12546.61,0.1092,0.13,0.189,1.106,20,0.25,5,15,9.7,False,True,-0.0554,0.1405,14101.15,12747.27,7,0,6,5,2,0,189,88,30,0,0,0,38,44,0.46,1.0,5,0.025,0.03,0.01,0.05,1
2375.16,0.0238,102375.16,12546.61,0.1092,0.13,0.189,1.106,20,0.25,5,15,9.7,False,True,-0.0554,0.1405,14101.15,12747.27,7,0,6,5,2,0,189,88,30,0,0,0,38,44,0.46,1.0,5,0.025,0.03,0.01,0.05,2
2375.16,0.0238,102375.16,12546.61,0.1092,0.13,0.189,1.106,20,0.25,5,15,9.7,False,True,-0.0554,0.1405,14101.15,12747.27,7,0,6,5,2,0,189,88,30,0,0,0,38,44,0.46,1.0,5,0.025,0.03,0.01,0.05,3
2375.16,0.0238,102375.16,12546.61,0.1092,0.13,0.189,1.106,20,0.25,5,15,9.7,False,True,-0.0554,0.1405,14101.15,12747.27,7,0,6,5,2,0,189,88,30,0,0,0,38,44,0.46,1.0,5,0.025,0.03,0.02,0.03,1
2375.16,0.0238,102375.16,12546.61,0.1092,0.13,0.189,1.106,20,0.25,5,15,9.7,False,True,-0.0554,0.1405,14101.15,12747.27,7,0,6,5,2,0,189,88,30,0,0,0,38,44,0.46,1.0,5,0.025,0.03,0.02,0.03,2
2375.16,0.0238,102375.16,12546.61,0.1092,0.13,0.189,1.106,20,0.25,5,15,9.7,False,True,-0.0554,0.1405,14101.15,12747.27,7,0,6,5,2,0,189,88,30,0,0,0,38,44,0.46,1.0,5,0.025,0.03,0.02,0.03,3
2375.16,0.0238,102375.16,12546.61,0.1092,0.13,0.189,1.106,20,0.25,5,15,9.7,False,True,-0.0554,0.1405,14101.15,12747.27,7,0,6,5,2,0,189,88,30,0,0,0,38,44,0.46,1.0,5,0.025,0.03,0.02,0.05,1
2375.16,0.0238,102375.16,12546.61,0.1092,0.13,0.189,1.106,20,0.25,5,15,9.7,False,True,-0.0554,0.1405,14101.15,12747.27,7,0,6,5,2,0,189,88,30,0,0,0,38,44,0.46,1.0,5,0.025,0.03,0.02,0.05,2
2375.16,0.0238,102375.16,12546.61,0.1092,0.13,0.189,1.106,20,0.25,5,15,9.7,False,True,-0.0554,0.1405,14101.15,12747.27,7,0,6,5,2,0,189,88,30,0,0,0,38,44,0.46,1.0,5,0.025,0.03,0.02,0.05,3
-6813.8,-0.0681,93186.2,10798.82,0.1049,-0.585,-0.631,0.129,20,0.2,4,16,6.8,False,True,-0.0677,0.0,1385.34,10738.82,7,0,5,5,3,0,963,36,31,0,0,0,86,50,0.46,1.0,5,0.035,0.02,0.01,0.03,1
-6813.8,-0.0681,93186.2,10798.82,0.1049,-0.585,-0.631,0.129,20,0.2,4,16,6.8,False,True,-0.0677,0.0,1385.34,10738.82,7,0,5,5,3,0,963,36,31,0,0,0,86,50,0.46,1.0,5,0.035,0.02,0.01,0.03,2
-6813.8,-0.0681,93186.2,10798.82,0.1049,-0.585,-0.631,0.129,20,0.2,4,16,6.8,False,True,-0.0677,0.0,1385.34,10738.82,7,0,5,5,3,0,963,36,31,0,0,0,86,50,0.46,1.0,5,0.035,0.02,0.01,0.03,3
-6773.54,-0.0677,93226.46,10759.03,0.1046,-0.585,-0.63,0.133,20,0.2,4,16,6.8,False,True,-0.0673,0.0,1425.62,10739.93,7,0,5,5,3,0,963,36,31,0,0,0,86,50,0.46,1.0,5,0.035,0.02,0.01,0.05,1
-6773.54,-0.0677,93226.46,10759.03,0.1046,-0.585,-0.63,0.133,20,0.2,4,16,6.8,False,True,-0.0673,0.0,1425.62,10739.93,7,0,5,5,3,0,963,36,31,0,0,0,86,50,0.46,1.0,5,0.035,0.02,0.01,0.05,2
-6773.54,-0.0677,93226.46,10759.03,0.1046,-0.585,-0.63,0.133,20,0.2,4,16,6.8,False,True,-0.0673,0.0,1425.62,10739.93,7,0,5,5,3,0,963,36,31,0,0,0,86,50,0.46,1.0,5,0.035,0.02,0.01,0.05,3
-6813.8,-0.0681,93186.2,10798.82,0.1049,-0.585,-0.631,0.129,20,0.2,4,16,6.8,False,True,-0.0677,0.0,1385.34,10738.82,7,0,5,5,3,0,963,36,31,0,0,0,86,50,0.46,1.0,5,0.035,0.02,0.02,0.03,1
-6813.8,-0.0681,93186.2,10798.82,0.1049,-0.585,-0.631,0.129,20,0.2,4,16,6.8,False,True,-0.0677,0.0,1385.34,10738.82,7,0,5,5,3,0,963,36,31,0,0,0,86,50,0.46,1.0,5,0.035,0.02,0.02,0.03,2
-6813.8,-0.0681,93186.2,10798.82,0.1049,-0.585,-0.631,0.129,20,0.2,4,16,6.8,False,True,-0.0677,0.0,1385.34,10738.82,7,0,5,5,3,0,963,36,31,0,0,0,86,50,0.46,1.0,5,0.035,0.02,0.02,0.03,3
-6773.54,-0.0677,93226.46,10759.03,0.1046,-0.585,-0.63,0.133,20,0.2,4,16,6.8,False,True,-0.0673,0.0,1425.62,10739.93,7,0,5,5,3,0,963,36,31,0,0,0,86,50,0.46,1.0,5,0.035,0.02,0.02,0.05,1
-6773.54,-0.0677,93226.46,10759.03,0.1046,-0.585,-0.63,0.133,20,0.2,4,16,6.8,False,True,-0.0673,0.0,1425.62,10739.93,7,0,5,5,3,0,963,36,31,0,0,0,86,50,0.46,1.0,5,0.035,0.02,0.02,0.05,2
-6773.54,-0.0677,93226.46,10759.03,0.1046,-0.585,-0.63,0.133,20,0.2,4,16,6.8,False,True,-0.0673,0.0,1425.62,10739.93,7,0,5,5,3,0,963,36,31,0,0,0,86,50,0.46,1.0,5,0.035,0.02,0.02,0.05,3
-6813.8,-0.0681,93186.2,10798.82,0.1049,-0.585,-0.631,0.129,20,0.2,4,16,6.8,False,True,-0.0677,0.0,1385.34,10738.82,7,0,5,5,3,0,963,36,31,0,0,0,86,50,0.46,1.0,5,0.035,0.03,0.01,0.03,1
-6813.8,-0.0681,93186.2,10798.82,0.1049,-0.585,-0.631,0.129,20,0.2,4,16,6.8,False,True,-0.0677,0.0,1385.34,10738.82,7,0,5,5,3,0,963,36,31,0,0,0,86,50,0.46,1.0,5,0.035,0.03,0.01,0.03,2
-6813.8,-0.0681,93186.2,10798.82,0.1049,-0.585,-0.631,0.129,20,0.2,4,16,6.8,False,True,-0.0677,0.0,1385.34,10738.82,7,0,5,5,3,0,963,36,31,0,0,0,86,50,0.46,1.0,5,0.035,0.03,0.01,0.03,3
-6773.54,-0.0677,93226.46,10759.03,0.1046,-0.585,-0.63,0.133,20,0.2,4,16,6.8,False,True,-0.0673,0.0,1425.62,10739.93,7,0,5,5,3,0,963,36,31,0,0,0,86,50,0.46,1.0,5,0.035,0.03,0.01,0.05,1
-6773.54,-0.0677,93226.46,10759.03,0.1046,-0.585,-0.63,0.133,20,0.2,4,16,6.8,False,True,-0.0673,0.0,1425.62,10739.93,7,0,5,5,3,0,963,36,31,0,0,0,86,50,0.46,1.0,5,0.035,0.03,0.01,0.05,2
-6773.54,-0.0677,93226.46,10759.03,0.1046,-0.585,-0.63,0.133,20,0.2,4,16,6.8,False,True,-0.0673,0.0,1425.62,10739.93,7,0,5,5,3,0,963,36,31,0,0,0,86,50,0.46,1.0,5,0.035,0.03,0.01,0.05,3
-6813.8,-0.0681,93186.2,10798.82,0.1049,-0.585,-0.631,0.129,20,0.2,4,16,6.8,False,True,-0.0677,0.0,1385.34,10738.82,7,0,5,5,3,0,963,36,31,0,0,0,86,50,0.46,1.0,5,0.035,0.03,0.02,0.03,1
-6813.8,-0.0681,93186.2,10798.82,0.1049,-0.585,-0.631,0.129,20,0.2,4,16,6.8,False,True,-0.0677,0.0,1385.34,10738.82,7,0,5,5,3,0,963,36,31,0,0,0,86,50,0.46,1.0,5,0.035,0.03,0.02,0.03,2
-6813.8,-0.0681,93186.2,10798.82,0.1049,-0.585,-0.631,0.129,20,0.2,4,16,6.8,False,True,-0.0677,0.0,1385.34,10738.82,7,0,5,5,3,0,963,36,31,0,0,0,86,50,0.46,1.0,5,0.035,0.03,0.02,0.03,3
-6773.54,-0.0677,93226.46,10759.03,0.1046,-0.585,-0.63,0.133,20,0.2,4,16,6.8,False,True,-0.0673,0.0,1425.62,10739.93,7,0,5,5,3,0,963,36,31,0,0,0,86,50,0.46,1.0,5,0.035,0.03,0.02,0.05,1
-6773.54,-0.0677,93226.46,10759.03,0.1046,-0.585,-0.63,0.133,20,0.2,4,16,6.8,False,True,-0.0673,0.0,1425.62,10739.93,7,0,5,5,3,0,963,36,31,0,0,0,86,50,0.46,1.0,5,0.035,0.03,0.02,0.05,2
-6773.54,-0.0677,93226.46,10759.03,0.1046,-0.585,-0.63,0.133,20,0.2,4,16,6.8,False,True,-0.0673,0.0,1425.62,10739.93,7,0,5,5,3,0,963,36,31,0,0,0,86,50,0.46,1.0,5,0.035,0.03,0.02,0.05,3
-5234.86,-0.0523,94765.14,11613.96,0.1092,-0.278,-0.451,0.558,23,0.2609,6,17,10.0,False,True,-0.0554,0.0705,7789.89,13970.12,9,0,5,7,2,0,14,99,67,0,0,143,35,50,0.46,1.0,10,0.025,0.02,0.01,0.03,1
-5234.86,-0.0523,94765.14,11613.96,0.1092,-0.278,-0.451,0.558,23,0.2609,6,17,10.0,False,True,-0.0554,0.0705,7789.89,13970.12,9,0,5,7,2,0,14,99,67,0,0,143,35,50,0.46,1.0,10,0.025,0.02,0.01,0.03,2
-5234.86,-0.0523,94765.14,11613.96,0.1092,-0.278,-0.451,0.558,23,0.2609,6,17,10.0,False,True,-0.0554,0.0705,7789.89,13970.12,9,0,5,7,2,0,14,99,67,0,0,143,35,50,0.46,1.0,10,0.025,0.02,0.01,0.03,3
962.29,0.0096,100962.29,12373.46,0.1092,0.078,0.078,0.997,23,0.2609,6,17,10.0,False,True,-0.0554,0.1405,14569.97,14614.87,9,0,5,7,2,0,14,99,29,0,0,0,35,36,0.46,1.0,10,0.025,0.02,0.01,0.05,1
962.29,0.0096,100962.29,12373.46,0.1092,0.078,0.078,0.997,23,0.2609,6,17,10.0,False,True,-0.0554,0.1405,14569.97,14614.87,9,0,5,7,2,0,14,99,29,0,0,0,35,36,0.46,1.0,10,0.025,0.02,0.01,0.05,2
962.29,0.0096,100962.29,12373.46,0.1092,0.078,0.078,0.997,23,0.2609,6,17,10.0,False,True,-0.0554,0.1405,14569.97,14614.87,9,0,5,7,2,0,14,99,29,0,0,0,35,36,0.46,1.0,10,0.025,0.02,0.01,0.05,3
-12302.51,-0.123,87697.49,12302.51,0.123,-0.78,-1.0,0.176,20,0.2,4,16,5.5,False,True,-0.0843,0.0,2761.89,15655.79,9,0,2,7,2,0,14,69,22,0,0,0,35,24,0.46,1.0,10,0.025,0.02,0.02,0.03,1
-12302.51,-0.123,87697.49,12302.51,0.123,-0.78,-1.0,0.176,20,0.2,4,16,5.5,False,True,-0.0843,0.0,2761.89,15655.79,9,0,2,7,2,0,14,69,22,0,0,0,35,24,0.46,1.0,10,0.025,0.02,0.02,0.03,2
-12302.51,-0.123,87697.49,12302.51,0.123,-0.78,-1.0,0.176,20,0.2,4,16,5.5,False,True,-0.0843,0.0,2761.89,15655.79,9,0,2,7,2,0,14,69,22,0,0,0,35,24,0.46,1.0,10,0.025,0.02,0.02,0.03,3
962.29,0.0096,100962.29,12373.46,0.1092,0.078,0.078,0.997,23,0.2609,6,17,10.0,False,True,-0.0554,0.1405,14569.97,14614.87,9,0,5,7,2,0,14,99,29,0,0,0,35,36,0.46,1.0,10,0.025,0.02,0.02,0.05,1
962.29,0.0096,100962.29,12373.46,0.1092,0.078,0.078,0.997,23,0.2609,6,17,10.0,False,True,-0.0554,0.1405,14569.97,14614.87,9,0,5,7,2,0,14,99,29,0,0,0,35,36,0.46,1.0,10,0.025,0.02,0.02,0.05,2
962.29,0.0096,100962.29,12373.46,0.1092,0.078,0.078,0.997,23,0.2609,6,17,10.0,False,True,-0.0554,0.1405,14569.97,14614.87,9,0,5,7,2,0,14,99,29,0,0,0,35,36,0.46,1.0,10,0.025,0.02,0.02,0.05,3
-5234.86,-0.0523,94765.14,11613.96,0.1092,-0.278,-0.451,0.558,23,0.2609,6,17,10.0,False,True,-0.0554,0.0705,7789.89,13970.12,9,0,5,7,2,0,14,99,67,0,0,143,35,50,0.46,1.0,10,0.025,0.03,0.01,0.03,1
-5234.86,-0.0523,94765.14,11613.96,0.1092,-0.278,-0.451,0.558,23,0.2609,6,17,10.0,False,True,-0.0554,0.0705,7789.89,13970.12,9,0,5,7,2,0,14,99,67,0,0,143,35,50,0.46,1.0,10,0.025,0.03,0.01,0.03,2
-5234.86,-0.0523,94765.14,11613.96,0.1092,-0.278,-0.451,0.558,23,0.2609,6,17,10.0,False,True,-0.0554,0.0705,7789.89,13970.12,9,0,5,7,2,0,14,99,67,0,0,143,35,50,0.46,1.0,10,0.025,0.03,0.01,0.03,3
962.29,0.0096,100962.29,12373.46,0.1092,0.078,0.078,0.997,23,0.2609,6,17,10.0,False,True,-0.0554,0.1405,14569.97,14614.87,9,0,5,7,2,0,14,99,29,0,0,0,35,36,0.46,1.0,10,0.025,0.03,0.01,0.05,1
962.29,0.0096,100962.29,12373.46,0.1092,0.078,0.078,0.997,23,0.2609,6,17,10.0,False,True,-0.0554,0.1405,14569.97,14614.87,9,0,5,7,2,0,14,99,29,0,0,0,35,36,0.46,1.0,10,0.025,0.03,0.01,0.05,2
962.29,0.0096,100962.29,12373.46,0.1092,0.078,0.078,0.997,23,0.2609,6,17,10.0,False,True,-0.0554,0.1405,14569.97,14614.87,9,0,5,7,2,0,14,99,29,0,0,0,35,36,0.46,1.0,10,0.025,0.03,0.01,0.05,3
-12302.51,-0.123,87697.49,12302.51,0.123,-0.78,-1.0,0.176,20,0.2,4,16,5.5,False,True,-0.0843,0.0,2761.89,15655.79,9,0,2,7,2,0,14,69,22,0,0,0,35,24,0.46,1.0,10,0.025,0.03,0.02,0.03,1
-12302.51,-0.123,87697.49,12302.51,0.123,-0.78,-1.0,0.176,20,0.2,4,16,5.5,False,True,-0.0843,0.0,2761.89,15655.79,9,0,2,7,2,0,14,69,22,0,0,0,35,24,0.46,1.0,10,0.025,0.03,0.02,0.03,2
-12302.51,-0.123,87697.49,12302.51,0.123,-0.78,-1.0,0.176,20,0.2,4,16,5.5,False,True,-0.0843,0.0,2761.89,15655.79,9,0,2,7,2,0,14,69,22,0,0,0,35,24,0.46,1.0,10,0.025,0.03,0.02,0.03,3
962.29,0.0096,100962.29,12373.46,0.1092,0.078,0.078,0.997,23,0.2609,6,17,10.0,False,True,-0.0554,0.1405,14569.97,14614.87,9,0,5,7,2,0,14,99,29,0,0,0,35,36,0.46,1.0,10,0.025,0.03,0.02,0.05,1
962.29,0.0096,100962.29,12373.46,0.1092,0.078,0.078,0.997,23,0.2609,6,17,10.0,False,True,-0.0554,0.1405,14569.97,14614.87,9,0,5,7,2,0,14,99,29,0,0,0,35,36,0.46,1.0,10,0.025,0.03,0.02,0.05,2
962.29,0.0096,100962.29,12373.46,0.1092,0.078,0.078,0.997,23,0.2609,6,17,10.0,False,True,-0.0554,0.1405,14569.97,14614.87,9,0,5,7,2,0,14,99,29,0,0,0,35,36,0.46,1.0,10,0.025,0.03,0.02,0.05,3
-5234.86,-0.0523,94765.14,11613.96,0.1092,-0.278,-0.451,0.558,23,0.2609,6,17,10.0,False,True,-0.0554,0.0705,7789.89,13970.12,9,0,5,7,2,0,14,99,67,0,0,143,35,50,0.46,1.0,10,0.035,0.02,0.01,0.03,1
-5234.86,-0.0523,94765.14,11613.96,0.1092,-0.278,-0.451,0.558,23,0.2609,6,17,10.0,False,True,-0.0554,0.0705,7789.89,13970.12,9,0,5,7,2,0,14,99,67,0,0,143,35,50,0.46,1.0,10,0.035,0.02,0.01,0.03,2
-5234.86,-0.0523,94765.14,11613.96,0.1092,-0.278,-0.451,0.558,23,0.2609,6,17,10.0,False,True,-0.0554,0.0705,7789.89,13970.12,9,0,5,7,2,0,14,99,67,0,0,143,35,50,0.46,1.0,10,0.035,0.02,0.01,0.03,3
962.29,0.0096,100962.29,12373.46,0.1092,0.078,0.078,0.997,23,0.2609,6,17,10.0,False,True,-0.0554,0.1405,14569.97,14614.87,9,0,5,7,2,0,14,99,29,0,0,0,35,36,0.46,1.0,10,0.035,0.02,0.01,0.05,1
962.29,0.0096,100962.29,12373.46,0.1092,0.078,0.078,0.997,23,0.2609,6,17,10.0,False,True,-0.0554,0.1405,14569.97,14614.87,9,0,5,7,2,0,14,99,29,0,0,0,35,36,0.46,1.0,10,0.035,0.02,0.01,0.05,2
962.29,0.0096,100962.29,12373.46,0.1092,0.078,0.078,0.997,23,0.2609,6,17,10.0,False,True,-0.0554,0.1405,14569.97,14614.87,9,0,5,7,2,0,14,99,29,0,0,0,35,36,0.46,1.0,10,0.035,0.02,0.01,0.05,3
-12302.51,-0.123,87697.49,12302.51,0.123,-0.78,-1.0,0.176,20,0.2,4,16,5.5,False,True,-0.0843,0.0,2761.89,15655.79,9,0,2,7,2,0,14,69,22,0,0,0,35,24,0.46,1.0,10,0.035,0.02,0.02,0.03,1
-12302.51,-0.123,87697.49,12302.51,0.123,-0.78,-1.0,0.176,20,0.2,4,16,5.5,False,True,-0.0843,0.0,2761.89,15655.79,9,0,2,7,2,0,14,69,22,0,0,0,35,24,0.46,1.0,10,0.035,0.02,0.02,0.03,2
-12302.51,-0.123,87697.49,12302.51,0.123,-0.78,-1.0,0.176,20,0.2,4,16,5.5,False,True,-0.0843,0.0,2761.89,15655.79,9,0,2,7,2,0,14,69,22,0,0,0,35,24,0.46,1.0,10,0.035,0.02,0.02,0.03,3
962.29,0.0096,100962.29,12373.46,0.1092,0.078,0.078,0.997,23,0.2609,6,17,10.0,False,True,-0.0554,0.1405,14569.97,14614.87,9,0,5,7,2,0,14,99,29,0,0,0,35,36,0.46,1.0,10,0.035,0.02,0.02,0.05,1
962.29,0.0096,100962.29,12373.46,0.1092,0.078,0.078,0.997,23,0.2609,6,17,10.0,False,True,-0.0554,0.1405,14569.97,14614.87,9,0,5,7,2,0,14,99,29,0,0,0,35,36,0.46,1.0,10,0.035,0.02,0.02,0.05,2
962.29,0.0096,100962.29,12373.46,0.1092,0.078,0.078,0.997,23,0.2609,6,17,10.0,False,True,-0.0554,0.1405,14569.97,14614.87,9,0,5,7,2,0,14,99,29,0,0,0,35,36,0.46,1.0,10,0.035,0.02,0.02,0.05,3
-5234.86,-0.0523,94765.14,11613.96,0.1092,-0.278,-0.451,0.558,23,0.2609,6,17,10.0,False,True,-0.0554,0.0705,7789.89,13970.12,9,0,5,7,2,0,14,99,67,0,0,143,35,50,0.46,1.0,10,0.035,0.03,0.01,0.03,1
-5234.86,-0.0523,94765.14,11613.96,0.1092,-0.278,-0.451,0.558,23,0.2609,6,17,10.0,False,True,-0.0554,0.0705,7789.89,13970.12,9,0,5,7,2,0,14,99,67,0,0,143,35,50,0.46,1.0,10,0.035,0.03,0.01,0.03,2
-5234.86,-0.0523,94765.14,11613.96,0.1092,-0.278,-0.451,0.558,23,0.2609,6,17,10.0,False,True,-0.0554,0.0705,7789.89,13970.12,9,0,5,7,2,0,14,99,67,0,0,143,35,50,0.46,1.0,10,0.035,0.03,0.01,0.03,3
962.29,0.0096,100962.29,12373.46,0.1092,0.078,0.078,0.997,23,0.2609,6,17,10.0,False,True,-0.0554,0.1405,14569.97,14614.87,9,0,5,7,2,0,14,99,29,0,0,0,35,36,0.46,1.0,10,0.035,0.03,0.01,0.05,1
962.29,0.0096,100962.29,12373.46,0.1092,0.078,0.078,0.997,23,0.2609,6,17,10.0,False,True,-0.0554,0.1405,14569.97,14614.87,9,0,5,7,2,0,14,99,29,0,0,0,35,36,0.46,1.0,10,0.035,0.03,0.01,0.05,2
962.29,0.0096,100962.29,12373.46,0.1092,0.078,0.078,0.997,23,0.2609,6,17,10.0,False,True,-0.0554,0.1405,14569.97,14614.87,9,0,5,7,2,0,14,99,29,0,0,0,35,36,0.46,1.0,10,0.035,0.03,0.01,0.05,3
-12302.51,-0.123,87697.49,12302.51,0.123,-0.78,-1.0,0.176,20,0.2,4,16,5.5,False,True,-0.0843,0.0,2761.89,15655.79,9,0,2,7,2,0,14,69,22,0,0,0,35,24,0.46,1.0,10,0.035,0.03,0.02,0.03,1
-12302.51,-0.123,87697.49,12302.51,0.123,-0.78,-1.0,0.176,20,0.2,4,16,5.5,False,True,-0.0843,0.0,2761.89,15655.79,9,0,2,7,2,0,14,69,22,0,0,0,35,24,0.46,1.0,10,0.035,0.03,0.02,0.03,2
-12302.51,-0.123,87697.49,12302.51,0.123,-0.78,-1.0,0.176,20,0.2,4,16,5.5,False,True,-0.0843,0.0,2761.89,15655.79,9,0,2,7,2,0,14,69,22,0,0,0,35,24,0.46,1.0,10,0.035,0.03,0.02,0.03,3
962.29,0.0096,100962.29,12373.46,0.1092,0.078,0.078,0.997,23,0.2609,6,17,10.0,False,True,-0.0554,0.1405,14569.97,14614.87,9,0,5,7,2,0,14,99,29,0,0,0,35,36,0.46,1.0,10,0.035,0.03,0.02,0.05,1
962.29,0.0096,100962.29,12373.46,0.1092,0.078,0.078,0.997,23,0.2609,6,17,10.0,False,True,-0.0554,0.1405,14569.97,14614.87,9,0,5,7,2,0,14,99,29,0,0,0,35,36,0.46,1.0,10,0.035,0.03,0.02,0.05,2
962.29,0.0096,100962.29,12373.46,0.1092,0.078,0.078,0.997,23,0.2609,6,17,10.0,False,True,-0.0554,0.1405,14569.97,14614.87,9,0,5,7,2,0,14,99,29,0,0,0,35,36,0.46,1.0,10,0.035,0.03,0.02,0.05,3
-5234.86,-0.0523,94765.14,11613.96,0.1092,-0.278,-0.451,0.558,23,0.2609,6,17,10.0,False,True,-0.0554,0.0705,7789.89,13970.12,9,0,5,7,2,0,0,110,67,0,0,143,35,50,0.46,1.0,15,0.025,0.02,0.01,0.03,1
-5234.86,-0.0523,94765.14,11613.96,0.1092,-0.278,-0.451,0.558,23,0.2609,6,17,10.0,False,True,-0.0554,0.0705,7789.89,13970.12,9,0,5,7,2,0,0,110,67,0,0,143,35,50,0.46,1.0,15,0.025,0.02,0.01,0.03,2
-5234.86,-0.0523,94765.14,11613.96,0.1092,-0.278,-0.451,0.558,23,0.2609,6,17,10.0,False,True,-0.0554,0.0705,7789.89,13970.12,9,0,5,7,2,0,0,110,67,0,0,143,35,50,0.46,1.0,15,0.025,0.02,0.01,0.03,3
962.29,0.0096,100962.29,12373.46,0.1092,0.078,0.078,0.997,23,0.2609,6,17,10.0,False,True,-0.0554,0.1405,14569.97,14614.87,9,0,5,7,2,0,0,110,29,0,0,0,35,36,0.46,1.0,15,0.025,0.02,0.01,0.05,1
962.29,0.0096,100962.29,12373.46,0.1092,0.078,0.078,0.997,23,0.2609,6,17,10.0,False,True,-0.0554,0.1405,14569.97,14614.87,9,0,5,7,2,0,0,110,29,0,0,0,35,36,0.46,1.0,15,0.025,0.02,0.01,0.05,2
962.29,0.0096,100962.29,12373.46,0.1092,0.078,0.078,0.997,23,0.2609,6,17,10.0,False,True,-0.0554,0.1405,14569.97,14614.87,9,0,5,7,2,0,0,110,29,0,0,0,35,36,0.46,1.0,15,0.025,0.02,0.01,0.05,3
-12302.51,-0.123,87697.49,12302.51,0.123,-0.78,-1.0,0.176,20,0.2,4,16,5.5,False,True,-0.0843,0.0,2761.89,15655.79,9,0,2,7,2,0,0,80,22,0,0,0,35,24,0.46,1.0,15,0.025,0.02,0.02,0.03,1
-12302.51,-0.123,87697.49,12302.51,0.123,-0.78,-1.0,0.176,20,0.2,4,16,5.5,False,True,-0.0843,0.0,2761.89,15655.79,9,0,2,7,2,0,0,80,22,0,0,0,35,24,0.46,1.0,15,0.025,0.02,0.02,0.03,2
-12302.51,-0.123,87697.49,12302.51,0.123,-0.78,-1.0,0.176,20,0.2,4,16,5.5,False,True,-0.0843,0.0,2761.89,15655.79,9,0,2,7,2,0,0,80,22,0,0,0,35,24,0.46,1.0,15,0.025,0.02,0.02,0.03,3
962.29,0.0096,100962.29,12373.46,0.1092,0.078,0.078,0.997,23,0.2609,6,17,10.0,False,True,-0.0554,0.1405,14569.97,14614.87,9,0,5,7,2,0,0,110,29,0,0,0,35,36,0.46,1.0,15,0.025,0.02,0.02,0.05,1
962.29,0.0096,100962.29,12373.46,0.1092,0.078,0.078,0.997,23,0.2609,6,17,10.0,False,True,-0.0554,0.1405,14569.97,14614.87,9,0,5,7,2,0,0,110,29,0,0,0,35,36,0.46,1.0,15,0.025,0.02,0.02,0.05,2
962.29,0.0096,100962.29,12373.46,0.1092,0.078,0.078,0.997,23,0.2609,6,17,10.0,False,True,-0.0554,0.1405,14569.97,14614.87,9,0,5,7,2,0,0,110,29,0,0,0,35,36,0.46,1.0,15,0.025,0.02,0.02,0.05,3
-5234.86,-0.0523,94765.14,11613.96,0.1092,-0.278,-0.451,0.558,23,0.2609,6,17,10.0,False,True,-0.0554,0.0705,7789.89,13970.12,9,0,5,7,2,0,0,110,67,0,0,143,35,50,0.46,1.0,15,0.025,0.03,0.01,0.03,1
-5234.86,-0.0523,94765.14,11613.96,0.1092,-0.278,-0.451,0.558,23,0.2609,6,17,10.0,False,True,-0.0554,0.0705,7789.89,13970.12,9,0,5,7,2,0,0,110,67,0,0,143,35,50,0.46,1.0,15,0.025,0.03,0.01,0.03,2
-5234.86,-0.0523,94765.14,11613.96,0.1092,-0.278,-0.451,0.558,23,0.2609,6,17,10.0,False,True,-0.0554,0.0705,7789.89,13970.12,9,0,5,7,2,0,0,110,67,0,0,143,35,50,0.46,1.0,15,0.025,0.03,0.01,0.03,3
962.29,0.0096,100962.29,12373.46,0.1092,0.078,0.078,0.997,23,0.2609,6,17,10.0,False,True,-0.0554,0.1405,14569.97,14614.87,9,0,5,7,2,0,0,110,29,0,0,0,35,36,0.46,1.0,15,0.025,0.03,0.01,0.05,1
962.29,0.0096,100962.29,12373.46,0.1092,0.078,0.078,0.997,23,0.2609,6,17,10.0,False,True,-0.0554,0.1405,14569.97,14614.87,9,0,5,7,2,0,0,110,29,0,0,0,35,36,0.46,1.0,15,0.025,0.03,0.01,0.05,2
962.29,0.0096,100962.29,12373.46,0.1092,0.078,0.078,0.997,23,0.2609,6,17,10.0,False,True,-0.0554,0.1405,14569.97,14614.87,9,0,5,7,2,0,0,110,29,0,0,0,35,36,0.46,1.0,15,0.025,0.03,0.01,0.05,3
-12302.51,-0.123,87697.49,12302.51,0.123,-0.78,-1.0,0.176,20,0.2,4,16,5.5,False,True,-0.0843,0.0,2761.89,15655.79,9,0,2,7,2,0,0,80,22,0,0,0,35,24,0.46,1.0,15,0.025,0.03,0.02,0.03,1
-12302.51,-0.123,87697.49,12302.51,0.123,-0.78,-1.0,0.176,20,0.2,4,16,5.5,False,True,-0.0843,0.0,2761.89,15655.79,9,0,2,7,2,0,0,80,22,0,0,0,35,24,0.46,1.0,15,0.025,0.03,0.02,0.03,2
-12302.51,-0.123,87697.49,12302.51,0.123,-0.78,-1.0,0.176,20,0.2,4,16,5.5,False,True,-0.0843,0.0,2761.89,15655.79,9,0,2,7,2,0,0,80,22,0,0,0,35,24,0.46,1.0,15,0.025,0.03,0.02,0.03,3
962.29,0.0096,100962.29,12373.46,0.1092,0.078,0.078,0.997,23,0.2609,6,17,10.0,False,True,-0.0554,0.1405,14569.97,14614.87,9,0,5,7,2,0,0,110,29,0,0,0,35,36,0.46,1.0,15,0.025,0.03,0.02,0.05,1
962.29,0.0096,100962.29,12373.46,0.1092,0.078,0.078,0.997,23,0.2609,6,17,10.0,False,True,-0.0554,0.1405,14569.97,14614.87,9,0,5,7,2,0,0,110,29,0,0,0,35,36,0.46,1.0,15,0.025,0.03,0.02,0.05,2
962.29,0.0096,100962.29,12373.46,0.1092,0.078,0.078,0.997,23,0.2609,6,17,10.0,False,True,-0.0554,0.1405,14569.97,14614.87,9,0,5,7,2,0,0,110,29,0,0,0,35,36,0.46,1.0,15,0.025,0.03,0.02,0.05,3
-5234.86,-0.0523,94765.14,11613.96,0.1092,-0.278,-0.451,0.558,23,0.2609,6,17,10.0,False,True,-0.0554,0.0705,7789.89,13970.12,9,0,5,7,2,0,0,110,67,0,0,143,35,50,0.46,1.0,15,0.035,0.02,0.01,0.03,1
-5234.86,-0.0523,94765.14,11613.96,0.1092,-0.278,-0.451,0.558,23,0.2609,6,17,10.0,False,True,-0.0554,0.0705,7789.89,13970.12,9,0,5,7,2,0,0,110,67,0,0,143,35,50,0.46,1.0,15,0.035,0.02,0.01,0.03,2
-5234.86,-0.0523,94765.14,11613.96,0.1092,-0.278,-0.451,0.558,23,0.2609,6,17,10.0,False,True,-0.0554,0.0705,7789.89,13970.12,9,0,5,7,2,0,0,110,67,0,0,143,35,50,0.46,1.0,15,0.035,0.02,0.01,0.03,3
962.29,0.0096,100962.29,12373.46,0.1092,0.078,0.078,0.997,23,0.2609,6,17,10.0,False,True,-0.0554,0.1405,14569.97,14614.87,9,0,5,7,2,0,0,110,29,0,0,0,35,36,0.46,1.0,15,0.035,0.02,0.01,0.05,1
962.29,0.0096,100962.29,12373.46,0.1092,0.078,0.078,0.997,23,0.2609,6,17,10.0,False,True,-0.0554,0.1405,14569.97,14614.87,9,0,5,7,2,0,0,110,29,0,0,0,35,36,0.46,1.0,15,0.035,0.02,0.01,0.05,2
962.29,0.0096,100962.29,12373.46,0.1092,0.078,0.078,0.997,23,0.2609,6,17,10.0,False,True,-0.0554,0.1405,14569.97,14614.87,9,0,5,7,2,0,0,110,29,0,0,0,35,36,0.46,1.0,15,0.035,0.02,0.01,0.05,3
-12302.51,-0.123,87697.49,12302.51,0.123,-0.78,-1.0,0.176,20,0.2,4,16,5.5,False,True,-0.0843,0.0,2761.89,15655.79,9,0,2,7,2,0,0,80,22,0,0,0,35,24,0.46,1.0,15,0.035,0.02,0.02,0.03,1
-12302.51,-0.123,87697.49,12302.51,0.123,-0.78,-1.0,0.176,20,0.2,4,16,5.5,False,True,-0.0843,0.0,2761.89,15655.79,9,0,2,7,2,0,0,80,22,0,0,0,35,24,0.46,1.0,15,0.035,0.02,0.02,0.03,2
-12302.51,-0.123,87697.49,12302.51,0.123,-0.78,-1.0,0.176,20,0.2,4,16,5.5,False,True,-0.0843,0.0,2761.89,15655.79,9,0,2,7,2,0,0,80,22,0,0,0,35,24,0.46,1.0,15,0.035,0.02,0.02,0.03,3
962.29,0.0096,100962.29,12373.46,0.1092,0.078,0.078,0.997,23,0.2609,6,17,10.0,False,True,-0.0554,0.1405,14569.97,14614.87,9,0,5,7,2,0,0,110,29,0,0,0,35,36,0.46,1.0,15,0.035,0.02,0.02,0.05,1
962.29,0.0096,100962.29,12373.46,0.1092,0.078,0.078,0.997,23,0.2609,6,17,10.0,False,True,-0.0554,0.1405,14569.97,14614.87,9,0,5,7,2,0,0,110,29,0,0,0,35,36,0.46,1.0,15,0.035,0.02,0.02,0.05,2
962.29,0.0096,100962.29,12373.46,0.1092,0.078,0.078,0.997,23,0.2609,6,17,10.0,False,True,-0.0554,0.1405,14569.97,14614.87,9,0,5,7,2,0,0,110,29,0,0,0,35,36,0.46,1.0,15,0.035,0.02,0.02,0.05,3
-5234.86,-0.0523,94765.14,11613.96,0.1092,-0.278,-0.451,0.558,23,0.2609,6,17,10.0,False,True,-0.0554,0.0705,7789.89,13970.12,9,0,5,7,2,0,0,110,67,0,0,143,35,50,0.46,1.0,15,0.035,0.03,0.01,0.03,1
-5234.86,-0.0523,94765.14,11613.96,0.1092,-0.278,-0.451,0.558,23,0.2609,6,17,10.0,False,True,-0.0554,0.0705,7789.89,13970.12,9,0,5,7,2,0,0,110,67,0,0,143,35,50,0.46,1.0,15,0.035,0.03,0.01,0.03,2
-5234.86,-0.0523,94765.14,11613.96,0.1092,-0.278,-0.451,0.558,23,0.2609,6,17,10.0,False,True,-0.0554,0.0705,7789.89,13970.12,9,0,5,7,2,0,0,110,67,0,0,143,35,50,0.46,1.0,15,0.035,0.03,0.01,0.03,3
962.29,0.0096,100962.29,12373.46,0.1092,0.078,0.078,0.997,23,0.2609,6,17,10.0,False,True,-0.0554,0.1405,14569.97,14614.87,9,0,5,7,2,0,0,110,29,0,0,0,35,36,0.46,1.0,15,0.035,0.03,0.01,0.05,1
962.29,0.0096,100962.29,12373.46,0.1092,0.078,0.078,0.997,23,0.2609,6,17,10.0,False,True,-0.0554,0.1405,14569.97,14614.87,9,0,5,7,2,0,0,110,29,0,0,0,35,36,0.46,1.0,15,0.035,0.03,0.01,0.05,2
962.29,0.0096,100962.29,12373.46,0.1092,0.078,0.078,0.997,23,0.2609,6,17,10.0,False,True,-0.0554,0.1405,14569.97,14614.87,9,0,5,7,2,0,0,110,29,0,0,0,35,36,0.46,1.0,15,0.035,0.03,0.01,0.05,3
-12302.51,-0.123,87697.49,12302.51,0.123,-0.78,-1.0,0.176,20,0.2,4,16,5.5,False,True,-0.0843,0.0,2761.89,15655.79,9,0,2,7,2,0,0,80,22,0,0,0,35,24,0.46,1.0,15,0.035,0.03,0.02,0.03,1
-12302.51,-0.123,87697.49,12302.51,0.123,-0.78,-1.0,0.176,20,0.2,4,16,5.5,False,True,-0.0843,0.0,2761.89,15655.79,9,0,2,7,2,0,0,80,22,0,0,0,35,24,0.46,1.0,15,0.035,0.03,0.02,0.03,2
-12302.51,-0.123,87697.49,12302.51,0.123,-0.78,-1.0,0.176,20,0.2,4,16,5.5,False,True,-0.0843,0.0,2761.89,15655.79,9,0,2,7,2,0,0,80,22,0,0,0,35,24,0.46,1.0,15,0.035,0.03,0.02,0.03,3
962.29,0.0096,100962.29,12373.46,0.1092,0.078,0.078,0.997,23,0.2609,6,17,10.0,False,True,-0.0554,0.1405,14569.97,14614.87,9,0,5,7,2,0,0,110,29,0,0,0,35,36,0.46,1.0,15,0.035,0.03,0.02,0.05,1
962.29,0.0096,100962.29,12373.46,0.1092,0.078,0.078,0.997,23,0.2609,6,17,10.0,False,True,-0.0554,0.1405,14569.97,14614.87,9,0,5,7,2,0,0,110,29,0,0,0,35,36,0.46,1.0,15,0.035,0.03,0.02,0.05,2
962.29,0.0096,100962.29,12373.46,0.1092,0.078,0.078,0.997,23,0.2609,6,17,10.0,False,True,-0.0554,0.1405,14569.97,14614.87,9,0,5,7,2,0,0,110,29,0,0,0,35,36,0.46,1.0,15,0.035,0.03,0.02,0.05,3
10092.11,0.1009,110092.11,15094.62,0.1212,0.309,0.669,1.613,15,0.3333,5,10,10.1,False,True,-0.0659,0.2108,21200.14,13144.85,4,0,3,5,3,0,41,88,27,0,0,0,35,35,0.46,1.5,5,0.025,0.02,0.01,0.03,1
10092.11,0.1009,110092.11,15094.62,0.1212,0.309,0.669,1.613,15,0.3333,5,10,10.1,False,True,-0.0659,0.2108,21200.14,13144.85,4,0,3,5,3,0,41,88,27,0,0,0,35,35,0.46,1.5,5,0.025,0.02,0.01,0.03,2
10092.11,0.1009,110092.11,15094.62,0.1212,0.309,0.669,1.613,15,0.3333,5,10,10.1,False,True,-0.0659,0.2108,21200.14,13144.85,4,0,3,5,3,0,41,88,27,0,0,0,35,35,0.46,1.5,5,0.025,0.02,0.01,0.03,3
10092.11,0.1009,110092.11,15094.62,0.1212,0.309,0.669,1.613,15,0.3333,5,10,10.1,False,True,-0.0659,0.2108,21200.14,13144.85,4,0,3,5,3,0,41,88,27,0,0,0,35,35,0.46,1.5,5,0.025,0.02,0.01,0.05,1
10092.11,0.1009,110092.11,15094.62,0.1212,0.309,0.669,1.613,15,0.3333,5,10,10.1,False,True,-0.0659,0.2108,21200.14,13144.85,4,0,3,5,3,0,41,88,27,0,0,0,35,35,0.46,1.5,5,0.025,0.02,0.01,0.05,2
10092.11,0.1009,110092.11,15094.62,0.1212,0.309,0.669,1.613,15,0.3333,5,10,10.1,False,True,-0.0659,0.2108,21200.14,13144.85,4,0,3,5,3,0,41,88,27,0,0,0,35,35,0.46,1.5,5,0.025,0.02,0.01,0.05,3
10092.11,0.1009,110092.11,15094.62,0.1212,0.309,0.669,1.613,15,0.3333,5,10,10.1,False,True,-0.0659,0.2108,21200.14,13144.85,4,0,3,5,3,0,41,88,27,0,0,0,35,35,0.46,1.5,5,0.025,0.02,0.02,0.03,1
10092.11,0.1009,110092.11,15094.62,0.1212,0.309,0.669,1.613,15,0.3333,5,10,10.1,False,True,-0.0659,0.2108,21200.14,13144.85,4,0,3,5,3,0,41,88,27,0,0,0,35,35,0.46,1.5,5,0.025,0.02,0.02,0.03,2
10092.11,0.1009,110092.11,15094.62,0.1212,0.309,0.669,1.613,15,0.3333,5,10,10.1,False,True,-0.0659,0.2108,21200.14,13144.85,4,0,3,5,3,0,41,88,27,0,0,0,35,35,0.46,1.5,5,0.025,0.02,0.02,0.03,3
10092.11,0.1009,110092.11,15094.62,0.1212,0.309,0.669,1.613,15,0.3333,5,10,10.1,False,True,-0.0659,0.2108,21200.14,13144.85,4,0,3,5,3,0,41,88,27,0,0,0,35,35,0.46,1.5,5,0.025,0.02,0.02,0.05,1
10092.11,0.1009,110092.11,15094.62,0.1212,0.309,0.669,1.613,15,0.3333,5,10,10.1,False,True,-0.0659,0.2108,21200.14,13144.85,4,0,3,5,3,0,41,88,27,0,0,0,35,35,0.46,1.5,5,0.025,0.02,0.02,0.05,2
10092.11,0.1009,110092.11,15094.62,0.1212,0.309,0.669,1.613,15,0.3333,5,10,10.1,False,True,-0.0659,0.2108,21200.14,13144.85,4,0,3,5,3,0,41,88,27,0,0,0,35,35,0.46,1.5,5,0.025,0.02,0.02,0.05,3
10092.11,0.1009,110092.11,15094.62,0.1212,0.309,0.669,1.613,15,0.3333,5,10,10.1,False,True,-0.0659,0.2108,21200.14,13144.85,4,0,3,5,3,0,41,88,27,0,0,0,35,35,0.46,1.5,5,0.025,0.03,0.01,0.03,1
10092.11,0.1009,110092.11,15094.62,0.1212,0.309,0.669,1.613,15,0.3333,5,10,10.1,False,True,-0.0659,0.2108,21200.14,13144.85,4,0,3,5,3,0,41,88,27,0,0,0,35,35,0.46,1.5,5,0.025,0.03,0.01,0.03,2
10092.11,0.1009,110092.11,15094.62,0.1212,0.309,0.669,1.613,15,0.3333,5,10,10.1,False,True,-0.0659,0.2108,21200.14,13144.85,4,0,3,5,3,0,41,88,27,0,0,0,35,35,0.46,1.5,5,0.025,0.03,0.01,0.03,3
10092.11,0.1009,110092.11,15094.62,0.1212,0.309,0.669,1.613,15,0.3333,5,10,10.1,False,True,-0.0659,0.2108,21200.14,13144.85,4,0,3,5,3,0,41,88,27,0,0,0,35,35,0.46,1.5,5,0.025,0.03,0.01,0.05,1
10092.11,0.1009,110092.11,15094.62,0.1212,0.309,0.669,1.613,15,0.3333,5,10,10.1,False,True,-0.0659,0.2108,21200.14,13144.85,4,0,3,5,3,0,41,88,27,0,0,0,35,35,0.46,1.5,5,0.025,0.03,0.01,0.05,2
10092.11,0.1009,110092.11,15094.62,0.1212,0.309,0.669,1.613,15,0.3333,5,10,10.1,False,True,-0.0659,0.2108,21200.14,13144.85,4,0,3,5,3,0,41,88,27,0,0,0,35,35,0.46,1.5,5,0.025,0.03,0.01,0.05,3
10092.11,0.1009,110092.11,15094.62,0.1212,0.309,0.669,1.613,15,0.3333,5,10,10.1,False,True,-0.0659,0.2108,21200.14,13144.85,4,0,3,5,3,0,41,88,27,0,0,0,35,35,0.46,1.5,5,0.025,0.03,0.02,0.03,1
10092.11,0.1009,110092.11,15094.62,0.1212,0.309,0.669,1.613,15,0.3333,5,10,10.1,False,True,-0.0659,0.2108,21200.14,13144.85,4,0,3,5,3,0,41,88,27,0,0,0,35,35,0.46,1.5,5,0.025,0.03,0.02,0.03,2
10092.11,0.1009,110092.11,15094.62,0.1212,0.309,0.669,1.613,15,0.3333,5,10,10.1,False,True,-0.0659,0.2108,21200.14,13144.85,4,0,3,5,3,0,41,88,27,0,0,0,35,35,0.46,1.5,5,0.025,0.03,0.02,0.03,3
10092.11,0.1009,110092.11,15094.62,0.1212,0.309,0.669,1.613,15,0.3333,5,10,10.1,False,True,-0.0659,0.2108,21200.14,13144.85,4,0,3,5,3,0,41,88,27,0,0,0,35,35,0.46,1.5,5,0.025,0.03,0.02,0.05,1
10092.11,0.1009,110092.11,15094.62,0.1212,0.309,0.669,1.613,15,0.3333,5,10,10.1,False,True,-0.0659,0.2108,21200.14,13144.85,4,0,3,5,3,0,41,88,27,0,0,0,35,35,0.46,1.5,5,0.025,0.03,0.02,0.05,2
10092.11,0.1009,110092.11,15094.62,0.1212,0.309,0.669,1.613,15,0.3333,5,10,10.1,False,True,-0.0659,0.2108,21200.14,13144.85,4,0,3,5,3,0,41,88,27,0,0,0,35,35,0.46,1.5,5,0.025,0.03,0.02,0.05,3
-1211.84,-0.0121,98788.16,13544.74,0.1212,-0.017,-0.089,0.779,17,0.2941,5,12,9.2,False,True,-0.0659,0.1053,10686.41,13725.94,5,0,4,5,3,0,189,88,28,0,0,0,38,43,0.46,1.5,5,0.035,0.02,0.01,0.03,1
-1211.84,-0.0121,98788.16,13544.74,0.1212,-0.017,-0.089,0.779,17,0.2941,5,12,9.2,False,True,-0.0659,0.1053,10686.41,13725.94,5,0,4,5,3,0,189,88,28,0,0,0,38,43,0.46,1.5,5,0.035,0.02,0.01,0.03,2
-1211.84,-0.0121,98788.16,13544.74,0.1212,-0.017,-0.089,0.779,17,0.2941,5,12,9.2,False,True,-0.0659,0.1053,10686.41,13725.94,5,0,4,5,3,0,189,88,28,0,0,0,38,43,0.46,1.5,5,0.035,0.02,0.01,0.03,3
8218.33,0.0822,108218.33,14837.71,0.1212,0.262,0.554,1.425,17,0.2941,5,12,9.2,False,True,-0.0659,0.2108,20847.04,14630.87,5,0,4,5,3,0,189,88,28,0,0,0,38,43,0.46,1.5,5,0.035,0.02,0.01,0.05,1
8218.33,0.0822,108218.33,14837.71,0.1212,0.262,0.554,1.425,17,0.2941,5,12,9.2,False,True,-0.0659,0.2108,20847.04,14630.87,5,0,4,5,3,0,189,88,28,0,0,0,38,43,0.46,1.5,5,0.035,0.02,0.01,0.05,2
8218.33,0.0822,108218.33,14837.71,0.1212,0.262,0.554,1.425,17,0.2941,5,12,9.2,False,True,-0.0659,0.2108,20847.04,14630.87,5,0,4,5,3,0,189,88,28,0,0,0,38,43,0.46,1.5,5,0.035,0.02,0.01,0.05,3
-1211.84,-0.0121,98788.16,13544.74,0.1212,-0.017,-0.089,0.779,17,0.2941,5,12,9.2,False,True,-0.0659,0.1053,10686.41,13725.94,5,0,4,5,3,0,189,88,28,0,0,0,38,43,0.46,1.5,5,0.035,0.02,0.02,0.03,1
-1211.84,-0.0121,98788.16,13544.74,0.1212,-0.017,-0.089,0.779,17,0.2941,5,12,9.2,False,True,-0.0659,0.1053,10686.41,13725.94,5,0,4,5,3,0,189,88,28,0,0,0,38,43,0.46,1.5,5,0.035,0.02,0.02,0.03,2
-1211.84,-0.0121,98788.16,13544.74,0.1212,-0.017,-0.089,0.779,17,0.2941,5,12,9.2,False,True,-0.0659,0.1053,10686.41,13725.94,5,0,4,5,3,0,189,88,28,0,0,0,38,43,0.46,1.5,5,0.035,0.02,0.02,0.03,3
8218.33,0.0822,108218.33,14837.71,0.1212,0.262,0.554,1.425,17,0.2941,5,12,9.2,False,True,-0.0659,0.2108,20847.04,14630.87,5,0,4,5,3,0,189,88,28,0,0,0,38,43,0.46,1.5,5,0.035,0.02,0.02,0.05,1
8218.33,0.0822,108218.33,14837.71,0.1212,0.262,0.554,1.425,17,0.2941,5,12,9.2,False,True,-0.0659,0.2108,20847.04,14630.87,5,0,4,5,3,0,189,88,28,0,0,0,38,43,0.46,1.5,5,0.035,0.02,0.02,0.05,2
8218.33,0.0822,108218.33,14837.71,0.1212,0.262,0.554,1.425,17,0.2941,5,12,9.2,False,True,-0.0659,0.2108,20847.04,14630.87,5,0,4,5,3,0,189,88,28,0,0,0,38,43,0.46,1.5,5,0.035,0.02,0.02,0.05,3
-1211.84,-0.0121,98788.16,13544.74,0.1212,-0.017,-0.089,0.779,17,0.2941,5,12,9.2,False,True,-0.0659,0.1053,10686.41,13725.94,5,0,4,5,3,0,189,88,66,0,0,143,38,57,0.46,1.5,5,0.035,0.03,0.01,0.03,1
-1211.84,-0.0121,98788.16,13544.74,0.1212,-0.017,-0.089,0.779,17,0.2941,5,12,9.2,False,True,-0.0659,0.1053,10686.41,13725.94,5,0,4,5,3,0,189,88,66,0,0,143,38,57,0.46,1.5,5,0.035,0.03,0.01,0.03,2
-1211.84,-0.0121,98788.16,13544.74,0.1212,-0.017,-0.089,0.779,17,0.2941,5,12,9.2,False,True,-0.0659,0.1053,10686.41,13725.94,5,0,4,5,3,0,189,88,66,0,0,143,38,57,0.46,1.5,5,0.035,0.03,0.01,0.03,3
8218.33,0.0822,108218.33,14837.71,0.1212,0.262,0.554,1.425,17,0.2941,5,12,9.2,False,True,-0.0659,0.2108,20847.04,14630.87,5,0,4,5,3,0,189,88,28,0,0,0,38,43,0.46,1.5,5,0.035,0.03,0.01,0.05,1
8218.33,0.0822,108218.33,14837.71,0.1212,0.262,0.554,1.425,17,0.2941,5,12,9.2,False,True,-0.0659,0.2108,20847.04,14630.87,5,0,4,5,3,0,189,88,28,0,0,0,38,43,0.46,1.5,5,0.035,0.03,0.01,0.05,2
8218.33,0.0822,108218.33,14837.71,0.1212,0.262,0.554,1.425,17,0.2941,5,12,9.2,False,True,-0.0659,0.2108,20847.04,14630.87,5,0,4,5,3,0,189,88,28,0,0,0,38,43,0.46,1.5,5,0.035,0.03,0.01,0.05,3
-1211.84,-0.0121,98788.16,13544.74,0.1212,-0.017,-0.089,0.779,17,0.2941,5,12,9.2,False,True,-0.0659,0.1053,10686.41,13725.94,5,0,4,5,3,0,189,88,66,0,0,143,38,57,0.46,1.5,5,0.035,0.03,0.02,0.03,1
-1211.84,-0.0121,98788.16,13544.74,0.1212,-0.017,-0.089,0.779,17,0.2941,5,12,9.2,False,True,-0.0659,0.1053,10686.41,13725.94,5,0,4,5,3,0,189,88,66,0,0,143,38,57,0.46,1.5,5,0.035,0.03,0.02,0.03,2
-1211.84,-0.0121,98788.16,13544.74,0.1212,-0.017,-0.089,0.779,17,0.2941,5,12,9.2,False,True,-0.0659,0.1053,10686.41,13725.94,5,0,4,5,3,0,189,88,66,0,0,143,38,57,0.46,1.5,5,0.035,0.03,0.02,0.03,3
8218.33,0.0822,108218.33,14837.71,0.1212,0.262,0.554,1.425,17,0.2941,5,12,9.2,False,True,-0.0659,0.2108,20847.04,14630.87,5,0,4,5,3,0,189,88,28,0,0,0,38,43,0.46,1.5,5,0.035,0.03,0.02,0.05,1
8218.33,0.0822,108218.33,14837.71,0.1212,0.262,0.554,1.425,17,0.2941,5,12,9.2,False,True,-0.0659,0.2108,20847.04,14630.87,5,0,4,5,3,0,189,88,28,0,0,0,38,43,0.46,1.5,5,0.035,0.03,0.02,0.05,2
8218.33,0.0822,108218.33,14837.71,0.1212,0.262,0.554,1.425,17,0.2941,5,12,9.2,False,True,-0.0659,0.2108,20847.04,14630.87,5,0,4,5,3,0,189,88,28,0,0,0,38,43,0.46,1.5,5,0.035,0.03,0.02,0.05,3
-3258.69,-0.0326,96741.31,13264.1,0.1212,-0.098,-0.246,0.694,20,0.3,6,14,9.7,False,True,-0.0659,0.1058,11458.77,16507.28,7,0,3,7,3,0,14,99,27,0,0,0,35,35,0.46,1.5,10,0.025,0.02,0.01,0.03,1
-3258.69,-0.0326,96741.31,13264.1,0.1212,-0.098,-0.246,0.694,20,0.3,6,14,9.7,False,True,-0.0659,0.1058,11458.77,16507.28,7,0,3,7,3,0,14,99,27,0,0,0,35,35,0.46,1.5,10,0.025,0.02,0.01,0.03,2
-3258.69,-0.0326,96741.31,13264.1,0.1212,-0.098,-0.246,0.694,20,0.3,6,14,9.7,False,True,-0.0659,0.1058,11458.77,16507.28,7,0,3,7,3,0,14,99,27,0,0,0,35,35,0.46,1.5,10,0.025,0.02,0.01,0.03,3
-3302.26,-0.033,96697.74,13258.13,0.1212,-0.1,-0.249,0.692,20,0.3,6,14,9.7,False,True,-0.0659,0.1053,11458.77,16550.04,7,0,3,7,3,0,14,99,27,0,0,0,35,35,0.46,1.5,10,0.025,0.02,0.01,0.05,1
-3302.26,-0.033,96697.74,13258.13,0.1212,-0.1,-0.249,0.692,20,0.3,6,14,9.7,False,True,-0.0659,0.1053,11458.77,16550.04,7,0,3,7,3,0,14,99,27,0,0,0,35,35,0.46,1.5,10,0.025,0.02,0.01,0.05,2
-3302.26,-0.033,96697.74,13258.13,0.1212,-0.1,-0.249,0.692,20,0.3,6,14,9.7,False,True,-0.0659,0.1053,11458.77,16550.04,7,0,3,7,3,0,14,99,27,0,0,0,35,35,0.46,1.5,10,0.025,0.02,0.01,0.05,3
-3258.69,-0.0326,96741.31,13264.1,0.1212,-0.098,-0.246,0.694,20,0.3,6,14,9.7,False,True,-0.0659,0.1058,11458.77,16507.28,7,0,3,7,3,0,14,99,27,0,0,0,35,35,0.46,1.5,10,0.025,0.02,0.02,0.03,1
-3258.69,-0.0326,96741.31,13264.1,0.1212,-0.098,-0.246,0.694,20,0.3,6,14,9.7,False,True,-0.0659,0.1058,11458.77,16507.28,7,0,3,7,3,0,14,99,27,0,0,0,35,35,0.46,1.5,10,0.025,0.02,0.02,0.03,2
-3258.69,-0.0326,96741.31,13264.1,0.1212,-0.098,-0.246,0.694,20,0.3,6,14,9.7,False,True,-0.0659,0.1058,11458.77,16507.28,7,0,3,7,3,0,14,99,27,0,0,0,35,35,0.46,1.5,10,0.025,0.02,0.02,0.03,3
-3302.26,-0.033,96697.74,13258.13,0.1212,-0.1,-0.249,0.692,20,0.3,6,14,9.7,False,True,-0.0659,0.1053,11458.77,16550.04,7,0,3,7,3,0,14,99,27,0,0,0,35,35,0.46,1.5,10,0.025,0.02,0.02,0.05,1
-3302.26,-0.033,96697.74,13258.13,0.1212,-0.1,-0.249,0.692,20,0.3,6,14,9.7,False,True,-0.0659,0.1053,11458.77,16550.04,7,0,3,7,3,0,14,99,27,0,0,0,35,35,0.46,1.5,10,0.025,0.02,0.02,0.05,2
-3302.26,-0.033,96697.74,13258.13,0.1212,-0.1,-0.249,0.692,20,0.3,6,14,9.7,False,True,-0.0659,0.1053,11458.77,16550.04,7,0,3,7,3,0,14,99,27,0,0,0,35,35,0.46,1.5,10,0.025,0.02,0.02,0.05,3
-3258.69,-0.0326,96741.31,13264.1,0.1212,-0.098,-0.246,0.694,20,0.3,6,14,9.7,False,True,-0.0659,0.1058,11458.77,16507.28,7,0,3,7,3,0,14,99,65,0,0,143,35,49,0.46,1.5,10,0.025,0.03,0.01,0.03,1
-3258.69,-0.0326,96741.31,13264.1,0.1212,-0.098,-0.246,0.694,20,0.3,6,14,9.7,False,True,-0.0659,0.1058,11458.77,16507.28,7,0,3,7,3,0,14,99,65,0,0,143,35,49,0.46,1.5,10,0.025,0.03,0.01,0.03,2
-3258.69,-0.0326,96741.31,13264.1,0.1212,-0.098,-0.246,0.694,20,0.3,6,14,9.7,False,True,-0.0659,0.1058,11458.77,16507.28,7,0,3,7,3,0,14,99,65,0,0,143,35,49,0.46,1.5,10,0.025,0.03,0.01,0.03,3
-3302.26,-0.033,96697.74,13258.13,0.1212,-0.1,-0.249,0.692,20,0.3,6,14,9.7,False,True,-0.0659,0.1053,11458.77,16550.04,7,0,3,7,3,0,14,99,65,0,0,143,35,49,0.46,1.5,10,0.025,0.03,0.01,0.05,1
-3302.26,-0.033,96697.74,13258.13,0.1212,-0.1,-0.249,0.692,20,0.3,6,14,9.7,False,True,-0.0659,0.1053,11458.77,16550.04,7,0,3,7,3,0,14,99,65,0,0,143,35,49,0.46,1.5,10,0.025,0.03,0.01,0.05,2
-3302.26,-0.033,96697.74,13258.13,0.1212,-0.1,-0.249,0.692,20,0.3,6,14,9.7,False,True,-0.0659,0.1053,11458.77,16550.04,7,0,3,7,3,0,14,99,65,0,0,143,35,49,0.46,1.5,10,0.025,0.03,0.01,0.05,3
-3258.69,-0.0326,96741.31,13264.1,0.1212,-0.098,-0.246,0.694,20,0.3,6,14,9.7,False,True,-0.0659,0.1058,11458.77,16507.28,7,0,3,7,3,0,14,99,65,0,0,143,35,49,0.46,1.5,10,0.025,0.03,0.02,0.03,1
-3258.69,-0.0326,96741.31,13264.1,0.1212,-0.098,-0.246,0.694,20,0.3,6,14,9.7,False,True,-0.0659,0.1058,11458.77,16507.28,7,0,3,7,3,0,14,99,65,0,0,143,35,49,0.46,1.5,10,0.025,0.03,0.02,0.03,2
-3258.69,-0.0326,96741.31,13264.1,0.1212,-0.098,-0.246,0.694,20,0.3,6,14,9.7,False,True,-0.0659,0.1058,11458.77,16507.28,7,0,3,7,3,0,14,99,65,0,0,143,35,49,0.46,1.5,10,0.025,0.03,0.02,0.03,3
-3302.26,-0.033,96697.74,13258.13,0.1212,-0.1,-0.249,0.692,20,0.3,6,14,9.7,False,True,-0.0659,0.1053,11458.77,16550.04,7,0,3,7,3,0,14,99,65,0,0,143,35,49,0.46,1.5,10,0.025,0.03,0.02,0.05,1
-3302.26,-0.033,96697.74,13258.13,0.1212,-0.1,-0.249,0.692,20,0.3,6,14,9.7,False,True,-0.0659,0.1053,11458.77,16550.04,7,0,3,7,3,0,14,99,65,0,0,143,35,49,0.46,1.5,10,0.025,0.03,0.02,0.05,2
-3302.26,-0.033,96697.74,13258.13,0.1212,-0.1,-0.249,0.692,20,0.3,6,14,9.7,False,True,-0.0659,0.1053,11458.77,16550.04,7,0,3,7,3,0,14,99,65,0,0,143,35,49,0.46,1.5,10,0.025,0.03,0.02,0.05,3
-3258.69,-0.0326,96741.31,13264.1,0.1212,-0.098,-0.246,0.694,20,0.3,6,14,9.7,False,True,-0.0659,0.1058,11458.77,16507.28,7,0,3,7,3,0,14,99,27,0,0,0,35,35,0.46,1.5,10,0.035,0.02,0.01,0.03,1
-3258.69,-0.0326,96741.31,13264.1,0.1212,-0.098,-0.246,0.694,20,0.3,6,14,9.7,False,True,-0.0659,0.1058,11458.77,16507.28,7,0,3,7,3,0,14,99,27,0,0,0,35,35,0.46,1.5,10,0.035,0.02,0.01,0.03,2
-3258.69,-0.0326,96741.31,13264.1,0.1212,-0.098,-0.246,0.694,20,0.3,6,14,9.7,False,True,-0.0659,0.1058,11458.77,16507.28,7,0,3,7,3,0,14,99,27,0,0,0,35,35,0.46,1.5,10,0.035,0.02,0.01,0.03,3
-3302.26,-0.033,96697.74,13258.13,0.1212,-0.1,-0.249,0.692,20,0.3,6,14,9.7,False,True,-0.0659,0.1053,11458.77,16550.04,7,0,3,7,3,0,14,99,27,0,0,0,35,35,0.46,1.5,10,0.035,0.02,0.01,0.05,1
-3302.26,-0.033,96697.74,13258.13,0.1212,-0.1,-0.249,0.692,20,0.3,6,14,9.7,False,True,-0.0659,0.1053,11458.77,16550.04,7,0,3,7,3,0,14,99,27,0,0,0,35,35,0.46,1.5,10,0.035,0.02,0.01,0.05,2
-3302.26,-0.033,96697.74,13258.13,0.1212,-0.1,-0.249,0.692,20,0.3,6,14,9.7,False,True,-0.0659,0.1053,11458.77,16550.04,7,0,3,7,3,0,14,99,27,0,0,0,35,35,0.46,1.5,10,0.035,0.02,0.01,0.05,3
-3258.69,-0.0326,96741.31,13264.1,0.1212,-0.098,-0.246,0.694,20,0.3,6,14,9.7,False,True,-0.0659,0.1058,11458.77,16507.28,7,0,3,7,3,0,14,99,27,0,0,0,35,35,0.46,1.5,10,0.035,0.02,0.02,0.03,1
-3258.69,-0.0326,96741.31,13264.1,0.1212,-0.098,-0.246,0.694,20,0.3,6,14,9.7,False,True,-0.0659,0.1058,11458.77,16507.28,7,0,3,7,3,0,14,99,27,0,0,0,35,35,0.46,1.5,10,0.035,0.02,0.02,0.03,2
-3258.69,-0.0326,96741.31,13264.1,0.1212,-0.098,-0.246,0.694,20,0.3,6,14,9.7,False,True,-0.0659,0.1058,11458.77,16507.28,7,0,3,7,3,0,14,99,27,0,0,0,35,35,0.46,1.5,10,0.035,0.02,0.02,0.03,3
-3302.26,-0.033,96697.74,13258.13,0.1212,-0.1,-0.249,0.692,20,0.3,6,14,9.7,False,True,-0.0659,0.1053,11458.77,16550.04,7,0,3,7,3,0,14,99,27,0,0,0,35,35,0.46,1.5,10,0.035,0.02,0.02,0.05,1
-3302.26,-0.033,96697.74,13258.13,0.1212,-0.1,-0.249,0.692,20,0.3,6,14,9.7,False,True,-0.0659,0.1053,11458.77,16550.04,7,0,3,7,3,0,14,99,27,0,0,0,35,35,0.46,1.5,10,0.035,0.02,0.02,0.05,2
-3302.26,-0.033,96697.74,13258.13,0.1212,-0.1,-0.249,0.692,20,0.3,6,14,9.7,False,True,-0.0659,0.1053,11458.77,16550.04,7,0,3,7,3,0,14,99,27,0,0,0,35,35,0.46,1.5,10,0.035,0.02,0.02,0.05,3
-3258.69,-0.0326,96741.31,13264.1,0.1212,-0.098,-0.246,0.694,20,0.3,6,14,9.7,False,True,-0.0659,0.1058,11458.77,16507.28,7,0,3,7,3,0,14,99,65,0,0,143,35,49,0.46,1.5,10,0.035,0.03,0.01,0.03,1
-3258.69,-0.0326,96741.31,13264.1,0.1212,-0.098,-0.246,0.694,20,0.3,6,14,9.7,False,True,-0.0659,0.1058,11458.77,16507.28,7,0,3,7,3,0,14,99,65,0,0,143,35,49,0.46,1.5,10,0.035,0.03,0.01,0.03,2
-3258.69,-0.0326,96741.31,13264.1,0.1212,-0.098,-0.246,0.694,20,0.3,6,14,9.7,False,True,-0.0659,0.1058,11458.77,16507.28,7,0,3,7,3,0,14,99,65,0,0,143,35,49,0.46,1.5,10,0.035,0.03,0.01,0.03,3
-3302.26,-0.033,96697.74,13258.13,0.1212,-0.1,-0.249,0.692,20,0.3,6,14,9.7,False,True,-0.0659,0.1053,11458.77,16550.04,7,0,3,7,3,0,14,99,65,0,0,143,35,49,0.46,1.5,10,0.035,0.03,0.01,0.05,1
-3302.26,-0.033,96697.74,13258.13,0.1212,-0.1,-0.249,0.692,20,0.3,6,14,9.7,False,True,-0.0659,0.1053,11458.77,16550.04,7,0,3,7,3,0,14,99,65,0,0,143,35,49,0.46,1.5,10,0.035,0.03,0.01,0.05,2
-3302.26,-0.033,96697.74,13258.13,0.1212,-0.1,-0.249,0.692,20,0.3,6,14,9.7,False,True,-0.0659,0.1053,11458.77,16550.04,7,0,3,7,3,0,14,99,65,0,0,143,35,49,0.46,1.5,10,0.035,0.03,0.01,0.05,3
-3258.69,-0.0326,96741.31,13264.1,0.1212,-0.098,-0.246,0.694,20,0.3,6,14,9.7,False,True,-0.0659,0.1058,11458.77,16507.28,7,0,3,7,3,0,14,99,65,0,0,143,35,49,0.46,1.5,10,0.035,0.03,0.02,0.03,1
-3258.69,-0.0326,96741.31,13264.1,0.1212,-0.098,-0.246,0.694,20,0.3,6,14,9.7,False,True,-0.0659,0.1058,11458.77,16507.28,7,0,3,7,3,0,14,99,65,0,0,143,35,49,0.46,1.5,10,0.035,0.03,0.02,0.03,2
-3258.69,-0.0326,96741.31,13264.1,0.1212,-0.098,-0.246,0.694,20,0.3,6,14,9.7,False,True,-0.0659,0.1058,11458.77,16507.28,7,0,3,7,3,0,14,99,65,0,0,143,35,49,0.46,1.5,10,0.035,0.03,0.02,0.03,3
-3302.26,-0.033,96697.74,13258.13,0.1212,-0.1,-0.249,0.692,20,0.3,6,14,9.7,False,True,-0.0659,0.1053,11458.77,16550.04,7,0,3,7,3,0,14,99,65,0,0,143,35,49,0.46,1.5,10,0.035,0.03,0.02,0.05,1
-3302.26,-0.033,96697.74,13258.13,0.1212,-0.1,-0.249,0.692,20,0.3,6,14,9.7,False,True,-0.0659,0.1053,11458.77,16550.04,7,0,3,7,3,0,14,99,65,0,0,143,35,49,0.46,1.5,10,0.035,0.03,0.02,0.05,2
-3302.26,-0.033,96697.74,13258.13,0.1212,-0.1,-0.249,0.692,20,0.3,6,14,9.7,False,True,-0.0659,0.1053,11458.77,16550.04,7,0,3,7,3,0,14,99,65,0,0,143,35,49,0.46,1.5,10,0.035,0.03,0.02,0.05,3
-3258.69,-0.0326,96741.31,13264.1,0.1212,-0.098,-0.246,0.694,20,0.3,6,14,9.7,False,True,-0.0659,0.1058,11458.77,16507.28,7,0,3,7,3,0,0,110,27,0,0,0,35,35,0.46,1.5,15,0.025,0.02,0.01,0.03,1
-3258.69,-0.0326,96741.31,13264.1,0.1212,-0.098,-0.246,0.694,20,0.3,6,14,9.7,False,True,-0.0659,0.1058,11458.77,16507.28,7,0,3,7,3,0,0,110,27,0,0,0,35,35,0.46,1.5,15,0.025,0.02,0.01,0.03,2
-3258.69,-0.0326,96741.31,13264.1,0.1212,-0.098,-0.246,0.694,20,0.3,6,14,9.7,False,True,-0.0659,0.1058,11458.77,16507.28,7,0,3,7,3,0,0,110,27,0,0,0,35,35,0.46,1.5,15,0.025,0.02,0.01,0.03,3
-3302.26,-0.033,96697.74,13258.13,0.1212,-0.1,-0.249,0.692,20,0.3,6,14,9.7,False,True,-0.0659,0.1053,11458.77,16550.04,7,0,3,7,3,0,0,110,27,0,0,0,35,35,0.46,1.5,15,0.025,0.02,0.01,0.05,1
-3302.26,-0.033,96697.74,13258.13,0.1212,-0.1,-0.249,0.692,20,0.3,6,14,9.7,False,True,-0.0659,0.1053,11458.77,16550.04,7,0,3,7,3,0,0,110,27,0,0,0,35,35,0.46,1.5,15,0.025,0.02,0.01,0.05,2
-3302.26,-0.033,96697.74,13258.13,0.1212,-0.1,-0.249,0.692,20,0.3,6,14,9.7,False,True,-0.0659,0.1053,11458.77,16550.04,7,0,3,7,3,0,0,110,27,0,0,0,35,35,0.46,1.5,15,0.025,0.02,0.01,0.05,3
-3258.69,-0.0326,96741.31,13264.1,0.1212,-0.098,-0.246,0.694,20,0.3,6,14,9.7,False,True,-0.0659,0.1058,11458.77,16507.28,7,0,3,7,3,0,0,110,27,0,0,0,35,35,0.46,1.5,15,0.025,0.02,0.02,0.03,1
-3258.69,-0.0326,96741.31,13264.1,0.1212,-0.098,-0.246,0.694,20,0.3,6,14,9.7,False,True,-0.0659,0.1058,11458.77,16507.28,7,0,3,7,3,0,0,110,27,0,0,0,35,35,0.46,1.5,15,0.025,0.02,0.02,0.03,2
-3258.69,-0.0326,96741.31,13264.1,0.1212,-0.098,-0.246,0.694,20,0.3,6,14,9.7,False,True,-0.0659,0.1058,11458.77,16507.28,7,0,3,7,3,0,0,110,27,0,0,0,35,35,0.46,1.5,15,0.025,0.02,0.02,0.03,3
-3302.26,-0.033,96697.74,13258.13,0.1212,-0.1,-0.249,0.692,20,0.3,6,14,9.7,False,True,-0.0659,0.1053,11458.77,16550.04,7,0,3,7,3,0,0,110,27,0,0,0,35,35,0.46,1.5,15,0.025,0.02,0.02,0.05,1
-3302.26,-0.033,96697.74,13258.13,0.1212,-0.1,-0.249,0.692,20,0.3,6,14,9.7,False,True,-0.0659,0.1053,11458.77,16550.04,7,0,3,7,3,0,0,110,27,0,0,0,35,35,0.46,1.5,15,0.025,0.02,0.02,0.05,2
-3302.26,-0.033,96697.74,13258.13,0.1212,-0.1,-0.249,0.692,20,0.3,6,14,9.7,False,True,-0.0659,0.1053,11458.77,16550.04,7,0,3,7,3,0,0,110,27,0,0,0,35,35,0.46,1.5,15,0.025,0.02,0.02,0.05,3
-3258.69,-0.0326,96741.31,13264.1,0.1212,-0.098,-0.246,0.694,20,0.3,6,14,9.7,False,True,-0.0659,0.1058,11458.77,16507.28,7,0,3,7,3,0,0,110,65,0,0,143,35,49,0.46,1.5,15,0.025,0.03,0.01,0.03,1
-3258.69,-0.0326,96741.31,13264.1,0.1212,-0.098,-0.246,0.694,20,0.3,6,14,9.7,False,True,-0.0659,0.1058,11458.77,16507.28,7,0,3,7,3,0,0,110,65,0,0,143,35,49,0.46,1.5,15,0.025,0.03,0.01,0.03,2
-3258.69,-0.0326,96741.31,13264.1,0.1212,-0.098,-0.246,0.694,20,0.3,6,14,9.7,False,True,-0.0659,0.1058,11458.77,16507.28,7,0,3,7,3,0,0,110,65,0,0,143,35,49,0.46,1.5,15,0.025,0.03,0.01,0.03,3
-3302.26,-0.033,96697.74,13258.13,0.1212,-0.1,-0.249,0.692,20,0.3,6,14,9.7,False,True,-0.0659,0.1053,11458.77,16550.04,7,0,3,7,3,0,0,110,65,0,0,143,35,49,0.46,1.5,15,0.025,0.03,0.01,0.05,1
-3302.26,-0.033,96697.74,13258.13,0.1212,-0.1,-0.249,0.692,20,0.3,6,14,9.7,False,True,-0.0659,0.1053,11458.77,16550.04,7,0,3,7,3,0,0,110,65,0,0,143,35,49,0.46,1.5,15,0.025,0.03,0.01,0.05,2
-3302.26,-0.033,96697.74,13258.13,0.1212,-0.1,-0.249,0.692,20,0.3,6,14,9.7,False,True,-0.0659,0.1053,11458.77,16550.04,7,0,3,7,3,0,0,110,65,0,0,143,35,49,0.46,1.5,15,0.025,0.03,0.01,0.05,3
-3258.69,-0.0326,96741.31,13264.1,0.1212,-0.098,-0.246,0.694,20,0.3,6,14,9.7,False,True,-0.0659,0.1058,11458.77,16507.28,7,0,3,7,3,0,0,110,65,0,0,143,35,49,0.46,1.5,15,0.025,0.03,0.02,0.03,1
-3258.69,-0.0326,96741.31,13264.1,0.1212,-0.098,-0.246,0.694,20,0.3,6,14,9.7,False,True,-0.0659,0.1058,11458.77,16507.28,7,0,3,7,3,0,0,110,65,0,0,143,35,49,0.46,1.5,15,0.025,0.03,0.02,0.03,2
-3258.69,-0.0326,96741.31,13264.1,0.1212,-0.098,-0.246,0.694,20,0.3,6,14,9.7,False,True,-0.0659,0.1058,11458.77,16507.28,7,0,3,7,3,0,0,110,65,0,0,143,35,49,0.46,1.5,15,0.025,0.03,0.02,0.03,3
-3302.26,-0.033,96697.74,13258.13,0.1212,-0.1,-0.249,0.692,20,0.3,6,14,9.7,False,True,-0.0659,0.1053,11458.77,16550.04,7,0,3,7,3,0,0,110,65,0,0,143,35,49,0.46,1.5,15,0.025,0.03,0.02,0.05,1
-3302.26,-0.033,96697.74,13258.13,0.1212,-0.1,-0.249,0.692,20,0.3,6,14,9.7,False,True,-0.0659,0.1053,11458.77,16550.04,7,0,3,7,3,0,0,110,65,0,0,143,35,49,0.46,1.5,15,0.025,0.03,0.02,0.05,2
-3302.26,-0.033,96697.74,13258.13,0.1212,-0.1,-0.249,0.692,20,0.3,6,14,9.7,False,True,-0.0659,0.1053,11458.77,16550.04,7,0,3,7,3,0,0,110,65,0,0,143,35,49,0.46,1.5,15,0.025,0.03,0.02,0.05,3
-3258.69,-0.0326,96741.31,13264.1,0.1212,-0.098,-0.246,0.694,20,0.3,6,14,9.7,False,True,-0.0659,0.1058,11458.77,16507.28,7,0,3,7,3,0,0,110,27,0,0,0,35,35,0.46,1.5,15,0.035,0.02,0.01,0.03,1
-3258.69,-0.0326,96741.31,13264.1,0.1212,-0.098,-0.246,0.694,20,0.3,6,14,9.7,False,True,-0.0659,0.1058,11458.77,16507.28,7,0,3,7,3,0,0,110,27,0,0,0,35,35,0.46,1.5,15,0.035,0.02,0.01,0.03,2
-3258.69,-0.0326,96741.31,13264.1,0.1212,-0.098,-0.246,0.694,20,0.3,6,14,9.7,False,True,-0.0659,0.1058,11458.77,16507.28,7,0,3,7,3,0,0,110,27,0,0,0,35,35,0.46,1.5,15,0.035,0.02,0.01,0.03,3
-3302.26,-0.033,96697.74,13258.13,0.1212,-0.1,-0.249,0.692,20,0.3,6,14,9.7,False,True,-0.0659,0.1053,11458.77,16550.04,7,0,3,7,3,0,0,110,27,0,0,0,35,35,0.46,1.5,15,0.035,0.02,0.01,0.05,1
-3302.26,-0.033,96697.74,13258.13,0.1212,-0.1,-0.249,0.692,20,0.3,6,14,9.7,False,True,-0.0659,0.1053,11458.77,16550.04,7,0,3,7,3,0,0,110,27,0,0,0,35,35,0.46,1.5,15,0.035,0.02,0.01,0.05,2
-3302.26,-0.033,96697.74,13258.13,0.1212,-0.1,-0.249,0.692,20,0.3,6,14,9.7,False,True,-0.0659,0.1053,11458.77,16550.04,7,0,3,7,3,0,0,110,27,0,0,0,35,35,0.46,1.5,15,0.035,0.02,0.01,0.05,3
-3258.69,-0.0326,96741.31,13264.1,0.1212,-0.098,-0.246,0.694,20,0.3,6,14,9.7,False,True,-0.0659,0.1058,11458.77,16507.28,7,0,3,7,3,0,0,110,27,0,0,0,35,35,0.46,1.5,15,0.035,0.02,0.02,0.03,1
-3258.69,-0.0326,96741.31,13264.1,0.1212,-0.098,-0.246,0.694,20,0.3,6,14,9.7,False,True,-0.0659,0.1058,11458.77,16507.28,7,0,3,7,3,0,0,110,27,0,0,0,35,35,0.46,1.5,15,0.035,0.02,0.02,0.03,2
-3258.69,-0.0326,96741.31,13264.1,0.1212,-0.098,-0.246,0.694,20,0.3,6,14,9.7,False,True,-0.0659,0.1058,11458.77,16507.28,7,0,3,7,3,0,0,110,27,0,0,0,35,35,0.46,1.5,15,0.035,0.02,0.02,0.03,3
-3302.26,-0.033,96697.74,13258.13,0.1212,-0.1,-0.249,0.692,20,0.3,6,14,9.7,False,True,-0.0659,0.1053,11458.77,16550.04,7,0,3,7,3,0,0,110,27,0,0,0,35,35,0.46,1.5,15,0.035,0.02,0.02,0.05,1
-3302.26,-0.033,96697.74,13258.13,0.1212,-0.1,-0.249,0.692,20,0.3,6,14,9.7,False,True,-0.0659,0.1053,11458.77,16550.04,7,0,3,7,3,0,0,110,27,0,0,0,35,35,0.46,1.5,15,0.035,0.02,0.02,0.05,2
-3302.26,-0.033,96697.74,13258.13,0.1212,-0.1,-0.249,0.692,20,0.3,6,14,9.7,False,True,-0.0659,0.1053,11458.77,16550.04,7,0,3,7,3,0,0,110,27,0,0,0,35,35,0.46,1.5,15,0.035,0.02,0.02,0.05,3
-3258.69,-0.0326,96741.31,13264.1,0.1212,-0.098,-0.246,0.694,20,0.3,6,14,9.7,False,True,-0.0659,0.1058,11458.77,16507.28,7,0,3,7,3,0,0,110,65,0,0,143,35,49,0.46,1.5,15,0.035,0.03,0.01,0.03,1
-3258.69,-0.0326,96741.31,13264.1,0.1212,-0.098,-0.246,0.694,20,0.3,6,14,9.7,False,True,-0.0659,0.1058,11458.77,16507.28,7,0,3,7,3,0,0,110,65,0,0,143,35,49,0.46,1.5,15,0.035,0.03,0.01,0.03,2
-3258.69,-0.0326,96741.31,13264.1,0.1212,-0.098,-0.246,0.694,20,0.3,6,14,9.7,False,True,-0.0659,0.1058,11458.77,16507.28,7,0,3,7,3,0,0,110,65,0,0,143,35,49,0.46,1.5,15,0.035,0.03,0.01,0.03,3
-3302.26,-0.033,96697.74,13258.13,0.1212,-0.1,-0.249,0.692,20,0.3,6,14,9.7,False,True,-0.0659,0.1053,11458.77,16550.04,7,0,3,7,3,0,0,110,65,0,0,143,35,49,0.46,1.5,15,0.035,0.03,0.01,0.05,1
-3302.26,-0.033,96697.74,13258.13,0.1212,-0.1,-0.249,0.692,20,0.3,6,14,9.7,False,True,-0.0659,0.1053,11458.77,16550.04,7,0,3,7,3,0,0,110,65,0,0,143,35,49,0.46,1.5,15,0.035,0.03,0.01,0.05,2
-3302.26,-0.033,96697.74,13258.13,0.1212,-0.1,-0.249,0.692,20,0.3,6,14,9.7,False,True,-0.0659,0.1053,11458.77,16550.04,7,0,3,7,3,0,0,110,65,0,0,143,35,49,0.46,1.5,15,0.035,0.03,0.01,0.05,3
-3258.69,-0.0326,96741.31,13264.1,0.1212,-0.098,-0.246,0.694,20,0.3,6,14,9.7,False,True,-0.0659,0.1058,11458.77,16507.28,7,0,3,7,3,0,0,110,65,0,0,143,35,49,0.46,1.5,15,0.035,0.03,0.02,0.03,1
-3258.69,-0.0326,96741.31,13264.1,0.1212,-0.098,-0.246,0.694,20,0.3,6,14,9.7,False,True,-0.0659,0.1058,11458.77,16507.28,7,0,3,7,3,0,0,110,65,0,0,143,35,49,0.46,1.5,15,0.035,0.03,0.02,0.03,2
-3258.69,-0.0326,96741.31,13264.1,0.1212,-0.098,-0.246,0.694,20,0.3,6,14,9.7,False,True,-0.0659,0.1058,11458.77,16507.28,7,0,3,7,3,0,0,110,65,0,0,143,35,49,0.46,1.5,15,0.035,0.03,0.02,0.03,3
-3302.26,-0.033,96697.74,13258.13,0.1212,-0.1,-0.249,0.692,20,0.3,6,14,9.7,False,True,-0.0659,0.1053,11458.77,16550.04,7,0,3,7,3,0,0,110,65,0,0,143,35,49,0.46,1.5,15,0.035,0.03,0.02,0.05,1
-3302.26,-0.033,96697.74,13258.13,0.1212,-0.1,-0.249,0.692,20,0.3,6,14,9.7,False,True,-0.0659,0.1053,11458.77,16550.04,7,0,3,7,3,0,0,110,65,0,0,143,35,49,0.46,1.5,15,0.035,0.03,0.02,0.05,2
-3302.26,-0.033,96697.74,13258.13,0.1212,-0.1,-0.249,0.692,20,0.3,6,14,9.7,False,True,-0.0659,0.1053,11458.77,16550.04,7,0,3,7,3,0,0,110,65,0,0,143,35,49,0.46,1.5,15,0.035,0.03,0.02,0.05,3
-9199.56,-0.092,90800.44,10690.7,0.1053,-0.814,-0.861,0.148,32,0.2188,7,25,5.8,False,True,-0.0536,0.0,1646.11,11154.16,14,0,6,9,3,0,1100,62,53,0,0,0,93,88,0.48,0.5,5,0.025,0.02,0.01,0.03,1
-9199.56,-0.092,90800.44,10690.7,0.1053,-0.814,-0.861,0.148,32,0.2188,7,25,5.8,False,True,-0.0536,0.0,1646.11,11154.16,14,0,6,9,3,0,1100,62,53,0,0,0,93,88,0.48,0.5,5,0.025,0.02,0.01,0.03,2
-9199.56,-0.092,90800.44,10690.7,0.1053,-0.814,-0.861,0.148,32,0.2188,7,25,5.8,False,True,-0.0536,0.0,1646.11,11154.16,14,0,6,9,3,0,1100,62,53,0,0,0,93,88,0.48,0.5,5,0.025,0.02,0.01,0.03,3
-8817.94,-0.0882,91182.06,10349.02,0.102,-0.827,-0.852,0.429,57,0.2632,15,42,7.1,False,True,-0.0408,0.014,6724.93,15673.97,26,0,9,16,6,0,1578,94,203,0,0,478,97,170,0.48,0.5,5,0.025,0.02,0.01,0.05,1
-8817.94,-0.0882,91182.06,10349.02,0.102,-0.827,-0.852,0.429,57,0.2632,15,42,7.1,False,True,-0.0408,0.014,6724.93,15673.97,26,0,9,16,6,0,1578,94,203,0,0,478,97,170,0.48,0.5,5,0.025,0.02,0.01,0.05,2
-8817.94,-0.0882,91182.06,10349.02,0.102,-0.827,-0.852,0.429,57,0.2632,15,42,7.1,False,True,-0.0408,0.014,6724.93,15673.97,26,0,9,16,6,0,1578,94,203,0,0,478,97,170,0.48,0.5,5,0.025,0.02,0.01,0.05,3
-9199.56,-0.092,90800.44,10690.7,0.1053,-0.814,-0.861,0.148,32,0.2188,7,25,5.8,False,True,-0.0536,0.0,1646.11,11154.16,14,0,6,9,3,0,1100,62,53,0,0,0,93,88,0.48,0.5,5,0.025,0.02,0.02,0.03,1
-9199.56,-0.092,90800.44,10690.7,0.1053,-0.814,-0.861,0.148,32,0.2188,7,25,5.8,False,True,-0.0536,0.0,1646.11,11154.16,14,0,6,9,3,0,1100,62,53,0,0,0,93,88,0.48,0.5,5,0.025,0.02,0.02,0.03,2
-9199.56,-0.092,90800.44,10690.7,0.1053,-0.814,-0.861,0.148,32,0.2188,7,25,5.8,False,True,-0.0536,0.0,1646.11,11154.16,14,0,6,9,3,0,1100,62,53,0,0,0,93,88,0.48,0.5,5,0.025,0.02,0.02,0.03,3
-9201.14,-0.092,90798.86,10692.28,0.1054,-0.933,-0.861,0.408,49,0.2653,13,36,7.4,False,True,-0.0408,0.0,6517.14,15992.16,24,0,7,14,4,0,1103,135,91,0,0,0,93,165,0.48,0.5,5,0.025,0.02,0.02,0.05,1
-9201.14,-0.092,90798.86,10692.28,0.1054,-0.933,-0.861,0.408,49,0.2653,13,36,7.4,False,True,-0.0408,0.0,6517.14,15992.16,24,0,7,14,4,0,1103,135,91,0,0,0,93,165,0.48,0.5,5,0.025,0.02,0.02,0.05,2
-9201.14,-0.092,90798.86,10692.28,0.1054,-0.933,-0.861,0.408,49,0.2653,13,36,7.4,False,True,-0.0408,0.0,6517.14,15992.16,24,0,7,14,4,0,1103,135,91,0,0,0,93,165,0.48,0.5,5,0.025,0.02,0.02,0.05,3
-9199.56,-0.092,90800.44,10690.7,0.1053,-0.814,-0.861,0.148,32,0.2188,7,25,5.8,False,True,-0.0536,0.0,1646.11,11154.16,14,0,6,9,3,0,1100,62,53,0,0,0,93,88,0.48,0.5,5,0.025,0.03,0.01,0.03,1
-9199.56,-0.092,90800.44,10690.7,0.1053,-0.814,-0.861,0.148,32,0.2188,7,25,5.8,False,True,-0.0536,0.0,1646.11,11154.16,14,0,6,9,3,0,1100,62,53,0,0,0,93,88,0.48,0.5,5,0.025,0.03,0.01,0.03,2
-9199.56,-0.092,90800.44,10690.7,0.1053,-0.814,-0.861,0.148,32,0.2188,7,25,5.8,False,True,-0.0536,0.0,1646.11,11154.16,14,0,6,9,3,0,1100,62,53,0,0,0,93,88,0.48,0.5,5,0.025,0.03,0.01,0.03,3
-8817.94,-0.0882,91182.06,10349.02,0.102,-0.827,-0.852,0.429,57,0.2632,15,42,7.1,False,True,-0.0408,0.014,6724.93,15673.97,26,0,9,16,6,0,1578,94,203,0,0,478,97,170,0.48,0.5,5,0.025,0.03,0.01,0.05,1
-8817.94,-0.0882,91182.06,10349.02,0.102,-0.827,-0.852,0.429,57,0.2632,15,42,7.1,False,True,-0.0408,0.014,6724.93,15673.97,26,0,9,16,6,0,1578,94,203,0,0,478,97,170,0.48,0.5,5,0.025,0.03,0.01,0.05,2
-8817.94,-0.0882,91182.06,10349.02,0.102,-0.827,-0.852,0.429,57,0.2632,15,42,7.1,False,True,-0.0408,0.014,6724.93,15673.97,26,0,9,16,6,0,1578,94,203,0,0,478,97,170,0.48,0.5,5,0.025,0.03,0.01,0.05,3
-9199.56,-0.092,90800.44,10690.7,0.1053,-0.814,-0.861,0.148,32,0.2188,7,25,5.8,False,True,-0.0536,0.0,1646.11,11154.16,14,0,6,9,3,0,1100,62,53,0,0,0,93,88,0.48,0.5,5,0.025,0.03,0.02,0.03,1
-9199.56,-0.092,90800.44,10690.7,0.1053,-0.814,-0.861,0.148,32,0.2188,7,25,5.8,False,True,-0.0536,0.0,1646.11,11154.16,14,0,6,9,3,0,1100,62,53,0,0,0,93,88,0.48,0.5,5,0.025,0.03,0.02,0.03,2
-9199.56,-0.092,90800.44,10690.7,0.1053,-0.814,-0.861,0.148,32,0.2188,7,25,5.8,False,True,-0.0536,0.0,1646.11,11154.16,14,0,6,9,3,0,1100,62,53,0,0,0,93,88,0.48,0.5,5,0.025,0.03,0.02,0.03,3
-9201.14,-0.092,90798.86,10692.28,0.1054,-0.933,-0.861,0.408,49,0.2653,13,36,7.4,False,True,-0.0408,0.0,6517.14,15992.16,24,0,7,14,4,0,1103,135,91,0,0,0,93,165,0.48,0.5,5,0.025,0.03,0.02,0.05,1
-9201.14,-0.092,90798.86,10692.28,0.1054,-0.933,-0.861,0.408,49,0.2653,13,36,7.4,False,True,-0.0408,0.0,6517.14,15992.16,24,0,7,14,4,0,1103,135,91,0,0,0,93,165,0.48,0.5,5,0.025,0.03,0.02,0.05,2
-9201.14,-0.092,90798.86,10692.28,0.1054,-0.933,-0.861,0.408,49,0.2653,13,36,7.4,False,True,-0.0408,0.0,6517.14,15992.16,24,0,7,14,4,0,1103,135,91,0,0,0,93,165,0.48,0.5,5,0.025,0.03,0.02,0.05,3
-9563.91,-0.0956,90436.09,11055.05,0.1089,-0.818,-0.865,0.152,36,0.25,9,27,5.8,False,True,-0.0536,0.0,1773.94,11645.1,15,0,7,11,3,0,1358,62,60,0,0,0,100,100,0.48,0.5,5,0.035,0.02,0.01,0.03,1
-9563.91,-0.0956,90436.09,11055.05,0.1089,-0.818,-0.865,0.152,36,0.25,9,27,5.8,False,True,-0.0536,0.0,1773.94,11645.1,15,0,7,11,3,0,1358,62,60,0,0,0,100,100,0.48,0.5,5,0.035,0.02,0.01,0.03,2
-9563.91,-0.0956,90436.09,11055.05,0.1089,-0.818,-0.865,0.152,36,0.25,9,27,5.8,False,True,-0.0536,0.0,1773.94,11645.1,15,0,7,11,3,0,1358,62,60,0,0,0,100,100,0.48,0.5,5,0.035,0.02,0.01,0.03,3
-8936.0,-0.0894,91064.0,10427.14,0.1027,-0.817,-0.857,0.435,59,0.2881,17,42,7.2,False,True,-0.0441,0.0142,6966.04,16002.06,26,0,10,18,5,0,1776,94,209,0,0,478,104,180,0.48,0.5,5,0.035,0.02,0.01,0.05,1
-8936.0,-0.0894,91064.0,10427.14,0.1027,-0.817,-0.857,0.435,59,0.2881,17,42,7.2,False,True,-0.0441,0.0142,6966.04,16002.06,26,0,10,18,5,0,1776,94,209,0,0,478,104,180,0.48,0.5,5,0.035,0.02,0.01,0.05,2
-8936.0,-0.0894,91064.0,10427.14,0.1027,-0.817,-0.857,0.435,59,0.2881,17,42,7.2,False,True,-0.0441,0.0142,6966.04,16002.06,26,0,10,18,5,0,1776,94,209,0,0,478,104,180,0.48,0.5,5,0.035,0.02,0.01,0.05,3
-9563.91,-0.0956,90436.09,11055.05,0.1089,-0.818,-0.865,0.152,36,0.25,9,27,5.8,False,True,-0.0536,0.0,1773.94,11645.1,15,0,7,11,3,0,1358,62,60,0,0,0,100,100,0.48,0.5,5,0.035,0.02,0.02,0.03,1
-9563.91,-0.0956,90436.09,11055.05,0.1089,-0.818,-0.865,0.152,36,0.25,9,27,5.8,False,True,-0.0536,0.0,1773.94,11645.1,15,0,7,11,3,0,1358,62,60,0,0,0,100,100,0.48,0.5,5,0.035,0.02,0.02,0.03,2
-9563.91,-0.0956,90436.09,11055.05,0.1089,-0.818,-0.865,0.152,36,0.25,9,27,5.8,False,True,-0.0536,0.0,1773.94,11645.1,15,0,7,11,3,0,1358,62,60,0,0,0,100,100,0.48,0.5,5,0.035,0.02,0.02,0.03,3
-9509.03,-0.0951,90490.97,11000.17,0.1084,-0.928,-0.864,0.409,53,0.283,15,38,7.3,False,True,-0.0441,0.0,6758.95,16540.89,25,0,8,16,4,0,1361,135,98,0,0,0,100,177,0.48,0.5,5,0.035,0.02,0.02,0.05,1
-9509.03,-0.0951,90490.97,11000.17,0.1084,-0.928,-0.864,0.409,53,0.283,15,38,7.3,False,True,-0.0441,0.0,6758.95,16540.89,25,0,8,16,4,0,1361,135,98,0,0,0,100,177,0.48,0.5,5,0.035,0.02,0.02,0.05,2
-9509.03,-0.0951,90490.97,11000.17,0.1084,-0.928,-0.864,0.409,53,0.283,15,38,7.3,False,True,-0.0441,0.0,6758.95,16540.89,25,0,8,16,4,0,1361,135,98,0,0,0,100,177,0.48,0.5,5,0.035,0.02,0.02,0.05,3
-9563.91,-0.0956,90436.09,11055.05,0.1089,-0.818,-0.865,0.152,36,0.25,9,27,5.8,False,True,-0.0536,0.0,1773.94,11645.1,15,0,7,11,3,0,1358,62,60,0,0,0,100,100,0.48,0.5,5,0.035,0.03,0.01,0.03,1
-9563.91,-0.0956,90436.09,11055.05,0.1089,-0.818,-0.865,0.152,36,0.25,9,27,5.8,False,True,-0.0536,0.0,1773.94,11645.1,15,0,7,11,3,0,1358,62,60,0,0,0,100,100,0.48,0.5,5,0.035,0.03,0.01,0.03,2
-9563.91,-0.0956,90436.09,11055.05,0.1089,-0.818,-0.865,0.152,36,0.25,9,27,5.8,False,True,-0.0536,0.0,1773.94,11645.1,15,0,7,11,3,0,1358,62,60,0,0,0,100,100,0.48,0.5,5,0.035,0.03,0.01,0.03,3
-8936.0,-0.0894,91064.0,10427.14,0.1027,-0.817,-0.857,0.435,59,0.2881,17,42,7.2,False,True,-0.0441,0.0142,6966.04,16002.06,26,0,10,18,5,0,1776,94,209,0,0,478,104,180,0.48,0.5,5,0.035,0.03,0.01,0.05,1
-8936.0,-0.0894,91064.0,10427.14,0.1027,-0.817,-0.857,0.435,59,0.2881,17,42,7.2,False,True,-0.0441,0.0142,6966.04,16002.06,26,0,10,18,5,0,1776,94,209,0,0,478,104,180,0.48,0.5,5,0.035,0.03,0.01,0.05,2
-8936.0,-0.0894,91064.0,10427.14,0.1027,-0.817,-0.857,0.435,59,0.2881,17,42,7.2,False,True,-0.0441,0.0142,6966.04,16002.06,26,0,10,18,5,0,1776,94,209,0,0,478,104,180,0.48,0.5,5,0.035,0.03,0.01,0.05,3
-9563.91,-0.0956,90436.09,11055.05,0.1089,-0.818,-0.865,0.152,36,0.25,9,27,5.8,False,True,-0.0536,0.0,1773.94,11645.1,15,0,7,11,3,0,1358,62,60,0,0,0,100,100,0.48,0.5,5,0.035,0.03,0.02,0.03,1
-9563.91,-0.0956,90436.09,11055.05,0.1089,-0.818,-0.865,0.152,36,0.25,9,27,5.8,False,True,-0.0536,0.0,1773.94,11645.1,15,0,7,11,3,0,1358,62,60,0,0,0,100,100,0.48,0.5,5,0.035,0.03,0.02,0.03,2
-9563.91,-0.0956,90436.09,11055.05,0.1089,-0.818,-0.865,0.152,36,0.25,9,27,5.8,False,True,-0.0536,0.0,1773.94,11645.1,15,0,7,11,3,0,1358,62,60,0,0,0,100,100,0.48,0.5,5,0.035,0.03,0.02,0.03,3
-9509.03,-0.0951,90490.97,11000.17,0.1084,-0.928,-0.864,0.409,53,0.283,15,38,7.3,False,True,-0.0441,0.0,6758.95,16540.89,25,0,8,16,4,0,1361,135,98,0,0,0,100,177,0.48,0.5,5,0.035,0.03,0.02,0.05,1
-9509.03,-0.0951,90490.97,11000.17,0.1084,-0.928,-0.864,0.409,53,0.283,15,38,7.3,False,True,-0.0441,0.0,6758.95,16540.89,25,0,8,16,4,0,1361,135,98,0,0,0,100,177,0.48,0.5,5,0.035,0.03,0.02,0.05,2
-9509.03,-0.0951,90490.97,11000.17,0.1084,-0.928,-0.864,0.409,53,0.283,15,38,7.3,False,True,-0.0441,0.0,6758.95,16540.89,25,0,8,16,4,0,1361,135,98,0,0,0,100,177,0.48,0.5,5,0.035,0.03,0.02,0.05,3
-4962.31,-0.0496,95037.69,11020.97,0.1039,-0.287,-0.45,0.604,63,0.1905,12,51,7.7,False,True,-0.0437,0.0703,8352.78,13817.97,29,0,12,13,9,0,699,150,88,0,0,143,50,139,0.48,0.5,10,0.025,0.02,0.01,0.03,1
-4962.31,-0.0496,95037.69,11020.97,0.1039,-0.287,-0.45,0.604,63,0.1905,12,51,7.7,False,True,-0.0437,0.0703,8352.78,13817.97,29,0,12,13,9,0,699,150,88,0,0,143,50,139,0.48,0.5,10,0.025,0.02,0.01,0.03,2
-4962.31,-0.0496,95037.69,11020.97,0.1039,-0.287,-0.45,0.604,63,0.1905,12,51,7.7,False,True,-0.0437,0.0703,8352.78,13817.97,29,0,12,13,9,0,699,150,88,0,0,143,50,139,0.48,0.5,10,0.025,0.02,0.01,0.03,3
-5026.62,-0.0503,94973.38,11109.84,0.1047,-0.268,-0.452,0.59,53,0.1887,10,43,6.8,False,True,-0.0597,0.0705,8012.7,13576.64,20,0,12,11,10,0,634,147,87,0,0,143,46,133,0.48,0.5,10,0.025,0.02,0.01,0.05,1
-5026.62,-0.0503,94973.38,11109.84,0.1047,-0.268,-0.452,0.59,53,0.1887,10,43,6.8,False,True,-0.0597,0.0705,8012.7,13576.64,20,0,12,11,10,0,634,147,87,0,0,143,46,133,0.48,0.5,10,0.025,0.02,0.01,0.05,2
-5026.62,-0.0503,94973.38,11109.84,0.1047,-0.268,-0.452,0.59,53,0.1887,10,43,6.8,False,True,-0.0597,0.0705,8012.7,13576.64,20,0,12,11,10,0,634,147,87,0,0,143,46,133,0.48,0.5,10,0.025,0.02,0.01,0.05,3
-10033.45,-0.1003,89966.55,10904.18,0.1081,-0.871,-0.92,0.581,108,0.2315,25,83,7.4,False,True,-0.0381,0.0245,15747.7,27104.8,53,0,17,28,10,0,759,267,126,0,0,0,50,294,0.48,0.5,10,0.025,0.02,0.02,0.03,1
-10033.45,-0.1003,89966.55,10904.18,0.1081,-0.871,-0.92,0.581,108,0.2315,25,83,7.4,False,True,-0.0381,0.0245,15747.7,27104.8,53,0,17,28,10,0,759,267,126,0,0,0,50,294,0.48,0.5,10,0.025,0.02,0.02,0.03,2
-10033.45,-0.1003,89966.55,10904.18,0.1081,-0.871,-0.92,0.581,108,0.2315,25,83,7.4,False,True,-0.0381,0.0245,15747.7,27104.8,53,0,17,28,10,0,759,267,126,0,0,0,50,294,0.48,0.5,10,0.025,0.02,0.02,0.03,3
-8127.53,-0.0813,91872.47,10281.04,0.101,-0.584,-0.791,0.575,53,0.2075,11,42,5.8,False,True,-0.0681,0.0301,12687.26,22081.43,25,0,5,13,10,0,353,128,54,0,0,0,42,105,0.48,0.5,10,0.025,0.02,0.02,0.05,1
-8127.53,-0.0813,91872.47,10281.04,0.101,-0.584,-0.791,0.575,53,0.2075,11,42,5.8,False,True,-0.0681,0.0301,12687.26,22081.43,25,0,5,13,10,0,353,128,54,0,0,0,42,105,0.48,0.5,10,0.025,0.02,0.02,0.05,2
-8127.53,-0.0813,91872.47,10281.04,0.101,-0.584,-0.791,0.575,53,0.2075,11,42,5.8,False,True,-0.0681,0.0301,12687.26,22081.43,25,0,5,13,10,0,353,128,54,0,0,0,42,105,0.48,0.5,10,0.025,0.02,0.02,0.05,3
-4962.31,-0.0496,95037.69,11020.97,0.1039,-0.287,-0.45,0.604,63,0.1905,12,51,7.7,False,True,-0.0437,0.0703,8352.78,13817.97,29,0,12,13,9,0,699,150,88,0,0,143,50,139,0.48,0.5,10,0.025,0.03,0.01,0.03,1
-4962.31,-0.0496,95037.69,11020.97,0.1039,-0.287,-0.45,0.604,63,0.1905,12,51,7.7,False,True,-0.0437,0.0703,8352.78,13817.97,29,0,12,13,9,0,699,150,88,0,0,143,50,139,0.48,0.5,10,0.025,0.03,0.01,0.03,2
-4962.31,-0.0496,95037.69,11020.97,0.1039,-0.287,-0.45,0.604,63,0.1905,12,51,7.7,False,True,-0.0437,0.0703,8352.78,13817.97,29,0,12,13,9,0,699,150,88,0,0,143,50,139,0.48,0.5,10,0.025,0.03,0.01,0.03,3
-5026.62,-0.0503,94973.38,11109.84,0.1047,-0.268,-0.452,0.59,53,0.1887,10,43,6.8,False,True,-0.0597,0.0705,8012.7,13576.64,20,0,12,11,10,0,634,147,87,0,0,143,46,133,0.48,0.5,10,0.025,0.03,0.01,0.05,1
-5026.62,-0.0503,94973.38,11109.84,0.1047,-0.268,-0.452,0.59,53,0.1887,10,43,6.8,False,True,-0.0597,0.0705,8012.7,13576.64,20,0,12,11,10,0,634,147,87,0,0,143,46,133,0.48,0.5,10,0.025,0.03,0.01,0.05,2
-5026.62,-0.0503,94973.38,11109.84,0.1047,-0.268,-0.452,0.59,53,0.1887,10,43,6.8,False,True,-0.0597,0.0705,8012.7,13576.64,20,0,12,11,10,0,634,147,87,0,0,143,46,133,0.48,0.5,10,0.025,0.03,0.01,0.05,3
-10033.45,-0.1003,89966.55,10904.18,0.1081,-0.871,-0.92,0.581,108,0.2315,25,83,7.4,False,True,-0.0381,0.0245,15747.7,27104.8,53,0,17,28,10,0,759,285,186,0,0,160,50,331,0.48,0.5,10,0.025,0.03,0.02,0.03,1
-10033.45,-0.1003,89966.55,10904.18,0.1081,-0.871,-0.92,0.581,108,0.2315,25,83,7.4,False,True,-0.0381,0.0245,15747.7,27104.8,53,0,17,28,10,0,759,285,186,0,0,160,50,331,0.48,0.5,10,0.025,0.03,0.02,0.03,2
-10033.45,-0.1003,89966.55,10904.18,0.1081,-0.871,-0.92,0.581,108,0.2315,25,83,7.4,False,True,-0.0381,0.0245,15747.7,27104.8,53,0,17,28,10,0,759,285,186,0,0,160,50,331,0.48,0.5,10,0.025,0.03,0.02,0.03,3
-8127.53,-0.0813,91872.47,10281.04,0.101,-0.584,-0.791,0.575,53,0.2075,11,42,5.8,False,True,-0.0681,0.0301,12687.26,22081.43,25,0,5,13,10,0,353,128,59,0,0,18,42,116,0.48,0.5,10,0.025,0.03,0.02,0.05,1
-8127.53,-0.0813,91872.47,10281.04,0.101,-0.584,-0.791,0.575,53,0.2075,11,42,5.8,False,True,-0.0681,0.0301,12687.26,22081.43,25,0,5,13,10,0,353,128,59,0,0,18,42,116,0.48,0.5,10,0.025,0.03,0.02,0.05,2
-8127.53,-0.0813,91872.47,10281.04,0.101,-0.584,-0.791,0.575,53,0.2075,11,42,5.8,False,True,-0.0681,0.0301,12687.26,22081.43,25,0,5,13,10,0,353,128,59,0,0,18,42,116,0.48,0.5,10,0.025,0.03,0.02,0.05,3
-11748.45,-0.1175,88251.55,11748.45,0.1175,-0.817,-1.0,0.136,34,0.2059,7,27,6.4,False,True,-0.0675,0.0,1902.77,13948.06,14,0,7,10,3,0,417,90,34,0,0,0,45,73,0.48,0.5,10,0.035,0.02,0.01,0.03,1
-11748.45,-0.1175,88251.55,11748.45,0.1175,-0.817,-1.0,0.136,34,0.2059,7,27,6.4,False,True,-0.0675,0.0,1902.77,13948.06,14,0,7,10,3,0,417,90,34,0,0,0,45,73,0.48,0.5,10,0.035,0.02,0.01,0.03,2
-11748.45,-0.1175,88251.55,11748.45,0.1175,-0.817,-1.0,0.136,34,0.2059,7,27,6.4,False,True,-0.0675,0.0,1902.77,13948.06,14,0,7,10,3,0,417,90,34,0,0,0,45,73,0.48,0.5,10,0.035,0.02,0.01,0.03,3
-11748.45,-0.1175,88251.55,11748.45,0.1175,-0.817,-1.0,0.136,34,0.2059,7,27,6.4,False,True,-0.0675,0.0,1902.77,13948.06,14,0,7,10,3,0,417,90,34,0,0,0,45,73,0.48,0.5,10,0.035,0.02,0.01,0.05,1
-11748.45,-0.1175,88251.55,11748.45,0.1175,-0.817,-1.0,0.136,34,0.2059,7,27,6.4,False,True,-0.0675,0.0,1902.77,13948.06,14,0,7,10,3,0,417,90,34,0,0,0,45,73,0.48,0.5,10,0.035,0.02,0.01,0.05,2
-11748.45,-0.1175,88251.55,11748.45,0.1175,-0.817,-1.0,0.136,34,0.2059,7,27,6.4,False,True,-0.0675,0.0,1902.77,13948.06,14,0,7,10,3,0,417,90,34,0,0,0,45,73,0.48,0.5,10,0.035,0.02,0.01,0.05,3
-11748.45,-0.1175,88251.55,11748.45,0.1175,-0.817,-1.0,0.136,34,0.2059,7,27,6.4,False,True,-0.0675,0.0,1902.77,13948.06,14,0,7,10,3,0,417,90,34,0,0,0,45,73,0.48,0.5,10,0.035,0.02,0.02,0.03,1
-11748.45,-0.1175,88251.55,11748.45,0.1175,-0.817,-1.0,0.136,34,0.2059,7,27,6.4,False,True,-0.0675,0.0,1902.77,13948.06,14,0,7,10,3,0,417,90,34,0,0,0,45,73,0.48,0.5,10,0.035,0.02,0.02,0.03,2
-11748.45,-0.1175,88251.55,11748.45,0.1175,-0.817,-1.0,0.136,34,0.2059,7,27,6.4,False,True,-0.0675,0.0,1902.77,13948.06,14,0,7,10,3,0,417,90,34,0,0,0,45,73,0.48,0.5,10,0.035,0.02,0.02,0.03,3
-11748.45,-0.1175,88251.55,11748.45,0.1175,-0.817,-1.0,0.136,34,0.2059,7,27,6.4,False,True,-0.0675,0.0,1902.77,13948.06,14,0,7,10,3,0,417,90,34,0,0,0,45,73,0.48,0.5,10,0.035,0.02,0.02,0.05,1
-11748.45,-0.1175,88251.55,11748.45,0.1175,-0.817,-1.0,0.136,34,0.2059,7,27,6.4,False,True,-0.0675,0.0,1902.77,13948.06,14,0,7,10,3,0,417,90,34,0,0,0,45,73,0.48,0.5,10,0.035,0.02,0.02,0.05,2
-11748.45,-0.1175,88251.55,11748.45,0.1175,-0.817,-1.0,0.136,34,0.2059,7,27,6.4,False,True,-0.0675,0.0,1902.77,13948.06,14,0,7,10,3,0,417,90,34,0,0,0,45,73,0.48,0.5,10,0.035,0.02,0.02,0.05,3
-11748.45,-0.1175,88251.55,11748.45,0.1175,-0.817,-1.0,0.136,34,0.2059,7,27,6.4,False,True,-0.0675,0.0,1902.77,13948.06,14,0,7,10,3,0,417,90,34,0,0,0,45,73,0.48,0.5,10,0.035,0.03,0.01,0.03,1
-11748.45,-0.1175,88251.55,11748.45,0.1175,-0.817,-1.0,0.136,34,0.2059,7,27,6.4,False,True,-0.0675,0.0,1902.77,13948.06,14,0,7,10,3,0,417,90,34,0,0,0,45,73,0.48,0.5,10,0.035,0.03,0.01,0.03,2
-11748.45,-0.1175,88251.55,11748.45,0.1175,-0.817,-1.0,0.136,34,0.2059,7,27,6.4,False,True,-0.0675,0.0,1902.77,13948.06,14,0,7,10,3,0,417,90,34,0,0,0,45,73,0.48,0.5,10,0.035,0.03,0.01,0.03,3
-11748.45,-0.1175,88251.55,11748.45,0.1175,-0.817,-1.0,0.136,34,0.2059,7,27,6.4,False,True,-0.0675,0.0,1902.77,13948.06,14,0,7,10,3,0,417,90,34,0,0,0,45,73,0.48,0.5,10,0.035,0.03,0.01,0.05,1
-11748.45,-0.1175,88251.55,11748.45,0.1175,-0.817,-1.0,0.136,34,0.2059,7,27,6.4,False,True,-0.0675,0.0,1902.77,13948.06,14,0,7,10,3,0,417,90,34,0,0,0,45,73,0.48,0.5,10,0.035,0.03,0.01,0.05,2
-11748.45,-0.1175,88251.55,11748.45,0.1175,-0.817,-1.0,0.136,34,0.2059,7,27,6.4,False,True,-0.0675,0.0,1902.77,13948.06,14,0,7,10,3,0,417,90,34,0,0,0,45,73,0.48,0.5,10,0.035,0.03,0.01,0.05,3
-11748.45,-0.1175,88251.55,11748.45,0.1175,-0.817,-1.0,0.136,34,0.2059,7,27,6.4,False,True,-0.0675,0.0,1902.77,13948.06,14,0,7,10,3,0,417,90,34,0,0,0,45,73,0.48,0.5,10,0.035,0.03,0.02,0.03,1
-11748.45,-0.1175,88251.55,11748.45,0.1175,-0.817,-1.0,0.136,34,0.2059,7,27,6.4,False,True,-0.0675,0.0,1902.77,13948.06,14,0,7,10,3,0,417,90,34,0,0,0,45,73,0.48,0.5,10,0.035,0.03,0.02,0.03,2
-11748.45,-0.1175,88251.55,11748.45,0.1175,-0.817,-1.0,0.136,34,0.2059,7,27,6.4,False,True,-0.0675,0.0,1902.77,13948.06,14,0,7,10,3,0,417,90,34,0,0,0,45,73,0.48,0.5,10,0.035,0.03,0.02,0.03,3
-11748.45,-0.1175,88251.55,11748.45,0.1175,-0.817,-1.0,0.136,34,0.2059,7,27,6.4,False,True,-0.0675,0.0,1902.77,13948.06,14,0,7,10,3,0,417,90,34,0,0,0,45,73,0.48,0.5,10,0.035,0.03,0.02,0.05,1
-11748.45,-0.1175,88251.55,11748.45,0.1175,-0.817,-1.0,0.136,34,0.2059,7,27,6.4,False,True,-0.0675,0.0,1902.77,13948.06,14,0,7,10,3,0,417,90,34,0,0,0,45,73,0.48,0.5,10,0.035,0.03,0.02,0.05,2
-11748.45,-0.1175,88251.55,11748.45,0.1175,-0.817,-1.0,0.136,34,0.2059,7,27,6.4,False,True,-0.0675,0.0,1902.77,13948.06,14,0,7,10,3,0,417,90,34,0,0,0,45,73,0.48,0.5,10,0.035,0.03,0.02,0.05,3
-10689.4,-0.1069,89310.6,10689.4,0.1069,-1.076,-1.0,0.294,43,0.2093,9,34,9.4,False,True,-0.043,0.0,4634.04,15764.09,20,0,9,12,2,0,227,153,49,0,0,0,42,101,0.48,0.5,15,0.025,0.02,0.01,0.03,1
-10689.4,-0.1069,89310.6,10689.4,0.1069,-1.076,-1.0,0.294,43,0.2093,9,34,9.4,False,True,-0.043,0.0,4634.04,15764.09,20,0,9,12,2,0,227,153,49,0,0,0,42,101,0.48,0.5,15,0.025,0.02,0.01,0.03,2
-10689.4,-0.1069,89310.6,10689.4,0.1069,-1.076,-1.0,0.294,43,0.2093,9,34,9.4,False,True,-0.043,0.0,4634.04,15764.09,20,0,9,12,2,0,227,153,49,0,0,0,42,101,0.48,0.5,15,0.025,0.02,0.01,0.03,3
-6732.75,-0.0673,93267.25,11086.69,0.1062,-0.349,-0.607,0.53,60,0.2,12,48,7.5,False,True,-0.0597,0.0703,8318.16,15707.3,24,0,13,13,10,0,423,185,85,0,0,143,46,155,0.48,0.5,15,0.025,0.02,0.01,0.05,1
-6732.75,-0.0673,93267.25,11086.69,0.1062,-0.349,-0.607,0.53,60,0.2,12,48,7.5,False,True,-0.0597,0.0703,8318.16,15707.3,24,0,13,13,10,0,423,185,85,0,0,143,46,155,0.48,0.5,15,0.025,0.02,0.01,0.05,2
-6732.75,-0.0673,93267.25,11086.69,0.1062,-0.349,-0.607,0.53,60,0.2,12,48,7.5,False,True,-0.0597,0.0703,8318.16,15707.3,24,0,13,13,10,0,423,185,85,0,0,143,46,155,0.48,0.5,15,0.025,0.02,0.01,0.05,3
-10689.4,-0.1069,89310.6,10689.4,0.1069,-1.076,-1.0,0.294,43,0.2093,9,34,9.4,False,True,-0.043,0.0,4634.04,15764.09,20,0,9,12,2,0,227,153,49,0,0,0,42,101,0.48,0.5,15,0.025,0.02,0.02,0.03,1
-10689.4,-0.1069,89310.6,10689.4,0.1069,-1.076,-1.0,0.294,43,0.2093,9,34,9.4,False,True,-0.043,0.0,4634.04,15764.09,20,0,9,12,2,0,227,153,49,0,0,0,42,101,0.48,0.5,15,0.025,0.02,0.02,0.03,2
-10689.4,-0.1069,89310.6,10689.4,0.1069,-1.076,-1.0,0.294,43,0.2093,9,34,9.4,False,True,-0.043,0.0,4634.04,15764.09,20,0,9,12,2,0,227,153,49,0,0,0,42,101,0.48,0.5,15,0.025,0.02,0.02,0.03,3
-9626.57,-0.0963,90373.43,10038.18,0.1003,-0.645,-0.959,0.534,63,0.1905,12,51,6.0,False,True,-0.0683,0.0301,12824.81,24015.15,28,0,6,14,15,0,281,165,54,0,0,0,42,125,0.48,0.5,15,0.025,0.02,0.02,0.05,1
-9626.57,-0.0963,90373.43,10038.18,0.1003,-0.645,-0.959,0.534,63,0.1905,12,51,6.0,False,True,-0.0683,0.0301,12824.81,24015.15,28,0,6,14,15,0,281,165,54,0,0,0,42,125,0.48,0.5,15,0.025,0.02,0.02,0.05,2
-9626.57,-0.0963,90373.43,10038.18,0.1003,-0.645,-0.959,0.534,63,0.1905,12,51,6.0,False,True,-0.0683,0.0301,12824.81,24015.15,28,0,6,14,15,0,281,165,54,0,0,0,42,125,0.48,0.5,15,0.025,0.02,0.02,0.05,3
-10689.4,-0.1069,89310.6,10689.4,0.1069,-1.076,-1.0,0.294,43,0.2093,9,34,9.4,False,True,-0.043,0.0,4634.04,15764.09,20,0,9,12,2,0,227,153,49,0,0,0,42,101,0.48,0.5,15,0.025,0.03,0.01,0.03,1
-10689.4,-0.1069,89310.6,10689.4,0.1069,-1.076,-1.0,0.294,43,0.2093,9,34,9.4,False,True,-0.043,0.0,4634.04,15764.09,20,0,9,12,2,0,227,153,49,0,0,0,42,101,0.48,0.5,15,0.025,0.03,0.01,0.03,2
-10689.4,-0.1069,89310.6,10689.4,0.1069,-1.076,-1.0,0.294,43,0.2093,9,34,9.4,False,True,-0.043,0.0,4634.04,15764.09,20,0,9,12,2,0,227,153,49,0,0,0,42,101,0.48,0.5,15,0.025,0.03,0.01,0.03,3
-6732.75,-0.0673,93267.25,11086.69,0.1062,-0.349,-0.607,0.53,60,0.2,12,48,7.5,False,True,-0.0597,0.0703,8318.16,15707.3,24,0,13,13,10,0,423,185,85,0,0,143,46,155,0.48,0.5,15,0.025,0.03,0.01,0.05,1
-6732.75,-0.0673,93267.25,11086.69,0.1062,-0.349,-0.607,0.53,60,0.2,12,48,7.5,False,True,-0.0597,0.0703,8318.16,15707.3,24,0,13,13,10,0,423,185,85,0,0,143,46,155,0.48,0.5,15,0.025,0.03,0.01,0.05,2
-6732.75,-0.0673,93267.25,11086.69,0.1062,-0.349,-0.607,0.53,60,0.2,12,48,7.5,False,True,-0.0597,0.0703,8318.16,15707.3,24,0,13,13,10,0,423,185,85,0,0,143,46,155,0.48,0.5,15,0.025,0.03,0.01,0.05,3
-10689.4,-0.1069,89310.6,10689.4,0.1069,-1.076,-1.0,0.294,43,0.2093,9,34,9.4,False,True,-0.043,0.0,4634.04,15764.09,20,0,9,12,2,0,227,153,49,0,0,0,42,101,0.48,0.5,15,0.025,0.03,0.02,0.03,1
-10689.4,-0.1069,89310.6,10689.4,0.1069,-1.076,-1.0,0.294,43,0.2093,9,34,9.4,False,True,-0.043,0.0,4634.04,15764.09,20,0,9,12,2,0,227,153,49,0,0,0,42,101,0.48,0.5,15,0.025,0.03,0.02,0.03,2
-10689.4,-0.1069,89310.6,10689.4,0.1069,-1.076,-1.0,0.294,43,0.2093,9,34,9.4,False,True,-0.043,0.0,4634.04,15764.09,20,0,9,12,2,0,227,153,49,0,0,0,42,101,0.48,0.5,15,0.025,0.03,0.02,0.03,3
-9626.57,-0.0963,90373.43,10038.18,0.1003,-0.645,-0.959,0.534,63,0.1905,12,51,6.0,False,True,-0.0683,0.0301,12824.81,24015.15,28,0,6,14,15,0,281,165,59,0,0,18,42,136,0.48,0.5,15,0.025,0.03,0.02,0.05,1
-9626.57,-0.0963,90373.43,10038.18,0.1003,-0.645,-0.959,0.534,63,0.1905,12,51,6.0,False,True,-0.0683,0.0301,12824.81,24015.15,28,0,6,14,15,0,281,165,59,0,0,18,42,136,0.48,0.5,15,0.025,0.03,0.02,0.05,2
-9626.57,-0.0963,90373.43,10038.18,0.1003,-0.645,-0.959,0.534,63,0.1905,12,51,6.0,False,True,-0.0683,0.0301,12824.81,24015.15,28,0,6,14,15,0,281,165,59,0,0,18,42,136,0.48,0.5,15,0.025,0.03,0.02,0.05,3
-10563.66,-0.1056,89436.34,10563.66,0.1056,-0.721,-1.0,0.17,36,0.1944,7,29,8.1,False,True,-0.0833,0.0,2216.68,13063.37,16,0,8,10,2,0,357,108,28,0,0,0,45,88,0.48,0.5,15,0.035,0.02,0.01,0.03,1
-10563.66,-0.1056,89436.34,10563.66,0.1056,-0.721,-1.0,0.17,36,0.1944,7,29,8.1,False,True,-0.0833,0.0,2216.68,13063.37,16,0,8,10,2,0,357,108,28,0,0,0,45,88,0.48,0.5,15,0.035,0.02,0.01,0.03,2
-10563.66,-0.1056,89436.34,10563.66,0.1056,-0.721,-1.0,0.17,36,0.1944,7,29,8.1,False,True,-0.0833,0.0,2216.68,13063.37,16,0,8,10,2,0,357,108,28,0,0,0,45,88,0.48,0.5,15,0.035,0.02,0.01,0.03,3
-10563.66,-0.1056,89436.34,10563.66,0.1056,-0.721,-1.0,0.17,36,0.1944,7,29,8.1,False,True,-0.0833,0.0,2216.68,13063.37,16,0,8,10,2,0,357,108,28,0,0,0,45,88,0.48,0.5,15,0.035,0.02,0.01,0.05,1
-10563.66,-0.1056,89436.34,10563.66,0.1056,-0.721,-1.0,0.17,36,0.1944,7,29,8.1,False,True,-0.0833,0.0,2216.68,13063.37,16,0,8,10,2,0,357,108,28,0,0,0,45,88,0.48,0.5,15,0.035,0.02,0.01,0.05,2
-10563.66,-0.1056,89436.34,10563.66,0.1056,-0.721,-1.0,0.17,36,0.1944,7,29,8.1,False,True,-0.0833,0.0,2216.68,13063.37,16,0,8,10,2,0,357,108,28,0,0,0,45,88,0.48,0.5,15,0.035,0.02,0.01,0.05,3
-10563.66,-0.1056,89436.34,10563.66,0.1056,-0.721,-1.0,0.17,36,0.1944,7,29,8.1,False,True,-0.0833,0.0,2216.68,13063.37,16,0,8,10,2,0,357,108,28,0,0,0,45,88,0.48,0.5,15,0.035,0.02,0.02,0.03,1
-10563.66,-0.1056,89436.34,10563.66,0.1056,-0.721,-1.0,0.17,36,0.1944,7,29,8.1,False,True,-0.0833,0.0,2216.68,13063.37,16,0,8,10,2,0,357,108,28,0,0,0,45,88,0.48,0.5,15,0.035,0.02,0.02,0.03,2
-10563.66,-0.1056,89436.34,10563.66,0.1056,-0.721,-1.0,0.17,36,0.1944,7,29,8.1,False,True,-0.0833,0.0,2216.68,13063.37,16,0,8,10,2,0,357,108,28,0,0,0,45,88,0.48,0.5,15,0.035,0.02,0.02,0.03,3
-10563.66,-0.1056,89436.34,10563.66,0.1056,-0.721,-1.0,0.17,36,0.1944,7,29,8.1,False,True,-0.0833,0.0,2216.68,13063.37,16,0,8,10,2,0,357,108,28,0,0,0,45,88,0.48,0.5,15,0.035,0.02,0.02,0.05,1
-10563.66,-0.1056,89436.34,10563.66,0.1056,-0.721,-1.0,0.17,36,0.1944,7,29,8.1,False,True,-0.0833,0.0,2216.68,13063.37,16,0,8,10,2,0,357,108,28,0,0,0,45,88,0.48,0.5,15,0.035,0.02,0.02,0.05,2
-10563.66,-0.1056,89436.34,10563.66,0.1056,-0.721,-1.0,0.17,36,0.1944,7,29,8.1,False,True,-0.0833,0.0,2216.68,13063.37,16,0,8,10,2,0,357,108,28,0,0,0,45,88,0.48,0.5,15,0.035,0.02,0.02,0.05,3
-10563.66,-0.1056,89436.34,10563.66,0.1056,-0.721,-1.0,0.17,36,0.1944,7,29,8.1,False,True,-0.0833,0.0,2216.68,13063.37,16,0,8,10,2,0,357,108,28,0,0,0,45,88,0.48,0.5,15,0.035,0.03,0.01,0.03,1
-10563.66,-0.1056,89436.34,10563.66,0.1056,-0.721,-1.0,0.17,36,0.1944,7,29,8.1,False,True,-0.0833,0.0,2216.68,13063.37,16,0,8,10,2,0,357,108,28,0,0,0,45,88,0.48,0.5,15,0.035,0.03,0.01,0.03,2
-10563.66,-0.1056,89436.34,10563.66,0.1056,-0.721,-1.0,0.17,36,0.1944,7,29,8.1,False,True,-0.0833,0.0,2216.68,13063.37,16,0,8,10,2,0,357,108,28,0,0,0,45,88,0.48,0.5,15,0.035,0.03,0.01,0.03,3
-10563.66,-0.1056,89436.34,10563.66,0.1056,-0.721,-1.0,0.17,36,0.1944,7,29,8.1,False,True,-0.0833,0.0,2216.68,13063.37,16,0,8,10,2,0,357,108,28,0,0,0,45,88,0.48,0.5,15,0.035,0.03,0.01,0.05,1
-10563.66,-0.1056,89436.34,10563.66,0.1056,-0.721,-1.0,0.17,36,0.1944,7,29,8.1,False,True,-0.0833,0.0,2216.68,13063.37,16,0,8,10,2,0,357,108,28,0,0,0,45,88,0.48,0.5,15,0.035,0.03,0.01,0.05,2
-10563.66,-0.1056,89436.34,10563.66,0.1056,-0.721,-1.0,0.17,36,0.1944,7,29,8.1,False,True,-0.0833,0.0,2216.68,13063.37,16,0,8,10,2,0,357,108,28,0,0,0,45,88,0.48,0.5,15,0.035,0.03,0.01,0.05,3
-10563.66,-0.1056,89436.34,10563.66,0.1056,-0.721,-1.0,0.17,36,0.1944,7,29,8.1,False,True,-0.0833,0.0,2216.68,13063.37,16,0,8,10,2,0,357,108,28,0,0,0,45,88,0.48,0.5,15,0.035,0.03,0.02,0.03,1
-10563.66,-0.1056,89436.34,10563.66,0.1056,-0.721,-1.0,0.17,36,0.1944,7,29,8.1,False,True,-0.0833,0.0,2216.68,13063.37,16,0,8,10,2,0,357,108,28,0,0,0,45,88,0.48,0.5,15,0.035,0.03,0.02,0.03,2
-10563.66,-0.1056,89436.34,10563.66,0.1056,-0.721,-1.0,0.17,36,0.1944,7,29,8.1,False,True,-0.0833,0.0,2216.68,13063.37,16,0,8,10,2,0,357,108,28,0,0,0,45,88,0.48,0.5,15,0.035,0.03,0.02,0.03,3
-10563.66,-0.1056,89436.34,10563.66,0.1056,-0.721,-1.0,0.17,36,0.1944,7,29,8.1,False,True,-0.0833,0.0,2216.68,13063.37,16,0,8,10,2,0,357,108,28,0,0,0,45,88,0.48,0.5,15,0.035,0.03,0.02,0.05,1
-10563.66,-0.1056,89436.34,10563.66,0.1056,-0.721,-1.0,0.17,36,0.1944,7,29,8.1,False,True,-0.0833,0.0,2216.68,13063.37,16,0,8,10,2,0,357,108,28,0,0,0,45,88,0.48,0.5,15,0.035,0.03,0.02,0.05,2
-10563.66,-0.1056,89436.34,10563.66,0.1056,-0.721,-1.0,0.17,36,0.1944,7,29,8.1,False,True,-0.0833,0.0,2216.68,13063.37,16,0,8,10,2,0,357,108,28,0,0,0,45,88,0.48,0.5,15,0.035,0.03,0.02,0.05,3
2375.16,0.0238,102375.16,12546.61,0.1092,0.13,0.189,1.106,20,0.25,5,15,9.7,False,True,-0.0554,0.1405,14101.15,12747.27,7,0,6,5,2,0,189,88,30,0,0,0,38,44,0.48,1.0,5,0.025,0.02,0.01,0.03,1
2375.16,0.0238,102375.16,12546.61,0.1092,0.13,0.189,1.106,20,0.25,5,15,9.7,False,True,-0.0554,0.1405,14101.15,12747.27,7,0,6,5,2,0,189,88,30,0,0,0,38,44,0.48,1.0,5,0.025,0.02,0.01,0.03,2
2375.16,0.0238,102375.16,12546.61,0.1092,0.13,0.189,1.106,20,0.25,5,15,9.7,False,True,-0.0554,0.1405,14101.15,12747.27,7,0,6,5,2,0,189,88,30,0,0,0,38,44,0.48,1.0,5,0.025,0.02,0.01,0.03,3
2375.16,0.0238,102375.16,12546.61,0.1092,0.13,0.189,1.106,20,0.25,5,15,9.7,False,True,-0.0554,0.1405,14101.15,12747.27,7,0,6,5,2,0,189,88,30,0,0,0,38,44,0.48,1.0,5,0.025,0.02,0.01,0.05,1
2375.16,0.0238,102375.16,12546.61,0.1092,0.13,0.189,1.106,20,0.25,5,15,9.7,False,True,-0.0554,0.1405,14101.15,12747.27,7,0,6,5,2,0,189,88,30,0,0,0,38,44,0.48,1.0,5,0.025,0.02,0.01,0.05,2
2375.16,0.0238,102375.16,12546.61,0.1092,0.13,0.189,1.106,20,0.25,5,15,9.7,False,True,-0.0554,0.1405,14101.15,12747.27,7,0,6,5,2,0,189,88,30,0,0,0,38,44,0.48,1.0,5,0.025,0.02,0.01,0.05,3
2375.16,0.0238,102375.16,12546.61,0.1092,0.13,0.189,1.106,20,0.25,5,15,9.7,False,True,-0.0554,0.1405,14101.15,12747.27,7,0,6,5,2,0,189,88,30,0,0,0,38,44,0.48,1.0,5,0.025,0.02,0.02,0.03,1
2375.16,0.0238,102375.16,12546.61,0.1092,0.13,0.189,1.106,20,0.25,5,15,9.7,False,True,-0.0554,0.1405,14101.15,12747.27,7,0,6,5,2,0,189,88,30,0,0,0,38,44,0.48,1.0,5,0.025,0.02,0.02,0.03,2
2375.16,0.0238,102375.16,12546.61,0.1092,0.13,0.189,1.106,20,0.25,5,15,9.7,False,True,-0.0554,0.1405,14101.15,12747.27,7,0,6,5,2,0,189,88,30,0,0,0,38,44,0.48,1.0,5,0.025,0.02,0.02,0.03,3
2375.16,0.0238,102375.16,12546.61,0.1092,0.13,0.189,1.106,20,0.25,5,15,9.7,False,True,-0.0554,0.1405,14101.15,12747.27,7,0,6,5,2,0,189,88,30,0,0,0,38,44,0.48,1.0,5,0.025,0.02,0.02,0.05,1
2375.16,0.0238,102375.16,12546.61,0.1092,0.13,0.189,1.106,20,0.25,5,15,9.7,False,True,-0.0554,0.1405,14101.15,12747.27,7,0,6,5,2,0,189,88,30,0,0,0,38,44,0.48,1.0,5,0.025,0.02,0.02,0.05,2
2375.16,0.0238,102375.16,12546.61,0.1092,0.13,0.189,1.106,20,0.25,5,15,9.7,False,True,-0.0554,0.1405,14101.15,12747.27,7,0,6,5,2,0,189,88,30,0,0,0,38,44,0.48,1.0,5,0.025,0.02,0.02,0.05,3
2375.16,0.0238,102375.16,12546.61,0.1092,0.13,0.189,1.106,20,0.25,5,15,9.7,False,True,-0.0554,0.1405,14101.15,12747.27,7,0,6,5,2,0,189,88,30,0,0,0,38,44,0.48,1.0,5,0.025,0.03,0.01,0.03,1
2375.16,0.0238,102375.16,12546.61,0.1092,0.13,0.189,1.106,20,0.25,5,15,9.7,False,True,-0.0554,0.1405,14101.15,12747.27,7,0,6,5,2,0,189,88,30,0,0,0,38,44,0.48,1.0,5,0.025,0.03,0.01,0.03,2
2375.16,0.0238,102375.16,12546.61,0.1092,0.13,0.189,1.106,20,0.25,5,15,9.7,False,True,-0.0554,0.1405,14101.15,12747.27,7,0,6,5,2,0,189,88,30,0,0,0,38,44,0.48,1.0,5,0.025,0.03,0.01,0.03,3
2375.16,0.0238,102375.16,12546.61,0.1092,0.13,0.189,1.106,20,0.25,5,15,9.7,False,True,-0.0554,0.1405,14101.15,12747.27,7,0,6,5,2,0,189,88,30,0,0,0,38,44,0.48,1.0,5,0.025,0.03,0.01,0.05,1
2375.16,0.0238,102375.16,12546.61,0.1092,0.13,0.189,1.106,20,0.25,5,15,9.7,False,True,-0.0554,0.1405,14101.15,12747.27,7,0,6,5,2,0,189,88,30,0,0,0,38,44,0.48,1.0,5,0.025,0.03,0.01,0.05,2
2375.16,0.0238,102375.16,12546.61,0.1092,0.13,0.189,1.106,20,0.25,5,15,9.7,False,True,-0.0554,0.1405,14101.15,12747.27,7,0,6,5,2,0,189,88,30,0,0,0,38,44,0.48,1.0,5,0.025,0.03,0.01,0.05,3
2375.16,0.0238,102375.16,12546.61,0.1092,0.13,0.189,1.106,20,0.25,5,15,9.7,False,True,-0.0554,0.1405,14101.15,12747.27,7,0,6,5,2,0,189,88,30,0,0,0,38,44,0.48,1.0,5,0.025,0.03,0.02,0.03,1
2375.16,0.0238,102375.16,12546.61,0.1092,0.13,0.189,1.106,20,0.25,5,15,9.7,False,True,-0.0554,0.1405,14101.15,12747.27,7,0,6,5,2,0,189,88,30,0,0,0,38,44,0.48,1.0,5,0.025,0.03,0.02,0.03,2
2375.16,0.0238,102375.16,12546.61,0.1092,0.13,0.189,1.106,20,0.25,5,15,9.7,False,True,-0.0554,0.1405,14101.15,12747.27,7,0,6,5,2,0,189,88,30,0,0,0,38,44,0.48,1.0,5,0.025,0.03,0.02,0.03,3
2375.16,0.0238,102375.16,12546.61,0.1092,0.13,0.189,1.106,20,0.25,5,15,9.7,False,True,-0.0554,0.1405,14101.15,12747.27,7,0,6,5,2,0,189,88,30,0,0,0,38,44,0.48,1.0,5,0.025,0.03,0.02,0.05,1
2375.16,0.0238,102375.16,12546.61,0.1092,0.13,0.189,1.106,20,0.25,5,15,9.7,False,True,-0.0554,0.1405,14101.15,12747.27,7,0,6,5,2,0,189,88,30,0,0,0,38,44,0.48,1.0,5,0.025,0.03,0.02,0.05,2
2375.16,0.0238,102375.16,12546.61,0.1092,0.13,0.189,1.106,20,0.25,5,15,9.7,False,True,-0.0554,0.1405,14101.15,12747.27,7,0,6,5,2,0,189,88,30,0,0,0,38,44,0.48,1.0,5,0.025,0.03,0.02,0.05,3
-6813.8,-0.0681,93186.2,10798.82,0.1049,-0.585,-0.631,0.129,20,0.2,4,16,6.8,False,True,-0.0677,0.0,1385.34,10738.82,7,0,5,5,3,0,963,36,31,0,0,0,86,50,0.48,1.0,5,0.035,0.02,0.01,0.03,1
-6813.8,-0.0681,93186.2,10798.82,0.1049,-0.585,-0.631,0.129,20,0.2,4,16,6.8,False,True,-0.0677,0.0,1385.34,10738.82,7,0,5,5,3,0,963,36,31,0,0,0,86,50,0.48,1.0,5,0.035,0.02,0.01,0.03,2
-6813.8,-0.0681,93186.2,10798.82,0.1049,-0.585,-0.631,0.129,20,0.2,4,16,6.8,False,True,-0.0677,0.0,1385.34,10738.82,7,0,5,5,3,0,963,36,31,0,0,0,86,50,0.48,1.0,5,0.035,0.02,0.01,0.03,3
-6773.54,-0.0677,93226.46,10759.03,0.1046,-0.585,-0.63,0.133,20,0.2,4,16,6.8,False,True,-0.0673,0.0,1425.62,10739.93,7,0,5,5,3,0,963,36,31,0,0,0,86,50,0.48,1.0,5,0.035,0.02,0.01,0.05,1
-6773.54,-0.0677,93226.46,10759.03,0.1046,-0.585,-0.63,0.133,20,0.2,4,16,6.8,False,True,-0.0673,0.0,1425.62,10739.93,7,0,5,5,3,0,963,36,31,0,0,0,86,50,0.48,1.0,5,0.035,0.02,0.01,0.05,2
-6773.54,-0.0677,93226.46,10759.03,0.1046,-0.585,-0.63,0.133,20,0.2,4,16,6.8,False,True,-0.0673,0.0,1425.62,10739.93,7,0,5,5,3,0,963,36,31,0,0,0,86,50,0.48,1.0,5,0.035,0.02,0.01,0.05,3
-6813.8,-0.0681,93186.2,10798.82,0.1049,-0.585,-0.631,0.129,20,0.2,4,16,6.8,False,True,-0.0677,0.0,1385.34,10738.82,7,0,5,5,3,0,963,36,31,0,0,0,86,50,0.48,1.0,5,0.035,0.02,0.02,0.03,1
-6813.8,-0.0681,93186.2,10798.82,0.1049,-0.585,-0.631,0.129,20,0.2,4,16,6.8,False,True,-0.0677,0.0,1385.34,10738.82,7,0,5,5,3,0,963,36,31,0,0,0,86,50,0.48,1.0,5,0.035,0.02,0.02,0.03,2
-6813.8,-0.0681,93186.2,10798.82,0.1049,-0.585,-0.631,0.129,20,0.2,4,16,6.8,False,True,-0.0677,0.0,1385.34,10738.82,7,0,5,5,3,0,963,36,31,0,0,0,86,50,0.48,1.0,5,0.035,0.02,0.02,0.03,3
-6773.54,-0.0677,93226.46,10759.03,0.1046,-0.585,-0.63,0.133,20,0.2,4,16,6.8,False,True,-0.0673,0.0,1425.62,10739.93,7,0,5,5,3,0,963,36,31,0,0,0,86,50,0.48,1.0,5,0.035,0.02,0.02,0.05,1
-6773.54,-0.0677,93226.46,10759.03,0.1046,-0.585,-0.63,0.133,20,0.2,4,16,6.8,False,True,-0.0673,0.0,1425.62,10739.93,7,0,5,5,3,0,963,36,31,0,0,0,86,50,0.48,1.0,5,0.035,0.02,0.02,0.05,2
-6773.54,-0.0677,93226.46,10759.03,0.1046,-0.585,-0.63,0.133,20,0.2,4,16,6.8,False,True,-0.0673,0.0,1425.62,10739.93,7,0,5,5,3,0,963,36,31,0,0,0,86,50,0.48,1.0,5,0.035,0.02,0.02,0.05,3
-6813.8,-0.0681,93186.2,10798.82,0.1049,-0.585,-0.631,0.129,20,0.2,4,16,6.8,False,True,-0.0677,0.0,1385.34,10738.82,7,0,5,5,3,0,963,36,31,0,0,0,86,50,0.48,1.0,5,0.035,0.03,0.01,0.03,1
-6813.8,-0.0681,93186.2,10798.82,0.1049,-0.585,-0.631,0.129,20,0.2,4,16,6.8,False,True,-0.0677,0.0,1385.34,10738.82,7,0,5,5,3,0,963,36,31,0,0,0,86,50,0.48,1.0,5,0.035,0.03,0.01,0.03,2
-6813.8,-0.0681,93186.2,10798.82,0.1049,-0.585,-0.631,0.129,20,0.2,4,16,6.8,False,True,-0.0677,0.0,1385.34,10738.82,7,0,5,5,3,0,963,36,31,0,0,0,86,50,0.48,1.0,5,0.035,0.03,0.01,0.03,3
-6773.54,-0.0677,93226.46,10759.03,0.1046,-0.585,-0.63,0.133,20,0.2,4,16,6.8,False,True,-0.0673,0.0,1425.62,10739.93,7,0,5,5,3,0,963,36,31,0,0,0,86,50,0.48,1.0,5,0.035,0.03,0.01,0.05,1
-6773.54,-0.0677,93226.46,10759.03,0.1046,-0.585,-0.63,0.133,20,0.2,4,16,6.8,False,True,-0.0673,0.0,1425.62,10739.93,7,0,5,5,3,0,963,36,31,0,0,0,86,50,0.48,1.0,5,0.035,0.03,0.01,0.05,2
-6773.54,-0.0677,93226.46,10759.03,0.1046,-0.585,-0.63,0.133,20,0.2,4,16,6.8,False,True,-0.0673,0.0,1425.62,10739.93,7,0,5,5,3,0,963,36,31,0,0,0,86,50,0.48,1.0,5,0.035,0.03,0.01,0.05,3
-6813.8,-0.0681,93186.2,10798.82,0.1049,-0.585,-0.631,0.129,20,0.2,4,16,6.8,False,True,-0.0677,0.0,1385.34,10738.82,7,0,5,5,3,0,963,36,31,0,0,0,86,50,0.48,1.0,5,0.035,0.03,0.02,0.03,1
-6813.8,-0.0681,93186.2,10798.82,0.1049,-0.585,-0.631,0.129,20,0.2,4,16,6.8,False,True,-0.0677,0.0,1385.34,10738.82,7,0,5,5,3,0,963,36,31,0,0,0,86,50,0.48,1.0,5,0.035,0.03,0.02,0.03,2
-6813.8,-0.0681,93186.2,10798.82,0.1049,-0.585,-0.631,0.129,20,0.2,4,16,6.8,False,True,-0.0677,0.0,1385.34,10738.82,7,0,5,5,3,0,963,36,31,0,0,0,86,50,0.48,1.0,5,0.035,0.03,0.02,0.03,3
-6773.54,-0.0677,93226.46,10759.03,0.1046,-0.585,-0.63,0.133,20,0.2,4,16,6.8,False,True,-0.0673,0.0,1425.62,10739.93,7,0,5,5,3,0,963,36,31,0,0,0,86,50,0.48,1.0,5,0.035,0.03,0.02,0.05,1
-6773.54,-0.0677,93226.46,10759.03,0.1046,-0.585,-0.63,0.133,20,0.2,4,16,6.8,False,True,-0.0673,0.0,1425.62,10739.93,7,0,5,5,3,0,963,36,31,0,0,0,86,50,0.48,1.0,5,0.035,0.03,0.02,0.05,2
-6773.54,-0.0677,93226.46,10759.03,0.1046,-0.585,-0.63,0.133,20,0.2,4,16,6.8,False,True,-0.0673,0.0,1425.62,10739.93,7,0,5,5,3,0,963,36,31,0,0,0,86,50,0.48,1.0,5,0.035,0.03,0.02,0.05,3
-5234.86,-0.0523,94765.14,11613.96,0.1092,-0.278,-0.451,0.558,23,0.2609,6,17,10.0,False,True,-0.0554,0.0705,7789.89,13970.12,9,0,5,7,2,0,14,99,67,0,0,143,35,50,0.48,1.0,10,0.025,0.02,0.01,0.03,1
-5234.86,-0.0523,94765.14,11613.96,0.1092,-0.278,-0.451,0.558,23,0.2609,6,17,10.0,False,True,-0.0554,0.0705,7789.89,13970.12,9,0,5,7,2,0,14,99,67,0,0,143,35,50,0.48,1.0,10,0.025,0.02,0.01,0.03,2
-5234.86,-0.0523,94765.14,11613.96,0.1092,-0.278,-0.451,0.558,23,0.2609,6,17,10.0,False,True,-0.0554,0.0705,7789.89,13970.12,9,0,5,7,2,0,14,99,67,0,0,143,35,50,0.48,1.0,10,0.025,0.02,0.01,0.03,3
962.29,0.0096,100962.29,12373.46,0.1092,0.078,0.078,0.997,23,0.2609,6,17,10.0,False,True,-0.0554,0.1405,14569.97,14614.87,9,0,5,7,2,0,14,99,29,0,0,0,35,36,0.48,1.0,10,0.025,0.02,0.01,0.05,1
962.29,0.0096,100962.29,12373.46,0.1092,0.078,0.078,0.997,23,0.2609,6,17,10.0,False,True,-0.0554,0.1405,14569.97,14614.87,9,0,5,7,2,0,14,99,29,0,0,0,35,36,0.48,1.0,10,0.025,0.02,0.01,0.05,2
962.29,0.0096,100962.29,12373.46,0.1092,0.078,0.078,0.997,23,0.2609,6,17,10.0,False,True,-0.0554,0.1405,14569.97,14614.87,9,0,5,7,2,0,14,99,29,0,0,0,35,36,0.48,1.0,10,0.025,0.02,0.01,0.05,3
-12302.51,-0.123,87697.49,12302.51,0.123,-0.78,-1.0,0.176,20,0.2,4,16,5.5,False,True,-0.0843,0.0,2761.89,15655.79,9,0,2,7,2,0,14,69,22,0,0,0,35,24,0.48,1.0,10,0.025,0.02,0.02,0.03,1
-12302.51,-0.123,87697.49,12302.51,0.123,-0.78,-1.0,0.176,20,0.2,4,16,5.5,False,True,-0.0843,0.0,2761.89,15655.79,9,0,2,7,2,0,14,69,22,0,0,0,35,24,0.48,1.0,10,0.025,0.02,0.02,0.03,2
-12302.51,-0.123,87697.49,12302.51,0.123,-0.78,-1.0,0.176,20,0.2,4,16,5.5,False,True,-0.0843,0.0,2761.89,15655.79,9,0,2,7,2,0,14,69,22,0,0,0,35,24,0.48,1.0,10,0.025,0.02,0.02,0.03,3
962.29,0.0096,100962.29,12373.46,0.1092,0.078,0.078,0.997,23,0.2609,6,17,10.0,False,True,-0.0554,0.1405,14569.97,14614.87,9,0,5,7,2,0,14,99,29,0,0,0,35,36,0.48,1.0,10,0.025,0.02,0.02,0.05,1
962.29,0.0096,100962.29,12373.46,0.1092,0.078,0.078,0.997,23,0.2609,6,17,10.0,False,True,-0.0554,0.1405,14569.97,14614.87,9,0,5,7,2,0,14,99,29,0,0,0,35,36,0.48,1.0,10,0.025,0.02,0.02,0.05,2
962.29,0.0096,100962.29,12373.46,0.1092,0.078,0.078,0.997,23,0.2609,6,17,10.0,False,True,-0.0554,0.1405,14569.97,14614.87,9,0,5,7,2,0,14,99,29,0,0,0,35,36,0.48,1.0,10,0.025,0.02,0.02,0.05,3
-5234.86,-0.0523,94765.14,11613.96,0.1092,-0.278,-0.451,0.558,23,0.2609,6,17,10.0,False,True,-0.0554,0.0705,7789.89,13970.12,9,0,5,7,2,0,14,99,67,0,0,143,35,50,0.48,1.0,10,0.025,0.03,0.01,0.03,1
-5234.86,-0.0523,94765.14,11613.96,0.1092,-0.278,-0.451,0.558,23,0.2609,6,17,10.0,False,True,-0.0554,0.0705,7789.89,13970.12,9,0,5,7,2,0,14,99,67,0,0,143,35,50,0.48,1.0,10,0.025,0.03,0.01,0.03,2
-5234.86,-0.0523,94765.14,11613.96,0.1092,-0.278,-0.451,0.558,23,0.2609,6,17,10.0,False,True,-0.0554,0.0705,7789.89,13970.12,9,0,5,7,2,0,14,99,67,0,0,143,35,50,0.48,1.0,10,0.025,0.03,0.01,0.03,3
962.29,0.0096,100962.29,12373.46,0.1092,0.078,0.078,0.997,23,0.2609,6,17,10.0,False,True,-0.0554,0.1405,14569.97,14614.87,9,0,5,7,2,0,14,99,29,0,0,0,35,36,0.48,1.0,10,0.025,0.03,0.01,0.05,1
962.29,0.0096,100962.29,12373.46,0.1092,0.078,0.078,0.997,23,0.2609,6,17,10.0,False,True,-0.0554,0.1405,14569.97,14614.87,9,0,5,7,2,0,14,99,29,0,0,0,35,36,0.48,1.0,10,0.025,0.03,0.01,0.05,2
962.29,0.0096,100962.29,12373.46,0.1092,0.078,0.078,0.997,23,0.2609,6,17,10.0,False,True,-0.0554,0.1405,14569.97,14614.87,9,0,5,7,2,0,14,99,29,0,0,0,35,36,0.48,1.0,10,0.025,0.03,0.01,0.05,3
-12302.51,-0.123,87697.49,12302.51,0.123,-0.78,-1.0,0.176,20,0.2,4,16,5.5,False,True,-0.0843,0.0,2761.89,15655.79,9,0,2,7,2,0,14,69,22,0,0,0,35,24,0.48,1.0,10,0.025,0.03,0.02,0.03,1
-12302.51,-0.123,87697.49,12302.51,0.123,-0.78,-1.0,0.176,20,0.2,4,16,5.5,False,True,-0.0843,0.0,2761.89,15655.79,9,0,2,7,2,0,14,69,22,0,0,0,35,24,0.48,1.0,10,0.025,0.03,0.02,0.03,2
-12302.51,-0.123,87697.49,12302.51,0.123,-0.78,-1.0,0.176,20,0.2,4,16,5.5,False,True,-0.0843,0.0,2761.89,15655.79,9,0,2,7,2,0,14,69,22,0,0,0,35,24,0.48,1.0,10,0.025,0.03,0.02,0.03,3
962.29,0.0096,100962.29,12373.46,0.1092,0.078,0.078,0.997,23,0.2609,6,17,10.0,False,True,-0.0554,0.1405,14569.97,14614.87,9,0,5,7,2,0,14,99,29,0,0,0,35,36,0.48,1.0,10,0.025,0.03,0.02,0.05,1
962.29,0.0096,100962.29,12373.46,0.1092,0.078,0.078,0.997,23,0.2609,6,17,10.0,False,True,-0.0554,0.1405,14569.97,14614.87,9,0,5,7,2,0,14,99,29,0,0,0,35,36,0.48,1.0,10,0.025,0.03,0.02,0.05,2
962.29,0.0096,100962.29,12373.46,0.1092,0.078,0.078,0.997,23,0.2609,6,17,10.0,False,True,-0.0554,0.1405,14569.97,14614.87,9,0,5,7,2,0,14,99,29,0,0,0,35,36,0.48,1.0,10,0.025,0.03,0.02,0.05,3
-5234.86,-0.0523,94765.14,11613.96,0.1092,-0.278,-0.451,0.558,23,0.2609,6,17,10.0,False,True,-0.0554,0.0705,7789.89,13970.12,9,0,5,7,2,0,14,99,67,0,0,143,35,50,0.48,1.0,10,0.035,0.02,0.01,0.03,1
-5234.86,-0.0523,94765.14,11613.96,0.1092,-0.278,-0.451,0.558,23,0.2609,6,17,10.0,False,True,-0.0554,0.0705,7789.89,13970.12,9,0,5,7,2,0,14,99,67,0,0,143,35,50,0.48,1.0,10,0.035,0.02,0.01,0.03,2
-5234.86,-0.0523,94765.14,11613.96,0.1092,-0.278,-0.451,0.558,23,0.2609,6,17,10.0,False,True,-0.0554,0.0705,7789.89,13970.12,9,0,5,7,2,0,14,99,67,0,0,143,35,50,0.48,1.0,10,0.035,0.02,0.01,0.03,3
962.29,0.0096,100962.29,12373.46,0.1092,0.078,0.078,0.997,23,0.2609,6,17,10.0,False,True,-0.0554,0.1405,14569.97,14614.87,9,0,5,7,2,0,14,99,29,0,0,0,35,36,0.48,1.0,10,0.035,0.02,0.01,0.05,1
962.29,0.0096,100962.29,12373.46,0.1092,0.078,0.078,0.997,23,0.2609,6,17,10.0,False,True,-0.0554,0.1405,14569.97,14614.87,9,0,5,7,2,0,14,99,29,0,0,0,35,36,0.48,1.0,10,0.035,0.02,0.01,0.05,2
962.29,0.0096,100962.29,12373.46,0.1092,0.078,0.078,0.997,23,0.2609,6,17,10.0,False,True,-0.0554,0.1405,14569.97,14614.87,9,0,5,7,2,0,14,99,29,0,0,0,35,36,0.48,1.0,10,0.035,0.02,0.01,0.05,3
-12302.51,-0.123,87697.49,12302.51,0.123,-0.78,-1.0,0.176,20,0.2,4,16,5.5,False,True,-0.0843,0.0,2761.89,15655.79,9,0,2,7,2,0,14,69,22,0,0,0,35,24,0.48,1.0,10,0.035,0.02,0.02,0.03,1
-12302.51,-0.123,87697.49,12302.51,0.123,-0.78,-1.0,0.176,20,0.2,4,16,5.5,False,True,-0.0843,0.0,2761.89,15655.79,9,0,2,7,2,0,14,69,22,0,0,0,35,24,0.48,1.0,10,0.035,0.02,0.02,0.03,2
-12302.51,-0.123,87697.49,12302.51,0.123,-0.78,-1.0,0.176,20,0.2,4,16,5.5,False,True,-0.0843,0.0,2761.89,15655.79,9,0,2,7,2,0,14,69,22,0,0,0,35,24,0.48,1.0,10,0.035,0.02,0.02,0.03,3
962.29,0.0096,100962.29,12373.46,0.1092,0.078,0.078,0.997,23,0.2609,6,17,10.0,False,True,-0.0554,0.1405,14569.97,14614.87,9,0,5,7,2,0,14,99,29,0,0,0,35,36,0.48,1.0,10,0.035,0.02,0.02,0.05,1
962.29,0.0096,100962.29,12373.46,0.1092,0.078,0.078,0.997,23,0.2609,6,17,10.0,False,True,-0.0554,0.1405,14569.97,14614.87,9,0,5,7,2,0,14,99,29,0,0,0,35,36,0.48,1.0,10,0.035,0.02,0.02,0.05,2
962.29,0.0096,100962.29,12373.46,0.1092,0.078,0.078,0.997,23,0.2609,6,17,10.0,False,True,-0.0554,0.1405,14569.97,14614.87,9,0,5,7,2,0,14,99,29,0,0,0,35,36,0.48,1.0,10,0.035,0.02,0.02,0.05,3
-5234.86,-0.0523,94765.14,11613.96,0.1092,-0.278,-0.451,0.558,23,0.2609,6,17,10.0,False,True,-0.0554,0.0705,7789.89,13970.12,9,0,5,7,2,0,14,99,67,0,0,143,35,50,0.48,1.0,10,0.035,0.03,0.01,0.03,1
-5234.86,-0.0523,94765.14,11613.96,0.1092,-0.278,-0.451,0.558,23,0.2609,6,17,10.0,False,True,-0.0554,0.0705,7789.89,13970.12,9,0,5,7,2,0,14,99,67,0,0,143,35,50,0.48,1.0,10,0.035,0.03,0.01,0.03,2
-5234.86,-0.0523,94765.14,11613.96,0.1092,-0.278,-0.451,0.558,23,0.2609,6,17,10.0,False,True,-0.0554,0.0705,7789.89,13970.12,9,0,5,7,2,0,14,99,67,0,0,143,35,50,0.48,1.0,10,0.035,0.03,0.01,0.03,3
962.29,0.0096,100962.29,12373.46,0.1092,0.078,0.078,0.997,23,0.2609,6,17,10.0,False,True,-0.0554,0.1405,14569.97,14614.87,9,0,5,7,2,0,14,99,29,0,0,0,35,36,0.48,1.0,10,0.035,0.03,0.01,0.05,1
962.29,0.0096,100962.29,12373.46,0.1092,0.078,0.078,0.997,23,0.2609,6,17,10.0,False,True,-0.0554,0.1405,14569.97,14614.87,9,0,5,7,2,0,14,99,29,0,0,0,35,36,0.48,1.0,10,0.035,0.03,0.01,0.05,2
962.29,0.0096,100962.29,12373.46,0.1092,0.078,0.078,0.997,23,0.2609,6,17,10.0,False,True,-0.0554,0.1405,14569.97,14614.87,9,0,5,7,2,0,14,99,29,0,0,0,35,36,0.48,1.0,10,0.035,0.03,0.01,0.05,3
-12302.51,-0.123,87697.49,12302.51,0.123,-0.78,-1.0,0.176,20,0.2,4,16,5.5,False,True,-0.0843,0.0,2761.89,15655.79,9,0,2,7,2,0,14,69,22,0,0,0,35,24,0.48,1.0,10,0.035,0.03,0.02,0.03,1
-12302.51,-0.123,87697.49,12302.51,0.123,-0.78,-1.0,0.176,20,0.2,4,16,5.5,False,True,-0.0843,0.0,2761.89,15655.79,9,0,2,7,2,0,14,69,22,0,0,0,35,24,0.48,1.0,10,0.035,0.03,0.02,0.03,2
-12302.51,-0.123,87697.49,12302.51,0.123,-0.78,-1.0,0.176,20,0.2,4,16,5.5,False,True,-0.0843,0.0,2761.89,15655.79,9,0,2,7,2,0,14,69,22,0,0,0,35,24,0.48,1.0,10,0.035,0.03,0.02,0.03,3
962.29,0.0096,100962.29,12373.46,0.1092,0.078,0.078,0.997,23,0.2609,6,17,10.0,False,True,-0.0554,0.1405,14569.97,14614.87,9,0,5,7,2,0,14,99,29,0,0,0,35,36,0.48,1.0,10,0.035,0.03,0.02,0.05,1
962.29,0.0096,100962.29,12373.46,0.1092,0.078,0.078,0.997,23,0.2609,6,17,10.0,False,True,-0.0554,0.1405,14569.97,14614.87,9,0,5,7,2,0,14,99,29,0,0,0,35,36,0.48,1.0,10,0.035,0.03,0.02,0.05,2
962.29,0.0096,100962.29,12373.46,0.1092,0.078,0.078,0.997,23,0.2609,6,17,10.0,False,True,-0.0554,0.1405,14569.97,14614.87,9,0,5,7,2,0,14,99,29,0,0,0,35,36,0.48,1.0,10,0.035,0.03,0.02,0.05,3
-5234.86,-0.0523,94765.14,11613.96,0.1092,-0.278,-0.451,0.558,23,0.2609,6,17,10.0,False,True,-0.0554,0.0705,7789.89,13970.12,9,0,5,7,2,0,0,110,67,0,0,143,35,50,0.48,1.0,15,0.025,0.02,0.01,0.03,1
-5234.86,-0.0523,94765.14,11613.96,0.1092,-0.278,-0.451,0.558,23,0.2609,6,17,10.0,False,True,-0.0554,0.0705,7789.89,13970.12,9,0,5,7,2,0,0,110,67,0,0,143,35,50,0.48,1.0,15,0.025,0.02,0.01,0.03,2
-5234.86,-0.0523,94765.14,11613.96,0.1092,-0.278,-0.451,0.558,23,0.2609,6,17,10.0,False,True,-0.0554,0.0705,7789.89,13970.12,9,0,5,7,2,0,0,110,67,0,0,143,35,50,0.48,1.0,15,0.025,0.02,0.01,0.03,3
962.29,0.0096,100962.29,12373.46,0.1092,0.078,0.078,0.997,23,0.2609,6,17,10.0,False,True,-0.0554,0.1405,14569.97,14614.87,9,0,5,7,2,0,0,110,29,0,0,0,35,36,0.48,1.0,15,0.025,0.02,0.01,0.05,1
962.29,0.0096,100962.29,12373.46,0.1092,0.078,0.078,0.997,23,0.2609,6,17,10.0,False,True,-0.0554,0.1405,14569.97,14614.87,9,0,5,7,2,0,0,110,29,0,0,0,35,36,0.48,1.0,15,0.025,0.02,0.01,0.05,2
962.29,0.0096,100962.29,12373.46,0.1092,0.078,0.078,0.997,23,0.2609,6,17,10.0,False,True,-0.0554,0.1405,14569.97,14614.87,9,0,5,7,2,0,0,110,29,0,0,0,35,36,0.48,1.0,15,0.025,0.02,0.01,0.05,3
-12302.51,-0.123,87697.49,12302.51,0.123,-0.78,-1.0,0.176,20,0.2,4,16,5.5,False,True,-0.0843,0.0,2761.89,15655.79,9,0,2,7,2,0,0,80,22,0,0,0,35,24,0.48,1.0,15,0.025,0.02,0.02,0.03,1
-12302.51,-0.123,87697.49,12302.51,0.123,-0.78,-1.0,0.176,20,0.2,4,16,5.5,False,True,-0.0843,0.0,2761.89,15655.79,9,0,2,7,2,0,0,80,22,0,0,0,35,24,0.48,1.0,15,0.025,0.02,0.02,0.03,2
-12302.51,-0.123,87697.49,12302.51,0.123,-0.78,-1.0,0.176,20,0.2,4,16,5.5,False,True,-0.0843,0.0,2761.89,15655.79,9,0,2,7,2,0,0,80,22,0,0,0,35,24,0.48,1.0,15,0.025,0.02,0.02,0.03,3
962.29,0.0096,100962.29,12373.46,0.1092,0.078,0.078,0.997,23,0.2609,6,17,10.0,False,True,-0.0554,0.1405,14569.97,14614.87,9,0,5,7,2,0,0,110,29,0,0,0,35,36,0.48,1.0,15,0.025,0.02,0.02,0.05,1
962.29,0.0096,100962.29,12373.46,0.1092,0.078,0.078,0.997,23,0.2609,6,17,10.0,False,True,-0.0554,0.1405,14569.97,14614.87,9,0,5,7,2,0,0,110,29,0,0,0,35,36,0.48,1.0,15,0.025,0.02,0.02,0.05,2
962.29,0.0096,100962.29,12373.46,0.1092,0.078,0.078,0.997,23,0.2609,6,17,10.0,False,True,-0.0554,0.1405,14569.97,14614.87,9,0,5,7,2,0,0,110,29,0,0,0,35,36,0.48,1.0,15,0.025,0.02,0.02,0.05,3
-5234.86,-0.0523,94765.14,11613.96,0.1092,-0.278,-0.451,0.558,23,0.2609,6,17,10.0,False,True,-0.0554,0.0705,7789.89,13970.12,9,0,5,7,2,0,0,110,67,0,0,143,35,50,0.48,1.0,15,0.025,0.03,0.01,0.03,1
-5234.86,-0.0523,94765.14,11613.96,0.1092,-0.278,-0.451,0.558,23,0.2609,6,17,10.0,False,True,-0.0554,0.0705,7789.89,13970.12,9,0,5,7,2,0,0,110,67,0,0,143,35,50,0.48,1.0,15,0.025,0.03,0.01,0.03,2
-5234.86,-0.0523,94765.14,11613.96,0.1092,-0.278,-0.451,0.558,23,0.2609,6,17,10.0,False,True,-0.0554,0.0705,7789.89,13970.12,9,0,5,7,2,0,0,110,67,0,0,143,35,50,0.48,1.0,15,0.025,0.03,0.01,0.03,3
962.29,0.0096,100962.29,12373.46,0.1092,0.078,0.078,0.997,23,0.2609,6,17,10.0,False,True,-0.0554,0.1405,14569.97,14614.87,9,0,5,7,2,0,0,110,29,0,0,0,35,36,0.48,1.0,15,0.025,0.03,0.01,0.05,1
962.29,0.0096,100962.29,12373.46,0.1092,0.078,0.078,0.997,23,0.2609,6,17,10.0,False,True,-0.0554,0.1405,14569.97,14614.87,9,0,5,7,2,0,0,110,29,0,0,0,35,36,0.48,1.0,15,0.025,0.03,0.01,0.05,2
962.29,0.0096,100962.29,12373.46,0.1092,0.078,0.078,0.997,23,0.2609,6,17,10.0,False,True,-0.0554,0.1405,14569.97,14614.87,9,0,5,7,2,0,0,110,29,0,0,0,35,36,0.48,1.0,15,0.025,0.03,0.01,0.05,3
-12302.51,-0.123,87697.49,12302.51,0.123,-0.78,-1.0,0.176,20,0.2,4,16,5.5,False,True,-0.0843,0.0,2761.89,15655.79,9,0,2,7,2,0,0,80,22,0,0,0,35,24,0.48,1.0,15,0.025,0.03,0.02,0.03,1
-12302.51,-0.123,87697.49,12302.51,0.123,-0.78,-1.0,0.176,20,0.2,4,16,5.5,False,True,-0.0843,0.0,2761.89,15655.79,9,0,2,7,2,0,0,80,22,0,0,0,35,24,0.48,1.0,15,0.025,0.03,0.02,0.03,2
-12302.51,-0.123,87697.49,12302.51,0.123,-0.78,-1.0,0.176,20,0.2,4,16,5.5,False,True,-0.0843,0.0,2761.89,15655.79,9,0,2,7,2,0,0,80,22,0,0,0,35,24,0.48,1.0,15,0.025,0.03,0.02,0.03,3
962.29,0.0096,100962.29,12373.46,0.1092,0.078,0.078,0.997,23,0.2609,6,17,10.0,False,True,-0.0554,0.1405,14569.97,14614.87,9,0,5,7,2,0,0,110,29,0,0,0,35,36,0.48,1.0,15,0.025,0.03,0.02,0.05,1
962.29,0.0096,100962.29,12373.46,0.1092,0.078,0.078,0.997,23,0.2609,6,17,10.0,False,True,-0.0554,0.1405,14569.97,14614.87,9,0,5,7,2,0,0,110,29,0,0,0,35,36,0.48,1.0,15,0.025,0.03,0.02,0.05,2
962.29,0.0096,100962.29,12373.46,0.1092,0.078,0.078,0.997,23,0.2609,6,17,10.0,False,True,-0.0554,0.1405,14569.97,14614.87,9,0,5,7,2,0,0,110,29,0,0,0,35,36,0.48,1.0,15,0.025,0.03,0.02,0.05,3
-5234.86,-0.0523,94765.14,11613.96,0.1092,-0.278,-0.451,0.558,23,0.2609,6,17,10.0,False,True,-0.0554,0.0705,7789.89,13970.12,9,0,5,7,2,0,0,110,67,0,0,143,35,50,0.48,1.0,15,0.035,0.02,0.01,0.03,1
-5234.86,-0.0523,94765.14,11613.96,0.1092,-0.278,-0.451,0.558,23,0.2609,6,17,10.0,False,True,-0.0554,0.0705,7789.89,13970.12,9,0,5,7,2,0,0,110,67,0,0,143,35,50,0.48,1.0,15,0.035,0.02,0.01,0.03,2
-5234.86,-0.0523,94765.14,11613.96,0.1092,-0.278,-0.451,0.558,23,0.2609,6,17,10.0,False,True,-0.0554,0.0705,7789.89,13970.12,9,0,5,7,2,0,0,110,67,0,0,143,35,50,0.48,1.0,15,0.035,0.02,0.01,0.03,3
962.29,0.0096,100962.29,12373.46,0.1092,0.078,0.078,0.997,23,0.2609,6,17,10.0,False,True,-0.0554,0.1405,14569.97,14614.87,9,0,5,7,2,0,0,110,29,0,0,0,35,36,0.48,1.0,15,0.035,0.02,0.01,0.05,1
962.29,0.0096,100962.29,12373.46,0.1092,0.078,0.078,0.997,23,0.2609,6,17,10.0,False,True,-0.0554,0.1405,14569.97,14614.87,9,0,5,7,2,0,0,110,29,0,0,0,35,36,0.48,1.0,15,0.035,0.02,0.01,0.05,2
962.29,0.0096,100962.29,12373.46,0.1092,0.078,0.078,0.997,23,0.2609,6,17,10.0,False,True,-0.0554,0.1405,14569.97,14614.87,9,0,5,7,2,0,0,110,29,0,0,0,35,36,0.48,1.0,15,0.035,0.02,0.01,0.05,3
-12302.51,-0.123,87697.49,12302.51,0.123,-0.78,-1.0,0.176,20,0.2,4,16,5.5,False,True,-0.0843,0.0,2761.89,15655.79,9,0,2,7,2,0,0,80,22,0,0,0,35,24,0.48,1.0,15,0.035,0.02,0.02,0.03,1
-12302.51,-0.123,87697.49,12302.51,0.123,-0.78,-1.0,0.176,20,0.2,4,16,5.5,False,True,-0.0843,0.0,2761.89,15655.79,9,0,2,7,2,0,0,80,22,0,0,0,35,24,0.48,1.0,15,0.035,0.02,0.02,0.03,2
-12302.51,-0.123,87697.49,12302.51,0.123,-0.78,-1.0,0.176,20,0.2,4,16,5.5,False,True,-0.0843,0.0,2761.89,15655.79,9,0,2,7,2,0,0,80,22,0,0,0,35,24,0.48,1.0,15,0.035,0.02,0.02,0.03,3
962.29,0.0096,100962.29,12373.46,0.1092,0.078,0.078,0.997,23,0.2609,6,17,10.0,False,True,-0.0554,0.1405,14569.97,14614.87,9,0,5,7,2,0,0,110,29,0,0,0,35,36,0.48,1.0,15,0.035,0.02,0.02,0.05,1
962.29,0.0096,100962.29,12373.46,0.1092,0.078,0.078,0.997,23,0.2609,6,17,10.0,False,True,-0.0554,0.1405,14569.97,14614.87,9,0,5,7,2,0,0,110,29,0,0,0,35,36,0.48,1.0,15,0.035,0.02,0.02,0.05,2
962.29,0.0096,100962.29,12373.46,0.1092,0.078,0.078,0.997,23,0.2609,6,17,10.0,False,True,-0.0554,0.1405,14569.97,14614.87,9,0,5,7,2,0,0,110,29,0,0,0,35,36,0.48,1.0,15,0.035,0.02,0.02,0.05,3
-5234.86,-0.0523,94765.14,11613.96,0.1092,-0.278,-0.451,0.558,23,0.2609,6,17,10.0,False,True,-0.0554,0.0705,7789.89,13970.12,9,0,5,7,2,0,0,110,67,0,0,143,35,50,0.48,1.0,15,0.035,0.03,0.01,0.03,1
-5234.86,-0.0523,94765.14,11613.96,0.1092,-0.278,-0.451,0.558,23,0.2609,6,17,10.0,False,True,-0.0554,0.0705,7789.89,13970.12,9,0,5,7,2,0,0,110,67,0,0,143,35,50,0.48,1.0,15,0.035,0.03,0.01,0.03,2
-5234.86,-0.0523,94765.14,11613.96,0.1092,-0.278,-0.451,0.558,23,0.2609,6,17,10.0,False,True,-0.0554,0.0705,7789.89,13970.12,9,0,5,7,2,0,0,110,67,0,0,143,35,50,0.48,1.0,15,0.035,0.03,0.01,0.03,3
962.29,0.0096,100962.29,12373.46,0.1092,0.078,0.078,0.997,23,0.2609,6,17,10.0,False,True,-0.0554,0.1405,14569.97,14614.87,9,0,5,7,2,0,0,110,29,0,0,0,35,36,0.48,1.0,15,0.035,0.03,0.01,0.05,1
962.29,0.0096,100962.29,12373.46,0.1092,0.078,0.078,0.997,23,0.2609,6,17,10.0,False,True,-0.0554,0.1405,14569.97,14614.87,9,0,5,7,2,0,0,110,29,0,0,0,35,36,0.48,1.0,15,0.035,0.03,0.01,0.05,2
962.29,0.0096,100962.29,12373.46,0.1092,0.078,0.078,0.997,23,0.2609,6,17,10.0,False,True,-0.0554,0.1405,14569.97,14614.87,9,0,5,7,2,0,0,110,29,0,0,0,35,36,0.48,1.0,15,0.035,0.03,0.01,0.05,3
-12302.51,-0.123,87697.49,12302.51,0.123,-0.78,-1.0,0.176,20,0.2,4,16,5.5,False,True,-0.0843,0.0,2761.89,15655.79,9,0,2,7,2,0,0,80,22,0,0,0,35,24,0.48,1.0,15,0.035,0.03,0.02,0.03,1
-12302.51,-0.123,87697.49,12302.51,0.123,-0.78,-1.0,0.176,20,0.2,4,16,5.5,False,True,-0.0843,0.0,2761.89,15655.79,9,0,2,7,2,0,0,80,22,0,0,0,35,24,0.48,1.0,15,0.035,0.03,0.02,0.03,2
-12302.51,-0.123,87697.49,12302.51,0.123,-0.78,-1.0,0.176,20,0.2,4,16,5.5,False,True,-0.0843,0.0,2761.89,15655.79,9,0,2,7,2,0,0,80,22,0,0,0,35,24,0.48,1.0,15,0.035,0.03,0.02,0.03,3
962.29,0.0096,100962.29,12373.46,0.1092,0.078,0.078,0.997,23,0.2609,6,17,10.0,False,True,-0.0554,0.1405,14569.97,14614.87,9,0,5,7,2,0,0,110,29,0,0,0,35,36,0.48,1.0,15,0.035,0.03,0.02,0.05,1
962.29,0.0096,100962.29,12373.46,0.1092,0.078,0.078,0.997,23,0.2609,6,17,10.0,False,True,-0.0554,0.1405,14569.97,14614.87,9,0,5,7,2,0,0,110,29,0,0,0,35,36,0.48,1.0,15,0.035,0.03,0.02,0.05,2
962.29,0.0096,100962.29,12373.46,0.1092,0.078,0.078,0.997,23,0.2609,6,17,10.0,False,True,-0.0554,0.1405,14569.97,14614.87,9,0,5,7,2,0,0,110,29,0,0,0,35,36,0.48,1.0,15,0.035,0.03,0.02,0.05,3
10092.11,0.1009,110092.11,15094.62,0.1212,0.309,0.669,1.613,15,0.3333,5,10,10.1,False,True,-0.0659,0.2108,21200.14,13144.85,4,0,3,5,3,0,41,88,27,0,0,0,35,35,0.48,1.5,5,0.025,0.02,0.01,0.03,1
10092.11,0.1009,110092.11,15094.62,0.1212,0.309,0.669,1.613,15,0.3333,5,10,10.1,False,True,-0.0659,0.2108,21200.14,13144.85,4,0,3,5,3,0,41,88,27,0,0,0,35,35,0.48,1.5,5,0.025,0.02,0.01,0.03,2
10092.11,0.1009,110092.11,15094.62,0.1212,0.309,0.669,1.613,15,0.3333,5,10,10.1,False,True,-0.0659,0.2108,21200.14,13144.85,4,0,3,5,3,0,41,88,27,0,0,0,35,35,0.48,1.5,5,0.025,0.02,0.01,0.03,3
10092.11,0.1009,110092.11,15094.62,0.1212,0.309,0.669,1.613,15,0.3333,5,10,10.1,False,True,-0.0659,0.2108,21200.14,13144.85,4,0,3,5,3,0,41,88,27,0,0,0,35,35,0.48,1.5,5,0.025,0.02,0.01,0.05,1
10092.11,0.1009,110092.11,15094.62,0.1212,0.309,0.669,1.613,15,0.3333,5,10,10.1,False,True,-0.0659,0.2108,21200.14,13144.85,4,0,3,5,3,0,41,88,27,0,0,0,35,35,0.48,1.5,5,0.025,0.02,0.01,0.05,2
10092.11,0.1009,110092.11,15094.62,0.1212,0.309,0.669,1.613,15,0.3333,5,10,10.1,False,True,-0.0659,0.2108,21200.14,13144.85,4,0,3,5,3,0,41,88,27,0,0,0,35,35,0.48,1.5,5,0.025,0.02,0.01,0.05,3
10092.11,0.1009,110092.11,15094.62,0.1212,0.309,0.669,1.613,15,0.3333,5,10,10.1,False,True,-0.0659,0.2108,21200.14,13144.85,4,0,3,5,3,0,41,88,27,0,0,0,35,35,0.48,1.5,5,0.025,0.02,0.02,0.03,1
10092.11,0.1009,110092.11,15094.62,0.1212,0.309,0.669,1.613,15,0.3333,5,10,10.1,False,True,-0.0659,0.2108,21200.14,13144.85,4,0,3,5,3,0,41,88,27,0,0,0,35,35,0.48,1.5,5,0.025,0.02,0.02,0.03,2
10092.11,0.1009,110092.11,15094.62,0.1212,0.309,0.669,1.613,15,0.3333,5,10,10.1,False,True,-0.0659,0.2108,21200.14,13144.85,4,0,3,5,3,0,41,88,27,0,0,0,35,35,0.48,1.5,5,0.025,0.02,0.02,0.03,3
10092.11,0.1009,110092.11,15094.62,0.1212,0.309,0.669,1.613,15,0.3333,5,10,10.1,False,True,-0.0659,0.2108,21200.14,13144.85,4,0,3,5,3,0,41,88,27,0,0,0,35,35,0.48,1.5,5,0.025,0.02,0.02,0.05,1
10092.11,0.1009,110092.11,15094.62,0.1212,0.309,0.669,1.613,15,0.3333,5,10,10.1,False,True,-0.0659,0.2108,21200.14,13144.85,4,0,3,5,3,0,41,88,27,0,0,0,35,35,0.48,1.5,5,0.025,0.02,0.02,0.05,2
10092.11,0.1009,110092.11,15094.62,0.1212,0.309,0.669,1.613,15,0.3333,5,10,10.1,False,True,-0.0659,0.2108,21200.14,13144.85,4,0,3,5,3,0,41,88,27,0,0,0,35,35,0.48,1.5,5,0.025,0.02,0.02,0.05,3
10092.11,0.1009,110092.11,15094.62,0.1212,0.309,0.669,1.613,15,0.3333,5,10,10.1,False,True,-0.0659,0.2108,21200.14,13144.85,4,0,3,5,3,0,41,88,27,0,0,0,35,35,0.48,1.5,5,0.025,0.03,0.01,0.03,1
10092.11,0.1009,110092.11,15094.62,0.1212,0.309,0.669,1.613,15,0.3333,5,10,10.1,False,True,-0.0659,0.2108,21200.14,13144.85,4,0,3,5,3,0,41,88,27,0,0,0,35,35,0.48,1.5,5,0.025,0.03,0.01,0.03,2
10092.11,0.1009,110092.11,15094.62,0.1212,0.309,0.669,1.613,15,0.3333,5,10,10.1,False,True,-0.0659,0.2108,21200.14,13144.85,4,0,3,5,3,0,41,88,27,0,0,0,35,35,0.48,1.5,5,0.025,0.03,0.01,0.03,3
10092.11,0.1009,110092.11,15094.62,0.1212,0.309,0.669,1.613,15,0.3333,5,10,10.1,False,True,-0.0659,0.2108,21200.14,13144.85,4,0,3,5,3,0,41,88,27,0,0,0,35,35,0.48,1.5,5,0.025,0.03,0.01,0.05,1
10092.11,0.1009,110092.11,15094.62,0.1212,0.309,0.669,1.613,15,0.3333,5,10,10.1,False,True,-0.0659,0.2108,21200.14,13144.85,4,0,3,5,3,0,41,88,27,0,0,0,35,35,0.48,1.5,5,0.025,0.03,0.01,0.05,2
10092.11,0.1009,110092.11,15094.62,0.1212,0.309,0.669,1.613,15,0.3333,5,10,10.1,False,True,-0.0659,0.2108,21200.14,13144.85,4,0,3,5,3,0,41,88,27,0,0,0,35,35,0.48,1.5,5,0.025,0.03,0.01,0.05,3
10092.11,0.1009,110092.11,15094.62,0.1212,0.309,0.669,1.613,15,0.3333,5,10,10.1,False,True,-0.0659,0.2108,21200.14,13144.85,4,0,3,5,3,0,41,88,27,0,0,0,35,35,0.48,1.5,5,0.025,0.03,0.02,0.03,1
10092.11,0.1009,110092.11,15094.62,0.1212,0.309,0.669,1.613,15,0.3333,5,10,10.1,False,True,-0.0659,0.2108,21200.14,13144.85,4,0,3,5,3,0,41,88,27,0,0,0,35,35,0.48,1.5,5,0.025,0.03,0.02,0.03,2
10092.11,0.1009,110092.11,15094.62,0.1212,0.309,0.669,1.613,15,0.3333,5,10,10.1,False,True,-0.0659,0.2108,21200.14,13144.85,4,0,3,5,3,0,41,88,27,0,0,0,35,35,0.48,1.5,5,0.025,0.03,0.02,0.03,3
10092.11,0.1009,110092.11,15094.62,0.1212,0.309,0.669,1.613,15,0.3333,5,10,10.1,False,True,-0.0659,0.2108,21200.14,13144.85,4,0,3,5,3,0,41,88,27,0,0,0,35,35,0.48,1.5,5,0.025,0.03,0.02,0.05,1
10092.11,0.1009,110092.11,15094.62,0.1212,0.309,0.669,1.613,15,0.3333,5,10,10.1,False,True,-0.0659,0.2108,21200.14,13144.85,4,0,3,5,3,0,41,88,27,0,0,0,35,35,0.48,1.5,5,0.025,0.03,0.02,0.05,2
10092.11,0.1009,110092.11,15094.62,0.1212,0.309,0.669,1.613,15,0.3333,5,10,10.1,False,True,-0.0659,0.2108,21200.14,13144.85,4,0,3,5,3,0,41,88,27,0,0,0,35,35,0.48,1.5,5,0.025,0.03,0.02,0.05,3
-1211.84,-0.0121,98788.16,13544.74,0.1212,-0.017,-0.089,0.779,17,0.2941,5,12,9.2,False,True,-0.0659,0.1053,10686.41,13725.94,5,0,4,5,3,0,189,88,28,0,0,0,38,43,0.48,1.5,5,0.035,0.02,0.01,0.03,1
-1211.84,-0.0121,98788.16,13544.74,0.1212,-0.017,-0.089,0.779,17,0.2941,5,12,9.2,False,True,-0.0659,0.1053,10686.41,13725.94,5,0,4,5,3,0,189,88,28,0,0,0,38,43,0.48,1.5,5,0.035,0.02,0.01,0.03,2
-1211.84,-0.0121,98788.16,13544.74,0.1212,-0.017,-0.089,0.779,17,0.2941,5,12,9.2,False,True,-0.0659,0.1053,10686.41,13725.94,5,0,4,5,3,0,189,88,28,0,0,0,38,43,0.48,1.5,5,0.035,0.02,0.01,0.03,3
8218.33,0.0822,108218.33,14837.71,0.1212,0.262,0.554,1.425,17,0.2941,5,12,9.2,False,True,-0.0659,0.2108,20847.04,14630.87,5,0,4,5,3,0,189,88,28,0,0,0,38,43,0.48,1.5,5,0.035,0.02,0.01,0.05,1
8218.33,0.0822,108218.33,14837.71,0.1212,0.262,0.554,1.425,17,0.2941,5,12,9.2,False,True,-0.0659,0.2108,20847.04,14630.87,5,0,4,5,3,0,189,88,28,0,0,0,38,43,0.48,1.5,5,0.035,0.02,0.01,0.05,2
8218.33,0.0822,108218.33,14837.71,0.1212,0.262,0.554,1.425,17,0.2941,5,12,9.2,False,True,-0.0659,0.2108,20847.04,14630.87,5,0,4,5,3,0,189,88,28,0,0,0,38,43,0.48,1.5,5,0.035,0.02,0.01,0.05,3
-1211.84,-0.0121,98788.16,13544.74,0.1212,-0.017,-0.089,0.779,17,0.2941,5,12,9.2,False,True,-0.0659,0.1053,10686.41,13725.94,5,0,4,5,3,0,189,88,28,0,0,0,38,43,0.48,1.5,5,0.035,0.02,0.02,0.03,1
-1211.84,-0.0121,98788.16,13544.74,0.1212,-0.017,-0.089,0.779,17,0.2941,5,12,9.2,False,True,-0.0659,0.1053,10686.41,13725.94,5,0,4,5,3,0,189,88,28,0,0,0,38,43,0.48,1.5,5,0.035,0.02,0.02,0.03,2
-1211.84,-0.0121,98788.16,13544.74,0.1212,-0.017,-0.089,0.779,17,0.2941,5,12,9.2,False,True,-0.0659,0.1053,10686.41,13725.94,5,0,4,5,3,0,189,88,28,0,0,0,38,43,0.48,1.5,5,0.035,0.02,0.02,0.03,3
8218.33,0.0822,108218.33,14837.71,0.1212,0.262,0.554,1.425,17,0.2941,5,12,9.2,False,True,-0.0659,0.2108,20847.04,14630.87,5,0,4,5,3,0,189,88,28,0,0,0,38,43,0.48,1.5,5,0.035,0.02,0.02,0.05,1
8218.33,0.0822,108218.33,14837.71,0.1212,0.262,0.554,1.425,17,0.2941,5,12,9.2,False,True,-0.0659,0.2108,20847.04,14630.87,5,0,4,5,3,0,189,88,28,0,0,0,38,43,0.48,1.5,5,0.035,0.02,0.02,0.05,2
8218.33,0.0822,108218.33,14837.71,0.1212,0.262,0.554,1.425,17,0.2941,5,12,9.2,False,True,-0.0659,0.2108,20847.04,14630.87,5,0,4,5,3,0,189,88,28,0,0,0,38,43,0.48,1.5,5,0.035,0.02,0.02,0.05,3
-1211.84,-0.0121,98788.16,13544.74,0.1212,-0.017,-0.089,0.779,17,0.2941,5,12,9.2,False,True,-0.0659,0.1053,10686.41,13725.94,5,0,4,5,3,0,189,88,66,0,0,143,38,57,0.48,1.5,5,0.035,0.03,0.01,0.03,1
-1211.84,-0.0121,98788.16,13544.74,0.1212,-0.017,-0.089,0.779,17,0.2941,5,12,9.2,False,True,-0.0659,0.1053,10686.41,13725.94,5,0,4,5,3,0,189,88,66,0,0,143,38,57,0.48,1.5,5,0.035,0.03,0.01,0.03,2
-1211.84,-0.0121,98788.16,13544.74,0.1212,-0.017,-0.089,0.779,17,0.2941,5,12,9.2,False,True,-0.0659,0.1053,10686.41,13725.94,5,0,4,5,3,0,189,88,66,0,0,143,38,57,0.48,1.5,5,0.035,0.03,0.01,0.03,3
8218.33,0.0822,108218.33,14837.71,0.1212,0.262,0.554,1.425,17,0.2941,5,12,9.2,False,True,-0.0659,0.2108,20847.04,14630.87,5,0,4,5,3,0,189,88,28,0,0,0,38,43,0.48,1.5,5,0.035,0.03,0.01,0.05,1
8218.33,0.0822,108218.33,14837.71,0.1212,0.262,0.554,1.425,17,0.2941,5,12,9.2,False,True,-0.0659,0.2108,20847.04,14630.87,5,0,4,5,3,0,189,88,28,0,0,0,38,43,0.48,1.5,5,0.035,0.03,0.01,0.05,2
8218.33,0.0822,108218.33,14837.71,0.1212,0.262,0.554,1.425,17,0.2941,5,12,9.2,False,True,-0.0659,0.2108,20847.04,14630.87,5,0,4,5,3,0,189,88,28,0,0,0,38,43,0.48,1.5,5,0.035,0.03,0.01,0.05,3
-1211.84,-0.0121,98788.16,13544.74,0.1212,-0.017,-0.089,0.779,17,0.2941,5,12,9.2,False,True,-0.0659,0.1053,10686.41,13725.94,5,0,4,5,3,0,189,88,66,0,0,143,38,57,0.48,1.5,5,0.035,0.03,0.02,0.03,1
-1211.84,-0.0121,98788.16,13544.74,0.1212,-0.017,-0.089,0.779,17,0.2941,5,12,9.2,False,True,-0.0659,0.1053,10686.41,13725.94,5,0,4,5,3,0,189,88,66,0,0,143,38,57,0.48,1.5,5,0.035,0.03,0.02,0.03,2
-1211.84,-0.0121,98788.16,13544.74,0.1212,-0.017,-0.089,0.779,17,0.2941,5,12,9.2,False,True,-0.0659,0.1053,10686.41,13725.94,5,0,4,5,3,0,189,88,66,0,0,143,38,57,0.48,1.5,5,0.035,0.03,0.02,0.03,3
8218.33,0.0822,108218.33,14837.71,0.1212,0.262,0.554,1.425,17,0.2941,5,12,9.2,False,True,-0.0659,0.2108,20847.04,14630.87,5,0,4,5,3,0,189,88,28,0,0,0,38,43,0.48,1.5,5,0.035,0.03,0.02,0.05,1
8218.33,0.0822,108218.33,14837.71,0.1212,0.262,0.554,1.425,17,0.2941,5,12,9.2,False,True,-0.0659,0.2108,20847.04,14630.87,5,0,4,5,3,0,189,88,28,0,0,0,38,43,0.48,1.5,5,0.035,0.03,0.02,0.05,2
8218.33,0.0822,108218.33,14837.71,0.1212,0.262,0.554,1.425,17,0.2941,5,12,9.2,False,True,-0.0659,0.2108,20847.04,14630.87,5,0,4,5,3,0,189,88,28,0,0,0,38,43,0.48,1.5,5,0.035,0.03,0.02,0.05,3
-3258.69,-0.0326,96741.31,13264.1,0.1212,-0.098,-0.246,0.694,20,0.3,6,14,9.7,False,True,-0.0659,0.1058,11458.77,16507.28,7,0,3,7,3,0,14,99,27,0,0,0,35,35,0.48,1.5,10,0.025,0.02,0.01,0.03,1
-3258.69,-0.0326,96741.31,13264.1,0.1212,-0.098,-0.246,0.694,20,0.3,6,14,9.7,False,True,-0.0659,0.1058,11458.77,16507.28,7,0,3,7,3,0,14,99,27,0,0,0,35,35,0.48,1.5,10,0.025,0.02,0.01,0.03,2
-3258.69,-0.0326,96741.31,13264.1,0.1212,-0.098,-0.246,0.694,20,0.3,6,14,9.7,False,True,-0.0659,0.1058,11458.77,16507.28,7,0,3,7,3,0,14,99,27,0,0,0,35,35,0.48,1.5,10,0.025,0.02,0.01,0.03,3
-3302.26,-0.033,96697.74,13258.13,0.1212,-0.1,-0.249,0.692,20,0.3,6,14,9.7,False,True,-0.0659,0.1053,11458.77,16550.04,7,0,3,7,3,0,14,99,27,0,0,0,35,35,0.48,1.5,10,0.025,0.02,0.01,0.05,1
-3302.26,-0.033,96697.74,13258.13,0.1212,-0.1,-0.249,0.692,20,0.3,6,14,9.7,False,True,-0.0659,0.1053,11458.77,16550.04,7,0,3,7,3,0,14,99,27,0,0,0,35,35,0.48,1.5,10,0.025,0.02,0.01,0.05,2
-3302.26,-0.033,96697.74,13258.13,0.1212,-0.1,-0.249,0.692,20,0.3,6,14,9.7,False,True,-0.0659,0.1053,11458.77,16550.04,7,0,3,7,3,0,14,99,27,0,0,0,35,35,0.48,1.5,10,0.025,0.02,0.01,0.05,3
-3258.69,-0.0326,96741.31,13264.1,0.1212,-0.098,-0.246,0.694,20,0.3,6,14,9.7,False,True,-0.0659,0.1058,11458.77,16507.28,7,0,3,7,3,0,14,99,27,0,0,0,35,35,0.48,1.5,10,0.025,0.02,0.02,0.03,1
-3258.69,-0.0326,96741.31,13264.1,0.1212,-0.098,-0.246,0.694,20,0.3,6,14,9.7,False,True,-0.0659,0.1058,11458.77,16507.28,7,0,3,7,3,0,14,99,27,0,0,0,35,35,0.48,1.5,10,0.025,0.02,0.02,0.03,2
-3258.69,-0.0326,96741.31,13264.1,0.1212,-0.098,-0.246,0.694,20,0.3,6,14,9.7,False,True,-0.0659,0.1058,11458.77,16507.28,7,0,3,7,3,0,14,99,27,0,0,0,35,35,0.48,1.5,10,0.025,0.02,0.02,0.03,3
-3302.26,-0.033,96697.74,13258.13,0.1212,-0.1,-0.249,0.692,20,0.3,6,14,9.7,False,True,-0.0659,0.1053,11458.77,16550.04,7,0,3,7,3,0,14,99,27,0,0,0,35,35,0.48,1.5,10,0.025,0.02,0.02,0.05,1
-3302.26,-0.033,96697.74,13258.13,0.1212,-0.1,-0.249,0.692,20,0.3,6,14,9.7,False,True,-0.0659,0.1053,11458.77,16550.04,7,0,3,7,3,0,14,99,27,0,0,0,35,35,0.48,1.5,10,0.025,0.02,0.02,0.05,2
-3302.26,-0.033,96697.74,13258.13,0.1212,-0.1,-0.249,0.692,20,0.3,6,14,9.7,False,True,-0.0659,0.1053,11458.77,16550.04,7,0,3,7,3,0,14,99,27,0,0,0,35,35,0.48,1.5,10,0.025,0.02,0.02,0.05,3
-3258.69,-0.0326,96741.31,13264.1,0.1212,-0.098,-0.246,0.694,20,0.3,6,14,9.7,False,True,-0.0659,0.1058,11458.77,16507.28,7,0,3,7,3,0,14,99,65,0,0,143,35,49,0.48,1.5,10,0.025,0.03,0.01,0.03,1
-3258.69,-0.0326,96741.31,13264.1,0.1212,-0.098,-0.246,0.694,20,0.3,6,14,9.7,False,True,-0.0659,0.1058,11458.77,16507.28,7,0,3,7,3,0,14,99,65,0,0,143,35,49,0.48,1.5,10,0.025,0.03,0.01,0.03,2
-3258.69,-0.0326,96741.31,13264.1,0.1212,-0.098,-0.246,0.694,20,0.3,6,14,9.7,False,True,-0.0659,0.1058,11458.77,16507.28,7,0,3,7,3,0,14,99,65,0,0,143,35,49,0.48,1.5,10,0.025,0.03,0.01,0.03,3
-3302.26,-0.033,96697.74,13258.13,0.1212,-0.1,-0.249,0.692,20,0.3,6,14,9.7,False,True,-0.0659,0.1053,11458.77,16550.04,7,0,3,7,3,0,14,99,65,0,0,143,35,49,0.48,1.5,10,0.025,0.03,0.01,0.05,1
-3302.26,-0.033,96697.74,13258.13,0.1212,-0.1,-0.249,0.692,20,0.3,6,14,9.7,False,True,-0.0659,0.1053,11458.77,16550.04,7,0,3,7,3,0,14,99,65,0,0,143,35,49,0.48,1.5,10,0.025,0.03,0.01,0.05,2
-3302.26,-0.033,96697.74,13258.13,0.1212,-0.1,-0.249,0.692,20,0.3,6,14,9.7,False,True,-0.0659,0.1053,11458.77,16550.04,7,0,3,7,3,0,14,99,65,0,0,143,35,49,0.48,1.5,10,0.025,0.03,0.01,0.05,3
-3258.69,-0.0326,96741.31,13264.1,0.1212,-0.098,-0.246,0.694,20,0.3,6,14,9.7,False,True,-0.0659,0.1058,11458.77,16507.28,7,0,3,7,3,0,14,99,65,0,0,143,35,49,0.48,1.5,10,0.025,0.03,0.02,0.03,1
-3258.69,-0.0326,96741.31,13264.1,0.1212,-0.098,-0.246,0.694,20,0.3,6,14,9.7,False,True,-0.0659,0.1058,11458.77,16507.28,7,0,3,7,3,0,14,99,65,0,0,143,35,49,0.48,1.5,10,0.025,0.03,0.02,0.03,2
-3258.69,-0.0326,96741.31,13264.1,0.1212,-0.098,-0.246,0.694,20,0.3,6,14,9.7,False,True,-0.0659,0.1058,11458.77,16507.28,7,0,3,7,3,0,14,99,65,0,0,143,35,49,0.48,1.5,10,0.025,0.03,0.02,0.03,3
-3302.26,-0.033,96697.74,13258.13,0.1212,-0.1,-0.249,0.692,20,0.3,6,14,9.7,False,True,-0.0659,0.1053,11458.77,16550.04,7,0,3,7,3,0,14,99,65,0,0,143,35,49,0.48,1.5,10,0.025,0.03,0.02,0.05,1
-3302.26,-0.033,96697.74,13258.13,0.1212,-0.1,-0.249,0.692,20,0.3,6,14,9.7,False,True,-0.0659,0.1053,11458.77,16550.04,7,0,3,7,3,0,14,99,65,0,0,143,35,49,0.48,1.5,10,0.025,0.03,0.02,0.05,2
-3302.26,-0.033,96697.74,13258.13,0.1212,-0.1,-0.249,0.692,20,0.3,6,14,9.7,False,True,-0.0659,0.1053,11458.77,16550.04,7,0,3,7,3,0,14,99,65,0,0,143,35,49,0.48,1.5,10,0.025,0.03,0.02,0.05,3
-3258.69,-0.0326,96741.31,13264.1,0.1212,-0.098,-0.246,0.694,20,0.3,6,14,9.7,False,True,-0.0659,0.1058,11458.77,16507.28,7,0,3,7,3,0,14,99,27,0,0,0,35,35,0.48,1.5,10,0.035,0.02,0.01,0.03,1
-3258.69,-0.0326,96741.31,13264.1,0.1212,-0.098,-0.246,0.694,20,0.3,6,14,9.7,False,True,-0.0659,0.1058,11458.77,16507.28,7,0,3,7,3,0,14,99,27,0,0,0,35,35,0.48,1.5,10,0.035,0.02,0.01,0.03,2
-3258.69,-0.0326,96741.31,13264.1,0.1212,-0.098,-0.246,0.694,20,0.3,6,14,9.7,False,True,-0.0659,0.1058,11458.77,16507.28,7,0,3,7,3,0,14,99,27,0,0,0,35,35,0.48,1.5,10,0.035,0.02,0.01,0.03,3
-3302.26,-0.033,96697.74,13258.13,0.1212,-0.1,-0.249,0.692,20,0.3,6,14,9.7,False,True,-0.0659,0.1053,11458.77,16550.04,7,0,3,7,3,0,14,99,27,0,0,0,35,35,0.48,1.5,10,0.035,0.02,0.01,0.05,1
-3302.26,-0.033,96697.74,13258.13,0.1212,-0.1,-0.249,0.692,20,0.3,6,14,9.7,False,True,-0.0659,0.1053,11458.77,16550.04,7,0,3,7,3,0,14,99,27,0,0,0,35,35,0.48,1.5,10,0.035,0.02,0.01,0.05,2
-3302.26,-0.033,96697.74,13258.13,0.1212,-0.1,-0.249,0.692,20,0.3,6,14,9.7,False,True,-0.0659,0.1053,11458.77,16550.04,7,0,3,7,3,0,14,99,27,0,0,0,35,35,0.48,1.5,10,0.035,0.02,0.01,0.05,3
-3258.69,-0.0326,96741.31,13264.1,0.1212,-0.098,-0.246,0.694,20,0.3,6,14,9.7,False,True,-0.0659,0.1058,11458.77,16507.28,7,0,3,7,3,0,14,99,27,0,0,0,35,35,0.48,1.5,10,0.035,0.02,0.02,0.03,1
-3258.69,-0.0326,96741.31,13264.1,0.1212,-0.098,-0.246,0.694,20,0.3,6,14,9.7,False,True,-0.0659,0.1058,11458.77,16507.28,7,0,3,7,3,0,14,99,27,0,0,0,35,35,0.48,1.5,10,0.035,0.02,0.02,0.03,2
-3258.69,-0.0326,96741.31,13264.1,0.1212,-0.098,-0.246,0.694,20,0.3,6,14,9.7,False,True,-0.0659,0.1058,11458.77,16507.28,7,0,3,7,3,0,14,99,27,0,0,0,35,35,0.48,1.5,10,0.035,0.02,0.02,0.03,3
-3302.26,-0.033,96697.74,13258.13,0.1212,-0.1,-0.249,0.692,20,0.3,6,14,9.7,False,True,-0.0659,0.1053,11458.77,16550.04,7,0,3,7,3,0,14,99,27,0,0,0,35,35,0.48,1.5,10,0.035,0.02,0.02,0.05,1
-3302.26,-0.033,96697.74,13258.13,0.1212,-0.1,-0.249,0.692,20,0.3,6,14,9.7,False,True,-0.0659,0.1053,11458.77,16550.04,7,0,3,7,3,0,14,99,27,0,0,0,35,35,0.48,1.5,10,0.035,0.02,0.02,0.05,2
-3302.26,-0.033,96697.74,13258.13,0.1212,-0.1,-0.249,0.692,20,0.3,6,14,9.7,False,True,-0.0659,0.1053,11458.77,16550.04,7,0,3,7,3,0,14,99,27,0,0,0,35,35,0.48,1.5,10,0.035,0.02,0.02,0.05,3
-3258.69,-0.0326,96741.31,13264.1,0.1212,-0.098,-0.246,0.694,20,0.3,6,14,9.7,False,True,-0.0659,0.1058,11458.77,16507.28,7,0,3,7,3,0,14,99,65,0,0,143,35,49,0.48,1.5,10,0.035,0.03,0.01,0.03,1
-3258.69,-0.0326,96741.31,13264.1,0.1212,-0.098,-0.246,0.694,20,0.3,6,14,9.7,False,True,-0.0659,0.1058,11458.77,16507.28,7,0,3,7,3,0,14,99,65,0,0,143,35,49,0.48,1.5,10,0.035,0.03,0.01,0.03,2
-3258.69,-0.0326,96741.31,13264.1,0.1212,-0.098,-0.246,0.694,20,0.3,6,14,9.7,False,True,-0.0659,0.1058,11458.77,16507.28,7,0,3,7,3,0,14,99,65,0,0,143,35,49,0.48,1.5,10,0.035,0.03,0.01,0.03,3
-3302.26,-0.033,96697.74,13258.13,0.1212,-0.1,-0.249,0.692,20,0.3,6,14,9.7,False,True,-0.0659,0.1053,11458.77,16550.04,7,0,3,7,3,0,14,99,65,0,0,143,35,49,0.48,1.5,10,0.035,0.03,0.01,0.05,1
-3302.26,-0.033,96697.74,13258.13,0.1212,-0.1,-0.249,0.692,20,0.3,6,14,9.7,False,True,-0.0659,0.1053,11458.77,16550.04,7,0,3,7,3,0,14,99,65,0,0,143,35,49,0.48,1.5,10,0.035,0.03,0.01,0.05,2
-3302.26,-0.033,96697.74,13258.13,0.1212,-0.1,-0.249,0.692,20,0.3,6,14,9.7,False,True,-0.0659,0.1053,11458.77,16550.04,7,0,3,7,3,0,14,99,65,0,0,143,35,49,0.48,1.5,10,0.035,0.03,0.01,0.05,3
-3258.69,-0.0326,96741.31,13264.1,0.1212,-0.098,-0.246,0.694,20,0.3,6,14,9.7,False,True,-0.0659,0.1058,11458.77,16507.28,7,0,3,7,3,0,14,99,65,0,0,143,35,49,0.48,1.5,10,0.035,0.03,0.02,0.03,1
-3258.69,-0.0326,96741.31,13264.1,0.1212,-0.098,-0.246,0.694,20,0.3,6,14,9.7,False,True,-0.0659,0.1058,11458.77,16507.28,7,0,3,7,3,0,14,99,65,0,0,143,35,49,0.48,1.5,10,0.035,0.03,0.02,0.03,2
-3258.69,-0.0326,96741.31,13264.1,0.1212,-0.098,-0.246,0.694,20,0.3,6,14,9.7,False,True,-0.0659,0.1058,11458.77,16507.28,7,0,3,7,3,0,14,99,65,0,0,143,35,49,0.48,1.5,10,0.035,0.03,0.02,0.03,3
-3302.26,-0.033,96697.74,13258.13,0.1212,-0.1,-0.249,0.692,20,0.3,6,14,9.7,False,True,-0.0659,0.1053,11458.77,16550.04,7,0,3,7,3,0,14,99,65,0,0,143,35,49,0.48,1.5,10,0.035,0.03,0.02,0.05,1
-3302.26,-0.033,96697.74,13258.13,0.1212,-0.1,-0.249,0.692,20,0.3,6,14,9.7,False,True,-0.0659,0.1053,11458.77,16550.04,7,0,3,7,3,0,14,99,65,0,0,143,35,49,0.48,1.5,10,0.035,0.03,0.02,0.05,2
-3302.26,-0.033,96697.74,13258.13,0.1212,-0.1,-0.249,0.692,20,0.3,6,14,9.7,False,True,-0.0659,0.1053,11458.77,16550.04,7,0,3,7,3,0,14,99,65,0,0,143,35,49,0.48,1.5,10,0.035,0.03,0.02,0.05,3
-3258.69,-0.0326,96741.31,13264.1,0.1212,-0.098,-0.246,0.694,20,0.3,6,14,9.7,False,True,-0.0659,0.1058,11458.77,16507.28,7,0,3,7,3,0,0,110,27,0,0,0,35,35,0.48,1.5,15,0.025,0.02,0.01,0.03,1
-3258.69,-0.0326,96741.31,13264.1,0.1212,-0.098,-0.246,0.694,20,0.3,6,14,9.7,False,True,-0.0659,0.1058,11458.77,16507.28,7,0,3,7,3,0,0,110,27,0,0,0,35,35,0.48,1.5,15,0.025,0.02,0.01,0.03,2
-3258.69,-0.0326,96741.31,13264.1,0.1212,-0.098,-0.246,0.694,20,0.3,6,14,9.7,False,True,-0.0659,0.1058,11458.77,16507.28,7,0,3,7,3,0,0,110,27,0,0,0,35,35,0.48,1.5,15,0.025,0.02,0.01,0.03,3
-3302.26,-0.033,96697.74,13258.13,0.1212,-0.1,-0.249,0.692,20,0.3,6,14,9.7,False,True,-0.0659,0.1053,11458.77,16550.04,7,0,3,7,3,0,0,110,27,0,0,0,35,35,0.48,1.5,15,0.025,0.02,0.01,0.05,1
-3302.26,-0.033,96697.74,13258.13,0.1212,-0.1,-0.249,0.692,20,0.3,6,14,9.7,False,True,-0.0659,0.1053,11458.77,16550.04,7,0,3,7,3,0,0,110,27,0,0,0,35,35,0.48,1.5,15,0.025,0.02,0.01,0.05,2
-3302.26,-0.033,96697.74,13258.13,0.1212,-0.1,-0.249,0.692,20,0.3,6,14,9.7,False,True,-0.0659,0.1053,11458.77,16550.04,7,0,3,7,3,0,0,110,27,0,0,0,35,35,0.48,1.5,15,0.025,0.02,0.01,0.05,3
-3258.69,-0.0326,96741.31,13264.1,0.1212,-0.098,-0.246,0.694,20,0.3,6,14,9.7,False,True,-0.0659,0.1058,11458.77,16507.28,7,0,3,7,3,0,0,110,27,0,0,0,35,35,0.48,1.5,15,0.025,0.02,0.02,0.03,1
-3258.69,-0.0326,96741.31,13264.1,0.1212,-0.098,-0.246,0.694,20,0.3,6,14,9.7,False,True,-0.0659,0.1058,11458.77,16507.28,7,0,3,7,3,0,0,110,27,0,0,0,35,35,0.48,1.5,15,0.025,0.02,0.02,0.03,2
-3258.69,-0.0326,96741.31,13264.1,0.1212,-0.098,-0.246,0.694,20,0.3,6,14,9.7,False,True,-0.0659,0.1058,11458.77,16507.28,7,0,3,7,3,0,0,110,27,0,0,0,35,35,0.48,1.5,15,0.025,0.02,0.02,0.03,3
-3302.26,-0.033,96697.74,13258.13,0.1212,-0.1,-0.249,0.692,20,0.3,6,14,9.7,False,True,-0.0659,0.1053,11458.77,16550.04,7,0,3,7,3,0,0,110,27,0,0,0,35,35,0.48,1.5,15,0.025,0.02,0.02,0.05,1
-3302.26,-0.033,96697.74,13258.13,0.1212,-0.1,-0.249,0.692,20,0.3,6,14,9.7,False,True,-0.0659,0.1053,11458.77,16550.04,7,0,3,7,3,0,0,110,27,0,0,0,35,35,0.48,1.5,15,0.025,0.02,0.02,0.05,2
-3302.26,-0.033,96697.74,13258.13,0.1212,-0.1,-0.249,0.692,20,0.3,6,14,9.7,False,True,-0.0659,0.1053,11458.77,16550.04,7,0,3,7,3,0,0,110,27,0,0,0,35,35,0.48,1.5,15,0.025,0.02,0.02,0.05,3
-3258.69,-0.0326,96741.31,13264.1,0.1212,-0.098,-0.246,0.694,20,0.3,6,14,9.7,False,True,-0.0659,0.1058,11458.77,16507.28,7,0,3,7,3,0,0,110,65,0,0,143,35,49,0.48,1.5,15,0.025,0.03,0.01,0.03,1
-3258.69,-0.0326,96741.31,13264.1,0.1212,-0.098,-0.246,0.694,20,0.3,6,14,9.7,False,True,-0.0659,0.1058,11458.77,16507.28,7,0,3,7,3,0,0,110,65,0,0,143,35,49,0.48,1.5,15,0.025,0.03,0.01,0.03,2
-3258.69,-0.0326,96741.31,13264.1,0.1212,-0.098,-0.246,0.694,20,0.3,6,14,9.7,False,True,-0.0659,0.1058,11458.77,16507.28,7,0,3,7,3,0,0,110,65,0,0,143,35,49,0.48,1.5,15,0.025,0.03,0.01,0.03,3
-3302.26,-0.033,96697.74,13258.13,0.1212,-0.1,-0.249,0.692,20,0.3,6,14,9.7,False,True,-0.0659,0.1053,11458.77,16550.04,7,0,3,7,3,0,0,110,65,0,0,143,35,49,0.48,1.5,15,0.025,0.03,0.01,0.05,1
-3302.26,-0.033,96697.74,13258.13,0.1212,-0.1,-0.249,0.692,20,0.3,6,14,9.7,False,True,-0.0659,0.1053,11458.77,16550.04,7,0,3,7,3,0,0,110,65,0,0,143,35,49,0.48,1.5,15,0.025,0.03,0.01,0.05,2
-3302.26,-0.033,96697.74,13258.13,0.1212,-0.1,-0.249,0.692,20,0.3,6,14,9.7,False,True,-0.0659,0.1053,11458.77,16550.04,7,0,3,7,3,0,0,110,65,0,0,143,35,49,0.48,1.5,15,0.025,0.03,0.01,0.05,3
-3258.69,-0.0326,96741.31,13264.1,0.1212,-0.098,-0.246,0.694,20,0.3,6,14,9.7,False,True,-0.0659,0.1058,11458.77,16507.28,7,0,3,7,3,0,0,110,65,0,0,143,35,49,0.48,1.5,15,0.025,0.03,0.02,0.03,1
-3258.69,-0.0326,96741.31,13264.1,0.1212,-0.098,-0.246,0.694,20,0.3,6,14,9.7,False,True,-0.0659,0.1058,11458.77,16507.28,7,0,3,7,3,0,0,110,65,0,0,143,35,49,0.48,1.5,15,0.025,0.03,0.02,0.03,2
-3258.69,-0.0326,96741.31,13264.1,0.1212,-0.098,-0.246,0.694,20,0.3,6,14,9.7,False,True,-0.0659,0.1058,11458.77,16507.28,7,0,3,7,3,0,0,110,65,0,0,143,35,49,0.48,1.5,15,0.025,0.03,0.02,0.03,3
-3302.26,-0.033,96697.74,13258.13,0.1212,-0.1,-0.249,0.692,20,0.3,6,14,9.7,False,True,-0.0659,0.1053,11458.77,16550.04,7,0,3,7,3,0,0,110,65,0,0,143,35,49,0.48,1.5,15,0.025,0.03,0.02,0.05,1
-3302.26,-0.033,96697.74,13258.13,0.1212,-0.1,-0.249,0.692,20,0.3,6,14,9.7,False,True,-0.0659,0.1053,11458.77,16550.04,7,0,3,7,3,0,0,110,65,0,0,143,35,49,0.48,1.5,15,0.025,0.03,0.02,0.05,2
-3302.26,-0.033,96697.74,13258.13,0.1212,-0.1,-0.249,0.692,20,0.3,6,14,9.7,False,True,-0.0659,0.1053,11458.77,16550.04,7,0,3,7,3,0,0,110,65,0,0,143,35,49,0.48,1.5,15,0.025,0.03,0.02,0.05,3
-3258.69,-0.0326,96741.31,13264.1,0.1212,-0.098,-0.246,0.694,20,0.3,6,14,9.7,False,True,-0.0659,0.1058,11458.77,16507.28,7,0,3,7,3,0,0,110,27,0,0,0,35,35,0.48,1.5,15,0.035,0.02,0.01,0.03,1
-3258.69,-0.0326,96741.31,13264.1,0.1212,-0.098,-0.246,0.694,20,0.3,6,14,9.7,False,True,-0.0659,0.1058,11458.77,16507.28,7,0,3,7,3,0,0,110,27,0,0,0,35,35,0.48,1.5,15,0.035,0.02,0.01,0.03,2
-3258.69,-0.0326,96741.31,13264.1,0.1212,-0.098,-0.246,0.694,20,0.3,6,14,9.7,False,True,-0.0659,0.1058,11458.77,16507.28,7,0,3,7,3,0,0,110,27,0,0,0,35,35,0.48,1.5,15,0.035,0.02,0.01,0.03,3
-3302.26,-0.033,96697.74,13258.13,0.1212,-0.1,-0.249,0.692,20,0.3,6,14,9.7,False,True,-0.0659,0.1053,11458.77,16550.04,7,0,3,7,3,0,0,110,27,0,0,0,35,35,0.48,1.5,15,0.035,0.02,0.01,0.05,1
-3302.26,-0.033,96697.74,13258.13,0.1212,-0.1,-0.249,0.692,20,0.3,6,14,9.7,False,True,-0.0659,0.1053,11458.77,16550.04,7,0,3,7,3,0,0,110,27,0,0,0,35,35,0.48,1.5,15,0.035,0.02,0.01,0.05,2
-3302.26,-0.033,96697.74,13258.13,0.1212,-0.1,-0.249,0.692,20,0.3,6,14,9.7,False,True,-0.0659,0.1053,11458.77,16550.04,7,0,3,7,3,0,0,110,27,0,0,0,35,35,0.48,1.5,15,0.035,0.02,0.01,0.05,3
-3258.69,-0.0326,96741.31,13264.1,0.1212,-0.098,-0.246,0.694,20,0.3,6,14,9.7,False,True,-0.0659,0.1058,11458.77,16507.28,7,0,3,7,3,0,0,110,27,0,0,0,35,35,0.48,1.5,15,0.035,0.02,0.02,0.03,1
-3258.69,-0.0326,96741.31,13264.1,0.1212,-0.098,-0.246,0.694,20,0.3,6,14,9.7,False,True,-0.0659,0.1058,11458.77,16507.28,7,0,3,7,3,0,0,110,27,0,0,0,35,35,0.48,1.5,15,0.035,0.02,0.02,0.03,2
-3258.69,-0.0326,96741.31,13264.1,0.1212,-0.098,-0.246,0.694,20,0.3,6,14,9.7,False,True,-0.0659,0.1058,11458.77,16507.28,7,0,3,7,3,0,0,110,27,0,0,0,35,35,0.48,1.5,15,0.035,0.02,0.02,0.03,3
-3302.26,-0.033,96697.74,13258.13,0.1212,-0.1,-0.249,0.692,20,0.3,6,14,9.7,False,True,-0.0659,0.1053,11458.77,16550.04,7,0,3,7,3,0,0,110,27,0,0,0,35,35,0.48,1.5,15,0.035,0.02,0.02,0.05,1
-3302.26,-0.033,96697.74,13258.13,0.1212,-0.1,-0.249,0.692,20,0.3,6,14,9.7,False,True,-0.0659,0.1053,11458.77,16550.04,7,0,3,7,3,0,0,110,27,0,0,0,35,35,0.48,1.5,15,0.035,0.02,0.02,0.05,2
-3302.26,-0.033,96697.74,13258.13,0.1212,-0.1,-0.249,0.692,20,0.3,6,14,9.7,False,True,-0.0659,0.1053,11458.77,16550.04,7,0,3,7,3,0,0,110,27,0,0,0,35,35,0.48,1.5,15,0.035,0.02,0.02,0.05,3
-3258.69,-0.0326,96741.31,13264.1,0.1212,-0.098,-0.246,0.694,20,0.3,6,14,9.7,False,True,-0.0659,0.1058,11458.77,16507.28,7,0,3,7,3,0,0,110,65,0,0,143,35,49,0.48,1.5,15,0.035,0.03,0.01,0.03,1
-3258.69,-0.0326,96741.31,13264.1,0.1212,-0.098,-0.246,0.694,20,0.3,6,14,9.7,False,True,-0.0659,0.1058,11458.77,16507.28,7,0,3,7,3,0,0,110,65,0,0,143,35,49,0.48,1.5,15,0.035,0.03,0.01,0.03,2
-3258.69,-0.0326,96741.31,13264.1,0.1212,-0.098,-0.246,0.694,20,0.3,6,14,9.7,False,True,-0.0659,0.1058,11458.77,16507.28,7,0,3,7,3,0,0,110,65,0,0,143,35,49,0.48,1.5,15,0.035,0.03,0.01,0.03,3
-3302.26,-0.033,96697.74,13258.13,0.1212,-0.1,-0.249,0.692,20,0.3,6,14,9.7,False,True,-0.0659,0.1053,11458.77,16550.04,7,0,3,7,3,0,0,110,65,0,0,143,35,49,0.48,1.5,15,0.035,0.03,0.01,0.05,1
-3302.26,-0.033,96697.74,13258.13,0.1212,-0.1,-0.249,0.692,20,0.3,6,14,9.7,False,True,-0.0659,0.1053,11458.77,16550.04,7,0,3,7,3,0,0,110,65,0,0,143,35,49,0.48,1.5,15,0.035,0.03,0.01,0.05,2
-3302.26,-0.033,96697.74,13258.13,0.1212,-0.1,-0.249,0.692,20,0.3,6,14,9.7,False,True,-0.0659,0.1053,11458.77,16550.04,7,0,3,7,3,0,0,110,65,0,0,143,35,49,0.48,1.5,15,0.035,0.03,0.01,0.05,3
-3258.69,-0.0326,96741.31,13264.1,0.1212,-0.098,-0.246,0.694,20,0.3,6,14,9.7,False,True,-0.0659,0.1058,11458.77,16507.28,7,0,3,7,3,0,0,110,65,0,0,143,35,49,0.48,1.5,15,0.035,0.03,0.02,0.03,1
-3258.69,-0.0326,96741.31,13264.1,0.1212,-0.098,-0.246,0.694,20,0.3,6,14,9.7,False,True,-0.0659,0.1058,11458.77,16507.28,7,0,3,7,3,0,0,110,65,0,0,143,35,49,0.48,1.5,15,0.035,0.03,0.02,0.03,2
-3258.69,-0.0326,96741.31,13264.1,0.1212,-0.098,-0.246,0.694,20,0.3,6,14,9.7,False,True,-0.0659,0.1058,11458.77,16507.28,7,0,3,7,3,0,0,110,65,0,0,143,35,49,0.48,1.5,15,0.035,0.03,0.02,0.03,3
-3302.26,-0.033,96697.74,13258.13,0.1212,-0.1,-0.249,0.692,20,0.3,6,14,9.7,False,True,-0.0659,0.1053,11458.77,16550.04,7,0,3,7,3,0,0,110,65,0,0,143,35,49,0.48,1.5,15,0.035,0.03,0.02,0.05,1
-3302.26,-0.033,96697.74,13258.13,0.1212,-0.1,-0.249,0.692,20,0.3,6,14,9.7,False,True,-0.0659,0.1053,11458.77,16550.04,7,0,3,7,3,0,0,110,65,0,0,143,35,49,0.48,1.5,15,0.035,0.03,0.02,0.05,2
-3302.26,-0.033,96697.74,13258.13,0.1212,-0.1,-0.249,0.692,20,0.3,6,14,9.7,False,True,-0.0659,0.1053,11458.77,16550.04,7,0,3,7,3,0,0,110,65,0,0,143,35,49,0.48,1.5,15,0.035,0.03,0.02,0.05,3
-9199.56,-0.092,90800.44,10690.7,0.1053,-0.814,-0.861,0.148,32,0.2188,7,25,5.8,False,True,-0.0536,0.0,1646.11,11154.16,14,0,6,9,3,0,1100,62,53,0,0,0,93,88,0.5,0.5,5,0.025,0.02,0.01,0.03,1
-9199.56,-0.092,90800.44,10690.7,0.1053,-0.814,-0.861,0.148,32,0.2188,7,25,5.8,False,True,-0.0536,0.0,1646.11,11154.16,14,0,6,9,3,0,1100,62,53,0,0,0,93,88,0.5,0.5,5,0.025,0.02,0.01,0.03,2
-9199.56,-0.092,90800.44,10690.7,0.1053,-0.814,-0.861,0.148,32,0.2188,7,25,5.8,False,True,-0.0536,0.0,1646.11,11154.16,14,0,6,9,3,0,1100,62,53,0,0,0,93,88,0.5,0.5,5,0.025,0.02,0.01,0.03,3
-8817.94,-0.0882,91182.06,10349.02,0.102,-0.827,-0.852,0.429,57,0.2632,15,42,7.1,False,True,-0.0408,0.014,6724.93,15673.97,26,0,9,16,6,0,1578,94,203,0,0,478,97,170,0.5,0.5,5,0.025,0.02,0.01,0.05,1
-8817.94,-0.0882,91182.06,10349.02,0.102,-0.827,-0.852,0.429,57,0.2632,15,42,7.1,False,True,-0.0408,0.014,6724.93,15673.97,26,0,9,16,6,0,1578,94,203,0,0,478,97,170,0.5,0.5,5,0.025,0.02,0.01,0.05,2
-8817.94,-0.0882,91182.06,10349.02,0.102,-0.827,-0.852,0.429,57,0.2632,15,42,7.1,False,True,-0.0408,0.014,6724.93,15673.97,26,0,9,16,6,0,1578,94,203,0,0,478,97,170,0.5,0.5,5,0.025,0.02,0.01,0.05,3
-9199.56,-0.092,90800.44,10690.7,0.1053,-0.814,-0.861,0.148,32,0.2188,7,25,5.8,False,True,-0.0536,0.0,1646.11,11154.16,14,0,6,9,3,0,1100,62,53,0,0,0,93,88,0.5,0.5,5,0.025,0.02,0.02,0.03,1
-9199.56,-0.092,90800.44,10690.7,0.1053,-0.814,-0.861,0.148,32,0.2188,7,25,5.8,False,True,-0.0536,0.0,1646.11,11154.16,14,0,6,9,3,0,1100,62,53,0,0,0,93,88,0.5,0.5,5,0.025,0.02,0.02,0.03,2
-9199.56,-0.092,90800.44,10690.7,0.1053,-0.814,-0.861,0.148,32,0.2188,7,25,5.8,False,True,-0.0536,0.0,1646.11,11154.16,14,0,6,9,3,0,1100,62,53,0,0,0,93,88,0.5,0.5,5,0.025,0.02,0.02,0.03,3
-9201.14,-0.092,90798.86,10692.28,0.1054,-0.933,-0.861,0.408,49,0.2653,13,36,7.4,False,True,-0.0408,0.0,6517.14,15992.16,24,0,7,14,4,0,1103,135,91,0,0,0,93,165,0.5,0.5,5,0.025,0.02,0.02,0.05,1
-9201.14,-0.092,90798.86,10692.28,0.1054,-0.933,-0.861,0.408,49,0.2653,13,36,7.4,False,True,-0.0408,0.0,6517.14,15992.16,24,0,7,14,4,0,1103,135,91,0,0,0,93,165,0.5,0.5,5,0.025,0.02,0.02,0.05,2
-9201.14,-0.092,90798.86,10692.28,0.1054,-0.933,-0.861,0.408,49,0.2653,13,36,7.4,False,True,-0.0408,0.0,6517.14,15992.16,24,0,7,14,4,0,1103,135,91,0,0,0,93,165,0.5,0.5,5,0.025,0.02,0.02,0.05,3
-9199.56,-0.092,90800.44,10690.7,0.1053,-0.814,-0.861,0.148,32,0.2188,7,25,5.8,False,True,-0.0536,0.0,1646.11,11154.16,14,0,6,9,3,0,1100,62,53,0,0,0,93,88,0.5,0.5,5,0.025,0.03,0.01,0.03,1
-9199.56,-0.092,90800.44,10690.7,0.1053,-0.814,-0.861,0.148,32,0.2188,7,25,5.8,False,True,-0.0536,0.0,1646.11,11154.16,14,0,6,9,3,0,1100,62,53,0,0,0,93,88,0.5,0.5,5,0.025,0.03,0.01,0.03,2
-9199.56,-0.092,90800.44,10690.7,0.1053,-0.814,-0.861,0.148,32,0.2188,7,25,5.8,False,True,-0.0536,0.0,1646.11,11154.16,14,0,6,9,3,0,1100,62,53,0,0,0,93,88,0.5,0.5,5,0.025,0.03,0.01,0.03,3
-8817.94,-0.0882,91182.06,10349.02,0.102,-0.827,-0.852,0.429,57,0.2632,15,42,7.1,False,True,-0.0408,0.014,6724.93,15673.97,26,0,9,16,6,0,1578,94,203,0,0,478,97,170,0.5,0.5,5,0.025,0.03,0.01,0.05,1
-8817.94,-0.0882,91182.06,10349.02,0.102,-0.827,-0.852,0.429,57,0.2632,15,42,7.1,False,True,-0.0408,0.014,6724.93,15673.97,26,0,9,16,6,0,1578,94,203,0,0,478,97,170,0.5,0.5,5,0.025,0.03,0.01,0.05,2
-8817.94,-0.0882,91182.06,10349.02,0.102,-0.827,-0.852,0.429,57,0.2632,15,42,7.1,False,True,-0.0408,0.014,6724.93,15673.97,26,0,9,16,6,0,1578,94,203,0,0,478,97,170,0.5,0.5,5,0.025,0.03,0.01,0.05,3
-9199.56,-0.092,90800.44,10690.7,0.1053,-0.814,-0.861,0.148,32,0.2188,7,25,5.8,False,True,-0.0536,0.0,1646.11,11154.16,14,0,6,9,3,0,1100,62,53,0,0,0,93,88,0.5,0.5,5,0.025,0.03,0.02,0.03,1
-9199.56,-0.092,90800.44,10690.7,0.1053,-0.814,-0.861,0.148,32,0.2188,7,25,5.8,False,True,-0.0536,0.0,1646.11,11154.16,14,0,6,9,3,0,1100,62,53,0,0,0,93,88,0.5,0.5,5,0.025,0.03,0.02,0.03,2
-9199.56,-0.092,90800.44,10690.7,0.1053,-0.814,-0.861,0.148,32,0.2188,7,25,5.8,False,True,-0.0536,0.0,1646.11,11154.16,14,0,6,9,3,0,1100,62,53,0,0,0,93,88,0.5,0.5,5,0.025,0.03,0.02,0.03,3
-9201.14,-0.092,90798.86,10692.28,0.1054,-0.933,-0.861,0.408,49,0.2653,13,36,7.4,False,True,-0.0408,0.0,6517.14,15992.16,24,0,7,14,4,0,1103,135,91,0,0,0,93,165,0.5,0.5,5,0.025,0.03,0.02,0.05,1
-9201.14,-0.092,90798.86,10692.28,0.1054,-0.933,-0.861,0.408,49,0.2653,13,36,7.4,False,True,-0.0408,0.0,6517.14,15992.16,24,0,7,14,4,0,1103,135,91,0,0,0,93,165,0.5,0.5,5,0.025,0.03,0.02,0.05,2
-9201.14,-0.092,90798.86,10692.28,0.1054,-0.933,-0.861,0.408,49,0.2653,13,36,7.4,False,True,-0.0408,0.0,6517.14,15992.16,24,0,7,14,4,0,1103,135,91,0,0,0,93,165,0.5,0.5,5,0.025,0.03,0.02,0.05,3
-9563.91,-0.0956,90436.09,11055.05,0.1089,-0.818,-0.865,0.152,36,0.25,9,27,5.8,False,True,-0.0536,0.0,1773.94,11645.1,15,0,7,11,3,0,1358,62,60,0,0,0,100,100,0.5,0.5,5,0.035,0.02,0.01,0.03,1
-9563.91,-0.0956,90436.09,11055.05,0.1089,-0.818,-0.865,0.152,36,0.25,9,27,5.8,False,True,-0.0536,0.0,1773.94,11645.1,15,0,7,11,3,0,1358,62,60,0,0,0,100,100,0.5,0.5,5,0.035,0.02,0.01,0.03,2
-9563.91,-0.0956,90436.09,11055.05,0.1089,-0.818,-0.865,0.152,36,0.25,9,27,5.8,False,True,-0.0536,0.0,1773.94,11645.1,15,0,7,11,3,0,1358,62,60,0,0,0,100,100,0.5,0.5,5,0.035,0.02,0.01,0.03,3
-8936.0,-0.0894,91064.0,10427.14,0.1027,-0.817,-0.857,0.435,59,0.2881,17,42,7.2,False,True,-0.0441,0.0142,6966.04,16002.06,26,0,10,18,5,0,1776,94,209,0,0,478,104,180,0.5,0.5,5,0.035,0.02,0.01,0.05,1
-8936.0,-0.0894,91064.0,10427.14,0.1027,-0.817,-0.857,0.435,59,0.2881,17,42,7.2,False,True,-0.0441,0.0142,6966.04,16002.06,26,0,10,18,5,0,1776,94,209,0,0,478,104,180,0.5,0.5,5,0.035,0.02,0.01,0.05,2
-8936.0,-0.0894,91064.0,10427.14,0.1027,-0.817,-0.857,0.435,59,0.2881,17,42,7.2,False,True,-0.0441,0.0142,6966.04,16002.06,26,0,10,18,5,0,1776,94,209,0,0,478,104,180,0.5,0.5,5,0.035,0.02,0.01,0.05,3
-9563.91,-0.0956,90436.09,11055.05,0.1089,-0.818,-0.865,0.152,36,0.25,9,27,5.8,False,True,-0.0536,0.0,1773.94,11645.1,15,0,7,11,3,0,1358,62,60,0,0,0,100,100,0.5,0.5,5,0.035,0.02,0.02,0.03,1
-9563.91,-0.0956,90436.09,11055.05,0.1089,-0.818,-0.865,0.152,36,0.25,9,27,5.8,False,True,-0.0536,0.0,1773.94,11645.1,15,0,7,11,3,0,1358,62,60,0,0,0,100,100,0.5,0.5,5,0.035,0.02,0.02,0.03,2
-9563.91,-0.0956,90436.09,11055.05,0.1089,-0.818,-0.865,0.152,36,0.25,9,27,5.8,False,True,-0.0536,0.0,1773.94,11645.1,15,0,7,11,3,0,1358,62,60,0,0,0,100,100,0.5,0.5,5,0.035,0.02,0.02,0.03,3
-9509.03,-0.0951,90490.97,11000.17,0.1084,-0.928,-0.864,0.409,53,0.283,15,38,7.3,False,True,-0.0441,0.0,6758.95,16540.89,25,0,8,16,4,0,1361,135,98,0,0,0,100,177,0.5,0.5,5,0.035,0.02,0.02,0.05,1
-9509.03,-0.0951,90490.97,11000.17,0.1084,-0.928,-0.864,0.409,53,0.283,15,38,7.3,False,True,-0.0441,0.0,6758.95,16540.89,25,0,8,16,4,0,1361,135,98,0,0,0,100,177,0.5,0.5,5,0.035,0.02,0.02,0.05,2
-9509.03,-0.0951,90490.97,11000.17,0.1084,-0.928,-0.864,0.409,53,0.283,15,38,7.3,False,True,-0.0441,0.0,6758.95,16540.89,25,0,8,16,4,0,1361,135,98,0,0,0,100,177,0.5,0.5,5,0.035,0.02,0.02,0.05,3
-9563.91,-0.0956,90436.09,11055.05,0.1089,-0.818,-0.865,0.152,36,0.25,9,27,5.8,False,True,-0.0536,0.0,1773.94,11645.1,15,0,7,11,3,0,1358,62,60,0,0,0,100,100,0.5,0.5,5,0.035,0.03,0.01,0.03,1
-9563.91,-0.0956,90436.09,11055.05,0.1089,-0.818,-0.865,0.152,36,0.25,9,27,5.8,False,True,-0.0536,0.0,1773.94,11645.1,15,0,7,11,3,0,1358,62,60,0,0,0,100,100,0.5,0.5,5,0.035,0.03,0.01,0.03,2
-9563.91,-0.0956,90436.09,11055.05,0.1089,-0.818,-0.865,0.152,36,0.25,9,27,5.8,False,True,-0.0536,0.0,1773.94,11645.1,15,0,7,11,3,0,1358,62,60,0,0,0,100,100,0.5,0.5,5,0.035,0.03,0.01,0.03,3
-8936.0,-0.0894,91064.0,10427.14,0.1027,-0.817,-0.857,0.435,59,0.2881,17,42,7.2,False,True,-0.0441,0.0142,6966.04,16002.06,26,0,10,18,5,0,1776,94,209,0,0,478,104,180,0.5,0.5,5,0.035,0.03,0.01,0.05,1
-8936.0,-0.0894,91064.0,10427.14,0.1027,-0.817,-0.857,0.435,59,0.2881,17,42,7.2,False,True,-0.0441,0.0142,6966.04,16002.06,26,0,10,18,5,0,1776,94,209,0,0,478,104,180,0.5,0.5,5,0.035,0.03,0.01,0.05,2
-8936.0,-0.0894,91064.0,10427.14,0.1027,-0.817,-0.857,0.435,59,0.2881,17,42,7.2,False,True,-0.0441,0.0142,6966.04,16002.06,26,0,10,18,5,0,1776,94,209,0,0,478,104,180,0.5,0.5,5,0.035,0.03,0.01,0.05,3
-9563.91,-0.0956,90436.09,11055.05,0.1089,-0.818,-0.865,0.152,36,0.25,9,27,5.8,False,True,-0.0536,0.0,1773.94,11645.1,15,0,7,11,3,0,1358,62,60,0,0,0,100,100,0.5,0.5,5,0.035,0.03,0.02,0.03,1
-9563.91,-0.0956,90436.09,11055.05,0.1089,-0.818,-0.865,0.152,36,0.25,9,27,5.8,False,True,-0.0536,0.0,1773.94,11645.1,15,0,7,11,3,0,1358,62,60,0,0,0,100,100,0.5,0.5,5,0.035,0.03,0.02,0.03,2
-9563.91,-0.0956,90436.09,11055.05,0.1089,-0.818,-0.865,0.152,36,0.25,9,27,5.8,False,True,-0.0536,0.0,1773.94,11645.1,15,0,7,11,3,0,1358,62,60,0,0,0,100,100,0.5,0.5,5,0.035,0.03,0.02,0.03,3
-9509.03,-0.0951,90490.97,11000.17,0.1084,-0.928,-0.864,0.409,53,0.283,15,38,7.3,False,True,-0.0441,0.0,6758.95,16540.89,25,0,8,16,4,0,1361,135,98,0,0,0,100,177,0.5,0.5,5,0.035,0.03,0.02,0.05,1
-9509.03,-0.0951,90490.97,11000.17,0.1084,-0.928,-0.864,0.409,53,0.283,15,38,7.3,False,True,-0.0441,0.0,6758.95,16540.89,25,0,8,16,4,0,1361,135,98,0,0,0,100,177,0.5,0.5,5,0.035,0.03,0.02,0.05,2
-9509.03,-0.0951,90490.97,11000.17,0.1084,-0.928,-0.864,0.409,53,0.283,15,38,7.3,False,True,-0.0441,0.0,6758.95,16540.89,25,0,8,16,4,0,1361,135,98,0,0,0,100,177,0.5,0.5,5,0.035,0.03,0.02,0.05,3
-4962.31,-0.0496,95037.69,11020.97,0.1039,-0.287,-0.45,0.604,63,0.1905,12,51,7.7,False,True,-0.0437,0.0703,8352.78,13817.97,29,0,12,13,9,0,699,150,88,0,0,143,50,139,0.5,0.5,10,0.025,0.02,0.01,0.03,1
-4962.31,-0.0496,95037.69,11020.97,0.1039,-0.287,-0.45,0.604,63,0.1905,12,51,7.7,False,True,-0.0437,0.0703,8352.78,13817.97,29,0,12,13,9,0,699,150,88,0,0,143,50,139,0.5,0.5,10,0.025,0.02,0.01,0.03,2
-4962.31,-0.0496,95037.69,11020.97,0.1039,-0.287,-0.45,0.604,63,0.1905,12,51,7.7,False,True,-0.0437,0.0703,8352.78,13817.97,29,0,12,13,9,0,699,150,88,0,0,143,50,139,0.5,0.5,10,0.025,0.02,0.01,0.03,3
-5026.62,-0.0503,94973.38,11109.84,0.1047,-0.268,-0.452,0.59,53,0.1887,10,43,6.8,False,True,-0.0597,0.0705,8012.7,13576.64,20,0,12,11,10,0,634,147,87,0,0,143,46,133,0.5,0.5,10,0.025,0.02,0.01,0.05,1
-5026.62,-0.0503,94973.38,11109.84,0.1047,-0.268,-0.452,0.59,53,0.1887,10,43,6.8,False,True,-0.0597,0.0705,8012.7,13576.64,20,0,12,11,10,0,634,147,87,0,0,143,46,133,0.5,0.5,10,0.025,0.02,0.01,0.05,2
-5026.62,-0.0503,94973.38,11109.84,0.1047,-0.268,-0.452,0.59,53,0.1887,10,43,6.8,False,True,-0.0597,0.0705,8012.7,13576.64,20,0,12,11,10,0,634,147,87,0,0,143,46,133,0.5,0.5,10,0.025,0.02,0.01,0.05,3
-10033.45,-0.1003,89966.55,10904.18,0.1081,-0.871,-0.92,0.581,108,0.2315,25,83,7.4,False,True,-0.0381,0.0245,15747.7,27104.8,53,0,17,28,10,0,759,267,126,0,0,0,50,294,0.5,0.5,10,0.025,0.02,0.02,0.03,1
-10033.45,-0.1003,89966.55,10904.18,0.1081,-0.871,-0.92,0.581,108,0.2315,25,83,7.4,False,True,-0.0381,0.0245,15747.7,27104.8,53,0,17,28,10,0,759,267,126,0,0,0,50,294,0.5,0.5,10,0.025,0.02,0.02,0.03,2
-10033.45,-0.1003,89966.55,10904.18,0.1081,-0.871,-0.92,0.581,108,0.2315,25,83,7.4,False,True,-0.0381,0.0245,15747.7,27104.8,53,0,17,28,10,0,759,267,126,0,0,0,50,294,0.5,0.5,10,0.025,0.02,0.02,0.03,3
-8127.53,-0.0813,91872.47,10281.04,0.101,-0.584,-0.791,0.575,53,0.2075,11,42,5.8,False,True,-0.0681,0.0301,12687.26,22081.43,25,0,5,13,10,0,353,128,54,0,0,0,42,105,0.5,0.5,10,0.025,0.02,0.02,0.05,1
-8127.53,-0.0813,91872.47,10281.04,0.101,-0.584,-0.791,0.575,53,0.2075,11,42,5.8,False,True,-0.0681,0.0301,12687.26,22081.43,25,0,5,13,10,0,353,128,54,0,0,0,42,105,0.5,0.5,10,0.025,0.02,0.02,0.05,2
-8127.53,-0.0813,91872.47,10281.04,0.101,-0.584,-0.791,0.575,53,0.2075,11,42,5.8,False,True,-0.0681,0.0301,12687.26,22081.43,25,0,5,13,10,0,353,128,54,0,0,0,42,105,0.5,0.5,10,0.025,0.02,0.02,0.05,3
-4962.31,-0.0496,95037.69,11020.97,0.1039,-0.287,-0.45,0.604,63,0.1905,12,51,7.7,False,True,-0.0437,0.0703,8352.78,13817.97,29,0,12,13,9,0,699,150,88,0,0,143,50,139,0.5,0.5,10,0.025,0.03,0.01,0.03,1
-4962.31,-0.0496,95037.69,11020.97,0.1039,-0.287,-0.45,0.604,63,0.1905,12,51,7.7,False,True,-0.0437,0.0703,8352.78,13817.97,29,0,12,13,9,0,699,150,88,0,0,143,50,139,0.5,0.5,10,0.025,0.03,0.01,0.03,2
-4962.31,-0.0496,95037.69,11020.97,0.1039,-0.287,-0.45,0.604,63,0.1905,12,51,7.7,False,True,-0.0437,0.0703,8352.78,13817.97,29,0,12,13,9,0,699,150,88,0,0,143,50,139,0.5,0.5,10,0.025,0.03,0.01,0.03,3
-5026.62,-0.0503,94973.38,11109.84,0.1047,-0.268,-0.452,0.59,53,0.1887,10,43,6.8,False,True,-0.0597,0.0705,8012.7,13576.64,20,0,12,11,10,0,634,147,87,0,0,143,46,133,0.5,0.5,10,0.025,0.03,0.01,0.05,1
-5026.62,-0.0503,94973.38,11109.84,0.1047,-0.268,-0.452,0.59,53,0.1887,10,43,6.8,False,True,-0.0597,0.0705,8012.7,13576.64,20,0,12,11,10,0,634,147,87,0,0,143,46,133,0.5,0.5,10,0.025,0.03,0.01,0.05,2
-5026.62,-0.0503,94973.38,11109.84,0.1047,-0.268,-0.452,0.59,53,0.1887,10,43,6.8,False,True,-0.0597,0.0705,8012.7,13576.64,20,0,12,11,10,0,634,147,87,0,0,143,46,133,0.5,0.5,10,0.025,0.03,0.01,0.05,3
-10033.45,-0.1003,89966.55,10904.18,0.1081,-0.871,-0.92,0.581,108,0.2315,25,83,7.4,False,True,-0.0381,0.0245,15747.7,27104.8,53,0,17,28,10,0,759,285,186,0,0,160,50,331,0.5,0.5,10,0.025,0.03,0.02,0.03,1
-10033.45,-0.1003,89966.55,10904.18,0.1081,-0.871,-0.92,0.581,108,0.2315,25,83,7.4,False,True,-0.0381,0.0245,15747.7,27104.8,53,0,17,28,10,0,759,285,186,0,0,160,50,331,0.5,0.5,10,0.025,0.03,0.02,0.03,2
-10033.45,-0.1003,89966.55,10904.18,0.1081,-0.871,-0.92,0.581,108,0.2315,25,83,7.4,False,True,-0.0381,0.0245,15747.7,27104.8,53,0,17,28,10,0,759,285,186,0,0,160,50,331,0.5,0.5,10,0.025,0.03,0.02,0.03,3
-8127.53,-0.0813,91872.47,10281.04,0.101,-0.584,-0.791,0.575,53,0.2075,11,42,5.8,False,True,-0.0681,0.0301,12687.26,22081.43,25,0,5,13,10,0,353,128,59,0,0,18,42,116,0.5,0.5,10,0.025,0.03,0.02,0.05,1
-8127.53,-0.0813,91872.47,10281.04,0.101,-0.584,-0.791,0.575,53,0.2075,11,42,5.8,False,True,-0.0681,0.0301,12687.26,22081.43,25,0,5,13,10,0,353,128,59,0,0,18,42,116,0.5,0.5,10,0.025,0.03,0.02,0.05,2
-8127.53,-0.0813,91872.47,10281.04,0.101,-0.584,-0.791,0.575,53,0.2075,11,42,5.8,False,True,-0.0681,0.0301,12687.26,22081.43,25,0,5,13,10,0,353,128,59,0,0,18,42,116,0.5,0.5,10,0.025,0.03,0.02,0.05,3
-11748.45,-0.1175,88251.55,11748.45,0.1175,-0.817,-1.0,0.136,34,0.2059,7,27,6.4,False,True,-0.0675,0.0,1902.77,13948.06,14,0,7,10,3,0,417,90,34,0,0,0,45,73,0.5,0.5,10,0.035,0.02,0.01,0.03,1
-11748.45,-0.1175,88251.55,11748.45,0.1175,-0.817,-1.0,0.136,34,0.2059,7,27,6.4,False,True,-0.0675,0.0,1902.77,13948.06,14,0,7,10,3,0,417,90,34,0,0,0,45,73,0.5,0.5,10,0.035,0.02,0.01,0.03,2
-11748.45,-0.1175,88251.55,11748.45,0.1175,-0.817,-1.0,0.136,34,0.2059,7,27,6.4,False,True,-0.0675,0.0,1902.77,13948.06,14,0,7,10,3,0,417,90,34,0,0,0,45,73,0.5,0.5,10,0.035,0.02,0.01,0.03,3
-11748.45,-0.1175,88251.55,11748.45,0.1175,-0.817,-1.0,0.136,34,0.2059,7,27,6.4,False,True,-0.0675,0.0,1902.77,13948.06,14,0,7,10,3,0,417,90,34,0,0,0,45,73,0.5,0.5,10,0.035,0.02,0.01,0.05,1
-11748.45,-0.1175,88251.55,11748.45,0.1175,-0.817,-1.0,0.136,34,0.2059,7,27,6.4,False,True,-0.0675,0.0,1902.77,13948.06,14,0,7,10,3,0,417,90,34,0,0,0,45,73,0.5,0.5,10,0.035,0.02,0.01,0.05,2
-11748.45,-0.1175,88251.55,11748.45,0.1175,-0.817,-1.0,0.136,34,0.2059,7,27,6.4,False,True,-0.0675,0.0,1902.77,13948.06,14,0,7,10,3,0,417,90,34,0,0,0,45,73,0.5,0.5,10,0.035,0.02,0.01,0.05,3
-11748.45,-0.1175,88251.55,11748.45,0.1175,-0.817,-1.0,0.136,34,0.2059,7,27,6.4,False,True,-0.0675,0.0,1902.77,13948.06,14,0,7,10,3,0,417,90,34,0,0,0,45,73,0.5,0.5,10,0.035,0.02,0.02,0.03,1
-11748.45,-0.1175,88251.55,11748.45,0.1175,-0.817,-1.0,0.136,34,0.2059,7,27,6.4,False,True,-0.0675,0.0,1902.77,13948.06,14,0,7,10,3,0,417,90,34,0,0,0,45,73,0.5,0.5,10,0.035,0.02,0.02,0.03,2
-11748.45,-0.1175,88251.55,11748.45,0.1175,-0.817,-1.0,0.136,34,0.2059,7,27,6.4,False,True,-0.0675,0.0,1902.77,13948.06,14,0,7,10,3,0,417,90,34,0,0,0,45,73,0.5,0.5,10,0.035,0.02,0.02,0.03,3
-11748.45,-0.1175,88251.55,11748.45,0.1175,-0.817,-1.0,0.136,34,0.2059,7,27,6.4,False,True,-0.0675,0.0,1902.77,13948.06,14,0,7,10,3,0,417,90,34,0,0,0,45,73,0.5,0.5,10,0.035,0.02,0.02,0.05,1
-11748.45,-0.1175,88251.55,11748.45,0.1175,-0.817,-1.0,0.136,34,0.2059,7,27,6.4,False,True,-0.0675,0.0,1902.77,13948.06,14,0,7,10,3,0,417,90,34,0,0,0,45,73,0.5,0.5,10,0.035,0.02,0.02,0.05,2
-11748.45,-0.1175,88251.55,11748.45,0.1175,-0.817,-1.0,0.136,34,0.2059,7,27,6.4,False,True,-0.0675,0.0,1902.77,13948.06,14,0,7,10,3,0,417,90,34,0,0,0,45,73,0.5,0.5,10,0.035,0.02,0.02,0.05,3
-11748.45,-0.1175,88251.55,11748.45,0.1175,-0.817,-1.0,0.136,34,0.2059,7,27,6.4,False,True,-0.0675,0.0,1902.77,13948.06,14,0,7,10,3,0,417,90,34,0,0,0,45,73,0.5,0.5,10,0.035,0.03,0.01,0.03,1
-11748.45,-0.1175,88251.55,11748.45,0.1175,-0.817,-1.0,0.136,34,0.2059,7,27,6.4,False,True,-0.0675,0.0,1902.77,13948.06,14,0,7,10,3,0,417,90,34,0,0,0,45,73,0.5,0.5,10,0.035,0.03,0.01,0.03,2
-11748.45,-0.1175,88251.55,11748.45,0.1175,-0.817,-1.0,0.136,34,0.2059,7,27,6.4,False,True,-0.0675,0.0,1902.77,13948.06,14,0,7,10,3,0,417,90,34,0,0,0,45,73,0.5,0.5,10,0.035,0.03,0.01,0.03,3
-11748.45,-0.1175,88251.55,11748.45,0.1175,-0.817,-1.0,0.136,34,0.2059,7,27,6.4,False,True,-0.0675,0.0,1902.77,13948.06,14,0,7,10,3,0,417,90,34,0,0,0,45,73,0.5,0.5,10,0.035,0.03,0.01,0.05,1
-11748.45,-0.1175,88251.55,11748.45,0.1175,-0.817,-1.0,0.136,34,0.2059,7,27,6.4,False,True,-0.0675,0.0,1902.77,13948.06,14,0,7,10,3,0,417,90,34,0,0,0,45,73,0.5,0.5,10,0.035,0.03,0.01,0.05,2
-11748.45,-0.1175,88251.55,11748.45,0.1175,-0.817,-1.0,0.136,34,0.2059,7,27,6.4,False,True,-0.0675,0.0,1902.77,13948.06,14,0,7,10,3,0,417,90,34,0,0,0,45,73,0.5,0.5,10,0.035,0.03,0.01,0.05,3
-11748.45,-0.1175,88251.55,11748.45,0.1175,-0.817,-1.0,0.136,34,0.2059,7,27,6.4,False,True,-0.0675,0.0,1902.77,13948.06,14,0,7,10,3,0,417,90,34,0,0,0,45,73,0.5,0.5,10,0.035,0.03,0.02,0.03,1
-11748.45,-0.1175,88251.55,11748.45,0.1175,-0.817,-1.0,0.136,34,0.2059,7,27,6.4,False,True,-0.0675,0.0,1902.77,13948.06,14,0,7,10,3,0,417,90,34,0,0,0,45,73,0.5,0.5,10,0.035,0.03,0.02,0.03,2
-11748.45,-0.1175,88251.55,11748.45,0.1175,-0.817,-1.0,0.136,34,0.2059,7,27,6.4,False,True,-0.0675,0.0,1902.77,13948.06,14,0,7,10,3,0,417,90,34,0,0,0,45,73,0.5,0.5,10,0.035,0.03,0.02,0.03,3
-11748.45,-0.1175,88251.55,11748.45,0.1175,-0.817,-1.0,0.136,34,0.2059,7,27,6.4,False,True,-0.0675,0.0,1902.77,13948.06,14,0,7,10,3,0,417,90,34,0,0,0,45,73,0.5,0.5,10,0.035,0.03,0.02,0.05,1
-11748.45,-0.1175,88251.55,11748.45,0.1175,-0.817,-1.0,0.136,34,0.2059,7,27,6.4,False,True,-0.0675,0.0,1902.77,13948.06,14,0,7,10,3,0,417,90,34,0,0,0,45,73,0.5,0.5,10,0.035,0.03,0.02,0.05,2
-11748.45,-0.1175,88251.55,11748.45,0.1175,-0.817,-1.0,0.136,34,0.2059,7,27,6.4,False,True,-0.0675,0.0,1902.77,13948.06,14,0,7,10,3,0,417,90,34,0,0,0,45,73,0.5,0.5,10,0.035,0.03,0.02,0.05,3
-10689.4,-0.1069,89310.6,10689.4,0.1069,-1.076,-1.0,0.294,43,0.2093,9,34,9.4,False,True,-0.043,0.0,4634.04,15764.09,20,0,9,12,2,0,227,153,49,0,0,0,42,101,0.5,0.5,15,0.025,0.02,0.01,0.03,1
-10689.4,-0.1069,89310.6,10689.4,0.1069,-1.076,-1.0,0.294,43,0.2093,9,34,9.4,False,True,-0.043,0.0,4634.04,15764.09,20,0,9,12,2,0,227,153,49,0,0,0,42,101,0.5,0.5,15,0.025,0.02,0.01,0.03,2
-10689.4,-0.1069,89310.6,10689.4,0.1069,-1.076,-1.0,0.294,43,0.2093,9,34,9.4,False,True,-0.043,0.0,4634.04,15764.09,20,0,9,12,2,0,227,153,49,0,0,0,42,101,0.5,0.5,15,0.025,0.02,0.01,0.03,3
-6732.75,-0.0673,93267.25,11086.69,0.1062,-0.349,-0.607,0.53,60,0.2,12,48,7.5,False,True,-0.0597,0.0703,8318.16,15707.3,24,0,13,13,10,0,423,185,85,0,0,143,46,155,0.5,0.5,15,0.025,0.02,0.01,0.05,1
-6732.75,-0.0673,93267.25,11086.69,0.1062,-0.349,-0.607,0.53,60,0.2,12,48,7.5,False,True,-0.0597,0.0703,8318.16,15707.3,24,0,13,13,10,0,423,185,85,0,0,143,46,155,0.5,0.5,15,0.025,0.02,0.01,0.05,2
-6732.75,-0.0673,93267.25,11086.69,0.1062,-0.349,-0.607,0.53,60,0.2,12,48,7.5,False,True,-0.0597,0.0703,8318.16,15707.3,24,0,13,13,10,0,423,185,85,0,0,143,46,155,0.5,0.5,15,0.025,0.02,0.01,0.05,3
-10689.4,-0.1069,89310.6,10689.4,0.1069,-1.076,-1.0,0.294,43,0.2093,9,34,9.4,False,True,-0.043,0.0,4634.04,15764.09,20,0,9,12,2,0,227,153,49,0,0,0,42,101,0.5,0.5,15,0.025,0.02,0.02,0.03,1
-10689.4,-0.1069,89310.6,10689.4,0.1069,-1.076,-1.0,0.294,43,0.2093,9,34,9.4,False,True,-0.043,0.0,4634.04,15764.09,20,0,9,12,2,0,227,153,49,0,0,0,42,101,0.5,0.5,15,0.025,0.02,0.02,0.03,2
-10689.4,-0.1069,89310.6,10689.4,0.1069,-1.076,-1.0,0.294,43,0.2093,9,34,9.4,False,True,-0.043,0.0,4634.04,15764.09,20,0,9,12,2,0,227,153,49,0,0,0,42,101,0.5,0.5,15,0.025,0.02,0.02,0.03,3
-9626.57,-0.0963,90373.43,10038.18,0.1003,-0.645,-0.959,0.534,63,0.1905,12,51,6.0,False,True,-0.0683,0.0301,12824.81,24015.15,28,0,6,14,15,0,281,165,54,0,0,0,42,125,0.5,0.5,15,0.025,0.02,0.02,0.05,1
-9626.57,-0.0963,90373.43,10038.18,0.1003,-0.645,-0.959,0.534,63,0.1905,12,51,6.0,False,True,-0.0683,0.0301,12824.81,24015.15,28,0,6,14,15,0,281,165,54,0,0,0,42,125,0.5,0.5,15,0.025,0.02,0.02,0.05,2
-9626.57,-0.0963,90373.43,10038.18,0.1003,-0.645,-0.959,0.534,63,0.1905,12,51,6.0,False,True,-0.0683,0.0301,12824.81,24015.15,28,0,6,14,15,0,281,165,54,0,0,0,42,125,0.5,0.5,15,0.025,0.02,0.02,0.05,3
-10689.4,-0.1069,89310.6,10689.4,0.1069,-1.076,-1.0,0.294,43,0.2093,9,34,9.4,False,True,-0.043,0.0,4634.04,15764.09,20,0,9,12,2,0,227,153,49,0,0,0,42,101,0.5,0.5,15,0.025,0.03,0.01,0.03,1
-10689.4,-0.1069,89310.6,10689.4,0.1069,-1.076,-1.0,0.294,43,0.2093,9,34,9.4,False,True,-0.043,0.0,4634.04,15764.09,20,0,9,12,2,0,227,153,49,0,0,0,42,101,0.5,0.5,15,0.025,0.03,0.01,0.03,2
-10689.4,-0.1069,89310.6,10689.4,0.1069,-1.076,-1.0,0.294,43,0.2093,9,34,9.4,False,True,-0.043,0.0,4634.04,15764.09,20,0,9,12,2,0,227,153,49,0,0,0,42,101,0.5,0.5,15,0.025,0.03,0.01,0.03,3
-6732.75,-0.0673,93267.25,11086.69,0.1062,-0.349,-0.607,0.53,60,0.2,12,48,7.5,False,True,-0.0597,0.0703,8318.16,15707.3,24,0,13,13,10,0,423,185,85,0,0,143,46,155,0.5,0.5,15,0.025,0.03,0.01,0.05,1
-6732.75,-0.0673,93267.25,11086.69,0.1062,-0.349,-0.607,0.53,60,0.2,12,48,7.5,False,True,-0.0597,0.0703,8318.16,15707.3,24,0,13,13,10,0,423,185,85,0,0,143,46,155,0.5,0.5,15,0.025,0.03,0.01,0.05,2
-6732.75,-0.0673,93267.25,11086.69,0.1062,-0.349,-0.607,0.53,60,0.2,12,48,7.5,False,True,-0.0597,0.0703,8318.16,15707.3,24,0,13,13,10,0,423,185,85,0,0,143,46,155,0.5,0.5,15,0.025,0.03,0.01,0.05,3
-10689.4,-0.1069,89310.6,10689.4,0.1069,-1.076,-1.0,0.294,43,0.2093,9,34,9.4,False,True,-0.043,0.0,4634.04,15764.09,20,0,9,12,2,0,227,153,49,0,0,0,42,101,0.5,0.5,15,0.025,0.03,0.02,0.03,1
-10689.4,-0.1069,89310.6,10689.4,0.1069,-1.076,-1.0,0.294,43,0.2093,9,34,9.4,False,True,-0.043,0.0,4634.04,15764.09,20,0,9,12,2,0,227,153,49,0,0,0,42,101,0.5,0.5,15,0.025,0.03,0.02,0.03,2
-10689.4,-0.1069,89310.6,10689.4,0.1069,-1.076,-1.0,0.294,43,0.2093,9,34,9.4,False,True,-0.043,0.0,4634.04,15764.09,20,0,9,12,2,0,227,153,49,0,0,0,42,101,0.5,0.5,15,0.025,0.03,0.02,0.03,3
-9626.57,-0.0963,90373.43,10038.18,0.1003,-0.645,-0.959,0.534,63,0.1905,12,51,6.0,False,True,-0.0683,0.0301,12824.81,24015.15,28,0,6,14,15,0,281,165,59,0,0,18,42,136,0.5,0.5,15,0.025,0.03,0.02,0.05,1
-9626.57,-0.0963,90373.43,10038.18,0.1003,-0.645,-0.959,0.534,63,0.1905,12,51,6.0,False,True,-0.0683,0.0301,12824.81,24015.15,28,0,6,14,15,0,281,165,59,0,0,18,42,136,0.5,0.5,15,0.025,0.03,0.02,0.05,2
-9626.57,-0.0963,90373.43,10038.18,0.1003,-0.645,-0.959,0.534,63,0.1905,12,51,6.0,False,True,-0.0683,0.0301,12824.81,24015.15,28,0,6,14,15,0,281,165,59,0,0,18,42,136,0.5,0.5,15,0.025,0.03,0.02,0.05,3
-10563.66,-0.1056,89436.34,10563.66,0.1056,-0.721,-1.0,0.17,36,0.1944,7,29,8.1,False,True,-0.0833,0.0,2216.68,13063.37,16,0,8,10,2,0,357,108,28,0,0,0,45,88,0.5,0.5,15,0.035,0.02,0.01,0.03,1
-10563.66,-0.1056,89436.34,10563.66,0.1056,-0.721,-1.0,0.17,36,0.1944,7,29,8.1,False,True,-0.0833,0.0,2216.68,13063.37,16,0,8,10,2,0,357,108,28,0,0,0,45,88,0.5,0.5,15,0.035,0.02,0.01,0.03,2
-10563.66,-0.1056,89436.34,10563.66,0.1056,-0.721,-1.0,0.17,36,0.1944,7,29,8.1,False,True,-0.0833,0.0,2216.68,13063.37,16,0,8,10,2,0,357,108,28,0,0,0,45,88,0.5,0.5,15,0.035,0.02,0.01,0.03,3
-10563.66,-0.1056,89436.34,10563.66,0.1056,-0.721,-1.0,0.17,36,0.1944,7,29,8.1,False,True,-0.0833,0.0,2216.68,13063.37,16,0,8,10,2,0,357,108,28,0,0,0,45,88,0.5,0.5,15,0.035,0.02,0.01,0.05,1
-10563.66,-0.1056,89436.34,10563.66,0.1056,-0.721,-1.0,0.17,36,0.1944,7,29,8.1,False,True,-0.0833,0.0,2216.68,13063.37,16,0,8,10,2,0,357,108,28,0,0,0,45,88,0.5,0.5,15,0.035,0.02,0.01,0.05,2
-10563.66,-0.1056,89436.34,10563.66,0.1056,-0.721,-1.0,0.17,36,0.1944,7,29,8.1,False,True,-0.0833,0.0,2216.68,13063.37,16,0,8,10,2,0,357,108,28,0,0,0,45,88,0.5,0.5,15,0.035,0.02,0.01,0.05,3
-10563.66,-0.1056,89436.34,10563.66,0.1056,-0.721,-1.0,0.17,36,0.1944,7,29,8.1,False,True,-0.0833,0.0,2216.68,13063.37,16,0,8,10,2,0,357,108,28,0,0,0,45,88,0.5,0.5,15,0.035,0.02,0.02,0.03,1
-10563.66,-0.1056,89436.34,10563.66,0.1056,-0.721,-1.0,0.17,36,0.1944,7,29,8.1,False,True,-0.0833,0.0,2216.68,13063.37,16,0,8,10,2,0,357,108,28,0,0,0,45,88,0.5,0.5,15,0.035,0.02,0.02,0.03,2
-10563.66,-0.1056,89436.34,10563.66,0.1056,-0.721,-1.0,0.17,36,0.1944,7,29,8.1,False,True,-0.0833,0.0,2216.68,13063.37,16,0,8,10,2,0,357,108,28,0,0,0,45,88,0.5,0.5,15,0.035,0.02,0.02,0.03,3
-10563.66,-0.1056,89436.34,10563.66,0.1056,-0.721,-1.0,0.17,36,0.1944,7,29,8.1,False,True,-0.0833,0.0,2216.68,13063.37,16,0,8,10,2,0,357,108,28,0,0,0,45,88,0.5,0.5,15,0.035,0.02,0.02,0.05,1
-10563.66,-0.1056,89436.34,10563.66,0.1056,-0.721,-1.0,0.17,36,0.1944,7,29,8.1,False,True,-0.0833,0.0,2216.68,13063.37,16,0,8,10,2,0,357,108,28,0,0,0,45,88,0.5,0.5,15,0.035,0.02,0.02,0.05,2
-10563.66,-0.1056,89436.34,10563.66,0.1056,-0.721,-1.0,0.17,36,0.1944,7,29,8.1,False,True,-0.0833,0.0,2216.68,13063.37,16,0,8,10,2,0,357,108,28,0,0,0,45,88,0.5,0.5,15,0.035,0.02,0.02,0.05,3
-10563.66,-0.1056,89436.34,10563.66,0.1056,-0.721,-1.0,0.17,36,0.1944,7,29,8.1,False,True,-0.0833,0.0,2216.68,13063.37,16,0,8,10,2,0,357,108,28,0,0,0,45,88,0.5,0.5,15,0.035,0.03,0.01,0.03,1
-10563.66,-0.1056,89436.34,10563.66,0.1056,-0.721,-1.0,0.17,36,0.1944,7,29,8.1,False,True,-0.0833,0.0,2216.68,13063.37,16,0,8,10,2,0,357,108,28,0,0,0,45,88,0.5,0.5,15,0.035,0.03,0.01,0.03,2
-10563.66,-0.1056,89436.34,10563.66,0.1056,-0.721,-1.0,0.17,36,0.1944,7,29,8.1,False,True,-0.0833,0.0,2216.68,13063.37,16,0,8,10,2,0,357,108,28,0,0,0,45,88,0.5,0.5,15,0.035,0.03,0.01,0.03,3
-10563.66,-0.1056,89436.34,10563.66,0.1056,-0.721,-1.0,0.17,36,0.1944,7,29,8.1,False,True,-0.0833,0.0,2216.68,13063.37,16,0,8,10,2,0,357,108,28,0,0,0,45,88,0.5,0.5,15,0.035,0.03,0.01,0.05,1
-10563.66,-0.1056,89436.34,10563.66,0.1056,-0.721,-1.0,0.17,36,0.1944,7,29,8.1,False,True,-0.0833,0.0,2216.68,13063.37,16,0,8,10,2,0,357,108,28,0,0,0,45,88,0.5,0.5,15,0.035,0.03,0.01,0.05,2
-10563.66,-0.1056,89436.34,10563.66,0.1056,-0.721,-1.0,0.17,36,0.1944,7,29,8.1,False,True,-0.0833,0.0,2216.68,13063.37,16,0,8,10,2,0,357,108,28,0,0,0,45,88,0.5,0.5,15,0.035,0.03,0.01,0.05,3
-10563.66,-0.1056,89436.34,10563.66,0.1056,-0.721,-1.0,0.17,36,0.1944,7,29,8.1,False,True,-0.0833,0.0,2216.68,13063.37,16,0,8,10,2,0,357,108,28,0,0,0,45,88,0.5,0.5,15,0.035,0.03,0.02,0.03,1
-10563.66,-0.1056,89436.34,10563.66,0.1056,-0.721,-1.0,0.17,36,0.1944,7,29,8.1,False,True,-0.0833,0.0,2216.68,13063.37,16,0,8,10,2,0,357,108,28,0,0,0,45,88,0.5,0.5,15,0.035,0.03,0.02,0.03,2
-10563.66,-0.1056,89436.34,10563.66,0.1056,-0.721,-1.0,0.17,36,0.1944,7,29,8.1,False,True,-0.0833,0.0,2216.68,13063.37,16,0,8,10,2,0,357,108,28,0,0,0,45,88,0.5,0.5,15,0.035,0.03,0.02,0.03,3
-10563.66,-0.1056,89436.34,10563.66,0.1056,-0.721,-1.0,0.17,36,0.1944,7,29,8.1,False,True,-0.0833,0.0,2216.68,13063.37,16,0,8,10,2,0,357,108,28,0,0,0,45,88,0.5,0.5,15,0.035,0.03,0.02,0.05,1
-10563.66,-0.1056,89436.34,10563.66,0.1056,-0.721,-1.0,0.17,36,0.1944,7,29,8.1,False,True,-0.0833,0.0,2216.68,13063.37,16,0,8,10,2,0,357,108,28,0,0,0,45,88,0.5,0.5,15,0.035,0.03,0.02,0.05,2
-10563.66,-0.1056,89436.34,10563.66,0.1056,-0.721,-1.0,0.17,36,0.1944,7,29,8.1,False,True,-0.0833,0.0,2216.68,13063.37,16,0,8,10,2,0,357,108,28,0,0,0,45,88,0.5,0.5,15,0.035,0.03,0.02,0.05,3
2375.16,0.0238,102375.16,12546.61,0.1092,0.13,0.189,1.106,20,0.25,5,15,9.7,False,True,-0.0554,0.1405,14101.15,12747.27,7,0,6,5,2,0,189,88,30,0,0,0,38,44,0.5,1.0,5,0.025,0.02,0.01,0.03,1
2375.16,0.0238,102375.16,12546.61,0.1092,0.13,0.189,1.106,20,0.25,5,15,9.7,False,True,-0.0554,0.1405,14101.15,12747.27,7,0,6,5,2,0,189,88,30,0,0,0,38,44,0.5,1.0,5,0.025,0.02,0.01,0.03,2
2375.16,0.0238,102375.16,12546.61,0.1092,0.13,0.189,1.106,20,0.25,5,15,9.7,False,True,-0.0554,0.1405,14101.15,12747.27,7,0,6,5,2,0,189,88,30,0,0,0,38,44,0.5,1.0,5,0.025,0.02,0.01,0.03,3
2375.16,0.0238,102375.16,12546.61,0.1092,0.13,0.189,1.106,20,0.25,5,15,9.7,False,True,-0.0554,0.1405,14101.15,12747.27,7,0,6,5,2,0,189,88,30,0,0,0,38,44,0.5,1.0,5,0.025,0.02,0.01,0.05,1
2375.16,0.0238,102375.16,12546.61,0.1092,0.13,0.189,1.106,20,0.25,5,15,9.7,False,True,-0.0554,0.1405,14101.15,12747.27,7,0,6,5,2,0,189,88,30,0,0,0,38,44,0.5,1.0,5,0.025,0.02,0.01,0.05,2
2375.16,0.0238,102375.16,12546.61,0.1092,0.13,0.189,1.106,20,0.25,5,15,9.7,False,True,-0.0554,0.1405,14101.15,12747.27,7,0,6,5,2,0,189,88,30,0,0,0,38,44,0.5,1.0,5,0.025,0.02,0.01,0.05,3
2375.16,0.0238,102375.16,12546.61,0.1092,0.13,0.189,1.106,20,0.25,5,15,9.7,False,True,-0.0554,0.1405,14101.15,12747.27,7,0,6,5,2,0,189,88,30,0,0,0,38,44,0.5,1.0,5,0.025,0.02,0.02,0.03,1
2375.16,0.0238,102375.16,12546.61,0.1092,0.13,0.189,1.106,20,0.25,5,15,9.7,False,True,-0.0554,0.1405,14101.15,12747.27,7,0,6,5,2,0,189,88,30,0,0,0,38,44,0.5,1.0,5,0.025,0.02,0.02,0.03,2
2375.16,0.0238,102375.16,12546.61,0.1092,0.13,0.189,1.106,20,0.25,5,15,9.7,False,True,-0.0554,0.1405,14101.15,12747.27,7,0,6,5,2,0,189,88,30,0,0,0,38,44,0.5,1.0,5,0.025,0.02,0.02,0.03,3
2375.16,0.0238,102375.16,12546.61,0.1092,0.13,0.189,1.106,20,0.25,5,15,9.7,False,True,-0.0554,0.1405,14101.15,12747.27,7,0,6,5,2,0,189,88,30,0,0,0,38,44,0.5,1.0,5,0.025,0.02,0.02,0.05,1
2375.16,0.0238,102375.16,12546.61,0.1092,0.13,0.189,1.106,20,0.25,5,15,9.7,False,True,-0.0554,0.1405,14101.15,12747.27,7,0,6,5,2,0,189,88,30,0,0,0,38,44,0.5,1.0,5,0.025,0.02,0.02,0.05,2
2375.16,0.0238,102375.16,12546.61,0.1092,0.13,0.189,1.106,20,0.25,5,15,9.7,False,True,-0.0554,0.1405,14101.15,12747.27,7,0,6,5,2,0,189,88,30,0,0,0,38,44,0.5,1.0,5,0.025,0.02,0.02,0.05,3
2375.16,0.0238,102375.16,12546.61,0.1092,0.13,0.189,1.106,20,0.25,5,15,9.7,False,True,-0.0554,0.1405,14101.15,12747.27,7,0,6,5,2,0,189,88,30,0,0,0,38,44,0.5,1.0,5,0.025,0.03,0.01,0.03,1
2375.16,0.0238,102375.16,12546.61,0.1092,0.13,0.189,1.106,20,0.25,5,15,9.7,False,True,-0.0554,0.1405,14101.15,12747.27,7,0,6,5,2,0,189,88,30,0,0,0,38,44,0.5,1.0,5,0.025,0.03,0.01,0.03,2
2375.16,0.0238,102375.16,12546.61,0.1092,0.13,0.189,1.106,20,0.25,5,15,9.7,False,True,-0.0554,0.1405,14101.15,12747.27,7,0,6,5,2,0,189,88,30,0,0,0,38,44,0.5,1.0,5,0.025,0.03,0.01,0.03,3
2375.16,0.0238,102375.16,12546.61,0.1092,0.13,0.189,1.106,20,0.25,5,15,9.7,False,True,-0.0554,0.1405,14101.15,12747.27,7,0,6,5,2,0,189,88,30,0,0,0,38,44,0.5,1.0,5,0.025,0.03,0.01,0.05,1
2375.16,0.0238,102375.16,12546.61,0.1092,0.13,0.189,1.106,20,0.25,5,15,9.7,False,True,-0.0554,0.1405,14101.15,12747.27,7,0,6,5,2,0,189,88,30,0,0,0,38,44,0.5,1.0,5,0.025,0.03,0.01,0.05,2
2375.16,0.0238,102375.16,12546.61,0.1092,0.13,0.189,1.106,20,0.25,5,15,9.7,False,True,-0.0554,0.1405,14101.15,12747.27,7,0,6,5,2,0,189,88,30,0,0,0,38,44,0.5,1.0,5,0.025,0.03,0.01,0.05,3
2375.16,0.0238,102375.16,12546.61,0.1092,0.13,0.189,1.106,20,0.25,5,15,9.7,False,True,-0.0554,0.1405,14101.15,12747.27,7,0,6,5,2,0,189,88,30,0,0,0,38,44,0.5,1.0,5,0.025,0.03,0.02,0.03,1
2375.16,0.0238,102375.16,12546.61,0.1092,0.13,0.189,1.106,20,0.25,5,15,9.7,False,True,-0.0554,0.1405,14101.15,12747.27,7,0,6,5,2,0,189,88,30,0,0,0,38,44,0.5,1.0,5,0.025,0.03,0.02,0.03,2
2375.16,0.0238,102375.16,12546.61,0.1092,0.13,0.189,1.106,20,0.25,5,15,9.7,False,True,-0.0554,0.1405,14101.15,12747.27,7,0,6,5,2,0,189,88,30,0,0,0,38,44,0.5,1.0,5,0.025,0.03,0.02,0.03,3
2375.16,0.0238,102375.16,12546.61,0.1092,0.13,0.189,1.106,20,0.25,5,15,9.7,False,True,-0.0554,0.1405,14101.15,12747.27,7,0,6,5,2,0,189,88,30,0,0,0,38,44,0.5,1.0,5,0.025,0.03,0.02,0.05,1
2375.16,0.0238,102375.16,12546.61,0.1092,0.13,0.189,1.106,20,0.25,5,15,9.7,False,True,-0.0554,0.1405,14101.15,12747.27,7,0,6,5,2,0,189,88,30,0,0,0,38,44,0.5,1.0,5,0.025,0.03,0.02,0.05,2
2375.16,0.0238,102375.16,12546.61,0.1092,0.13,0.189,1.106,20,0.25,5,15,9.7,False,True,-0.0554,0.1405,14101.15,12747.27,7,0,6,5,2,0,189,88,30,0,0,0,38,44,0.5,1.0,5,0.025,0.03,0.02,0.05,3
-6813.8,-0.0681,93186.2,10798.82,0.1049,-0.585,-0.631,0.129,20,0.2,4,16,6.8,False,True,-0.0677,0.0,1385.34,10738.82,7,0,5,5,3,0,963,36,31,0,0,0,86,50,0.5,1.0,5,0.035,0.02,0.01,0.03,1
-6813.8,-0.0681,93186.2,10798.82,0.1049,-0.585,-0.631,0.129,20,0.2,4,16,6.8,False,True,-0.0677,0.0,1385.34,10738.82,7,0,5,5,3,0,963,36,31,0,0,0,86,50,0.5,1.0,5,0.035,0.02,0.01,0.03,2
-6813.8,-0.0681,93186.2,10798.82,0.1049,-0.585,-0.631,0.129,20,0.2,4,16,6.8,False,True,-0.0677,0.0,1385.34,10738.82,7,0,5,5,3,0,963,36,31,0,0,0,86,50,0.5,1.0,5,0.035,0.02,0.01,0.03,3
-6773.54,-0.0677,93226.46,10759.03,0.1046,-0.585,-0.63,0.133,20,0.2,4,16,6.8,False,True,-0.0673,0.0,1425.62,10739.93,7,0,5,5,3,0,963,36,31,0,0,0,86,50,0.5,1.0,5,0.035,0.02,0.01,0.05,1
-6773.54,-0.0677,93226.46,10759.03,0.1046,-0.585,-0.63,0.133,20,0.2,4,16,6.8,False,True,-0.0673,0.0,1425.62,10739.93,7,0,5,5,3,0,963,36,31,0,0,0,86,50,0.5,1.0,5,0.035,0.02,0.01,0.05,2
-6773.54,-0.0677,93226.46,10759.03,0.1046,-0.585,-0.63,0.133,20,0.2,4,16,6.8,False,True,-0.0673,0.0,1425.62,10739.93,7,0,5,5,3,0,963,36,31,0,0,0,86,50,0.5,1.0,5,0.035,0.02,0.01,0.05,3
-6813.8,-0.0681,93186.2,10798.82,0.1049,-0.585,-0.631,0.129,20,0.2,4,16,6.8,False,True,-0.0677,0.0,1385.34,10738.82,7,0,5,5,3,0,963,36,31,0,0,0,86,50,0.5,1.0,5,0.035,0.02,0.02,0.03,1
-6813.8,-0.0681,93186.2,10798.82,0.1049,-0.585,-0.631,0.129,20,0.2,4,16,6.8,False,True,-0.0677,0.0,1385.34,10738.82,7,0,5,5,3,0,963,36,31,0,0,0,86,50,0.5,1.0,5,0.035,0.02,0.02,0.03,2
-6813.8,-0.0681,93186.2,10798.82,0.1049,-0.585,-0.631,0.129,20,0.2,4,16,6.8,False,True,-0.0677,0.0,1385.34,10738.82,7,0,5,5,3,0,963,36,31,0,0,0,86,50,0.5,1.0,5,0.035,0.02,0.02,0.03,3
-6773.54,-0.0677,93226.46,10759.03,0.1046,-0.585,-0.63,0.133,20,0.2,4,16,6.8,False,True,-0.0673,0.0,1425.62,10739.93,7,0,5,5,3,0,963,36,31,0,0,0,86,50,0.5,1.0,5,0.035,0.02,0.02,0.05,1
-6773.54,-0.0677,93226.46,10759.03,0.1046,-0.585,-0.63,0.133,20,0.2,4,16,6.8,False,True,-0.0673,0.0,1425.62,10739.93,7,0,5,5,3,0,963,36,31,0,0,0,86,50,0.5,1.0,5,0.035,0.02,0.02,0.05,2
-6773.54,-0.0677,93226.46,10759.03,0.1046,-0.585,-0.63,0.133,20,0.2,4,16,6.8,False,True,-0.0673,0.0,1425.62,10739.93,7,0,5,5,3,0,963,36,31,0,0,0,86,50,0.5,1.0,5,0.035,0.02,0.02,0.05,3
-6813.8,-0.0681,93186.2,10798.82,0.1049,-0.585,-0.631,0.129,20,0.2,4,16,6.8,False,True,-0.0677,0.0,1385.34,10738.82,7,0,5,5,3,0,963,36,31,0,0,0,86,50,0.5,1.0,5,0.035,0.03,0.01,0.03,1
-6813.8,-0.0681,93186.2,10798.82,0.1049,-0.585,-0.631,0.129,20,0.2,4,16,6.8,False,True,-0.0677,0.0,1385.34,10738.82,7,0,5,5,3,0,963,36,31,0,0,0,86,50,0.5,1.0,5,0.035,0.03,0.01,0.03,2
-6813.8,-0.0681,93186.2,10798.82,0.1049,-0.585,-0.631,0.129,20,0.2,4,16,6.8,False,True,-0.0677,0.0,1385.34,10738.82,7,0,5,5,3,0,963,36,31,0,0,0,86,50,0.5,1.0,5,0.035,0.03,0.01,0.03,3
-6773.54,-0.0677,93226.46,10759.03,0.1046,-0.585,-0.63,0.133,20,0.2,4,16,6.8,False,True,-0.0673,0.0,1425.62,10739.93,7,0,5,5,3,0,963,36,31,0,0,0,86,50,0.5,1.0,5,0.035,0.03,0.01,0.05,1
-6773.54,-0.0677,93226.46,10759.03,0.1046,-0.585,-0.63,0.133,20,0.2,4,16,6.8,False,True,-0.0673,0.0,1425.62,10739.93,7,0,5,5,3,0,963,36,31,0,0,0,86,50,0.5,1.0,5,0.035,0.03,0.01,0.05,2
-6773.54,-0.0677,93226.46,10759.03,0.1046,-0.585,-0.63,0.133,20,0.2,4,16,6.8,False,True,-0.0673,0.0,1425.62,10739.93,7,0,5,5,3,0,963,36,31,0,0,0,86,50,0.5,1.0,5,0.035,0.03,0.01,0.05,3
-6813.8,-0.0681,93186.2,10798.82,0.1049,-0.585,-0.631,0.129,20,0.2,4,16,6.8,False,True,-0.0677,0.0,1385.34,10738.82,7,0,5,5,3,0,963,36,31,0,0,0,86,50,0.5,1.0,5,0.035,0.03,0.02,0.03,1
-6813.8,-0.0681,93186.2,10798.82,0.1049,-0.585,-0.631,0.129,20,0.2,4,16,6.8,False,True,-0.0677,0.0,1385.34,10738.82,7,0,5,5,3,0,963,36,31,0,0,0,86,50,0.5,1.0,5,0.035,0.03,0.02,0.03,2
-6813.8,-0.0681,93186.2,10798.82,0.1049,-0.585,-0.631,0.129,20,0.2,4,16,6.8,False,True,-0.0677,0.0,1385.34,10738.82,7,0,5,5,3,0,963,36,31,0,0,0,86,50,0.5,1.0,5,0.035,0.03,0.02,0.03,3
-6773.54,-0.0677,93226.46,10759.03,0.1046,-0.585,-0.63,0.133,20,0.2,4,16,6.8,False,True,-0.0673,0.0,1425.62,10739.93,7,0,5,5,3,0,963,36,31,0,0,0,86,50,0.5,1.0,5,0.035,0.03,0.02,0.05,1
-6773.54,-0.0677,93226.46,10759.03,0.1046,-0.585,-0.63,0.133,20,0.2,4,16,6.8,False,True,-0.0673,0.0,1425.62,10739.93,7,0,5,5,3,0,963,36,31,0,0,0,86,50,0.5,1.0,5,0.035,0.03,0.02,0.05,2
-6773.54,-0.0677,93226.46,10759.03,0.1046,-0.585,-0.63,0.133,20,0.2,4,16,6.8,False,True,-0.0673,0.0,1425.62,10739.93,7,0,5,5,3,0,963,36,31,0,0,0,86,50,0.5,1.0,5,0.035,0.03,0.02,0.05,3
-5234.86,-0.0523,94765.14,11613.96,0.1092,-0.278,-0.451,0.558,23,0.2609,6,17,10.0,False,True,-0.0554,0.0705,7789.89,13970.12,9,0,5,7,2,0,14,99,67,0,0,143,35,50,0.5,1.0,10,0.025,0.02,0.01,0.03,1
-5234.86,-0.0523,94765.14,11613.96,0.1092,-0.278,-0.451,0.558,23,0.2609,6,17,10.0,False,True,-0.0554,0.0705,7789.89,13970.12,9,0,5,7,2,0,14,99,67,0,0,143,35,50,0.5,1.0,10,0.025,0.02,0.01,0.03,2
-5234.86,-0.0523,94765.14,11613.96,0.1092,-0.278,-0.451,0.558,23,0.2609,6,17,10.0,False,True,-0.0554,0.0705,7789.89,13970.12,9,0,5,7,2,0,14,99,67,0,0,143,35,50,0.5,1.0,10,0.025,0.02,0.01,0.03,3
962.29,0.0096,100962.29,12373.46,0.1092,0.078,0.078,0.997,23,0.2609,6,17,10.0,False,True,-0.0554,0.1405,14569.97,14614.87,9,0,5,7,2,0,14,99,29,0,0,0,35,36,0.5,1.0,10,0.025,0.02,0.01,0.05,1
962.29,0.0096,100962.29,12373.46,0.1092,0.078,0.078,0.997,23,0.2609,6,17,10.0,False,True,-0.0554,0.1405,14569.97,14614.87,9,0,5,7,2,0,14,99,29,0,0,0,35,36,0.5,1.0,10,0.025,0.02,0.01,0.05,2
962.29,0.0096,100962.29,12373.46,0.1092,0.078,0.078,0.997,23,0.2609,6,17,10.0,False,True,-0.0554,0.1405,14569.97,14614.87,9,0,5,7,2,0,14,99,29,0,0,0,35,36,0.5,1.0,10,0.025,0.02,0.01,0.05,3
-12302.51,-0.123,87697.49,12302.51,0.123,-0.78,-1.0,0.176,20,0.2,4,16,5.5,False,True,-0.0843,0.0,2761.89,15655.79,9,0,2,7,2,0,14,69,22,0,0,0,35,24,0.5,1.0,10,0.025,0.02,0.02,0.03,1
-12302.51,-0.123,87697.49,12302.51,0.123,-0.78,-1.0,0.176,20,0.2,4,16,5.5,False,True,-0.0843,0.0,2761.89,15655.79,9,0,2,7,2,0,14,69,22,0,0,0,35,24,0.5,1.0,10,0.025,0.02,0.02,0.03,2
-12302.51,-0.123,87697.49,12302.51,0.123,-0.78,-1.0,0.176,20,0.2,4,16,5.5,False,True,-0.0843,0.0,2761.89,15655.79,9,0,2,7,2,0,14,69,22,0,0,0,35,24,0.5,1.0,10,0.025,0.02,0.02,0.03,3
962.29,0.0096,100962.29,12373.46,0.1092,0.078,0.078,0.997,23,0.2609,6,17,10.0,False,True,-0.0554,0.1405,14569.97,14614.87,9,0,5,7,2,0,14,99,29,0,0,0,35,36,0.5,1.0,10,0.025,0.02,0.02,0.05,1
962.29,0.0096,100962.29,12373.46,0.1092,0.078,0.078,0.997,23,0.2609,6,17,10.0,False,True,-0.0554,0.1405,14569.97,14614.87,9,0,5,7,2,0,14,99,29,0,0,0,35,36,0.5,1.0,10,0.025,0.02,0.02,0.05,2
962.29,0.0096,100962.29,12373.46,0.1092,0.078,0.078,0.997,23,0.2609,6,17,10.0,False,True,-0.0554,0.1405,14569.97,14614.87,9,0,5,7,2,0,14,99,29,0,0,0,35,36,0.5,1.0,10,0.025,0.02,0.02,0.05,3
-5234.86,-0.0523,94765.14,11613.96,0.1092,-0.278,-0.451,0.558,23,0.2609,6,17,10.0,False,True,-0.0554,0.0705,7789.89,13970.12,9,0,5,7,2,0,14,99,67,0,0,143,35,50,0.5,1.0,10,0.025,0.03,0.01,0.03,1
-5234.86,-0.0523,94765.14,11613.96,0.1092,-0.278,-0.451,0.558,23,0.2609,6,17,10.0,False,True,-0.0554,0.0705,7789.89,13970.12,9,0,5,7,2,0,14,99,67,0,0,143,35,50,0.5,1.0,10,0.025,0.03,0.01,0.03,2
-5234.86,-0.0523,94765.14,11613.96,0.1092,-0.278,-0.451,0.558,23,0.2609,6,17,10.0,False,True,-0.0554,0.0705,7789.89,13970.12,9,0,5,7,2,0,14,99,67,0,0,143,35,50,0.5,1.0,10,0.025,0.03,0.01,0.03,3
962.29,0.0096,100962.29,12373.46,0.1092,0.078,0.078,0.997,23,0.2609,6,17,10.0,False,True,-0.0554,0.1405,14569.97,14614.87,9,0,5,7,2,0,14,99,29,0,0,0,35,36,0.5,1.0,10,0.025,0.03,0.01,0.05,1
962.29,0.0096,100962.29,12373.46,0.1092,0.078,0.078,0.997,23,0.2609,6,17,10.0,False,True,-0.0554,0.1405,14569.97,14614.87,9,0,5,7,2,0,14,99,29,0,0,0,35,36,0.5,1.0,10,0.025,0.03,0.01,0.05,2
962.29,0.0096,100962.29,12373.46,0.1092,0.078,0.078,0.997,23,0.2609,6,17,10.0,False,True,-0.0554,0.1405,14569.97,14614.87,9,0,5,7,2,0,14,99,29,0,0,0,35,36,0.5,1.0,10,0.025,0.03,0.01,0.05,3
-12302.51,-0.123,87697.49,12302.51,0.123,-0.78,-1.0,0.176,20,0.2,4,16,5.5,False,True,-0.0843,0.0,2761.89,15655.79,9,0,2,7,2,0,14,69,22,0,0,0,35,24,0.5,1.0,10,0.025,0.03,0.02,0.03,1
-12302.51,-0.123,87697.49,12302.51,0.123,-0.78,-1.0,0.176,20,0.2,4,16,5.5,False,True,-0.0843,0.0,2761.89,15655.79,9,0,2,7,2,0,14,69,22,0,0,0,35,24,0.5,1.0,10,0.025,0.03,0.02,0.03,2
-12302.51,-0.123,87697.49,12302.51,0.123,-0.78,-1.0,0.176,20,0.2,4,16,5.5,False,True,-0.0843,0.0,2761.89,15655.79,9,0,2,7,2,0,14,69,22,0,0,0,35,24,0.5,1.0,10,0.025,0.03,0.02,0.03,3
962.29,0.0096,100962.29,12373.46,0.1092,0.078,0.078,0.997,23,0.2609,6,17,10.0,False,True,-0.0554,0.1405,14569.97,14614.87,9,0,5,7,2,0,14,99,29,0,0,0,35,36,0.5,1.0,10,0.025,0.03,0.02,0.05,1
962.29,0.0096,100962.29,12373.46,0.1092,0.078,0.078,0.997,23,0.2609,6,17,10.0,False,True,-0.0554,0.1405,14569.97,14614.87,9,0,5,7,2,0,14,99,29,0,0,0,35,36,0.5,1.0,10,0.025,0.03,0.02,0.05,2
962.29,0.0096,100962.29,12373.46,0.1092,0.078,0.078,0.997,23,0.2609,6,17,10.0,False,True,-0.0554,0.1405,14569.97,14614.87,9,0,5,7,2,0,14,99,29,0,0,0,35,36,0.5,1.0,10,0.025,0.03,0.02,0.05,3
-5234.86,-0.0523,94765.14,11613.96,0.1092,-0.278,-0.451,0.558,23,0.2609,6,17,10.0,False,True,-0.0554,0.0705,7789.89,13970.12,9,0,5,7,2,0,14,99,67,0,0,143,35,50,0.5,1.0,10,0.035,0.02,0.01,0.03,1
-5234.86,-0.0523,94765.14,11613.96,0.1092,-0.278,-0.451,0.558,23,0.2609,6,17,10.0,False,True,-0.0554,0.0705,7789.89,13970.12,9,0,5,7,2,0,14,99,67,0,0,143,35,50,0.5,1.0,10,0.035,0.02,0.01,0.03,2
-5234.86,-0.0523,94765.14,11613.96,0.1092,-0.278,-0.451,0.558,23,0.2609,6,17,10.0,False,True,-0.0554,0.0705,7789.89,13970.12,9,0,5,7,2,0,14,99,67,0,0,143,35,50,0.5,1.0,10,0.035,0.02,0.01,0.03,3
962.29,0.0096,100962.29,12373.46,0.1092,0.078,0.078,0.997,23,0.2609,6,17,10.0,False,True,-0.0554,0.1405,14569.97,14614.87,9,0,5,7,2,0,14,99,29,0,0,0,35,36,0.5,1.0,10,0.035,0.02,0.01,0.05,1
962.29,0.0096,100962.29,12373.46,0.1092,0.078,0.078,0.997,23,0.2609,6,17,10.0,False,True,-0.0554,0.1405,14569.97,14614.87,9,0,5,7,2,0,14,99,29,0,0,0,35,36,0.5,1.0,10,0.035,0.02,0.01,0.05,2
962.29,0.0096,100962.29,12373.46,0.1092,0.078,0.078,0.997,23,0.2609,6,17,10.0,False,True,-0.0554,0.1405,14569.97,14614.87,9,0,5,7,2,0,14,99,29,0,0,0,35,36,0.5,1.0,10,0.035,0.02,0.01,0.05,3
-12302.51,-0.123,87697.49,12302.51,0.123,-0.78,-1.0,0.176,20,0.2,4,16,5.5,False,True,-0.0843,0.0,2761.89,15655.79,9,0,2,7,2,0,14,69,22,0,0,0,35,24,0.5,1.0,10,0.035,0.02,0.02,0.03,1
-12302.51,-0.123,87697.49,12302.51,0.123,-0.78,-1.0,0.176,20,0.2,4,16,5.5,False,True,-0.0843,0.0,2761.89,15655.79,9,0,2,7,2,0,14,69,22,0,0,0,35,24,0.5,1.0,10,0.035,0.02,0.02,0.03,2
-12302.51,-0.123,87697.49,12302.51,0.123,-0.78,-1.0,0.176,20,0.2,4,16,5.5,False,True,-0.0843,0.0,2761.89,15655.79,9,0,2,7,2,0,14,69,22,0,0,0,35,24,0.5,1.0,10,0.035,0.02,0.02,0.03,3
962.29,0.0096,100962.29,12373.46,0.1092,0.078,0.078,0.997,23,0.2609,6,17,10.0,False,True,-0.0554,0.1405,14569.97,14614.87,9,0,5,7,2,0,14,99,29,0,0,0,35,36,0.5,1.0,10,0.035,0.02,0.02,0.05,1
962.29,0.0096,100962.29,12373.46,0.1092,0.078,0.078,0.997,23,0.2609,6,17,10.0,False,True,-0.0554,0.1405,14569.97,14614.87,9,0,5,7,2,0,14,99,29,0,0,0,35,36,0.5,1.0,10,0.035,0.02,0.02,0.05,2
962.29,0.0096,100962.29,12373.46,0.1092,0.078,0.078,0.997,23,0.2609,6,17,10.0,False,True,-0.0554,0.1405,14569.97,14614.87,9,0,5,7,2,0,14,99,29,0,0,0,35,36,0.5,1.0,10,0.035,0.02,0.02,0.05,3
-5234.86,-0.0523,94765.14,11613.96,0.1092,-0.278,-0.451,0.558,23,0.2609,6,17,10.0,False,True,-0.0554,0.0705,7789.89,13970.12,9,0,5,7,2,0,14,99,67,0,0,143,35,50,0.5,1.0,10,0.035,0.03,0.01,0.03,1
-5234.86,-0.0523,94765.14,11613.96,0.1092,-0.278,-0.451,0.558,23,0.2609,6,17,10.0,False,True,-0.0554,0.0705,7789.89,13970.12,9,0,5,7,2,0,14,99,67,0,0,143,35,50,0.5,1.0,10,0.035,0.03,0.01,0.03,2
-5234.86,-0.0523,94765.14,11613.96,0.1092,-0.278,-0.451,0.558,23,0.2609,6,17,10.0,False,True,-0.0554,0.0705,7789.89,13970.12,9,0,5,7,2,0,14,99,67,0,0,143,35,50,0.5,1.0,10,0.035,0.03,0.01,0.03,3
962.29,0.0096,100962.29,12373.46,0.1092,0.078,0.078,0.997,23,0.2609,6,17,10.0,False,True,-0.0554,0.1405,14569.97,14614.87,9,0,5,7,2,0,14,99,29,0,0,0,35,36,0.5,1.0,10,0.035,0.03,0.01,0.05,1
962.29,0.0096,100962.29,12373.46,0.1092,0.078,0.078,0.997,23,0.2609,6,17,10.0,False,True,-0.0554,0.1405,14569.97,14614.87,9,0,5,7,2,0,14,99,29,0,0,0,35,36,0.5,1.0,10,0.035,0.03,0.01,0.05,2
962.29,0.0096,100962.29,12373.46,0.1092,0.078,0.078,0.997,23,0.2609,6,17,10.0,False,True,-0.0554,0.1405,14569.97,14614.87,9,0,5,7,2,0,14,99,29,0,0,0,35,36,0.5,1.0,10,0.035,0.03,0.01,0.05,3
-12302.51,-0.123,87697.49,12302.51,0.123,-0.78,-1.0,0.176,20,0.2,4,16,5.5,False,True,-0.0843,0.0,2761.89,15655.79,9,0,2,7,2,0,14,69,22,0,0,0,35,24,0.5,1.0,10,0.035,0.03,0.02,0.03,1
-12302.51,-0.123,87697.49,12302.51,0.123,-0.78,-1.0,0.176,20,0.2,4,16,5.5,False,True,-0.0843,0.0,2761.89,15655.79,9,0,2,7,2,0,14,69,22,0,0,0,35,24,0.5,1.0,10,0.035,0.03,0.02,0.03,2
-12302.51,-0.123,87697.49,12302.51,0.123,-0.78,-1.0,0.176,20,0.2,4,16,5.5,False,True,-0.0843,0.0,2761.89,15655.79,9,0,2,7,2,0,14,69,22,0,0,0,35,24,0.5,1.0,10,0.035,0.03,0.02,0.03,3
962.29,0.0096,100962.29,12373.46,0.1092,0.078,0.078,0.997,23,0.2609,6,17,10.0,False,True,-0.0554,0.1405,14569.97,14614.87,9,0,5,7,2,0,14,99,29,0,0,0,35,36,0.5,1.0,10,0.035,0.03,0.02,0.05,1
962.29,0.0096,100962.29,12373.46,0.1092,0.078,0.078,0.997,23,0.2609,6,17,10.0,False,True,-0.0554,0.1405,14569.97,14614.87,9,0,5,7,2,0,14,99,29,0,0,0,35,36,0.5,1.0,10,0.035,0.03,0.02,0.05,2
962.29,0.0096,100962.29,12373.46,0.1092,0.078,0.078,0.997,23,0.2609,6,17,10.0,False,True,-0.0554,0.1405,14569.97,14614.87,9,0,5,7,2,0,14,99,29,0,0,0,35,36,0.5,1.0,10,0.035,0.03,0.02,0.05,3
-5234.86,-0.0523,94765.14,11613.96,0.1092,-0.278,-0.451,0.558,23,0.2609,6,17,10.0,False,True,-0.0554,0.0705,7789.89,13970.12,9,0,5,7,2,0,0,110,67,0,0,143,35,50,0.5,1.0,15,0.025,0.02,0.01,0.03,1
-5234.86,-0.0523,94765.14,11613.96,0.1092,-0.278,-0.451,0.558,23,0.2609,6,17,10.0,False,True,-0.0554,0.0705,7789.89,13970.12,9,0,5,7,2,0,0,110,67,0,0,143,35,50,0.5,1.0,15,0.025,0.02,0.01,0.03,2
-5234.86,-0.0523,94765.14,11613.96,0.1092,-0.278,-0.451,0.558,23,0.2609,6,17,10.0,False,True,-0.0554,0.0705,7789.89,13970.12,9,0,5,7,2,0,0,110,67,0,0,143,35,50,0.5,1.0,15,0.025,0.02,0.01,0.03,3
962.29,0.0096,100962.29,12373.46,0.1092,0.078,0.078,0.997,23,0.2609,6,17,10.0,False,True,-0.0554,0.1405,14569.97,14614.87,9,0,5,7,2,0,0,110,29,0,0,0,35,36,0.5,1.0,15,0.025,0.02,0.01,0.05,1
962.29,0.0096,100962.29,12373.46,0.1092,0.078,0.078,0.997,23,0.2609,6,17,10.0,False,True,-0.0554,0.1405,14569.97,14614.87,9,0,5,7,2,0,0,110,29,0,0,0,35,36,0.5,1.0,15,0.025,0.02,0.01,0.05,2
962.29,0.0096,100962.29,12373.46,0.1092,0.078,0.078,0.997,23,0.2609,6,17,10.0,False,True,-0.0554,0.1405,14569.97,14614.87,9,0,5,7,2,0,0,110,29,0,0,0,35,36,0.5,1.0,15,0.025,0.02,0.01,0.05,3
-12302.51,-0.123,87697.49,12302.51,0.123,-0.78,-1.0,0.176,20,0.2,4,16,5.5,False,True,-0.0843,0.0,2761.89,15655.79,9,0,2,7,2,0,0,80,22,0,0,0,35,24,0.5,1.0,15,0.025,0.02,0.02,0.03,1
-12302.51,-0.123,87697.49,12302.51,0.123,-0.78,-1.0,0.176,20,0.2,4,16,5.5,False,True,-0.0843,0.0,2761.89,15655.79,9,0,2,7,2,0,0,80,22,0,0,0,35,24,0.5,1.0,15,0.025,0.02,0.02,0.03,2
-12302.51,-0.123,87697.49,12302.51,0.123,-0.78,-1.0,0.176,20,0.2,4,16,5.5,False,True,-0.0843,0.0,2761.89,15655.79,9,0,2,7,2,0,0,80,22,0,0,0,35,24,0.5,1.0,15,0.025,0.02,0.02,0.03,3
962.29,0.0096,100962.29,12373.46,0.1092,0.078,0.078,0.997,23,0.2609,6,17,10.0,False,True,-0.0554,0.1405,14569.97,14614.87,9,0,5,7,2,0,0,110,29,0,0,0,35,36,0.5,1.0,15,0.025,0.02,0.02,0.05,1
962.29,0.0096,100962.29,12373.46,0.1092,0.078,0.078,0.997,23,0.2609,6,17,10.0,False,True,-0.0554,0.1405,14569.97,14614.87,9,0,5,7,2,0,0,110,29,0,0,0,35,36,0.5,1.0,15,0.025,0.02,0.02,0.05,2
962.29,0.0096,100962.29,12373.46,0.1092,0.078,0.078,0.997,23,0.2609,6,17,10.0,False,True,-0.0554,0.1405,14569.97,14614.87,9,0,5,7,2,0,0,110,29,0,0,0,35,36,0.5,1.0,15,0.025,0.02,0.02,0.05,3
-5234.86,-0.0523,94765.14,11613.96,0.1092,-0.278,-0.451,0.558,23,0.2609,6,17,10.0,False,True,-0.0554,0.0705,7789.89,13970.12,9,0,5,7,2,0,0,110,67,0,0,143,35,50,0.5,1.0,15,0.025,0.03,0.01,0.03,1
-5234.86,-0.0523,94765.14,11613.96,0.1092,-0.278,-0.451,0.558,23,0.2609,6,17,10.0,False,True,-0.0554,0.0705,7789.89,13970.12,9,0,5,7,2,0,0,110,67,0,0,143,35,50,0.5,1.0,15,0.025,0.03,0.01,0.03,2
-5234.86,-0.0523,94765.14,11613.96,0.1092,-0.278,-0.451,0.558,23,0.2609,6,17,10.0,False,True,-0.0554,0.0705,7789.89,13970.12,9,0,5,7,2,0,0,110,67,0,0,143,35,50,0.5,1.0,15,0.025,0.03,0.01,0.03,3
962.29,0.0096,100962.29,12373.46,0.1092,0.078,0.078,0.997,23,0.2609,6,17,10.0,False,True,-0.0554,0.1405,14569.97,14614.87,9,0,5,7,2,0,0,110,29,0,0,0,35,36,0.5,1.0,15,0.025,0.03,0.01,0.05,1
962.29,0.0096,100962.29,12373.46,0.1092,0.078,0.078,0.997,23,0.2609,6,17,10.0,False,True,-0.0554,0.1405,14569.97,14614.87,9,0,5,7,2,0,0,110,29,0,0,0,35,36,0.5,1.0,15,0.025,0.03,0.01,0.05,2
962.29,0.0096,100962.29,12373.46,0.1092,0.078,0.078,0.997,23,0.2609,6,17,10.0,False,True,-0.0554,0.1405,14569.97,14614.87,9,0,5,7,2,0,0,110,29,0,0,0,35,36,0.5,1.0,15,0.025,0.03,0.01,0.05,3
-12302.51,-0.123,87697.49,12302.51,0.123,-0.78,-1.0,0.176,20,0.2,4,16,5.5,False,True,-0.0843,0.0,2761.89,15655.79,9,0,2,7,2,0,0,80,22,0,0,0,35,24,0.5,1.0,15,0.025,0.03,0.02,0.03,1
-12302.51,-0.123,87697.49,12302.51,0.123,-0.78,-1.0,0.176,20,0.2,4,16,5.5,False,True,-0.0843,0.0,2761.89,15655.79,9,0,2,7,2,0,0,80,22,0,0,0,35,24,0.5,1.0,15,0.025,0.03,0.02,0.03,2
-12302.51,-0.123,87697.49,12302.51,0.123,-0.78,-1.0,0.176,20,0.2,4,16,5.5,False,True,-0.0843,0.0,2761.89,15655.79,9,0,2,7,2,0,0,80,22,0,0,0,35,24,0.5,1.0,15,0.025,0.03,0.02,0.03,3
962.29,0.0096,100962.29,12373.46,0.1092,0.078,0.078,0.997,23,0.2609,6,17,10.0,False,True,-0.0554,0.1405,14569.97,14614.87,9,0,5,7,2,0,0,110,29,0,0,0,35,36,0.5,1.0,15,0.025,0.03,0.02,0.05,1
962.29,0.0096,100962.29,12373.46,0.1092,0.078,0.078,0.997,23,0.2609,6,17,10.0,False,True,-0.0554,0.1405,14569.97,14614.87,9,0,5,7,2,0,0,110,29,0,0,0,35,36,0.5,1.0,15,0.025,0.03,0.02,0.05,2
962.29,0.0096,100962.29,12373.46,0.1092,0.078,0.078,0.997,23,0.2609,6,17,10.0,False,True,-0.0554,0.1405,14569.97,14614.87,9,0,5,7,2,0,0,110,29,0,0,0,35,36,0.5,1.0,15,0.025,0.03,0.02,0.05,3
-5234.86,-0.0523,94765.14,11613.96,0.1092,-0.278,-0.451,0.558,23,0.2609,6,17,10.0,False,True,-0.0554,0.0705,7789.89,13970.12,9,0,5,7,2,0,0,110,67,0,0,143,35,50,0.5,1.0,15,0.035,0.02,0.01,0.03,1
-5234.86,-0.0523,94765.14,11613.96,0.1092,-0.278,-0.451,0.558,23,0.2609,6,17,10.0,False,True,-0.0554,0.0705,7789.89,13970.12,9,0,5,7,2,0,0,110,67,0,0,143,35,50,0.5,1.0,15,0.035,0.02,0.01,0.03,2
-5234.86,-0.0523,94765.14,11613.96,0.1092,-0.278,-0.451,0.558,23,0.2609,6,17,10.0,False,True,-0.0554,0.0705,7789.89,13970.12,9,0,5,7,2,0,0,110,67,0,0,143,35,50,0.5,1.0,15,0.035,0.02,0.01,0.03,3
962.29,0.0096,100962.29,12373.46,0.1092,0.078,0.078,0.997,23,0.2609,6,17,10.0,False,True,-0.0554,0.1405,14569.97,14614.87,9,0,5,7,2,0,0,110,29,0,0,0,35,36,0.5,1.0,15,0.035,0.02,0.01,0.05,1
962.29,0.0096,100962.29,12373.46,0.1092,0.078,0.078,0.997,23,0.2609,6,17,10.0,False,True,-0.0554,0.1405,14569.97,14614.87,9,0,5,7,2,0,0,110,29,0,0,0,35,36,0.5,1.0,15,0.035,0.02,0.01,0.05,2
962.29,0.0096,100962.29,12373.46,0.1092,0.078,0.078,0.997,23,0.2609,6,17,10.0,False,True,-0.0554,0.1405,14569.97,14614.87,9,0,5,7,2,0,0,110,29,0,0,0,35,36,0.5,1.0,15,0.035,0.02,0.01,0.05,3
-12302.51,-0.123,87697.49,12302.51,0.123,-0.78,-1.0,0.176,20,0.2,4,16,5.5,False,True,-0.0843,0.0,2761.89,15655.79,9,0,2,7,2,0,0,80,22,0,0,0,35,24,0.5,1.0,15,0.035,0.02,0.02,0.03,1
-12302.51,-0.123,87697.49,12302.51,0.123,-0.78,-1.0,0.176,20,0.2,4,16,5.5,False,True,-0.0843,0.0,2761.89,15655.79,9,0,2,7,2,0,0,80,22,0,0,0,35,24,0.5,1.0,15,0.035,0.02,0.02,0.03,2
-12302.51,-0.123,87697.49,12302.51,0.123,-0.78,-1.0,0.176,20,0.2,4,16,5.5,False,True,-0.0843,0.0,2761.89,15655.79,9,0,2,7,2,0,0,80,22,0,0,0,35,24,0.5,1.0,15,0.035,0.02,0.02,0.03,3
962.29,0.0096,100962.29,12373.46,0.1092,0.078,0.078,0.997,23,0.2609,6,17,10.0,False,True,-0.0554,0.1405,14569.97,14614.87,9,0,5,7,2,0,0,110,29,0,0,0,35,36,0.5,1.0,15,0.035,0.02,0.02,0.05,1
962.29,0.0096,100962.29,12373.46,0.1092,0.078,0.078,0.997,23,0.2609,6,17,10.0,False,True,-0.0554,0.1405,14569.97,14614.87,9,0,5,7,2,0,0,110,29,0,0,0,35,36,0.5,1.0,15,0.035,0.02,0.02,0.05,2
962.29,0.0096,100962.29,12373.46,0.1092,0.078,0.078,0.997,23,0.2609,6,17,10.0,False,True,-0.0554,0.1405,14569.97,14614.87,9,0,5,7,2,0,0,110,29,0,0,0,35,36,0.5,1.0,15,0.035,0.02,0.02,0.05,3
-5234.86,-0.0523,94765.14,11613.96,0.1092,-0.278,-0.451,0.558,23,0.2609,6,17,10.0,False,True,-0.0554,0.0705,7789.89,13970.12,9,0,5,7,2,0,0,110,67,0,0,143,35,50,0.5,1.0,15,0.035,0.03,0.01,0.03,1
-5234.86,-0.0523,94765.14,11613.96,0.1092,-0.278,-0.451,0.558,23,0.2609,6,17,10.0,False,True,-0.0554,0.0705,7789.89,13970.12,9,0,5,7,2,0,0,110,67,0,0,143,35,50,0.5,1.0,15,0.035,0.03,0.01,0.03,2
-5234.86,-0.0523,94765.14,11613.96,0.1092,-0.278,-0.451,0.558,23,0.2609,6,17,10.0,False,True,-0.0554,0.0705,7789.89,13970.12,9,0,5,7,2,0,0,110,67,0,0,143,35,50,0.5,1.0,15,0.035,0.03,0.01,0.03,3
962.29,0.0096,100962.29,12373.46,0.1092,0.078,0.078,0.997,23,0.2609,6,17,10.0,False,True,-0.0554,0.1405,14569.97,14614.87,9,0,5,7,2,0,0,110,29,0,0,0,35,36,0.5,1.0,15,0.035,0.03,0.01,0.05,1
962.29,0.0096,100962.29,12373.46,0.1092,0.078,0.078,0.997,23,0.2609,6,17,10.0,False,True,-0.0554,0.1405,14569.97,14614.87,9,0,5,7,2,0,0,110,29,0,0,0,35,36,0.5,1.0,15,0.035,0.03,0.01,0.05,2
962.29,0.0096,100962.29,12373.46,0.1092,0.078,0.078,0.997,23,0.2609,6,17,10.0,False,True,-0.0554,0.1405,14569.97,14614.87,9,0,5,7,2,0,0,110,29,0,0,0,35,36,0.5,1.0,15,0.035,0.03,0.01,0.05,3
-12302.51,-0.123,87697.49,12302.51,0.123,-0.78,-1.0,0.176,20,0.2,4,16,5.5,False,True,-0.0843,0.0,2761.89,15655.79,9,0,2,7,2,0,0,80,22,0,0,0,35,24,0.5,1.0,15,0.035,0.03,0.02,0.03,1
-12302.51,-0.123,87697.49,12302.51,0.123,-0.78,-1.0,0.176,20,0.2,4,16,5.5,False,True,-0.0843,0.0,2761.89,15655.79,9,0,2,7,2,0,0,80,22,0,0,0,35,24,0.5,1.0,15,0.035,0.03,0.02,0.03,2
-12302.51,-0.123,87697.49,12302.51,0.123,-0.78,-1.0,0.176,20,0.2,4,16,5.5,False,True,-0.0843,0.0,2761.89,15655.79,9,0,2,7,2,0,0,80,22,0,0,0,35,24,0.5,1.0,15,0.035,0.03,0.02,0.03,3
962.29,0.0096,100962.29,12373.46,0.1092,0.078,0.078,0.997,23,0.2609,6,17,10.0,False,True,-0.0554,0.1405,14569.97,14614.87,9,0,5,7,2,0,0,110,29,0,0,0,35,36,0.5,1.0,15,0.035,0.03,0.02,0.05,1
962.29,0.0096,100962.29,12373.46,0.1092,0.078,0.078,0.997,23,0.2609,6,17,10.0,False,True,-0.0554,0.1405,14569.97,14614.87,9,0,5,7,2,0,0,110,29,0,0,0,35,36,0.5,1.0,15,0.035,0.03,0.02,0.05,2
962.29,0.0096,100962.29,12373.46,0.1092,0.078,0.078,0.997,23,0.2609,6,17,10.0,False,True,-0.0554,0.1405,14569.97,14614.87,9,0,5,7,2,0,0,110,29,0,0,0,35,36,0.5,1.0,15,0.035,0.03,0.02,0.05,3
10092.11,0.1009,110092.11,15094.62,0.1212,0.309,0.669,1.613,15,0.3333,5,10,10.1,False,True,-0.0659,0.2108,21200.14,13144.85,4,0,3,5,3,0,41,88,27,0,0,0,35,35,0.5,1.5,5,0.025,0.02,0.01,0.03,1
10092.11,0.1009,110092.11,15094.62,0.1212,0.309,0.669,1.613,15,0.3333,5,10,10.1,False,True,-0.0659,0.2108,21200.14,13144.85,4,0,3,5,3,0,41,88,27,0,0,0,35,35,0.5,1.5,5,0.025,0.02,0.01,0.03,2
10092.11,0.1009,110092.11,15094.62,0.1212,0.309,0.669,1.613,15,0.3333,5,10,10.1,False,True,-0.0659,0.2108,21200.14,13144.85,4,0,3,5,3,0,41,88,27,0,0,0,35,35,0.5,1.5,5,0.025,0.02,0.01,0.03,3
10092.11,0.1009,110092.11,15094.62,0.1212,0.309,0.669,1.613,15,0.3333,5,10,10.1,False,True,-0.0659,0.2108,21200.14,13144.85,4,0,3,5,3,0,41,88,27,0,0,0,35,35,0.5,1.5,5,0.025,0.02,0.01,0.05,1
10092.11,0.1009,110092.11,15094.62,0.1212,0.309,0.669,1.613,15,0.3333,5,10,10.1,False,True,-0.0659,0.2108,21200.14,13144.85,4,0,3,5,3,0,41,88,27,0,0,0,35,35,0.5,1.5,5,0.025,0.02,0.01,0.05,2
10092.11,0.1009,110092.11,15094.62,0.1212,0.309,0.669,1.613,15,0.3333,5,10,10.1,False,True,-0.0659,0.2108,21200.14,13144.85,4,0,3,5,3,0,41,88,27,0,0,0,35,35,0.5,1.5,5,0.025,0.02,0.01,0.05,3
10092.11,0.1009,110092.11,15094.62,0.1212,0.309,0.669,1.613,15,0.3333,5,10,10.1,False,True,-0.0659,0.2108,21200.14,13144.85,4,0,3,5,3,0,41,88,27,0,0,0,35,35,0.5,1.5,5,0.025,0.02,0.02,0.03,1
10092.11,0.1009,110092.11,15094.62,0.1212,0.309,0.669,1.613,15,0.3333,5,10,10.1,False,True,-0.0659,0.2108,21200.14,13144.85,4,0,3,5,3,0,41,88,27,0,0,0,35,35,0.5,1.5,5,0.025,0.02,0.02,0.03,2
10092.11,0.1009,110092.11,15094.62,0.1212,0.309,0.669,1.613,15,0.3333,5,10,10.1,False,True,-0.0659,0.2108,21200.14,13144.85,4,0,3,5,3,0,41,88,27,0,0,0,35,35,0.5,1.5,5,0.025,0.02,0.02,0.03,3
10092.11,0.1009,110092.11,15094.62,0.1212,0.309,0.669,1.613,15,0.3333,5,10,10.1,False,True,-0.0659,0.2108,21200.14,13144.85,4,0,3,5,3,0,41,88,27,0,0,0,35,35,0.5,1.5,5,0.025,0.02,0.02,0.05,1
10092.11,0.1009,110092.11,15094.62,0.1212,0.309,0.669,1.613,15,0.3333,5,10,10.1,False,True,-0.0659,0.2108,21200.14,13144.85,4,0,3,5,3,0,41,88,27,0,0,0,35,35,0.5,1.5,5,0.025,0.02,0.02,0.05,2
10092.11,0.1009,110092.11,15094.62,0.1212,0.309,0.669,1.613,15,0.3333,5,10,10.1,False,True,-0.0659,0.2108,21200.14,13144.85,4,0,3,5,3,0,41,88,27,0,0,0,35,35,0.5,1.5,5,0.025,0.02,0.02,0.05,3
10092.11,0.1009,110092.11,15094.62,0.1212,0.309,0.669,1.613,15,0.3333,5,10,10.1,False,True,-0.0659,0.2108,21200.14,13144.85,4,0,3,5,3,0,41,88,27,0,0,0,35,35,0.5,1.5,5,0.025,0.03,0.01,0.03,1
10092.11,0.1009,110092.11,15094.62,0.1212,0.309,0.669,1.613,15,0.3333,5,10,10.1,False,True,-0.0659,0.2108,21200.14,13144.85,4,0,3,5,3,0,41,88,27,0,0,0,35,35,0.5,1.5,5,0.025,0.03,0.01,0.03,2
10092.11,0.1009,110092.11,15094.62,0.1212,0.309,0.669,1.613,15,0.3333,5,10,10.1,False,True,-0.0659,0.2108,21200.14,13144.85,4,0,3,5,3,0,41,88,27,0,0,0,35,35,0.5,1.5,5,0.025,0.03,0.01,0.03,3
10092.11,0.1009,110092.11,15094.62,0.1212,0.309,0.669,1.613,15,0.3333,5,10,10.1,False,True,-0.0659,0.2108,21200.14,13144.85,4,0,3,5,3,0,41,88,27,0,0,0,35,35,0.5,1.5,5,0.025,0.03,0.01,0.05,1
10092.11,0.1009,110092.11,15094.62,0.1212,0.309,0.669,1.613,15,0.3333,5,10,10.1,False,True,-0.0659,0.2108,21200.14,13144.85,4,0,3,5,3,0,41,88,27,0,0,0,35,35,0.5,1.5,5,0.025,0.03,0.01,0.05,2
10092.11,0.1009,110092.11,15094.62,0.1212,0.309,0.669,1.613,15,0.3333,5,10,10.1,False,True,-0.0659,0.2108,21200.14,13144.85,4,0,3,5,3,0,41,88,27,0,0,0,35,35,0.5,1.5,5,0.025,0.03,0.01,0.05,3
10092.11,0.1009,110092.11,15094.62,0.1212,0.309,0.669,1.613,15,0.3333,5,10,10.1,False,True,-0.0659,0.2108,21200.14,13144.85,4,0,3,5,3,0,41,88,27,0,0,0,35,35,0.5,1.5,5,0.025,0.03,0.02,0.03,1
10092.11,0.1009,110092.11,15094.62,0.1212,0.309,0.669,1.613,15,0.3333,5,10,10.1,False,True,-0.0659,0.2108,21200.14,13144.85,4,0,3,5,3,0,41,88,27,0,0,0,35,35,0.5,1.5,5,0.025,0.03,0.02,0.03,2
10092.11,0.1009,110092.11,15094.62,0.1212,0.309,0.669,1.613,15,0.3333,5,10,10.1,False,True,-0.0659,0.2108,21200.14,13144.85,4,0,3,5,3,0,41,88,27,0,0,0,35,35,0.5,1.5,5,0.025,0.03,0.02,0.03,3
10092.11,0.1009,110092.11,15094.62,0.1212,0.309,0.669,1.613,15,0.3333,5,10,10.1,False,True,-0.0659,0.2108,21200.14,13144.85,4,0,3,5,3,0,41,88,27,0,0,0,35,35,0.5,1.5,5,0.025,0.03,0.02,0.05,1
10092.11,0.1009,110092.11,15094.62,0.1212,0.309,0.669,1.613,15,0.3333,5,10,10.1,False,True,-0.0659,0.2108,21200.14,13144.85,4,0,3,5,3,0,41,88,27,0,0,0,35,35,0.5,1.5,5,0.025,0.03,0.02,0.05,2
10092.11,0.1009,110092.11,15094.62,0.1212,0.309,0.669,1.613,15,0.3333,5,10,10.1,False,True,-0.0659,0.2108,21200.14,13144.85,4,0,3,5,3,0,41,88,27,0,0,0,35,35,0.5,1.5,5,0.025,0.03,0.02,0.05,3
-1211.84,-0.0121,98788.16,13544.74,0.1212,-0.017,-0.089,0.779,17,0.2941,5,12,9.2,False,True,-0.0659,0.1053,10686.41,13725.94,5,0,4,5,3,0,189,88,28,0,0,0,38,43,0.5,1.5,5,0.035,0.02,0.01,0.03,1
-1211.84,-0.0121,98788.16,13544.74,0.1212,-0.017,-0.089,0.779,17,0.2941,5,12,9.2,False,True,-0.0659,0.1053,10686.41,13725.94,5,0,4,5,3,0,189,88,28,0,0,0,38,43,0.5,1.5,5,0.035,0.02,0.01,0.03,2
-1211.84,-0.0121,98788.16,13544.74,0.1212,-0.017,-0.089,0.779,17,0.2941,5,12,9.2,False,True,-0.0659,0.1053,10686.41,13725.94,5,0,4,5,3,0,189,88,28,0,0,0,38,43,0.5,1.5,5,0.035,0.02,0.01,0.03,3
8218.33,0.0822,108218.33,14837.71,0.1212,0.262,0.554,1.425,17,0.2941,5,12,9.2,False,True,-0.0659,0.2108,20847.04,14630.87,5,0,4,5,3,0,189,88,28,0,0,0,38,43,0.5,1.5,5,0.035,0.02,0.01,0.05,1
8218.33,0.0822,108218.33,14837.71,0.1212,0.262,0.554,1.425,17,0.2941,5,12,9.2,False,True,-0.0659,0.2108,20847.04,14630.87,5,0,4,5,3,0,189,88,28,0,0,0,38,43,0.5,1.5,5,0.035,0.02,0.01,0.05,2
8218.33,0.0822,108218.33,14837.71,0.1212,0.262,0.554,1.425,17,0.2941,5,12,9.2,False,True,-0.0659,0.2108,20847.04,14630.87,5,0,4,5,3,0,189,88,28,0,0,0,38,43,0.5,1.5,5,0.035,0.02,0.01,0.05,3
-1211.84,-0.0121,98788.16,13544.74,0.1212,-0.017,-0.089,0.779,17,0.2941,5,12,9.2,False,True,-0.0659,0.1053,10686.41,13725.94,5,0,4,5,3,0,189,88,28,0,0,0,38,43,0.5,1.5,5,0.035,0.02,0.02,0.03,1
-1211.84,-0.0121,98788.16,13544.74,0.1212,-0.017,-0.089,0.779,17,0.2941,5,12,9.2,False,True,-0.0659,0.1053,10686.41,13725.94,5,0,4,5,3,0,189,88,28,0,0,0,38,43,0.5,1.5,5,0.035,0.02,0.02,0.03,2
-1211.84,-0.0121,98788.16,13544.74,0.1212,-0.017,-0.089,0.779,17,0.2941,5,12,9.2,False,True,-0.0659,0.1053,10686.41,13725.94,5,0,4,5,3,0,189,88,28,0,0,0,38,43,0.5,1.5,5,0.035,0.02,0.02,0.03,3
8218.33,0.0822,108218.33,14837.71,0.1212,0.262,0.554,1.425,17,0.2941,5,12,9.2,False,True,-0.0659,0.2108,20847.04,14630.87,5,0,4,5,3,0,189,88,28,0,0,0,38,43,0.5,1.5,5,0.035,0.02,0.02,0.05,1
8218.33,0.0822,108218.33,14837.71,0.1212,0.262,0.554,1.425,17,0.2941,5,12,9.2,False,True,-0.0659,0.2108,20847.04,14630.87,5,0,4,5,3,0,189,88,28,0,0,0,38,43,0.5,1.5,5,0.035,0.02,0.02,0.05,2
8218.33,0.0822,108218.33,14837.71,0.1212,0.262,0.554,1.425,17,0.2941,5,12,9.2,False,True,-0.0659,0.2108,20847.04,14630.87,5,0,4,5,3,0,189,88,28,0,0,0,38,43,0.5,1.5,5,0.035,0.02,0.02,0.05,3
-1211.84,-0.0121,98788.16,13544.74,0.1212,-0.017,-0.089,0.779,17,0.2941,5,12,9.2,False,True,-0.0659,0.1053,10686.41,13725.94,5,0,4,5,3,0,189,88,66,0,0,143,38,57,0.5,1.5,5,0.035,0.03,0.01,0.03,1
-1211.84,-0.0121,98788.16,13544.74,0.1212,-0.017,-0.089,0.779,17,0.2941,5,12,9.2,False,True,-0.0659,0.1053,10686.41,13725.94,5,0,4,5,3,0,189,88,66,0,0,143,38,57,0.5,1.5,5,0.035,0.03,0.01,0.03,2
-1211.84,-0.0121,98788.16,13544.74,0.1212,-0.017,-0.089,0.779,17,0.2941,5,12,9.2,False,True,-0.0659,0.1053,10686.41,13725.94,5,0,4,5,3,0,189,88,66,0,0,143,38,57,0.5,1.5,5,0.035,0.03,0.01,0.03,3
8218.33,0.0822,108218.33,14837.71,0.1212,0.262,0.554,1.425,17,0.2941,5,12,9.2,False,True,-0.0659,0.2108,20847.04,14630.87,5,0,4,5,3,0,189,88,28,0,0,0,38,43,0.5,1.5,5,0.035,0.03,0.01,0.05,1
8218.33,0.0822,108218.33,14837.71,0.1212,0.262,0.554,1.425,17,0.2941,5,12,9.2,False,True,-0.0659,0.2108,20847.04,14630.87,5,0,4,5,3,0,189,88,28,0,0,0,38,43,0.5,1.5,5,0.035,0.03,0.01,0.05,2
8218.33,0.0822,108218.33,14837.71,0.1212,0.262,0.554,1.425,17,0.2941,5,12,9.2,False,True,-0.0659,0.2108,20847.04,14630.87,5,0,4,5,3,0,189,88,28,0,0,0,38,43,0.5,1.5,5,0.035,0.03,0.01,0.05,3
-1211.84,-0.0121,98788.16,13544.74,0.1212,-0.017,-0.089,0.779,17,0.2941,5,12,9.2,False,True,-0.0659,0.1053,10686.41,13725.94,5,0,4,5,3,0,189,88,66,0,0,143,38,57,0.5,1.5,5,0.035,0.03,0.02,0.03,1
-1211.84,-0.0121,98788.16,13544.74,0.1212,-0.017,-0.089,0.779,17,0.2941,5,12,9.2,False,True,-0.0659,0.1053,10686.41,13725.94,5,0,4,5,3,0,189,88,66,0,0,143,38,57,0.5,1.5,5,0.035,0.03,0.02,0.03,2
-1211.84,-0.0121,98788.16,13544.74,0.1212,-0.017,-0.089,0.779,17,0.2941,5,12,9.2,False,True,-0.0659,0.1053,10686.41,13725.94,5,0,4,5,3,0,189,88,66,0,0,143,38,57,0.5,1.5,5,0.035,0.03,0.02,0.03,3
8218.33,0.0822,108218.33,14837.71,0.1212,0.262,0.554,1.425,17,0.2941,5,12,9.2,False,True,-0.0659,0.2108,20847.04,14630.87,5,0,4,5,3,0,189,88,28,0,0,0,38,43,0.5,1.5,5,0.035,0.03,0.02,0.05,1
8218.33,0.0822,108218.33,14837.71,0.1212,0.262,0.554,1.425,17,0.2941,5,12,9.2,False,True,-0.0659,0.2108,20847.04,14630.87,5,0,4,5,3,0,189,88,28,0,0,0,38,43,0.5,1.5,5,0.035,0.03,0.02,0.05,2
8218.33,0.0822,108218.33,14837.71,0.1212,0.262,0.554,1.425,17,0.2941,5,12,9.2,False,True,-0.0659,0.2108,20847.04,14630.87,5,0,4,5,3,0,189,88,28,0,0,0,38,43,0.5,1.5,5,0.035,0.03,0.02,0.05,3
-3258.69,-0.0326,96741.31,13264.1,0.1212,-0.098,-0.246,0.694,20,0.3,6,14,9.7,False,True,-0.0659,0.1058,11458.77,16507.28,7,0,3,7,3,0,14,99,27,0,0,0,35,35,0.5,1.5,10,0.025,0.02,0.01,0.03,1
-3258.69,-0.0326,96741.31,13264.1,0.1212,-0.098,-0.246,0.694,20,0.3,6,14,9.7,False,True,-0.0659,0.1058,11458.77,16507.28,7,0,3,7,3,0,14,99,27,0,0,0,35,35,0.5,1.5,10,0.025,0.02,0.01,0.03,2
-3258.69,-0.0326,96741.31,13264.1,0.1212,-0.098,-0.246,0.694,20,0.3,6,14,9.7,False,True,-0.0659,0.1058,11458.77,16507.28,7,0,3,7,3,0,14,99,27,0,0,0,35,35,0.5,1.5,10,0.025,0.02,0.01,0.03,3
-3302.26,-0.033,96697.74,13258.13,0.1212,-0.1,-0.249,0.692,20,0.3,6,14,9.7,False,True,-0.0659,0.1053,11458.77,16550.04,7,0,3,7,3,0,14,99,27,0,0,0,35,35,0.5,1.5,10,0.025,0.02,0.01,0.05,1
-3302.26,-0.033,96697.74,13258.13,0.1212,-0.1,-0.249,0.692,20,0.3,6,14,9.7,False,True,-0.0659,0.1053,11458.77,16550.04,7,0,3,7,3,0,14,99,27,0,0,0,35,35,0.5,1.5,10,0.025,0.02,0.01,0.05,2
-3302.26,-0.033,96697.74,13258.13,0.1212,-0.1,-0.249,0.692,20,0.3,6,14,9.7,False,True,-0.0659,0.1053,11458.77,16550.04,7,0,3,7,3,0,14,99,27,0,0,0,35,35,0.5,1.5,10,0.025,0.02,0.01,0.05,3
-3258.69,-0.0326,96741.31,13264.1,0.1212,-0.098,-0.246,0.694,20,0.3,6,14,9.7,False,True,-0.0659,0.1058,11458.77,16507.28,7,0,3,7,3,0,14,99,27,0,0,0,35,35,0.5,1.5,10,0.025,0.02,0.02,0.03,1
-3258.69,-0.0326,96741.31,13264.1,0.1212,-0.098,-0.246,0.694,20,0.3,6,14,9.7,False,True,-0.0659,0.1058,11458.77,16507.28,7,0,3,7,3,0,14,99,27,0,0,0,35,35,0.5,1.5,10,0.025,0.02,0.02,0.03,2
-3258.69,-0.0326,96741.31,13264.1,0.1212,-0.098,-0.246,0.694,20,0.3,6,14,9.7,False,True,-0.0659,0.1058,11458.77,16507.28,7,0,3,7,3,0,14,99,27,0,0,0,35,35,0.5,1.5,10,0.025,0.02,0.02,0.03,3
-3302.26,-0.033,96697.74,13258.13,0.1212,-0.1,-0.249,0.692,20,0.3,6,14,9.7,False,True,-0.0659,0.1053,11458.77,16550.04,7,0,3,7,3,0,14,99,27,0,0,0,35,35,0.5,1.5,10,0.025,0.02,0.02,0.05,1
-3302.26,-0.033,96697.74,13258.13,0.1212,-0.1,-0.249,0.692,20,0.3,6,14,9.7,False,True,-0.0659,0.1053,11458.77,16550.04,7,0,3,7,3,0,14,99,27,0,0,0,35,35,0.5,1.5,10,0.025,0.02,0.02,0.05,2
-3302.26,-0.033,96697.74,13258.13,0.1212,-0.1,-0.249,0.692,20,0.3,6,14,9.7,False,True,-0.0659,0.1053,11458.77,16550.04,7,0,3,7,3,0,14,99,27,0,0,0,35,35,0.5,1.5,10,0.025,0.02,0.02,0.05,3
-3258.69,-0.0326,96741.31,13264.1,0.1212,-0.098,-0.246,0.694,20,0.3,6,14,9.7,False,True,-0.0659,0.1058,11458.77,16507.28,7,0,3,7,3,0,14,99,65,0,0,143,35,49,0.5,1.5,10,0.025,0.03,0.01,0.03,1
-3258.69,-0.0326,96741.31,13264.1,0.1212,-0.098,-0.246,0.694,20,0.3,6,14,9.7,False,True,-0.0659,0.1058,11458.77,16507.28,7,0,3,7,3,0,14,99,65,0,0,143,35,49,0.5,1.5,10,0.025,0.03,0.01,0.03,2
-3258.69,-0.0326,96741.31,13264.1,0.1212,-0.098,-0.246,0.694,20,0.3,6,14,9.7,False,True,-0.0659,0.1058,11458.77,16507.28,7,0,3,7,3,0,14,99,65,0,0,143,35,49,0.5,1.5,10,0.025,0.03,0.01,0.03,3
-3302.26,-0.033,96697.74,13258.13,0.1212,-0.1,-0.249,0.692,20,0.3,6,14,9.7,False,True,-0.0659,0.1053,11458.77,16550.04,7,0,3,7,3,0,14,99,65,0,0,143,35,49,0.5,1.5,10,0.025,0.03,0.01,0.05,1
-3302.26,-0.033,96697.74,13258.13,0.1212,-0.1,-0.249,0.692,20,0.3,6,14,9.7,False,True,-0.0659,0.1053,11458.77,16550.04,7,0,3,7,3,0,14,99,65,0,0,143,35,49,0.5,1.5,10,0.025,0.03,0.01,0.05,2
-3302.26,-0.033,96697.74,13258.13,0.1212,-0.1,-0.249,0.692,20,0.3,6,14,9.7,False,True,-0.0659,0.1053,11458.77,16550.04,7,0,3,7,3,0,14,99,65,0,0,143,35,49,0.5,1.5,10,0.025,0.03,0.01,0.05,3
-3258.69,-0.0326,96741.31,13264.1,0.1212,-0.098,-0.246,0.694,20,0.3,6,14,9.7,False,True,-0.0659,0.1058,11458.77,16507.28,7,0,3,7,3,0,14,99,65,0,0,143,35,49,0.5,1.5,10,0.025,0.03,0.02,0.03,1
-3258.69,-0.0326,96741.31,13264.1,0.1212,-0.098,-0.246,0.694,20,0.3,6,14,9.7,False,True,-0.0659,0.1058,11458.77,16507.28,7,0,3,7,3,0,14,99,65,0,0,143,35,49,0.5,1.5,10,0.025,0.03,0.02,0.03,2
-3258.69,-0.0326,96741.31,13264.1,0.1212,-0.098,-0.246,0.694,20,0.3,6,14,9.7,False,True,-0.0659,0.1058,11458.77,16507.28,7,0,3,7,3,0,14,99,65,0,0,143,35,49,0.5,1.5,10,0.025,0.03,0.02,0.03,3
-3302.26,-0.033,96697.74,13258.13,0.1212,-0.1,-0.249,0.692,20,0.3,6,14,9.7,False,True,-0.0659,0.1053,11458.77,16550.04,7,0,3,7,3,0,14,99,65,0,0,143,35,49,0.5,1.5,10,0.025,0.03,0.02,0.05,1
-3302.26,-0.033,96697.74,13258.13,0.1212,-0.1,-0.249,0.692,20,0.3,6,14,9.7,False,True,-0.0659,0.1053,11458.77,16550.04,7,0,3,7,3,0,14,99,65,0,0,143,35,49,0.5,1.5,10,0.025,0.03,0.02,0.05,2
-3302.26,-0.033,96697.74,13258.13,0.1212,-0.1,-0.249,0.692,20,0.3,6,14,9.7,False,True,-0.0659,0.1053,11458.77,16550.04,7,0,3,7,3,0,14,99,65,0,0,143,35,49,0.5,1.5,10,0.025,0.03,0.02,0.05,3
-3258.69,-0.0326,96741.31,13264.1,0.1212,-0.098,-0.246,0.694,20,0.3,6,14,9.7,False,True,-0.0659,0.1058,11458.77,16507.28,7,0,3,7,3,0,14,99,27,0,0,0,35,35,0.5,1.5,10,0.035,0.02,0.01,0.03,1
-3258.69,-0.0326,96741.31,13264.1,0.1212,-0.098,-0.246,0.694,20,0.3,6,14,9.7,False,True,-0.0659,0.1058,11458.77,16507.28,7,0,3,7,3,0,14,99,27,0,0,0,35,35,0.5,1.5,10,0.035,0.02,0.01,0.03,2
-3258.69,-0.0326,96741.31,13264.1,0.1212,-0.098,-0.246,0.694,20,0.3,6,14,9.7,False,True,-0.0659,0.1058,11458.77,16507.28,7,0,3,7,3,0,14,99,27,0,0,0,35,35,0.5,1.5,10,0.035,0.02,0.01,0.03,3
-3302.26,-0.033,96697.74,13258.13,0.1212,-0.1,-0.249,0.692,20,0.3,6,14,9.7,False,True,-0.0659,0.1053,11458.77,16550.04,7,0,3,7,3,0,14,99,27,0,0,0,35,35,0.5,1.5,10,0.035,0.02,0.01,0.05,1
-3302.26,-0.033,96697.74,13258.13,0.1212,-0.1,-0.249,0.692,20,0.3,6,14,9.7,False,True,-0.0659,0.1053,11458.77,16550.04,7,0,3,7,3,0,14,99,27,0,0,0,35,35,0.5,1.5,10,0.035,0.02,0.01,0.05,2
-3302.26,-0.033,96697.74,13258.13,0.1212,-0.1,-0.249,0.692,20,0.3,6,14,9.7,False,True,-0.0659,0.1053,11458.77,16550.04,7,0,3,7,3,0,14,99,27,0,0,0,35,35,0.5,1.5,10,0.035,0.02,0.01,0.05,3
-3258.69,-0.0326,96741.31,13264.1,0.1212,-0.098,-0.246,0.694,20,0.3,6,14,9.7,False,True,-0.0659,0.1058,11458.77,16507.28,7,0,3,7,3,0,14,99,27,0,0,0,35,35,0.5,1.5,10,0.035,0.02,0.02,0.03,1
-3258.69,-0.0326,96741.31,13264.1,0.1212,-0.098,-0.246,0.694,20,0.3,6,14,9.7,False,True,-0.0659,0.1058,11458.77,16507.28,7,0,3,7,3,0,14,99,27,0,0,0,35,35,0.5,1.5,10,0.035,0.02,0.02,0.03,2
-3258.69,-0.0326,96741.31,13264.1,0.1212,-0.098,-0.246,0.694,20,0.3,6,14,9.7,False,True,-0.0659,0.1058,11458.77,16507.28,7,0,3,7,3,0,14,99,27,0,0,0,35,35,0.5,1.5,10,0.035,0.02,0.02,0.03,3
-3302.26,-0.033,96697.74,13258.13,0.1212,-0.1,-0.249,0.692,20,0.3,6,14,9.7,False,True,-0.0659,0.1053,11458.77,16550.04,7,0,3,7,3,0,14,99,27,0,0,0,35,35,0.5,1.5,10,0.035,0.02,0.02,0.05,1
-3302.26,-0.033,96697.74,13258.13,0.1212,-0.1,-0.249,0.692,20,0.3,6,14,9.7,False,True,-0.0659,0.1053,11458.77,16550.04,7,0,3,7,3,0,14,99,27,0,0,0,35,35,0.5,1.5,10,0.035,0.02,0.02,0.05,2
-3302.26,-0.033,96697.74,13258.13,0.1212,-0.1,-0.249,0.692,20,0.3,6,14,9.7,False,True,-0.0659,0.1053,11458.77,16550.04,7,0,3,7,3,0,14,99,27,0,0,0,35,35,0.5,1.5,10,0.035,0.02,0.02,0.05,3
-3258.69,-0.0326,96741.31,13264.1,0.1212,-0.098,-0.246,0.694,20,0.3,6,14,9.7,False,True,-0.0659,0.1058,11458.77,16507.28,7,0,3,7,3,0,14,99,65,0,0,143,35,49,0.5,1.5,10,0.035,0.03,0.01,0.03,1
-3258.69,-0.0326,96741.31,13264.1,0.1212,-0.098,-0.246,0.694,20,0.3,6,14,9.7,False,True,-0.0659,0.1058,11458.77,16507.28,7,0,3,7,3,0,14,99,65,0,0,143,35,49,0.5,1.5,10,0.035,0.03,0.01,0.03,2
-3258.69,-0.0326,96741.31,13264.1,0.1212,-0.098,-0.246,0.694,20,0.3,6,14,9.7,False,True,-0.0659,0.1058,11458.77,16507.28,7,0,3,7,3,0,14,99,65,0,0,143,35,49,0.5,1.5,10,0.035,0.03,0.01,0.03,3
-3302.26,-0.033,96697.74,13258.13,0.1212,-0.1,-0.249,0.692,20,0.3,6,14,9.7,False,True,-0.0659,0.1053,11458.77,16550.04,7,0,3,7,3,0,14,99,65,0,0,143,35,49,0.5,1.5,10,0.035,0.03,0.01,0.05,1
-3302.26,-0.033,96697.74,13258.13,0.1212,-0.1,-0.249,0.692,20,0.3,6,14,9.7,False,True,-0.0659,0.1053,11458.77,16550.04,7,0,3,7,3,0,14,99,65,0,0,143,35,49,0.5,1.5,10,0.035,0.03,0.01,0.05,2
-3302.26,-0.033,96697.74,13258.13,0.1212,-0.1,-0.249,0.692,20,0.3,6,14,9.7,False,True,-0.0659,0.1053,11458.77,16550.04,7,0,3,7,3,0,14,99,65,0,0,143,35,49,0.5,1.5,10,0.035,0.03,0.01,0.05,3
-3258.69,-0.0326,96741.31,13264.1,0.1212,-0.098,-0.246,0.694,20,0.3,6,14,9.7,False,True,-0.0659,0.1058,11458.77,16507.28,7,0,3,7,3,0,14,99,65,0,0,143,35,49,0.5,1.5,10,0.035,0.03,0.02,0.03,1
-3258.69,-0.0326,96741.31,13264.1,0.1212,-0.098,-0.246,0.694,20,0.3,6,14,9.7,False,True,-0.0659,0.1058,11458.77,16507.28,7,0,3,7,3,0,14,99,65,0,0,143,35,49,0.5,1.5,10,0.035,0.03,0.02,0.03,2
-3258.69,-0.0326,96741.31,13264.1,0.1212,-0.098,-0.246,0.694,20,0.3,6,14,9.7,False,True,-0.0659,0.1058,11458.77,16507.28,7,0,3,7,3,0,14,99,65,0,0,143,35,49,0.5,1.5,10,0.035,0.03,0.02,0.03,3
-3302.26,-0.033,96697.74,13258.13,0.1212,-0.1,-0.249,0.692,20,0.3,6,14,9.7,False,True,-0.0659,0.1053,11458.77,16550.04,7,0,3,7,3,0,14,99,65,0,0,143,35,49,0.5,1.5,10,0.035,0.03,0.02,0.05,1
-3302.26,-0.033,96697.74,13258.13,0.1212,-0.1,-0.249,0.692,20,0.3,6,14,9.7,False,True,-0.0659,0.1053,11458.77,16550.04,7,0,3,7,3,0,14,99,65,0,0,143,35,49,0.5,1.5,10,0.035,0.03,0.02,0.05,2
-3302.26,-0.033,96697.74,13258.13,0.1212,-0.1,-0.249,0.692,20,0.3,6,14,9.7,False,True,-0.0659,0.1053,11458.77,16550.04,7,0,3,7,3,0,14,99,65,0,0,143,35,49,0.5,1.5,10,0.035,0.03,0.02,0.05,3
-3258.69,-0.0326,96741.31,13264.1,0.1212,-0.098,-0.246,0.694,20,0.3,6,14,9.7,False,True,-0.0659,0.1058,11458.77,16507.28,7,0,3,7,3,0,0,110,27,0,0,0,35,35,0.5,1.5,15,0.025,0.02,0.01,0.03,1
-3258.69,-0.0326,96741.31,13264.1,0.1212,-0.098,-0.246,0.694,20,0.3,6,14,9.7,False,True,-0.0659,0.1058,11458.77,16507.28,7,0,3,7,3,0,0,110,27,0,0,0,35,35,0.5,1.5,15,0.025,0.02,0.01,0.03,2
-3258.69,-0.0326,96741.31,13264.1,0.1212,-0.098,-0.246,0.694,20,0.3,6,14,9.7,False,True,-0.0659,0.1058,11458.77,16507.28,7,0,3,7,3,0,0,110,27,0,0,0,35,35,0.5,1.5,15,0.025,0.02,0.01,0.03,3
-3302.26,-0.033,96697.74,13258.13,0.1212,-0.1,-0.249,0.692,20,0.3,6,14,9.7,False,True,-0.0659,0.1053,11458.77,16550.04,7,0,3,7,3,0,0,110,27,0,0,0,35,35,0.5,1.5,15,0.025,0.02,0.01,0.05,1
-3302.26,-0.033,96697.74,13258.13,0.1212,-0.1,-0.249,0.692,20,0.3,6,14,9.7,False,True,-0.0659,0.1053,11458.77,16550.04,7,0,3,7,3,0,0,110,27,0,0,0,35,35,0.5,1.5,15,0.025,0.02,0.01,0.05,2
-3302.26,-0.033,96697.74,13258.13,0.1212,-0.1,-0.249,0.692,20,0.3,6,14,9.7,False,True,-0.0659,0.1053,11458.77,16550.04,7,0,3,7,3,0,0,110,27,0,0,0,35,35,0.5,1.5,15,0.025,0.02,0.01,0.05,3
-3258.69,-0.0326,96741.31,13264.1,0.1212,-0.098,-0.246,0.694,20,0.3,6,14,9.7,False,True,-0.0659,0.1058,11458.77,16507.28,7,0,3,7,3,0,0,110,27,0,0,0,35,35,0.5,1.5,15,0.025,0.02,0.02,0.03,1
-3258.69,-0.0326,96741.31,13264.1,0.1212,-0.098,-0.246,0.694,20,0.3,6,14,9.7,False,True,-0.0659,0.1058,11458.77,16507.28,7,0,3,7,3,0,0,110,27,0,0,0,35,35,0.5,1.5,15,0.025,0.02,0.02,0.03,2
-3258.69,-0.0326,96741.31,13264.1,0.1212,-0.098,-0.246,0.694,20,0.3,6,14,9.7,False,True,-0.0659,0.1058,11458.77,16507.28,7,0,3,7,3,0,0,110,27,0,0,0,35,35,0.5,1.5,15,0.025,0.02,0.02,0.03,3
-3302.26,-0.033,96697.74,13258.13,0.1212,-0.1,-0.249,0.692,20,0.3,6,14,9.7,False,True,-0.0659,0.1053,11458.77,16550.04,7,0,3,7,3,0,0,110,27,0,0,0,35,35,0.5,1.5,15,0.025,0.02,0.02,0.05,1
-3302.26,-0.033,96697.74,13258.13,0.1212,-0.1,-0.249,0.692,20,0.3,6,14,9.7,False,True,-0.0659,0.1053,11458.77,16550.04,7,0,3,7,3,0,0,110,27,0,0,0,35,35,0.5,1.5,15,0.025,0.02,0.02,0.05,2
-3302.26,-0.033,96697.74,13258.13,0.1212,-0.1,-0.249,0.692,20,0.3,6,14,9.7,False,True,-0.0659,0.1053,11458.77,16550.04,7,0,3,7,3,0,0,110,27,0,0,0,35,35,0.5,1.5,15,0.025,0.02,0.02,0.05,3
-3258.69,-0.0326,96741.31,13264.1,0.1212,-0.098,-0.246,0.694,20,0.3,6,14,9.7,False,True,-0.0659,0.1058,11458.77,16507.28,7,0,3,7,3,0,0,110,65,0,0,143,35,49,0.5,1.5,15,0.025,0.03,0.01,0.03,1
-3258.69,-0.0326,96741.31,13264.1,0.1212,-0.098,-0.246,0.694,20,0.3,6,14,9.7,False,True,-0.0659,0.1058,11458.77,16507.28,7,0,3,7,3,0,0,110,65,0,0,143,35,49,0.5,1.5,15,0.025,0.03,0.01,0.03,2
-3258.69,-0.0326,96741.31,13264.1,0.1212,-0.098,-0.246,0.694,20,0.3,6,14,9.7,False,True,-0.0659,0.1058,11458.77,16507.28,7,0,3,7,3,0,0,110,65,0,0,143,35,49,0.5,1.5,15,0.025,0.03,0.01,0.03,3
-3302.26,-0.033,96697.74,13258.13,0.1212,-0.1,-0.249,0.692,20,0.3,6,14,9.7,False,True,-0.0659,0.1053,11458.77,16550.04,7,0,3,7,3,0,0,110,65,0,0,143,35,49,0.5,1.5,15,0.025,0.03,0.01,0.05,1
-3302.26,-0.033,96697.74,13258.13,0.1212,-0.1,-0.249,0.692,20,0.3,6,14,9.7,False,True,-0.0659,0.1053,11458.77,16550.04,7,0,3,7,3,0,0,110,65,0,0,143,35,49,0.5,1.5,15,0.025,0.03,0.01,0.05,2
-3302.26,-0.033,96697.74,13258.13,0.1212,-0.1,-0.249,0.692,20,0.3,6,14,9.7,False,True,-0.0659,0.1053,11458.77,16550.04,7,0,3,7,3,0,0,110,65,0,0,143,35,49,0.5,1.5,15,0.025,0.03,0.01,0.05,3
-3258.69,-0.0326,96741.31,13264.1,0.1212,-0.098,-0.246,0.694,20,0.3,6,14,9.7,False,True,-0.0659,0.1058,11458.77,16507.28,7,0,3,7,3,0,0,110,65,0,0,143,35,49,0.5,1.5,15,0.025,0.03,0.02,0.03,1
-3258.69,-0.0326,96741.31,13264.1,0.1212,-0.098,-0.246,0.694,20,0.3,6,14,9.7,False,True,-0.0659,0.1058,11458.77,16507.28,7,0,3,7,3,0,0,110,65,0,0,143,35,49,0.5,1.5,15,0.025,0.03,0.02,0.03,2
-3258.69,-0.0326,96741.31,13264.1,0.1212,-0.098,-0.246,0.694,20,0.3,6,14,9.7,False,True,-0.0659,0.1058,11458.77,16507.28,7,0,3,7,3,0,0,110,65,0,0,143,35,49,0.5,1.5,15,0.025,0.03,0.02,0.03,3
-3302.26,-0.033,96697.74,13258.13,0.1212,-0.1,-0.249,0.692,20,0.3,6,14,9.7,False,True,-0.0659,0.1053,11458.77,16550.04,7,0,3,7,3,0,0,110,65,0,0,143,35,49,0.5,1.5,15,0.025,0.03,0.02,0.05,1
-3302.26,-0.033,96697.74,13258.13,0.1212,-0.1,-0.249,0.692,20,0.3,6,14,9.7,False,True,-0.0659,0.1053,11458.77,16550.04,7,0,3,7,3,0,0,110,65,0,0,143,35,49,0.5,1.5,15,0.025,0.03,0.02,0.05,2
-3302.26,-0.033,96697.74,13258.13,0.1212,-0.1,-0.249,0.692,20,0.3,6,14,9.7,False,True,-0.0659,0.1053,11458.77,16550.04,7,0,3,7,3,0,0,110,65,0,0,143,35,49,0.5,1.5,15,0.025,0.03,0.02,0.05,3
-3258.69,-0.0326,96741.31,13264.1,0.1212,-0.098,-0.246,0.694,20,0.3,6,14,9.7,False,True,-0.0659,0.1058,11458.77,16507.28,7,0,3,7,3,0,0,110,27,0,0,0,35,35,0.5,1.5,15,0.035,0.02,0.01,0.03,1
-3258.69,-0.0326,96741.31,13264.1,0.1212,-0.098,-0.246,0.694,20,0.3,6,14,9.7,False,True,-0.0659,0.1058,11458.77,16507.28,7,0,3,7,3,0,0,110,27,0,0,0,35,35,0.5,1.5,15,0.035,0.02,0.01,0.03,2
-3258.69,-0.0326,96741.31,13264.1,0.1212,-0.098,-0.246,0.694,20,0.3,6,14,9.7,False,True,-0.0659,0.1058,11458.77,16507.28,7,0,3,7,3,0,0,110,27,0,0,0,35,35,0.5,1.5,15,0.035,0.02,0.01,0.03,3
-3302.26,-0.033,96697.74,13258.13,0.1212,-0.1,-0.249,0.692,20,0.3,6,14,9.7,False,True,-0.0659,0.1053,11458.77,16550.04,7,0,3,7,3,0,0,110,27,0,0,0,35,35,0.5,1.5,15,0.035,0.02,0.01,0.05,1
-3302.26,-0.033,96697.74,13258.13,0.1212,-0.1,-0.249,0.692,20,0.3,6,14,9.7,False,True,-0.0659,0.1053,11458.77,16550.04,7,0,3,7,3,0,0,110,27,0,0,0,35,35,0.5,1.5,15,0.035,0.02,0.01,0.05,2
-3302.26,-0.033,96697.74,13258.13,0.1212,-0.1,-0.249,0.692,20,0.3,6,14,9.7,False,True,-0.0659,0.1053,11458.77,16550.04,7,0,3,7,3,0,0,110,27,0,0,0,35,35,0.5,1.5,15,0.035,0.02,0.01,0.05,3
-3258.69,-0.0326,96741.31,13264.1,0.1212,-0.098,-0.246,0.694,20,0.3,6,14,9.7,False,True,-0.0659,0.1058,11458.77,16507.28,7,0,3,7,3,0,0,110,27,0,0,0,35,35,0.5,1.5,15,0.035,0.02,0.02,0.03,1
-3258.69,-0.0326,96741.31,13264.1,0.1212,-0.098,-0.246,0.694,20,0.3,6,14,9.7,False,True,-0.0659,0.1058,11458.77,16507.28,7,0,3,7,3,0,0,110,27,0,0,0,35,35,0.5,1.5,15,0.035,0.02,0.02,0.03,2
-3258.69,-0.0326,96741.31,13264.1,0.1212,-0.098,-0.246,0.694,20,0.3,6,14,9.7,False,True,-0.0659,0.1058,11458.77,16507.28,7,0,3,7,3,0,0,110,27,0,0,0,35,35,0.5,1.5,15,0.035,0.02,0.02,0.03,3
-3302.26,-0.033,96697.74,13258.13,0.1212,-0.1,-0.249,0.692,20,0.3,6,14,9.7,False,True,-0.0659,0.1053,11458.77,16550.04,7,0,3,7,3,0,0,110,27,0,0,0,35,35,0.5,1.5,15,0.035,0.02,0.02,0.05,1
-3302.26,-0.033,96697.74,13258.13,0.1212,-0.1,-0.249,0.692,20,0.3,6,14,9.7,False,True,-0.0659,0.1053,11458.77,16550.04,7,0,3,7,3,0,0,110,27,0,0,0,35,35,0.5,1.5,15,0.035,0.02,0.02,0.05,2
-3302.26,-0.033,96697.74,13258.13,0.1212,-0.1,-0.249,0.692,20,0.3,6,14,9.7,False,True,-0.0659,0.1053,11458.77,16550.04,7,0,3,7,3,0,0,110,27,0,0,0,35,35,0.5,1.5,15,0.035,0.02,0.02,0.05,3
-3258.69,-0.0326,96741.31,13264.1,0.1212,-0.098,-0.246,0.694,20,0.3,6,14,9.7,False,True,-0.0659,0.1058,11458.77,16507.28,7,0,3,7,3,0,0,110,65,0,0,143,35,49,0.5,1.5,15,0.035,0.03,0.01,0.03,1
-3258.69,-0.0326,96741.31,13264.1,0.1212,-0.098,-0.246,0.694,20,0.3,6,14,9.7,False,True,-0.0659,0.1058,11458.77,16507.28,7,0,3,7,3,0,0,110,65,0,0,143,35,49,0.5,1.5,15,0.035,0.03,0.01,0.03,2
-3258.69,-0.0326,96741.31,13264.1,0.1212,-0.098,-0.246,0.694,20,0.3,6,14,9.7,False,True,-0.0659,0.1058,11458.77,16507.28,7,0,3,7,3,0,0,110,65,0,0,143,35,49,0.5,1.5,15,0.035,0.03,0.01,0.03,3
-3302.26,-0.033,96697.74,13258.13,0.1212,-0.1,-0.249,0.692,20,0.3,6,14,9.7,False,True,-0.0659,0.1053,11458.77,16550.04,7,0,3,7,3,0,0,110,65,0,0,143,35,49,0.5,1.5,15,0.035,0.03,0.01,0.05,1
-3302.26,-0.033,96697.74,13258.13,0.1212,-0.1,-0.249,0.692,20,0.3,6,14,9.7,False,True,-0.0659,0.1053,11458.77,16550.04,7,0,3,7,3,0,0,110,65,0,0,143,35,49,0.5,1.5,15,0.035,0.03,0.01,0.05,2
-3302.26,-0.033,96697.74,13258.13,0.1212,-0.1,-0.249,0.692,20,0.3,6,14,9.7,False,True,-0.0659,0.1053,11458.77,16550.04,7,0,3,7,3,0,0,110,65,0,0,143,35,49,0.5,1.5,15,0.035,0.03,0.01,0.05,3
-3258.69,-0.0326,96741.31,13264.1,0.1212,-0.098,-0.246,0.694,20,0.3,6,14,9.7,False,True,-0.0659,0.1058,11458.77,16507.28,7,0,3,7,3,0,0,110,65,0,0,143,35,49,0.5,1.5,15,0.035,0.03,0.02,0.03,1
-3258.69,-0.0326,96741.31,13264.1,0.1212,-0.098,-0.246,0.694,20,0.3,6,14,9.7,False,True,-0.0659,0.1058,11458.77,16507.28,7,0,3,7,3,0,0,110,65,0,0,143,35,49,0.5,1.5,15,0.035,0.03,0.02,0.03,2
-3258.69,-0.0326,96741.31,13264.1,0.1212,-0.098,-0.246,0.694,20,0.3,6,14,9.7,False,True,-0.0659,0.1058,11458.77,16507.28,7,0,3,7,3,0,0,110,65,0,0,143,35,49,0.5,1.5,15,0.035,0.03,0.02,0.03,3
-3302.26,-0.033,96697.74,13258.13,0.1212,-0.1,-0.249,0.692,20,0.3,6,14,9.7,False,True,-0.0659,0.1053,11458.77,16550.04,7,0,3,7,3,0,0,110,65,0,0,143,35,49,0.5,1.5,15,0.035,0.03,0.02,0.05,1
-3302.26,-0.033,96697.74,13258.13,0.1212,-0.1,-0.249,0.692,20,0.3,6,14,9.7,False,True,-0.0659,0.1053,11458.77,16550.04,7,0,3,7,3,0,0,110,65,0,0,143,35,49,0.5,1.5,15,0.035,0.03,0.02,0.05,2
-3302.26,-0.033,96697.74,13258.13,0.1212,-0.1,-0.249,0.692,20,0.3,6,14,9.7,False,True,-0.0659,0.1053,11458.77,16550.04,7,0,3,7,3,0,0,110,65,0,0,143,35,49,0.5,1.5,15,0.035,0.03,0.02,0.05,3
-8891.87,-0.0889,91108.13,10721.61,0.1053,-0.884,-0.829,0.32,65,0.1846,12,53,10.6,False,True,-0.0514,0.0,4205.48,13124.07,35,0,13,8,9,0,24,23,50,0,0,4,0,171,0.52,0.5,5,0.025,0.02,0.01,0.03,1
-8891.87,-0.0889,91108.13,10721.61,0.1053,-0.884,-0.829,0.32,65,0.1846,12,53,10.6,False,True,-0.0514,0.0,4205.48,13124.07,35,0,13,8,9,0,24,23,50,0,0,4,0,171,0.52,0.5,5,0.025,0.02,0.01,0.03,2
-8891.87,-0.0889,91108.13,10721.61,0.1053,-0.884,-0.829,0.32,65,0.1846,12,53,10.6,False,True,-0.0514,0.0,4205.48,13124.07,35,0,13,8,9,0,24,23,50,0,0,4,0,171,0.52,0.5,5,0.025,0.02,0.01,0.03,3
-8706.14,-0.0871,91293.86,10535.88,0.1035,-0.764,-0.826,0.324,58,0.2069,12,46,10.2,False,True,-0.0629,0.0,4191.83,12923.25,31,0,11,8,8,0,24,22,46,0,0,4,0,162,0.52,0.5,5,0.025,0.02,0.01,0.05,1
-8706.14,-0.0871,91293.86,10535.88,0.1035,-0.764,-0.826,0.324,58,0.2069,12,46,10.2,False,True,-0.0629,0.0,4191.83,12923.25,31,0,11,8,8,0,24,22,46,0,0,4,0,162,0.52,0.5,5,0.025,0.02,0.01,0.05,2
-8706.14,-0.0871,91293.86,10535.88,0.1035,-0.764,-0.826,0.324,58,0.2069,12,46,10.2,False,True,-0.0629,0.0,4191.83,12923.25,31,0,11,8,8,0,24,22,46,0,0,4,0,162,0.52,0.5,5,0.025,0.02,0.01,0.05,3
-7683.45,-0.0768,92316.55,11218.17,0.1084,-1.015,-0.685,0.481,81,0.1852,15,66,10.1,False,True,-0.0297,0.0,7143.66,14845.59,44,0,18,11,8,0,31,45,78,0,0,0,0,208,0.52,0.5,5,0.025,0.02,0.02,0.03,1
-7683.45,-0.0768,92316.55,11218.17,0.1084,-1.015,-0.685,0.481,81,0.1852,15,66,10.1,False,True,-0.0297,0.0,7143.66,14845.59,44,0,18,11,8,0,31,45,78,0,0,0,0,208,0.52,0.5,5,0.025,0.02,0.02,0.03,2
-7683.45,-0.0768,92316.55,11218.17,0.1084,-1.015,-0.685,0.481,81,0.1852,15,66,10.1,False,True,-0.0297,0.0,7143.66,14845.59,44,0,18,11,8,0,31,45,78,0,0,0,0,208,0.52,0.5,5,0.025,0.02,0.02,0.03,3
-7742.73,-0.0774,92257.27,11277.45,0.1089,-1.015,-0.687,0.479,81,0.1852,15,66,10.1,False,True,-0.0297,0.0,7147.77,14908.96,44,0,18,11,8,0,31,45,78,0,0,0,0,208,0.52,0.5,5,0.025,0.02,0.02,0.05,1
-7742.73,-0.0774,92257.27,11277.45,0.1089,-1.015,-0.687,0.479,81,0.1852,15,66,10.1,False,True,-0.0297,0.0,7147.77,14908.96,44,0,18,11,8,0,31,45,78,0,0,0,0,208,0.52,0.5,5,0.025,0.02,0.02,0.05,2
-7742.73,-0.0774,92257.27,11277.45,0.1089,-1.015,-0.687,0.479,81,0.1852,15,66,10.1,False,True,-0.0297,0.0,7147.77,14908.96,44,0,18,11,8,0,31,45,78,0,0,0,0,208,0.52,0.5,5,0.025,0.02,0.02,0.05,3
-8891.87,-0.0889,91108.13,10721.61,0.1053,-0.884,-0.829,0.32,65,0.1846,12,53,10.6,False,True,-0.0514,0.0,4205.48,13124.07,35,0,13,8,9,0,24,23,50,0,0,4,0,171,0.52,0.5,5,0.025,0.03,0.01,0.03,1
-8891.87,-0.0889,91108.13,10721.61,0.1053,-0.884,-0.829,0.32,65,0.1846,12,53,10.6,False,True,-0.0514,0.0,4205.48,13124.07,35,0,13,8,9,0,24,23,50,0,0,4,0,171,0.52,0.5,5,0.025,0.03,0.01,0.03,2
-8891.87,-0.0889,91108.13,10721.61,0.1053,-0.884,-0.829,0.32,65,0.1846,12,53,10.6,False,True,-0.0514,0.0,4205.48,13124.07,35,0,13,8,9,0,24,23,50,0,0,4,0,171,0.52,0.5,5,0.025,0.03,0.01,0.03,3
-8706.14,-0.0871,91293.86,10535.88,0.1035,-0.764,-0.826,0.324,58,0.2069,12,46,10.2,False,True,-0.0629,0.0,4191.83,12923.25,31,0,11,8,8,0,24,22,46,0,0,4,0,162,0.52,0.5,5,0.025,0.03,0.01,0.05,1
-8706.14,-0.0871,91293.86,10535.88,0.1035,-0.764,-0.826,0.324,58,0.2069,12,46,10.2,False,True,-0.0629,0.0,4191.83,12923.25,31,0,11,8,8,0,24,22,46,0,0,4,0,162,0.52,0.5,5,0.025,0.03,0.01,0.05,2
-8706.14,-0.0871,91293.86,10535.88,0.1035,-0.764,-0.826,0.324,58,0.2069,12,46,10.2,False,True,-0.0629,0.0,4191.83,12923.25,31,0,11,8,8,0,24,22,46,0,0,4,0,162,0.52,0.5,5,0.025,0.03,0.01,0.05,3
-7683.45,-0.0768,92316.55,11218.17,0.1084,-1.015,-0.685,0.481,81,0.1852,15,66,10.1,False,True,-0.0297,0.0,7143.66,14845.59,44,0,18,11,8,0,31,45,78,0,0,0,0,208,0.52,0.5,5,0.025,0.03,0.02,0.03,1
-7683.45,-0.0768,92316.55,11218.17,0.1084,-1.015,-0.685,0.481,81,0.1852,15,66,10.1,False,True,-0.0297,0.0,7143.66,14845.59,44,0,18,11,8,0,31,45,78,0,0,0,0,208,0.52,0.5,5,0.025,0.03,0.02,0.03,2
-7683.45,-0.0768,92316.55,11218.17,0.1084,-1.015,-0.685,0.481,81,0.1852,15,66,10.1,False,True,-0.0297,0.0,7143.66,14845.59,44,0,18,11,8,0,31,45,78,0,0,0,0,208,0.52,0.5,5,0.025,0.03,0.02,0.03,3
-7742.73,-0.0774,92257.27,11277.45,0.1089,-1.015,-0.687,0.479,81,0.1852,15,66,10.1,False,True,-0.0297,0.0,7147.77,14908.96,44,0,18,11,8,0,31,45,78,0,0,0,0,208,0.52,0.5,5,0.025,0.03,0.02,0.05,1
-7742.73,-0.0774,92257.27,11277.45,0.1089,-1.015,-0.687,0.479,81,0.1852,15,66,10.1,False,True,-0.0297,0.0,7147.77,14908.96,44,0,18,11,8,0,31,45,78,0,0,0,0,208,0.52,0.5,5,0.025,0.03,0.02,0.05,2
-7742.73,-0.0774,92257.27,11277.45,0.1089,-1.015,-0.687,0.479,81,0.1852,15,66,10.1,False,True,-0.0297,0.0,7147.77,14908.96,44,0,18,11,8,0,31,45,78,0,0,0,0,208,0.52,0.5,5,0.025,0.03,0.02,0.05,3
-8533.4,-0.0853,91466.6,10363.14,0.1018,-0.767,-0.823,0.329,59,0.2034,12,47,10.1,False,True,-0.0611,0.0,4193.94,12752.66,32,0,11,8,8,0,24,22,46,0,0,4,0,164,0.52,0.5,5,0.035,0.02,0.01,0.03,1
-8533.4,-0.0853,91466.6,10363.14,0.1018,-0.767,-0.823,0.329,59,0.2034,12,47,10.1,False,True,-0.0611,0.0,4193.94,12752.66,32,0,11,8,8,0,24,22,46,0,0,4,0,164,0.52,0.5,5,0.035,0.02,0.01,0.03,2
-8533.4,-0.0853,91466.6,10363.14,0.1018,-0.767,-0.823,0.329,59,0.2034,12,47,10.1,False,True,-0.0611,0.0,4193.94,12752.66,32,0,11,8,8,0,24,22,46,0,0,4,0,164,0.52,0.5,5,0.035,0.02,0.01,0.03,3
-8706.14,-0.0871,91293.86,10535.88,0.1035,-0.764,-0.826,0.324,58,0.2069,12,46,10.2,False,True,-0.0629,0.0,4191.83,12923.25,31,0,11,8,8,0,24,22,46,0,0,4,0,162,0.52,0.5,5,0.035,0.02,0.01,0.05,1
-8706.14,-0.0871,91293.86,10535.88,0.1035,-0.764,-0.826,0.324,58,0.2069,12,46,10.2,False,True,-0.0629,0.0,4191.83,12923.25,31,0,11,8,8,0,24,22,46,0,0,4,0,162,0.52,0.5,5,0.035,0.02,0.01,0.05,2
-8706.14,-0.0871,91293.86,10535.88,0.1035,-0.764,-0.826,0.324,58,0.2069,12,46,10.2,False,True,-0.0629,0.0,4191.83,12923.25,31,0,11,8,8,0,24,22,46,0,0,4,0,162,0.52,0.5,5,0.035,0.02,0.01,0.05,3
-7239.21,-0.0724,92760.79,10773.94,0.1041,-0.836,-0.672,0.367,67,0.194,13,54,10.1,False,True,-0.0363,0.0,4230.31,11525.15,33,0,15,9,10,0,32,33,57,0,0,0,0,200,0.52,0.5,5,0.035,0.02,0.02,0.03,1
-7239.21,-0.0724,92760.79,10773.94,0.1041,-0.836,-0.672,0.367,67,0.194,13,54,10.1,False,True,-0.0363,0.0,4230.31,11525.15,33,0,15,9,10,0,32,33,57,0,0,0,0,200,0.52,0.5,5,0.035,0.02,0.02,0.03,2
-7239.21,-0.0724,92760.79,10773.94,0.1041,-0.836,-0.672,0.367,67,0.194,13,54,10.1,False,True,-0.0363,0.0,4230.31,11525.15,33,0,15,9,10,0,32,33,57,0,0,0,0,200,0.52,0.5,5,0.035,0.02,0.02,0.03,3
-7298.86,-0.073,92701.14,10833.58,0.1046,-0.836,-0.674,0.365,67,0.194,13,54,10.1,False,True,-0.0368,0.0,4236.29,11590.73,33,0,15,9,10,0,32,33,57,0,0,0,0,200,0.52,0.5,5,0.035,0.02,0.02,0.05,1
-7298.86,-0.073,92701.14,10833.58,0.1046,-0.836,-0.674,0.365,67,0.194,13,54,10.1,False,True,-0.0368,0.0,4236.29,11590.73,33,0,15,9,10,0,32,33,57,0,0,0,0,200,0.52,0.5,5,0.035,0.02,0.02,0.05,2
-7298.86,-0.073,92701.14,10833.58,0.1046,-0.836,-0.674,0.365,67,0.194,13,54,10.1,False,True,-0.0368,0.0,4236.29,11590.73,33,0,15,9,10,0,32,33,57,0,0,0,0,200,0.52,0.5,5,0.035,0.02,0.02,0.05,3
-8533.4,-0.0853,91466.6,10363.14,0.1018,-0.767,-0.823,0.329,59,0.2034,12,47,10.1,False,True,-0.0611,0.0,4193.94,12752.66,32,0,11,8,8,0,24,22,46,0,0,4,0,164,0.52,0.5,5,0.035,0.03,0.01,0.03,1
-8533.4,-0.0853,91466.6,10363.14,0.1018,-0.767,-0.823,0.329,59,0.2034,12,47,10.1,False,True,-0.0611,0.0,4193.94,12752.66,32,0,11,8,8,0,24,22,46,0,0,4,0,164,0.52,0.5,5,0.035,0.03,0.01,0.03,2
-8533.4,-0.0853,91466.6,10363.14,0.1018,-0.767,-0.823,0.329,59,0.2034,12,47,10.1,False,True,-0.0611,0.0,4193.94,12752.66,32,0,11,8,8,0,24,22,46,0,0,4,0,164,0.52,0.5,5,0.035,0.03,0.01,0.03,3
-8706.14,-0.0871,91293.86,10535.88,0.1035,-0.764,-0.826,0.324,58,0.2069,12,46,10.2,False,True,-0.0629,0.0,4191.83,12923.25,31,0,11,8,8,0,24,22,46,0,0,4,0,162,0.52,0.5,5,0.035,0.03,0.01,0.05,1
-8706.14,-0.0871,91293.86,10535.88,0.1035,-0.764,-0.826,0.324,58,0.2069,12,46,10.2,False,True,-0.0629,0.0,4191.83,12923.25,31,0,11,8,8,0,24,22,46,0,0,4,0,162,0.52,0.5,5,0.035,0.03,0.01,0.05,2
-8706.14,-0.0871,91293.86,10535.88,0.1035,-0.764,-0.826,0.324,58,0.2069,12,46,10.2,False,True,-0.0629,0.0,4191.83,12923.25,31,0,11,8,8,0,24,22,46,0,0,4,0,162,0.52,0.5,5,0.035,0.03,0.01,0.05,3
-7239.21,-0.0724,92760.79,10773.94,0.1041,-0.836,-0.672,0.367,67,0.194,13,54,10.1,False,True,-0.0363,0.0,4230.31,11525.15,33,0,15,9,10,0,32,33,57,0,0,0,0,200,0.52,0.5,5,0.035,0.03,0.02,0.03,1
-7239.21,-0.0724,92760.79,10773.94,0.1041,-0.836,-0.672,0.367,67,0.194,13,54,10.1,False,True,-0.0363,0.0,4230.31,11525.15,33,0,15,9,10,0,32,33,57,0,0,0,0,200,0.52,0.5,5,0.035,0.03,0.02,0.03,2
-7239.21,-0.0724,92760.79,10773.94,0.1041,-0.836,-0.672,0.367,67,0.194,13,54,10.1,False,True,-0.0363,0.0,4230.31,11525.15,33,0,15,9,10,0,32,33,57,0,0,0,0,200,0.52,0.5,5,0.035,0.03,0.02,0.03,3
-7298.86,-0.073,92701.14,10833.58,0.1046,-0.836,-0.674,0.365,67,0.194,13,54,10.1,False,True,-0.0368,0.0,4236.29,11590.73,33,0,15,9,10,0,32,33,57,0,0,0,0,200,0.52,0.5,5,0.035,0.03,0.02,0.05,1
-7298.86,-0.073,92701.14,10833.58,0.1046,-0.836,-0.674,0.365,67,0.194,13,54,10.1,False,True,-0.0368,0.0,4236.29,11590.73,33,0,15,9,10,0,32,33,57,0,0,0,0,200,0.52,0.5,5,0.035,0.03,0.02,0.05,2
-7298.86,-0.073,92701.14,10833.58,0.1046,-0.836,-0.674,0.365,67,0.194,13,54,10.1,False,True,-0.0368,0.0,4236.29,11590.73,33,0,15,9,10,0,32,33,57,0,0,0,0,200,0.52,0.5,5,0.035,0.03,0.02,0.05,3
-7130.94,-0.0713,92869.06,10583.27,0.1023,-0.936,-0.674,0.372,70,0.2,14,56,10.4,False,True,-0.033,0.0,4247.52,11405.71,36,0,16,10,8,0,0,44,50,0,0,0,0,173,0.52,0.5,10,0.025,0.02,0.01,0.03,1
-7130.94,-0.0713,92869.06,10583.27,0.1023,-0.936,-0.674,0.372,70,0.2,14,56,10.4,False,True,-0.033,0.0,4247.52,11405.71,36,0,16,10,8,0,0,44,50,0,0,0,0,173,0.52,0.5,10,0.025,0.02,0.01,0.03,2
-7130.94,-0.0713,92869.06,10583.27,0.1023,-0.936,-0.674,0.372,70,0.2,14,56,10.4,False,True,-0.033,0.0,4247.52,11405.71,36,0,16,10,8,0,0,44,50,0,0,0,0,173,0.52,0.5,10,0.025,0.02,0.01,0.03,3
-7190.62,-0.0719,92809.38,10642.95,0.1029,-0.935,-0.676,0.371,70,0.2,14,56,10.4,False,True,-0.0336,0.0,4253.49,11471.33,36,0,16,10,8,0,0,44,50,0,0,0,0,173,0.52,0.5,10,0.025,0.02,0.01,0.05,1
-7190.62,-0.0719,92809.38,10642.95,0.1029,-0.935,-0.676,0.371,70,0.2,14,56,10.4,False,True,-0.0336,0.0,4253.49,11471.33,36,0,16,10,8,0,0,44,50,0,0,0,0,173,0.52,0.5,10,0.025,0.02,0.01,0.05,2
-7190.62,-0.0719,92809.38,10642.95,0.1029,-0.935,-0.676,0.371,70,0.2,14,56,10.4,False,True,-0.0336,0.0,4253.49,11471.33,36,0,16,10,8,0,0,44,50,0,0,0,0,173,0.52,0.5,10,0.025,0.02,0.01,0.05,3
-7130.94,-0.0713,92869.06,10583.27,0.1023,-0.936,-0.674,0.372,70,0.2,14,56,10.4,False,True,-0.033,0.0,4247.52,11405.71,36,0,16,10,8,0,0,44,50,0,0,0,0,173,0.52,0.5,10,0.025,0.02,0.02,0.03,1
-7130.94,-0.0713,92869.06,10583.27,0.1023,-0.936,-0.674,0.372,70,0.2,14,56,10.4,False,True,-0.033,0.0,4247.52,11405.71,36,0,16,10,8,0,0,44,50,0,0,0,0,173,0.52,0.5,10,0.025,0.02,0.02,0.03,2
-7130.94,-0.0713,92869.06,10583.27,0.1023,-0.936,-0.674,0.372,70,0.2,14,56,10.4,False,True,-0.033,0.0,4247.52,11405.71,36,0,16,10,8,0,0,44,50,0,0,0,0,173,0.52,0.5,10,0.025,0.02,0.02,0.03,3
-7190.62,-0.0719,92809.38,10642.95,0.1029,-0.935,-0.676,0.371,70,0.2,14,56,10.4,False,True,-0.0336,0.0,4253.49,11471.33,36,0,16,10,8,0,0,44,50,0,0,0,0,173,0.52,0.5,10,0.025,0.02,0.02,0.05,1
-7190.62,-0.0719,92809.38,10642.95,0.1029,-0.935,-0.676,0.371,70,0.2,14,56,10.4,False,True,-0.0336,0.0,4253.49,11471.33,36,0,16,10,8,0,0,44,50,0,0,0,0,173,0.52,0.5,10,0.025,0.02,0.02,0.05,2
-7190.62,-0.0719,92809.38,10642.95,0.1029,-0.935,-0.676,0.371,70,0.2,14,56,10.4,False,True,-0.0336,0.0,4253.49,11471.33,36,0,16,10,8,0,0,44,50,0,0,0,0,173,0.52,0.5,10,0.025,0.02,0.02,0.05,3
-7130.94,-0.0713,92869.06,10583.27,0.1023,-0.936,-0.674,0.372,70,0.2,14,56,10.4,False,True,-0.033,0.0,4247.52,11405.71,36,0,16,10,8,0,0,44,50,0,0,0,0,173,0.52,0.5,10,0.025,0.03,0.01,0.03,1
-7130.94,-0.0713,92869.06,10583.27,0.1023,-0.936,-0.674,0.372,70,0.2,14,56,10.4,False,True,-0.033,0.0,4247.52,11405.71,36,0,16,10,8,0,0,44,50,0,0,0,0,173,0.52,0.5,10,0.025,0.03,0.01,0.03,2
-7130.94,-0.0713,92869.06,10583.27,0.1023,-0.936,-0.674,0.372,70,0.2,14,56,10.4,False,True,-0.033,0.0,4247.52,11405.71,36,0,16,10,8,0,0,44,50,0,0,0,0,173,0.52,0.5,10,0.025,0.03,0.01,0.03,3
-7190.62,-0.0719,92809.38,10642.95,0.1029,-0.935,-0.676,0.371,70,0.2,14,56,10.4,False,True,-0.0336,0.0,4253.49,11471.33,36,0,16,10,8,0,0,44,50,0,0,0,0,173,0.52,0.5,10,0.025,0.03,0.01,0.05,1
-7190.62,-0.0719,92809.38,10642.95,0.1029,-0.935,-0.676,0.371,70,0.2,14,56,10.4,False,True,-0.0336,0.0,4253.49,11471.33,36,0,16,10,8,0,0,44,50,0,0,0,0,173,0.52,0.5,10,0.025,0.03,0.01,0.05,2
-7190.62,-0.0719,92809.38,10642.95,0.1029,-0.935,-0.676,0.371,70,0.2,14,56,10.4,False,True,-0.0336,0.0,4253.49,11471.33,36,0,16,10,8,0,0,44,50,0,0,0,0,173,0.52,0.5,10,0.025,0.03,0.01,0.05,3
-7130.94,-0.0713,92869.06,10583.27,0.1023,-0.936,-0.674,0.372,70,0.2,14,56,10.4,False,True,-0.033,0.0,4247.52,11405.71,36,0,16,10,8,0,0,44,50,0,0,0,0,173,0.52,0.5,10,0.025,0.03,0.02,0.03,1
-7130.94,-0.0713,92869.06,10583.27,0.1023,-0.936,-0.674,0.372,70,0.2,14,56,10.4,False,True,-0.033,0.0,4247.52,11405.71,36,0,16,10,8,0,0,44,50,0,0,0,0,173,0.52,0.5,10,0.025,0.03,0.02,0.03,2
-7130.94,-0.0713,92869.06,10583.27,0.1023,-0.936,-0.674,0.372,70,0.2,14,56,10.4,False,True,-0.033,0.0,4247.52,11405.71,36,0,16,10,8,0,0,44,50,0,0,0,0,173,0.52,0.5,10,0.025,0.03,0.02,0.03,3
-7190.62,-0.0719,92809.38,10642.95,0.1029,-0.935,-0.676,0.371,70,0.2,14,56,10.4,False,True,-0.0336,0.0,4253.49,11471.33,36,0,16,10,8,0,0,44,50,0,0,0,0,173,0.52,0.5,10,0.025,0.03,0.02,0.05,1
-7190.62,-0.0719,92809.38,10642.95,0.1029,-0.935,-0.676,0.371,70,0.2,14,56,10.4,False,True,-0.0336,0.0,4253.49,11471.33,36,0,16,10,8,0,0,44,50,0,0,0,0,173,0.52,0.5,10,0.025,0.03,0.02,0.05,2
-7190.62,-0.0719,92809.38,10642.95,0.1029,-0.935,-0.676,0.371,70,0.2,14,56,10.4,False,True,-0.0336,0.0,4253.49,11471.33,36,0,16,10,8,0,0,44,50,0,0,0,0,173,0.52,0.5,10,0.025,0.03,0.02,0.05,3
-7241.79,-0.0724,92758.21,10694.12,0.1034,-0.823,-0.677,0.352,72,0.1944,14,58,9.4,False,True,-0.0428,0.0,4223.62,12015.65,36,0,16,9,11,0,0,43,50,0,0,0,0,183,0.52,0.5,10,0.035,0.02,0.01,0.03,1
-7241.79,-0.0724,92758.21,10694.12,0.1034,-0.823,-0.677,0.352,72,0.1944,14,58,9.4,False,True,-0.0428,0.0,4223.62,12015.65,36,0,16,9,11,0,0,43,50,0,0,0,0,183,0.52,0.5,10,0.035,0.02,0.01,0.03,2
-7241.79,-0.0724,92758.21,10694.12,0.1034,-0.823,-0.677,0.352,72,0.1944,14,58,9.4,False,True,-0.0428,0.0,4223.62,12015.65,36,0,16,9,11,0,0,43,50,0,0,0,0,183,0.52,0.5,10,0.035,0.02,0.01,0.03,3
-7301.49,-0.073,92698.51,10753.81,0.1039,-0.822,-0.679,0.35,72,0.1944,14,58,9.4,False,True,-0.0434,0.0,4229.6,12080.97,36,0,16,9,11,0,0,43,50,0,0,0,0,183,0.52,0.5,10,0.035,0.02,0.01,0.05,1
-7301.49,-0.073,92698.51,10753.81,0.1039,-0.822,-0.679,0.35,72,0.1944,14,58,9.4,False,True,-0.0434,0.0,4229.6,12080.97,36,0,16,9,11,0,0,43,50,0,0,0,0,183,0.52,0.5,10,0.035,0.02,0.01,0.05,2
-7301.49,-0.073,92698.51,10753.81,0.1039,-0.822,-0.679,0.35,72,0.1944,14,58,9.4,False,True,-0.0434,0.0,4229.6,12080.97,36,0,16,9,11,0,0,43,50,0,0,0,0,183,0.52,0.5,10,0.035,0.02,0.01,0.05,3
-7241.79,-0.0724,92758.21,10694.12,0.1034,-0.823,-0.677,0.352,72,0.1944,14,58,9.4,False,True,-0.0428,0.0,4223.62,12015.65,36,0,16,9,11,0,0,43,50,0,0,0,0,183,0.52,0.5,10,0.035,0.02,0.02,0.03,1
-7241.79,-0.0724,92758.21,10694.12,0.1034,-0.823,-0.677,0.352,72,0.1944,14,58,9.4,False,True,-0.0428,0.0,4223.62,12015.65,36,0,16,9,11,0,0,43,50,0,0,0,0,183,0.52,0.5,10,0.035,0.02,0.02,0.03,2
-7241.79,-0.0724,92758.21,10694.12,0.1034,-0.823,-0.677,0.352,72,0.1944,14,58,9.4,False,True,-0.0428,0.0,4223.62,12015.65,36,0,16,9,11,0,0,43,50,0,0,0,0,183,0.52,0.5,10,0.035,0.02,0.02,0.03,3
-7301.49,-0.073,92698.51,10753.81,0.1039,-0.822,-0.679,0.35,72,0.1944,14,58,9.4,False,True,-0.0434,0.0,4229.6,12080.97,36,0,16,9,11,0,0,43,50,0,0,0,0,183,0.52,0.5,10,0.035,0.02,0.02,0.05,1
-7301.49,-0.073,92698.51,10753.81,0.1039,-0.822,-0.679,0.35,72,0.1944,14,58,9.4,False,True,-0.0434,0.0,4229.6,12080.97,36,0,16,9,11,0,0,43,50,0,0,0,0,183,0.52,0.5,10,0.035,0.02,0.02,0.05,2
-7301.49,-0.073,92698.51,10753.81,0.1039,-0.822,-0.679,0.35,72,0.1944,14,58,9.4,False,True,-0.0434,0.0,4229.6,12080.97,36,0,16,9,11,0,0,43,50,0,0,0,0,183,0.52,0.5,10,0.035,0.02,0.02,0.05,3
-7241.79,-0.0724,92758.21,10694.12,0.1034,-0.823,-0.677,0.352,72,0.1944,14,58,9.4,False,True,-0.0428,0.0,4223.62,12015.65,36,0,16,9,11,0,0,43,50,0,0,0,0,183,0.52,0.5,10,0.035,0.03,0.01,0.03,1
-7241.79,-0.0724,92758.21,10694.12,0.1034,-0.823,-0.677,0.352,72,0.1944,14,58,9.4,False,True,-0.0428,0.0,4223.62,12015.65,36,0,16,9,11,0,0,43,50,0,0,0,0,183,0.52,0.5,10,0.035,0.03,0.01,0.03,2
-7241.79,-0.0724,92758.21,10694.12,0.1034,-0.823,-0.677,0.352,72,0.1944,14,58,9.4,False,True,-0.0428,0.0,4223.62,12015.65,36,0,16,9,11,0,0,43,50,0,0,0,0,183,0.52,0.5,10,0.035,0.03,0.01,0.03,3
-7301.49,-0.073,92698.51,10753.81,0.1039,-0.822,-0.679,0.35,72,0.1944,14,58,9.4,False,True,-0.0434,0.0,4229.6,12080.97,36,0,16,9,11,0,0,43,50,0,0,0,0,183,0.52,0.5,10,0.035,0.03,0.01,0.05,1
-7301.49,-0.073,92698.51,10753.81,0.1039,-0.822,-0.679,0.35,72,0.1944,14,58,9.4,False,True,-0.0434,0.0,4229.6,12080.97,36,0,16,9,11,0,0,43,50,0,0,0,0,183,0.52,0.5,10,0.035,0.03,0.01,0.05,2
-7301.49,-0.073,92698.51,10753.81,0.1039,-0.822,-0.679,0.35,72,0.1944,14,58,9.4,False,True,-0.0434,0.0,4229.6,12080.97,36,0,16,9,11,0,0,43,50,0,0,0,0,183,0.52,0.5,10,0.035,0.03,0.01,0.05,3
-7241.79,-0.0724,92758.21,10694.12,0.1034,-0.823,-0.677,0.352,72,0.1944,14,58,9.4,False,True,-0.0428,0.0,4223.62,12015.65,36,0,16,9,11,0,0,43,50,0,0,0,0,183,0.52,0.5,10,0.035,0.03,0.02,0.03,1
-7241.79,-0.0724,92758.21,10694.12,0.1034,-0.823,-0.677,0.352,72,0.1944,14,58,9.4,False,True,-0.0428,0.0,4223.62,12015.65,36,0,16,9,11,0,0,43,50,0,0,0,0,183,0.52,0.5,10,0.035,0.03,0.02,0.03,2
-7241.79,-0.0724,92758.21,10694.12,0.1034,-0.823,-0.677,0.352,72,0.1944,14,58,9.4,False,True,-0.0428,0.0,4223.62,12015.65,36,0,16,9,11,0,0,43,50,0,0,0,0,183,0.52,0.5,10,0.035,0.03,0.02,0.03,3
-7301.49,-0.073,92698.51,10753.81,0.1039,-0.822,-0.679,0.35,72,0.1944,14,58,9.4,False,True,-0.0434,0.0,4229.6,12080.97,36,0,16,9,11,0,0,43,50,0,0,0,0,183,0.52,0.5,10,0.035,0.03,0.02,0.05,1
-7301.49,-0.073,92698.51,10753.81,0.1039,-0.822,-0.679,0.35,72,0.1944,14,58,9.4,False,True,-0.0434,0.0,4229.6,12080.97,36,0,16,9,11,0,0,43,50,0,0,0,0,183,0.52,0.5,10,0.035,0.03,0.02,0.05,2
-7301.49,-0.073,92698.51,10753.81,0.1039,-0.822,-0.679,0.35,72,0.1944,14,58,9.4,False,True,-0.0434,0.0,4229.6,12080.97,36,0,16,9,11,0,0,43,50,0,0,0,0,183,0.52,0.5,10,0.035,0.03,0.02,0.05,3
-7130.94,-0.0713,92869.06,10583.27,0.1023,-0.936,-0.674,0.372,70,0.2,14,56,10.4,False,True,-0.033,0.0,4247.52,11405.71,36,0,16,10,8,0,0,44,50,0,0,0,0,173,0.52,0.5,15,0.025,0.02,0.01,0.03,1
-7130.94,-0.0713,92869.06,10583.27,0.1023,-0.936,-0.674,0.372,70,0.2,14,56,10.4,False,True,-0.033,0.0,4247.52,11405.71,36,0,16,10,8,0,0,44,50,0,0,0,0,173,0.52,0.5,15,0.025,0.02,0.01,0.03,2
-7130.94,-0.0713,92869.06,10583.27,0.1023,-0.936,-0.674,0.372,70,0.2,14,56,10.4,False,True,-0.033,0.0,4247.52,11405.71,36,0,16,10,8,0,0,44,50,0,0,0,0,173,0.52,0.5,15,0.025,0.02,0.01,0.03,3
-7190.62,-0.0719,92809.38,10642.95,0.1029,-0.935,-0.676,0.371,70,0.2,14,56,10.4,False,True,-0.0336,0.0,4253.49,11471.33,36,0,16,10,8,0,0,44,50,0,0,0,0,173,0.52,0.5,15,0.025,0.02,0.01,0.05,1
-7190.62,-0.0719,92809.38,10642.95,0.1029,-0.935,-0.676,0.371,70,0.2,14,56,10.4,False,True,-0.0336,0.0,4253.49,11471.33,36,0,16,10,8,0,0,44,50,0,0,0,0,173,0.52,0.5,15,0.025,0.02,0.01,0.05,2
-7190.62,-0.0719,92809.38,10642.95,0.1029,-0.935,-0.676,0.371,70,0.2,14,56,10.4,False,True,-0.0336,0.0,4253.49,11471.33,36,0,16,10,8,0,0,44,50,0,0,0,0,173,0.52,0.5,15,0.025,0.02,0.01,0.05,3
-7130.94,-0.0713,92869.06,10583.27,0.1023,-0.936,-0.674,0.372,70,0.2,14,56,10.4,False,True,-0.033,0.0,4247.52,11405.71,36,0,16,10,8,0,0,44,50,0,0,0,0,173,0.52,0.5,15,0.025,0.02,0.02,0.03,1
-7130.94,-0.0713,92869.06,10583.27,0.1023,-0.936,-0.674,0.372,70,0.2,14,56,10.4,False,True,-0.033,0.0,4247.52,11405.71,36,0,16,10,8,0,0,44,50,0,0,0,0,173,0.52,0.5,15,0.025,0.02,0.02,0.03,2
-7130.94,-0.0713,92869.06,10583.27,0.1023,-0.936,-0.674,0.372,70,0.2,14,56,10.4,False,True,-0.033,0.0,4247.52,11405.71,36,0,16,10,8,0,0,44,50,0,0,0,0,173,0.52,0.5,15,0.025,0.02,0.02,0.03,3
-7190.62,-0.0719,92809.38,10642.95,0.1029,-0.935,-0.676,0.371,70,0.2,14,56,10.4,False,True,-0.0336,0.0,4253.49,11471.33,36,0,16,10,8,0,0,44,50,0,0,0,0,173,0.52,0.5,15,0.025,0.02,0.02,0.05,1
-7190.62,-0.0719,92809.38,10642.95,0.1029,-0.935,-0.676,0.371,70,0.2,14,56,10.4,False,True,-0.0336,0.0,4253.49,11471.33,36,0,16,10,8,0,0,44,50,0,0,0,0,173,0.52,0.5,15,0.025,0.02,0.02,0.05,2
-7190.62,-0.0719,92809.38,10642.95,0.1029,-0.935,-0.676,0.371,70,0.2,14,56,10.4,False,True,-0.0336,0.0,4253.49,11471.33,36,0,16,10,8,0,0,44,50,0,0,0,0,173,0.52,0.5,15,0.025,0.02,0.02,0.05,3
-7130.94,-0.0713,92869.06,10583.27,0.1023,-0.936,-0.674,0.372,70,0.2,14,56,10.4,False,True,-0.033,0.0,4247.52,11405.71,36,0,16,10,8,0,0,44,50,0,0,0,0,173,0.52,0.5,15,0.025,0.03,0.01,0.03,1
-7130.94,-0.0713,92869.06,10583.27,0.1023,-0.936,-0.674,0.372,70,0.2,14,56,10.4,False,True,-0.033,0.0,4247.52,11405.71,36,0,16,10,8,0,0,44,50,0,0,0,0,173,0.52,0.5,15,0.025,0.03,0.01,0.03,2
-7130.94,-0.0713,92869.06,10583.27,0.1023,-0.936,-0.674,0.372,70,0.2,14,56,10.4,False,True,-0.033,0.0,4247.52,11405.71,36,0,16,10,8,0,0,44,50,0,0,0,0,173,0.52,0.5,15,0.025,0.03,0.01,0.03,3
-7190.62,-0.0719,92809.38,10642.95,0.1029,-0.935,-0.676,0.371,70,0.2,14,56,10.4,False,True,-0.0336,0.0,4253.49,11471.33,36,0,16,10,8,0,0,44,50,0,0,0,0,173,0.52,0.5,15,0.025,0.03,0.01,0.05,1
-7190.62,-0.0719,92809.38,10642.95,0.1029,-0.935,-0.676,0.371,70,0.2,14,56,10.4,False,True,-0.0336,0.0,4253.49,11471.33,36,0,16,10,8,0,0,44,50,0,0,0,0,173,0.52,0.5,15,0.025,0.03,0.01,0.05,2
-7190.62,-0.0719,92809.38,10642.95,0.1029,-0.935,-0.676,0.371,70,0.2,14,56,10.4,False,True,-0.0336,0.0,4253.49,11471.33,36,0,16,10,8,0,0,44,50,0,0,0,0,173,0.52,0.5,15,0.025,0.03,0.01,0.05,3
-7130.94,-0.0713,92869.06,10583.27,0.1023,-0.936,-0.674,0.372,70,0.2,14,56,10.4,False,True,-0.033,0.0,4247.52,11405.71,36,0,16,10,8,0,0,44,50,0,0,0,0,173,0.52,0.5,15,0.025,0.03,0.02,0.03,1
-7130.94,-0.0713,92869.06,10583.27,0.1023,-0.936,-0.674,0.372,70,0.2,14,56,10.4,False,True,-0.033,0.0,4247.52,11405.71,36,0,16,10,8,0,0,44,50,0,0,0,0,173,0.52,0.5,15,0.025,0.03,0.02,0.03,2
-7130.94,-0.0713,92869.06,10583.27,0.1023,-0.936,-0.674,0.372,70,0.2,14,56,10.4,False,True,-0.033,0.0,4247.52,11405.71,36,0,16,10,8,0,0,44,50,0,0,0,0,173,0.52,0.5,15,0.025,0.03,0.02,0.03,3
-7190.62,-0.0719,92809.38,10642.95,0.1029,-0.935,-0.676,0.371,70,0.2,14,56,10.4,False,True,-0.0336,0.0,4253.49,11471.33,36,0,16,10,8,0,0,44,50,0,0,0,0,173,0.52,0.5,15,0.025,0.03,0.02,0.05,1
-7190.62,-0.0719,92809.38,10642.95,0.1029,-0.935,-0.676,0.371,70,0.2,14,56,10.4,False,True,-0.0336,0.0,4253.49,11471.33,36,0,16,10,8,0,0,44,50,0,0,0,0,173,0.52,0.5,15,0.025,0.03,0.02,0.05,2
-7190.62,-0.0719,92809.38,10642.95,0.1029,-0.935,-0.676,0.371,70,0.2,14,56,10.4,False,True,-0.0336,0.0,4253.49,11471.33,36,0,16,10,8,0,0,44,50,0,0,0,0,173,0.52,0.5,15,0.025,0.03,0.02,0.05,3
-7241.79,-0.0724,92758.21,10694.12,0.1034,-0.823,-0.677,0.352,72,0.1944,14,58,9.4,False,True,-0.0428,0.0,4223.62,12015.65,36,0,16,9,11,0,0,43,50,0,0,0,0,183,0.52,0.5,15,0.035,0.02,0.01,0.03,1
-7241.79,-0.0724,92758.21,10694.12,0.1034,-0.823,-0.677,0.352,72,0.1944,14,58,9.4,False,True,-0.0428,0.0,4223.62,12015.65,36,0,16,9,11,0,0,43,50,0,0,0,0,183,0.52,0.5,15,0.035,0.02,0.01,0.03,2
-7241.79,-0.0724,92758.21,10694.12,0.1034,-0.823,-0.677,0.352,72,0.1944,14,58,9.4,False,True,-0.0428,0.0,4223.62,12015.65,36,0,16,9,11,0,0,43,50,0,0,0,0,183,0.52,0.5,15,0.035,0.02,0.01,0.03,3
-7301.49,-0.073,92698.51,10753.81,0.1039,-0.822,-0.679,0.35,72,0.1944,14,58,9.4,False,True,-0.0434,0.0,4229.6,12080.97,36,0,16,9,11,0,0,43,50,0,0,0,0,183,0.52,0.5,15,0.035,0.02,0.01,0.05,1
-7301.49,-0.073,92698.51,10753.81,0.1039,-0.822,-0.679,0.35,72,0.1944,14,58,9.4,False,True,-0.0434,0.0,4229.6,12080.97,36,0,16,9,11,0,0,43,50,0,0,0,0,183,0.52,0.5,15,0.035,0.02,0.01,0.05,2
-7301.49,-0.073,92698.51,10753.81,0.1039,-0.822,-0.679,0.35,72,0.1944,14,58,9.4,False,True,-0.0434,0.0,4229.6,12080.97,36,0,16,9,11,0,0,43,50,0,0,0,0,183,0.52,0.5,15,0.035,0.02,0.01,0.05,3
-7241.79,-0.0724,92758.21,10694.12,0.1034,-0.823,-0.677,0.352,72,0.1944,14,58,9.4,False,True,-0.0428,0.0,4223.62,12015.65,36,0,16,9,11,0,0,43,50,0,0,0,0,183,0.52,0.5,15,0.035,0.02,0.02,0.03,1
-7241.79,-0.0724,92758.21,10694.12,0.1034,-0.823,-0.677,0.352,72,0.1944,14,58,9.4,False,True,-0.0428,0.0,4223.62,12015.65,36,0,16,9,11,0,0,43,50,0,0,0,0,183,0.52,0.5,15,0.035,0.02,0.02,0.03,2
-7241.79,-0.0724,92758.21,10694.12,0.1034,-0.823,-0.677,0.352,72,0.1944,14,58,9.4,False,True,-0.0428,0.0,4223.62,12015.65,36,0,16,9,11,0,0,43,50,0,0,0,0,183,0.52,0.5,15,0.035,0.02,0.02,0.03,3
-7301.49,-0.073,92698.51,10753.81,0.1039,-0.822,-0.679,0.35,72,0.1944,14,58,9.4,False,True,-0.0434,0.0,4229.6,12080.97,36,0,16,9,11,0,0,43,50,0,0,0,0,183,0.52,0.5,15,0.035,0.02,0.02,0.05,1
-7301.49,-0.073,92698.51,10753.81,0.1039,-0.822,-0.679,0.35,72,0.1944,14,58,9.4,False,True,-0.0434,0.0,4229.6,12080.97,36,0,16,9,11,0,0,43,50,0,0,0,0,183,0.52,0.5,15,0.035,0.02,0.02,0.05,2
-7301.49,-0.073,92698.51,10753.81,0.1039,-0.822,-0.679,0.35,72,0.1944,14,58,9.4,False,True,-0.0434,0.0,4229.6,12080.97,36,0,16,9,11,0,0,43,50,0,0,0,0,183,0.52,0.5,15,0.035,0.02,0.02,0.05,3
-7241.79,-0.0724,92758.21,10694.12,0.1034,-0.823,-0.677,0.352,72,0.1944,14,58,9.4,False,True,-0.0428,0.0,4223.62,12015.65,36,0,16,9,11,0,0,43,50,0,0,0,0,183,0.52,0.5,15,0.035,0.03,0.01,0.03,1
-7241.79,-0.0724,92758.21,10694.12,0.1034,-0.823,-0.677,0.352,72,0.1944,14,58,9.4,False,True,-0.0428,0.0,4223.62,12015.65,36,0,16,9,11,0,0,43,50,0,0,0,0,183,0.52,0.5,15,0.035,0.03,0.01,0.03,2
-7241.79,-0.0724,92758.21,10694.12,0.1034,-0.823,-0.677,0.352,72,0.1944,14,58,9.4,False,True,-0.0428,0.0,4223.62,12015.65,36,0,16,9,11,0,0,43,50,0,0,0,0,183,0.52,0.5,15,0.035,0.03,0.01,0.03,3
-7301.49,-0.073,92698.51,10753.81,0.1039,-0.822,-0.679,0.35,72,0.1944,14,58,9.4,False,True,-0.0434,0.0,4229.6,12080.97,36,0,16,9,11,0,0,43,50,0,0,0,0,183,0.52,0.5,15,0.035,0.03,0.01,0.05,1
-7301.49,-0.073,92698.51,10753.81,0.1039,-0.822,-0.679,0.35,72,0.1944,14,58,9.4,False,True,-0.0434,0.0,4229.6,12080.97,36,0,16,9,11,0,0,43,50,0,0,0,0,183,0.52,0.5,15,0.035,0.03,0.01,0.05,2
-7301.49,-0.073,92698.51,10753.81,0.1039,-0.822,-0.679,0.35,72,0.1944,14,58,9.4,False,True,-0.0434,0.0,4229.6,12080.97,36,0,16,9,11,0,0,43,50,0,0,0,0,183,0.52,0.5,15,0.035,0.03,0.01,0.05,3
-7241.79,-0.0724,92758.21,10694.12,0.1034,-0.823,-0.677,0.352,72,0.1944,14,58,9.4,False,True,-0.0428,0.0,4223.62,12015.65,36,0,16,9,11,0,0,43,50,0,0,0,0,183,0.52,0.5,15,0.035,0.03,0.02,0.03,1
-7241.79,-0.0724,92758.21,10694.12,0.1034,-0.823,-0.677,0.352,72,0.1944,14,58,9.4,False,True,-0.0428,0.0,4223.62,12015.65,36,0,16,9,11,0,0,43,50,0,0,0,0,183,0.52,0.5,15,0.035,0.03,0.02,0.03,2
-7241.79,-0.0724,92758.21,10694.12,0.1034,-0.823,-0.677,0.352,72,0.1944,14,58,9.4,False,True,-0.0428,0.0,4223.62,12015.65,36,0,16,9,11,0,0,43,50,0,0,0,0,183,0.52,0.5,15,0.035,0.03,0.02,0.03,3
-7301.49,-0.073,92698.51,10753.81,0.1039,-0.822,-0.679,0.35,72,0.1944,14,58,9.4,False,True,-0.0434,0.0,4229.6,12080.97,36,0,16,9,11,0,0,43,50,0,0,0,0,183,0.52,0.5,15,0.035,0.03,0.02,0.05,1
-7301.49,-0.073,92698.51,10753.81,0.1039,-0.822,-0.679,0.35,72,0.1944,14,58,9.4,False,True,-0.0434,0.0,4229.6,12080.97,36,0,16,9,11,0,0,43,50,0,0,0,0,183,0.52,0.5,15,0.035,0.03,0.02,0.05,2
-7301.49,-0.073,92698.51,10753.81,0.1039,-0.822,-0.679,0.35,72,0.1944,14,58,9.4,False,True,-0.0434,0.0,4229.6,12080.97,36,0,16,9,11,0,0,43,50,0,0,0,0,183,0.52,0.5,15,0.035,0.03,0.02,0.05,3
-11357.89,-0.1136,88642.11,11362.22,0.1136,-1.125,-1.0,0.016,24,0.25,6,18,7.2,False,True,-0.0377,0.0,190.37,11600.74,9,0,6,6,3,0,5,4,12,0,0,0,0,38,0.52,1.0,5,0.025,0.02,0.01,0.03,1
-11357.89,-0.1136,88642.11,11362.22,0.1136,-1.125,-1.0,0.016,24,0.25,6,18,7.2,False,True,-0.0377,0.0,190.37,11600.74,9,0,6,6,3,0,5,4,12,0,0,0,0,38,0.52,1.0,5,0.025,0.02,0.01,0.03,2
-11357.89,-0.1136,88642.11,11362.22,0.1136,-1.125,-1.0,0.016,24,0.25,6,18,7.2,False,True,-0.0377,0.0,190.37,11600.74,9,0,6,6,3,0,5,4,12,0,0,0,0,38,0.52,1.0,5,0.025,0.02,0.01,0.03,3
-10353.88,-0.1035,89646.12,10358.21,0.1036,-1.006,-1.0,0.026,20,0.3,6,14,8.6,False,True,-0.0377,0.0,281.23,10635.11,8,0,6,6,0,0,5,3,10,0,0,0,0,36,0.52,1.0,5,0.025,0.02,0.01,0.05,1
-10353.88,-0.1035,89646.12,10358.21,0.1036,-1.006,-1.0,0.026,20,0.3,6,14,8.6,False,True,-0.0377,0.0,281.23,10635.11,8,0,6,6,0,0,5,3,10,0,0,0,0,36,0.52,1.0,5,0.025,0.02,0.01,0.05,2
-10353.88,-0.1035,89646.12,10358.21,0.1036,-1.006,-1.0,0.026,20,0.3,6,14,8.6,False,True,-0.0377,0.0,281.23,10635.11,8,0,6,6,0,0,5,3,10,0,0,0,0,36,0.52,1.0,5,0.025,0.02,0.01,0.05,3
-11357.89,-0.1136,88642.11,11362.22,0.1136,-1.125,-1.0,0.016,24,0.25,6,18,7.2,False,True,-0.0377,0.0,190.37,11600.74,9,0,6,6,3,0,5,4,12,0,0,0,0,38,0.52,1.0,5,0.025,0.02,0.02,0.03,1
-11357.89,-0.1136,88642.11,11362.22,0.1136,-1.125,-1.0,0.016,24,0.25,6,18,7.2,False,True,-0.0377,0.0,190.37,11600.74,9,0,6,6,3,0,5,4,12,0,0,0,0,38,0.52,1.0,5,0.025,0.02,0.02,0.03,2
-11357.89,-0.1136,88642.11,11362.22,0.1136,-1.125,-1.0,0.016,24,0.25,6,18,7.2,False,True,-0.0377,0.0,190.37,11600.74,9,0,6,6,3,0,5,4,12,0,0,0,0,38,0.52,1.0,5,0.025,0.02,0.02,0.03,3
-10353.88,-0.1035,89646.12,10358.21,0.1036,-1.006,-1.0,0.026,20,0.3,6,14,8.6,False,True,-0.0377,0.0,281.23,10635.11,8,0,6,6,0,0,5,3,10,0,0,0,0,36,0.52,1.0,5,0.025,0.02,0.02,0.05,1
-10353.88,-0.1035,89646.12,10358.21,0.1036,-1.006,-1.0,0.026,20,0.3,6,14,8.6,False,True,-0.0377,0.0,281.23,10635.11,8,0,6,6,0,0,5,3,10,0,0,0,0,36,0.52,1.0,5,0.025,0.02,0.02,0.05,2
-10353.88,-0.1035,89646.12,10358.21,0.1036,-1.006,-1.0,0.026,20,0.3,6,14,8.6,False,True,-0.0377,0.0,281.23,10635.11,8,0,6,6,0,0,5,3,10,0,0,0,0,36,0.52,1.0,5,0.025,0.02,0.02,0.05,3
-11357.89,-0.1136,88642.11,11362.22,0.1136,-1.125,-1.0,0.016,24,0.25,6,18,7.2,False,True,-0.0377,0.0,190.37,11600.74,9,0,6,6,3,0,5,4,12,0,0,0,0,38,0.52,1.0,5,0.025,0.03,0.01,0.03,1
-11357.89,-0.1136,88642.11,11362.22,0.1136,-1.125,-1.0,0.016,24,0.25,6,18,7.2,False,True,-0.0377,0.0,190.37,11600.74,9,0,6,6,3,0,5,4,12,0,0,0,0,38,0.52,1.0,5,0.025,0.03,0.01,0.03,2
-11357.89,-0.1136,88642.11,11362.22,0.1136,-1.125,-1.0,0.016,24,0.25,6,18,7.2,False,True,-0.0377,0.0,190.37,11600.74,9,0,6,6,3,0,5,4,12,0,0,0,0,38,0.52,1.0,5,0.025,0.03,0.01,0.03,3
-10353.88,-0.1035,89646.12,10358.21,0.1036,-1.006,-1.0,0.026,20,0.3,6,14,8.6,False,True,-0.0377,0.0,281.23,10635.11,8,0,6,6,0,0,5,3,10,0,0,0,0,36,0.52,1.0,5,0.025,0.03,0.01,0.05,1
-10353.88,-0.1035,89646.12,10358.21,0.1036,-1.006,-1.0,0.026,20,0.3,6,14,8.6,False,True,-0.0377,0.0,281.23,10635.11,8,0,6,6,0,0,5,3,10,0,0,0,0,36,0.52,1.0,5,0.025,0.03,0.01,0.05,2
-10353.88,-0.1035,89646.12,10358.21,0.1036,-1.006,-1.0,0.026,20,0.3,6,14,8.6,False,True,-0.0377,0.0,281.23,10635.11,8,0,6,6,0,0,5,3,10,0,0,0,0,36,0.52,1.0,5,0.025,0.03,0.01,0.05,3
-11357.89,-0.1136,88642.11,11362.22,0.1136,-1.125,-1.0,0.016,24,0.25,6,18,7.2,False,True,-0.0377,0.0,190.37,11600.74,9,0,6,6,3,0,5,4,12,0,0,0,0,38,0.52,1.0,5,0.025,0.03,0.02,0.03,1
-11357.89,-0.1136,88642.11,11362.22,0.1136,-1.125,-1.0,0.016,24,0.25,6,18,7.2,False,True,-0.0377,0.0,190.37,11600.74,9,0,6,6,3,0,5,4,12,0,0,0,0,38,0.52,1.0,5,0.025,0.03,0.02,0.03,2
-11357.89,-0.1136,88642.11,11362.22,0.1136,-1.125,-1.0,0.016,24,0.25,6,18,7.2,False,True,-0.0377,0.0,190.37,11600.74,9,0,6,6,3,0,5,4,12,0,0,0,0,38,0.52,1.0,5,0.025,0.03,0.02,0.03,3
-10353.88,-0.1035,89646.12,10358.21,0.1036,-1.006,-1.0,0.026,20,0.3,6,14,8.6,False,True,-0.0377,0.0,281.23,10635.11,8,0,6,6,0,0,5,3,10,0,0,0,0,36,0.52,1.0,5,0.025,0.03,0.02,0.05,1
-10353.88,-0.1035,89646.12,10358.21,0.1036,-1.006,-1.0,0.026,20,0.3,6,14,8.6,False,True,-0.0377,0.0,281.23,10635.11,8,0,6,6,0,0,5,3,10,0,0,0,0,36,0.52,1.0,5,0.025,0.03,0.02,0.05,2
-10353.88,-0.1035,89646.12,10358.21,0.1036,-1.006,-1.0,0.026,20,0.3,6,14,8.6,False,True,-0.0377,0.0,281.23,10635.11,8,0,6,6,0,0,5,3,10,0,0,0,0,36,0.52,1.0,5,0.025,0.03,0.02,0.05,3
-11537.45,-0.1154,88462.55,11582.86,0.1158,-0.976,-0.996,0.01,25,0.16,4,21,8.4,False,True,-0.0535,0.0,129.06,12427.14,10,0,7,3,5,0,11,3,18,0,0,0,0,53,0.52,1.0,5,0.035,0.02,0.01,0.03,1
-11537.45,-0.1154,88462.55,11582.86,0.1158,-0.976,-0.996,0.01,25,0.16,4,21,8.4,False,True,-0.0535,0.0,129.06,12427.14,10,0,7,3,5,0,11,3,18,0,0,0,0,53,0.52,1.0,5,0.035,0.02,0.01,0.03,2
-11537.45,-0.1154,88462.55,11582.86,0.1158,-0.976,-0.996,0.01,25,0.16,4,21,8.4,False,True,-0.0535,0.0,129.06,12427.14,10,0,7,3,5,0,11,3,18,0,0,0,0,53,0.52,1.0,5,0.035,0.02,0.01,0.03,3
-9583.75,-0.0958,90416.25,10356.79,0.1036,-0.806,-0.925,0.019,25,0.16,4,21,8.3,False,True,-0.0599,0.0,220.33,11777.07,9,0,7,3,6,0,10,3,18,0,0,0,0,50,0.52,1.0,5,0.035,0.02,0.01,0.05,1
-9583.75,-0.0958,90416.25,10356.79,0.1036,-0.806,-0.925,0.019,25,0.16,4,21,8.3,False,True,-0.0599,0.0,220.33,11777.07,9,0,7,3,6,0,10,3,18,0,0,0,0,50,0.52,1.0,5,0.035,0.02,0.01,0.05,2
-9583.75,-0.0958,90416.25,10356.79,0.1036,-0.806,-0.925,0.019,25,0.16,4,21,8.3,False,True,-0.0599,0.0,220.33,11777.07,9,0,7,3,6,0,10,3,18,0,0,0,0,50,0.52,1.0,5,0.035,0.02,0.01,0.05,3
-11537.45,-0.1154,88462.55,11582.86,0.1158,-0.976,-0.996,0.01,25,0.16,4,21,8.4,False,True,-0.0535,0.0,129.06,12427.14,10,0,7,3,5,0,11,3,18,0,0,0,0,53,0.52,1.0,5,0.035,0.02,0.02,0.03,1
-11537.45,-0.1154,88462.55,11582.86,0.1158,-0.976,-0.996,0.01,25,0.16,4,21,8.4,False,True,-0.0535,0.0,129.06,12427.14,10,0,7,3,5,0,11,3,18,0,0,0,0,53,0.52,1.0,5,0.035,0.02,0.02,0.03,2
-11537.45,-0.1154,88462.55,11582.86,0.1158,-0.976,-0.996,0.01,25,0.16,4,21,8.4,False,True,-0.0535,0.0,129.06,12427.14,10,0,7,3,5,0,11,3,18,0,0,0,0,53,0.52,1.0,5,0.035,0.02,0.02,0.03,3
-9583.75,-0.0958,90416.25,10356.79,0.1036,-0.806,-0.925,0.019,25,0.16,4,21,8.3,False,True,-0.0599,0.0,220.33,11777.07,9,0,7,3,6,0,10,3,18,0,0,0,0,50,0.52,1.0,5,0.035,0.02,0.02,0.05,1
-9583.75,-0.0958,90416.25,10356.79,0.1036,-0.806,-0.925,0.019,25,0.16,4,21,8.3,False,True,-0.0599,0.0,220.33,11777.07,9,0,7,3,6,0,10,3,18,0,0,0,0,50,0.52,1.0,5,0.035,0.02,0.02,0.05,2
-9583.75,-0.0958,90416.25,10356.79,0.1036,-0.806,-0.925,0.019,25,0.16,4,21,8.3,False,True,-0.0599,0.0,220.33,11777.07,9,0,7,3,6,0,10,3,18,0,0,0,0,50,0.52,1.0,5,0.035,0.02,0.02,0.05,3
-11537.45,-0.1154,88462.55,11582.86,0.1158,-0.976,-0.996,0.01,25,0.16,4,21,8.4,False,True,-0.0535,0.0,129.06,12427.14,10,0,7,3,5,0,11,3,18,0,0,0,0,53,0.52,1.0,5,0.035,0.03,0.01,0.03,1
-11537.45,-0.1154,88462.55,11582.86,0.1158,-0.976,-0.996,0.01,25,0.16,4,21,8.4,False,True,-0.0535,0.0,129.06,12427.14,10,0,7,3,5,0,11,3,18,0,0,0,0,53,0.52,1.0,5,0.035,0.03,0.01,0.03,2
-11537.45,-0.1154,88462.55,11582.86,0.1158,-0.976,-0.996,0.01,25,0.16,4,21,8.4,False,True,-0.0535,0.0,129.06,12427.14,10,0,7,3,5,0,11,3,18,0,0,0,0,53,0.52,1.0,5,0.035,0.03,0.01,0.03,3
-9583.75,-0.0958,90416.25,10356.79,0.1036,-0.806,-0.925,0.019,25,0.16,4,21,8.3,False,True,-0.0599,0.0,220.33,11777.07,9,0,7,3,6,0,10,3,18,0,0,0,0,50,0.52,1.0,5,0.035,0.03,0.01,0.05,1
-9583.75,-0.0958,90416.25,10356.79,0.1036,-0.806,-0.925,0.019,25,0.16,4,21,8.3,False,True,-0.0599,0.0,220.33,11777.07,9,0,7,3,6,0,10,3,18,0,0,0,0,50,0.52,1.0,5,0.035,0.03,0.01,0.05,2
-9583.75,-0.0958,90416.25,10356.79,0.1036,-0.806,-0.925,0.019,25,0.16,4,21,8.3,False,True,-0.0599,0.0,220.33,11777.07,9,0,7,3,6,0,10,3,18,0,0,0,0,50,0.52,1.0,5,0.035,0.03,0.01,0.05,3
-11537.45,-0.1154,88462.55,11582.86,0.1158,-0.976,-0.996,0.01,25,0.16,4,21,8.4,False,True,-0.0535,0.0,129.06,12427.14,10,0,7,3,5,0,11,3,18,0,0,0,0,53,0.52,1.0,5,0.035,0.03,0.02,0.03,1
-11537.45,-0.1154,88462.55,11582.86,0.1158,-0.976,-0.996,0.01,25,0.16,4,21,8.4,False,True,-0.0535,0.0,129.06,12427.14,10,0,7,3,5,0,11,3,18,0,0,0,0,53,0.52,1.0,5,0.035,0.03,0.02,0.03,2
-11537.45,-0.1154,88462.55,11582.86,0.1158,-0.976,-0.996,0.01,25,0.16,4,21,8.4,False,True,-0.0535,0.0,129.06,12427.14,10,0,7,3,5,0,11,3,18,0,0,0,0,53,0.52,1.0,5,0.035,0.03,0.02,0.03,3
-9583.75,-0.0958,90416.25,10356.79,0.1036,-0.806,-0.925,0.019,25,0.16,4,21,8.3,False,True,-0.0599,0.0,220.33,11777.07,9,0,7,3,6,0,10,3,18,0,0,0,0,50,0.52,1.0,5,0.035,0.03,0.02,0.05,1
-9583.75,-0.0958,90416.25,10356.79,0.1036,-0.806,-0.925,0.019,25,0.16,4,21,8.3,False,True,-0.0599,0.0,220.33,11777.07,9,0,7,3,6,0,10,3,18,0,0,0,0,50,0.52,1.0,5,0.035,0.03,0.02,0.05,2
-9583.75,-0.0958,90416.25,10356.79,0.1036,-0.806,-0.925,0.019,25,0.16,4,21,8.3,False,True,-0.0599,0.0,220.33,11777.07,9,0,7,3,6,0,10,3,18,0,0,0,0,50,0.52,1.0,5,0.035,0.03,0.02,0.05,3
-11357.89,-0.1136,88642.11,11362.22,0.1136,-1.125,-1.0,0.016,24,0.25,6,18,7.2,False,True,-0.0377,0.0,190.37,11600.74,9,0,6,6,3,0,0,9,12,0,0,0,0,38,0.52,1.0,10,0.025,0.02,0.01,0.03,1
-11357.89,-0.1136,88642.11,11362.22,0.1136,-1.125,-1.0,0.016,24,0.25,6,18,7.2,False,True,-0.0377,0.0,190.37,11600.74,9,0,6,6,3,0,0,9,12,0,0,0,0,38,0.52,1.0,10,0.025,0.02,0.01,0.03,2
-11357.89,-0.1136,88642.11,11362.22,0.1136,-1.125,-1.0,0.016,24,0.25,6,18,7.2,False,True,-0.0377,0.0,190.37,11600.74,9,0,6,6,3,0,0,9,12,0,0,0,0,38,0.52,1.0,10,0.025,0.02,0.01,0.03,3
-10353.88,-0.1035,89646.12,10358.21,0.1036,-1.006,-1.0,0.026,20,0.3,6,14,8.6,False,True,-0.0377,0.0,281.23,10635.11,8,0,6,6,0,0,0,8,10,0,0,0,0,36,0.52,1.0,10,0.025,0.02,0.01,0.05,1
-10353.88,-0.1035,89646.12,10358.21,0.1036,-1.006,-1.0,0.026,20,0.3,6,14,8.6,False,True,-0.0377,0.0,281.23,10635.11,8,0,6,6,0,0,0,8,10,0,0,0,0,36,0.52,1.0,10,0.025,0.02,0.01,0.05,2
-10353.88,-0.1035,89646.12,10358.21,0.1036,-1.006,-1.0,0.026,20,0.3,6,14,8.6,False,True,-0.0377,0.0,281.23,10635.11,8,0,6,6,0,0,0,8,10,0,0,0,0,36,0.52,1.0,10,0.025,0.02,0.01,0.05,3
-11357.89,-0.1136,88642.11,11362.22,0.1136,-1.125,-1.0,0.016,24,0.25,6,18,7.2,False,True,-0.0377,0.0,190.37,11600.74,9,0,6,6,3,0,0,9,12,0,0,0,0,38,0.52,1.0,10,0.025,0.02,0.02,0.03,1
-11357.89,-0.1136,88642.11,11362.22,0.1136,-1.125,-1.0,0.016,24,0.25,6,18,7.2,False,True,-0.0377,0.0,190.37,11600.74,9,0,6,6,3,0,0,9,12,0,0,0,0,38,0.52,1.0,10,0.025,0.02,0.02,0.03,2
-11357.89,-0.1136,88642.11,11362.22,0.1136,-1.125,-1.0,0.016,24,0.25,6,18,7.2,False,True,-0.0377,0.0,190.37,11600.74,9,0,6,6,3,0,0,9,12,0,0,0,0,38,0.52,1.0,10,0.025,0.02,0.02,0.03,3
-10353.88,-0.1035,89646.12,10358.21,0.1036,-1.006,-1.0,0.026,20,0.3,6,14,8.6,False,True,-0.0377,0.0,281.23,10635.11,8,0,6,6,0,0,0,8,10,0,0,0,0,36,0.52,1.0,10,0.025,0.02,0.02,0.05,1
-10353.88,-0.1035,89646.12,10358.21,0.1036,-1.006,-1.0,0.026,20,0.3,6,14,8.6,False,True,-0.0377,0.0,281.23,10635.11,8,0,6,6,0,0,0,8,10,0,0,0,0,36,0.52,1.0,10,0.025,0.02,0.02,0.05,2
-10353.88,-0.1035,89646.12,10358.21,0.1036,-1.006,-1.0,0.026,20,0.3,6,14,8.6,False,True,-0.0377,0.0,281.23,10635.11,8,0,6,6,0,0,0,8,10,0,0,0,0,36,0.52,1.0,10,0.025,0.02,0.02,0.05,3
-11357.89,-0.1136,88642.11,11362.22,0.1136,-1.125,-1.0,0.016,24,0.25,6,18,7.2,False,True,-0.0377,0.0,190.37,11600.74,9,0,6,6,3,0,0,9,12,0,0,0,0,38,0.52,1.0,10,0.025,0.03,0.01,0.03,1
-11357.89,-0.1136,88642.11,11362.22,0.1136,-1.125,-1.0,0.016,24,0.25,6,18,7.2,False,True,-0.0377,0.0,190.37,11600.74,9,0,6,6,3,0,0,9,12,0,0,0,0,38,0.52,1.0,10,0.025,0.03,0.01,0.03,2
-11357.89,-0.1136,88642.11,11362.22,0.1136,-1.125,-1.0,0.016,24,0.25,6,18,7.2,False,True,-0.0377,0.0,190.37,11600.74,9,0,6,6,3,0,0,9,12,0,0,0,0,38,0.52,1.0,10,0.025,0.03,0.01,0.03,3
-10353.88,-0.1035,89646.12,10358.21,0.1036,-1.006,-1.0,0.026,20,0.3,6,14,8.6,False,True,-0.0377,0.0,281.23,10635.11,8,0,6,6,0,0,0,8,10,0,0,0,0,36,0.52,1.0,10,0.025,0.03,0.01,0.05,1
-10353.88,-0.1035,89646.12,10358.21,0.1036,-1.006,-1.0,0.026,20,0.3,6,14,8.6,False,True,-0.0377,0.0,281.23,10635.11,8,0,6,6,0,0,0,8,10,0,0,0,0,36,0.52,1.0,10,0.025,0.03,0.01,0.05,2
-10353.88,-0.1035,89646.12,10358.21,0.1036,-1.006,-1.0,0.026,20,0.3,6,14,8.6,False,True,-0.0377,0.0,281.23,10635.11,8,0,6,6,0,0,0,8,10,0,0,0,0,36,0.52,1.0,10,0.025,0.03,0.01,0.05,3
-11357.89,-0.1136,88642.11,11362.22,0.1136,-1.125,-1.0,0.016,24,0.25,6,18,7.2,False,True,-0.0377,0.0,190.37,11600.74,9,0,6,6,3,0,0,9,12,0,0,0,0,38,0.52,1.0,10,0.025,0.03,0.02,0.03,1
-11357.89,-0.1136,88642.11,11362.22,0.1136,-1.125,-1.0,0.016,24,0.25,6,18,7.2,False,True,-0.0377,0.0,190.37,11600.74,9,0,6,6,3,0,0,9,12,0,0,0,0,38,0.52,1.0,10,0.025,0.03,0.02,0.03,2
-11357.89,-0.1136,88642.11,11362.22,0.1136,-1.125,-1.0,0.016,24,0.25,6,18,7.2,False,True,-0.0377,0.0,190.37,11600.74,9,0,6,6,3,0,0,9,12,0,0,0,0,38,0.52,1.0,10,0.025,0.03,0.02,0.03,3
-10353.88,-0.1035,89646.12,10358.21,0.1036,-1.006,-1.0,0.026,20,0.3,6,14,8.6,False,True,-0.0377,0.0,281.23,10635.11,8,0,6,6,0,0,0,8,10,0,0,0,0,36,0.52,1.0,10,0.025,0.03,0.02,0.05,1
-10353.88,-0.1035,89646.12,10358.21,0.1036,-1.006,-1.0,0.026,20,0.3,6,14,8.6,False,True,-0.0377,0.0,281.23,10635.11,8,0,6,6,0,0,0,8,10,0,0,0,0,36,0.52,1.0,10,0.025,0.03,0.02,0.05,2
-10353.88,-0.1035,89646.12,10358.21,0.1036,-1.006,-1.0,0.026,20,0.3,6,14,8.6,False,True,-0.0377,0.0,281.23,10635.11,8,0,6,6,0,0,0,8,10,0,0,0,0,36,0.52,1.0,10,0.025,0.03,0.02,0.05,3
-11458.94,-0.1146,88541.06,11504.39,0.115,-0.978,-0.996,0.016,26,0.1923,5,21,8.8,False,True,-0.0527,0.0,202.68,12422.92,10,0,7,4,5,0,0,9,23,0,0,0,0,68,0.52,1.0,10,0.035,0.02,0.01,0.03,1
-11458.94,-0.1146,88541.06,11504.39,0.115,-0.978,-0.996,0.016,26,0.1923,5,21,8.8,False,True,-0.0527,0.0,202.68,12422.92,10,0,7,4,5,0,0,9,23,0,0,0,0,68,0.52,1.0,10,0.035,0.02,0.01,0.03,2
-11458.94,-0.1146,88541.06,11504.39,0.115,-0.978,-0.996,0.016,26,0.1923,5,21,8.8,False,True,-0.0527,0.0,202.68,12422.92,10,0,7,4,5,0,0,9,23,0,0,0,0,68,0.52,1.0,10,0.035,0.02,0.01,0.03,3
-9503.51,-0.095,90496.49,10277.23,0.1028,-0.807,-0.925,0.025,26,0.1923,5,21,8.6,False,True,-0.0591,0.0,293.45,11771.69,9,0,7,4,6,0,0,8,19,0,0,0,0,56,0.52,1.0,10,0.035,0.02,0.01,0.05,1
-9503.51,-0.095,90496.49,10277.23,0.1028,-0.807,-0.925,0.025,26,0.1923,5,21,8.6,False,True,-0.0591,0.0,293.45,11771.69,9,0,7,4,6,0,0,8,19,0,0,0,0,56,0.52,1.0,10,0.035,0.02,0.01,0.05,2
-9503.51,-0.095,90496.49,10277.23,0.1028,-0.807,-0.925,0.025,26,0.1923,5,21,8.6,False,True,-0.0591,0.0,293.45,11771.69,9,0,7,4,6,0,0,8,19,0,0,0,0,56,0.52,1.0,10,0.035,0.02,0.01,0.05,3
-11458.94,-0.1146,88541.06,11504.39,0.115,-0.978,-0.996,0.016,26,0.1923,5,21,8.8,False,True,-0.0527,0.0,202.68,12422.92,10,0,7,4,5,0,0,9,23,0,0,0,0,68,0.52,1.0,10,0.035,0.02,0.02,0.03,1
-11458.94,-0.1146,88541.06,11504.39,0.115,-0.978,-0.996,0.016,26,0.1923,5,21,8.8,False,True,-0.0527,0.0,202.68,12422.92,10,0,7,4,5,0,0,9,23,0,0,0,0,68,0.52,1.0,10,0.035,0.02,0.02,0.03,2
-11458.94,-0.1146,88541.06,11504.39,0.115,-0.978,-0.996,0.016,26,0.1923,5,21,8.8,False,True,-0.0527,0.0,202.68,12422.92,10,0,7,4,5,0,0,9,23,0,0,0,0,68,0.52,1.0,10,0.035,0.02,0.02,0.03,3
-9503.51,-0.095,90496.49,10277.23,0.1028,-0.807,-0.925,0.025,26,0.1923,5,21,8.6,False,True,-0.0591,0.0,293.45,11771.69,9,0,7,4,6,0,0,8,19,0,0,0,0,56,0.52,1.0,10,0.035,0.02,0.02,0.05,1
-9503.51,-0.095,90496.49,10277.23,0.1028,-0.807,-0.925,0.025,26,0.1923,5,21,8.6,False,True,-0.0591,0.0,293.45,11771.69,9,0,7,4,6,0,0,8,19,0,0,0,0,56,0.52,1.0,10,0.035,0.02,0.02,0.05,2
-9503.51,-0.095,90496.49,10277.23,0.1028,-0.807,-0.925,0.025,26,0.1923,5,21,8.6,False,True,-0.0591,0.0,293.45,11771.69,9,0,7,4,6,0,0,8,19,0,0,0,0,56,0.52,1.0,10,0.035,0.02,0.02,0.05,3
-11458.94,-0.1146,88541.06,11504.39,0.115,-0.978,-0.996,0.016,26,0.1923,5,21,8.8,False,True,-0.0527,0.0,202.68,12422.92,10,0,7,4,5,0,0,9,23,0,0,0,0,68,0.52,1.0,10,0.035,0.03,0.01,0.03,1
-11458.94,-0.1146,88541.06,11504.39,0.115,-0.978,-0.996,0.016,26,0.1923,5,21,8.8,False,True,-0.0527,0.0,202.68,12422.92,10,0,7,4,5,0,0,9,23,0,0,0,0,68,0.52,1.0,10,0.035,0.03,0.01,0.03,2
-11458.94,-0.1146,88541.06,11504.39,0.115,-0.978,-0.996,0.016,26,0.1923,5,21,8.8,False,True,-0.0527,0.0,202.68,12422.92,10,0,7,4,5,0,0,9,23,0,0,0,0,68,0.52,1.0,10,0.035,0.03,0.01,0.03,3
-9503.51,-0.095,90496.49,10277.23,0.1028,-0.807,-0.925,0.025,26,0.1923,5,21,8.6,False,True,-0.0591,0.0,293.45,11771.69,9,0,7,4,6,0,0,8,19,0,0,0,0,56,0.52,1.0,10,0.035,0.03,0.01,0.05,1
-9503.51,-0.095,90496.49,10277.23,0.1028,-0.807,-0.925,0.025,26,0.1923,5,21,8.6,False,True,-0.0591,0.0,293.45,11771.69,9,0,7,4,6,0,0,8,19,0,0,0,0,56,0.52,1.0,10,0.035,0.03,0.01,0.05,2
-9503.51,-0.095,90496.49,10277.23,0.1028,-0.807,-0.925,0.025,26,0.1923,5,21,8.6,False,True,-0.0591,0.0,293.45,11771.69,9,0,7,4,6,0,0,8,19,0,0,0,0,56,0.52,1.0,10,0.035,0.03,0.01,0.05,3
-11458.94,-0.1146,88541.06,11504.39,0.115,-0.978,-0.996,0.016,26,0.1923,5,21,8.8,False,True,-0.0527,0.0,202.68,12422.92,10,0,7,4,5,0,0,9,23,0,0,0,0,68,0.52,1.0,10,0.035,0.03,0.02,0.03,1
-11458.94,-0.1146,88541.06,11504.39,0.115,-0.978,-0.996,0.016,26,0.1923,5,21,8.8,False,True,-0.0527,0.0,202.68,12422.92,10,0,7,4,5,0,0,9,23,0,0,0,0,68,0.52,1.0,10,0.035,0.03,0.02,0.03,2
-11458.94,-0.1146,88541.06,11504.39,0.115,-0.978,-0.996,0.016,26,0.1923,5,21,8.8,False,True,-0.0527,0.0,202.68,12422.92,10,0,7,4,5,0,0,9,23,0,0,0,0,68,0.52,1.0,10,0.035,0.03,0.02,0.03,3
-9503.51,-0.095,90496.49,10277.23,0.1028,-0.807,-0.925,0.025,26,0.1923,5,21,8.6,False,True,-0.0591,0.0,293.45,11771.69,9,0,7,4,6,0,0,8,19,0,0,0,0,56,0.52,1.0,10,0.035,0.03,0.02,0.05,1
-9503.51,-0.095,90496.49,10277.23,0.1028,-0.807,-0.925,0.025,26,0.1923,5,21,8.6,False,True,-0.0591,0.0,293.45,11771.69,9,0,7,4,6,0,0,8,19,0,0,0,0,56,0.52,1.0,10,0.035,0.03,0.02,0.05,2
-9503.51,-0.095,90496.49,10277.23,0.1028,-0.807,-0.925,0.025,26,0.1923,5,21,8.6,False,True,-0.0591,0.0,293.45,11771.69,9,0,7,4,6,0,0,8,19,0,0,0,0,56,0.52,1.0,10,0.035,0.03,0.02,0.05,3
-11357.89,-0.1136,88642.11,11362.22,0.1136,-1.125,-1.0,0.016,24,0.25,6,18,7.2,False,True,-0.0377,0.0,190.37,11600.74,9,0,6,6,3,0,0,9,12,0,0,0,0,38,0.52,1.0,15,0.025,0.02,0.01,0.03,1
-11357.89,-0.1136,88642.11,11362.22,0.1136,-1.125,-1.0,0.016,24,0.25,6,18,7.2,False,True,-0.0377,0.0,190.37,11600.74,9,0,6,6,3,0,0,9,12,0,0,0,0,38,0.52,1.0,15,0.025,0.02,0.01,0.03,2
-11357.89,-0.1136,88642.11,11362.22,0.1136,-1.125,-1.0,0.016,24,0.25,6,18,7.2,False,True,-0.0377,0.0,190.37,11600.74,9,0,6,6,3,0,0,9,12,0,0,0,0,38,0.52,1.0,15,0.025,0.02,0.01,0.03,3
-10353.88,-0.1035,89646.12,10358.21,0.1036,-1.006,-1.0,0.026,20,0.3,6,14,8.6,False,True,-0.0377,0.0,281.23,10635.11,8,0,6,6,0,0,0,8,10,0,0,0,0,36,0.52,1.0,15,0.025,0.02,0.01,0.05,1
-10353.88,-0.1035,89646.12,10358.21,0.1036,-1.006,-1.0,0.026,20,0.3,6,14,8.6,False,True,-0.0377,0.0,281.23,10635.11,8,0,6,6,0,0,0,8,10,0,0,0,0,36,0.52,1.0,15,0.025,0.02,0.01,0.05,2
-10353.88,-0.1035,89646.12,10358.21,0.1036,-1.006,-1.0,0.026,20,0.3,6,14,8.6,False,True,-0.0377,0.0,281.23,10635.11,8,0,6,6,0,0,0,8,10,0,0,0,0,36,0.52,1.0,15,0.025,0.02,0.01,0.05,3
-11357.89,-0.1136,88642.11,11362.22,0.1136,-1.125,-1.0,0.016,24,0.25,6,18,7.2,False,True,-0.0377,0.0,190.37,11600.74,9,0,6,6,3,0,0,9,12,0,0,0,0,38,0.52,1.0,15,0.025,0.02,0.02,0.03,1
-11357.89,-0.1136,88642.11,11362.22,0.1136,-1.125,-1.0,0.016,24,0.25,6,18,7.2,False,True,-0.0377,0.0,190.37,11600.74,9,0,6,6,3,0,0,9,12,0,0,0,0,38,0.52,1.0,15,0.025,0.02,0.02,0.03,2
-11357.89,-0.1136,88642.11,11362.22,0.1136,-1.125,-1.0,0.016,24,0.25,6,18,7.2,False,True,-0.0377,0.0,190.37,11600.74,9,0,6,6,3,0,0,9,12,0,0,0,0,38,0.52,1.0,15,0.025,0.02,0.02,0.03,3
-10353.88,-0.1035,89646.12,10358.21,0.1036,-1.006,-1.0,0.026,20,0.3,6,14,8.6,False,True,-0.0377,0.0,281.23,10635.11,8,0,6,6,0,0,0,8,10,0,0,0,0,36,0.52,1.0,15,0.025,0.02,0.02,0.05,1
-10353.88,-0.1035,89646.12,10358.21,0.1036,-1.006,-1.0,0.026,20,0.3,6,14,8.6,False,True,-0.0377,0.0,281.23,10635.11,8,0,6,6,0,0,0,8,10,0,0,0,0,36,0.52,1.0,15,0.025,0.02,0.02,0.05,2
-10353.88,-0.1035,89646.12,10358.21,0.1036,-1.006,-1.0,0.026,20,0.3,6,14,8.6,False,True,-0.0377,0.0,281.23,10635.11,8,0,6,6,0,0,0,8,10,0,0,0,0,36,0.52,1.0,15,0.025,0.02,0.02,0.05,3
-11357.89,-0.1136,88642.11,11362.22,0.1136,-1.125,-1.0,0.016,24,0.25,6,18,7.2,False,True,-0.0377,0.0,190.37,11600.74,9,0,6,6,3,0,0,9,12,0,0,0,0,38,0.52,1.0,15,0.025,0.03,0.01,0.03,1
-11357.89,-0.1136,88642.11,11362.22,0.1136,-1.125,-1.0,0.016,24,0.25,6,18,7.2,False,True,-0.0377,0.0,190.37,11600.74,9,0,6,6,3,0,0,9,12,0,0,0,0,38,0.52,1.0,15,0.025,0.03,0.01,0.03,2
-11357.89,-0.1136,88642.11,11362.22,0.1136,-1.125,-1.0,0.016,24,0.25,6,18,7.2,False,True,-0.0377,0.0,190.37,11600.74,9,0,6,6,3,0,0,9,12,0,0,0,0,38,0.52,1.0,15,0.025,0.03,0.01,0.03,3
-10353.88,-0.1035,89646.12,10358.21,0.1036,-1.006,-1.0,0.026,20,0.3,6,14,8.6,False,True,-0.0377,0.0,281.23,10635.11,8,0,6,6,0,0,0,8,10,0,0,0,0,36,0.52,1.0,15,0.025,0.03,0.01,0.05,1
-10353.88,-0.1035,89646.12,10358.21,0.1036,-1.006,-1.0,0.026,20,0.3,6,14,8.6,False,True,-0.0377,0.0,281.23,10635.11,8,0,6,6,0,0,0,8,10,0,0,0,0,36,0.52,1.0,15,0.025,0.03,0.01,0.05,2
-10353.88,-0.1035,89646.12,10358.21,0.1036,-1.006,-1.0,0.026,20,0.3,6,14,8.6,False,True,-0.0377,0.0,281.23,10635.11,8,0,6,6,0,0,0,8,10,0,0,0,0,36,0.52,1.0,15,0.025,0.03,0.01,0.05,3
-11357.89,-0.1136,88642.11,11362.22,0.1136,-1.125,-1.0,0.016,24,0.25,6,18,7.2,False,True,-0.0377,0.0,190.37,11600.74,9,0,6,6,3,0,0,9,12,0,0,0,0,38,0.52,1.0,15,0.025,0.03,0.02,0.03,1
-11357.89,-0.1136,88642.11,11362.22,0.1136,-1.125,-1.0,0.016,24,0.25,6,18,7.2,False,True,-0.0377,0.0,190.37,11600.74,9,0,6,6,3,0,0,9,12,0,0,0,0,38,0.52,1.0,15,0.025,0.03,0.02,0.03,2
-11357.89,-0.1136,88642.11,11362.22,0.1136,-1.125,-1.0,0.016,24,0.25,6,18,7.2,False,True,-0.0377,0.0,190.37,11600.74,9,0,6,6,3,0,0,9,12,0,0,0,0,38,0.52,1.0,15,0.025,0.03,0.02,0.03,3
-10353.88,-0.1035,89646.12,10358.21,0.1036,-1.006,-1.0,0.026,20,0.3,6,14,8.6,False,True,-0.0377,0.0,281.23,10635.11,8,0,6,6,0,0,0,8,10,0,0,0,0,36,0.52,1.0,15,0.025,0.03,0.02,0.05,1
-10353.88,-0.1035,89646.12,10358.21,0.1036,-1.006,-1.0,0.026,20,0.3,6,14,8.6,False,True,-0.0377,0.0,281.23,10635.11,8,0,6,6,0,0,0,8,10,0,0,0,0,36,0.52,1.0,15,0.025,0.03,0.02,0.05,2
-10353.88,-0.1035,89646.12,10358.21,0.1036,-1.006,-1.0,0.026,20,0.3,6,14,8.6,False,True,-0.0377,0.0,281.23,10635.11,8,0,6,6,0,0,0,8,10,0,0,0,0,36,0.52,1.0,15,0.025,0.03,0.02,0.05,3
-11458.94,-0.1146,88541.06,11504.39,0.115,-0.978,-0.996,0.016,26,0.1923,5,21,8.8,False,True,-0.0527,0.0,202.68,12422.92,10,0,7,4,5,0,0,9,23,0,0,0,0,68,0.52,1.0,15,0.035,0.02,0.01,0.03,1
-11458.94,-0.1146,88541.06,11504.39,0.115,-0.978,-0.996,0.016,26,0.1923,5,21,8.8,False,True,-0.0527,0.0,202.68,12422.92,10,0,7,4,5,0,0,9,23,0,0,0,0,68,0.52,1.0,15,0.035,0.02,0.01,0.03,2
-11458.94,-0.1146,88541.06,11504.39,0.115,-0.978,-0.996,0.016,26,0.1923,5,21,8.8,False,True,-0.0527,0.0,202.68,12422.92,10,0,7,4,5,0,0,9,23,0,0,0,0,68,0.52,1.0,15,0.035,0.02,0.01,0.03,3
-9503.51,-0.095,90496.49,10277.23,0.1028,-0.807,-0.925,0.025,26,0.1923,5,21,8.6,False,True,-0.0591,0.0,293.45,11771.69,9,0,7,4,6,0,0,8,19,0,0,0,0,56,0.52,1.0,15,0.035,0.02,0.01,0.05,1
-9503.51,-0.095,90496.49,10277.23,0.1028,-0.807,-0.925,0.025,26,0.1923,5,21,8.6,False,True,-0.0591,0.0,293.45,11771.69,9,0,7,4,6,0,0,8,19,0,0,0,0,56,0.52,1.0,15,0.035,0.02,0.01,0.05,2
-9503.51,-0.095,90496.49,10277.23,0.1028,-0.807,-0.925,0.025,26,0.1923,5,21,8.6,False,True,-0.0591,0.0,293.45,11771.69,9,0,7,4,6,0,0,8,19,0,0,0,0,56,0.52,1.0,15,0.035,0.02,0.01,0.05,3
-11458.94,-0.1146,88541.06,11504.39,0.115,-0.978,-0.996,0.016,26,0.1923,5,21,8.8,False,True,-0.0527,0.0,202.68,12422.92,10,0,7,4,5,0,0,9,23,0,0,0,0,68,0.52,1.0,15,0.035,0.02,0.02,0.03,1
-11458.94,-0.1146,88541.06,11504.39,0.115,-0.978,-0.996,0.016,26,0.1923,5,21,8.8,False,True,-0.0527,0.0,202.68,12422.92,10,0,7,4,5,0,0,9,23,0,0,0,0,68,0.52,1.0,15,0.035,0.02,0.02,0.03,2
-11458.94,-0.1146,88541.06,11504.39,0.115,-0.978,-0.996,0.016,26,0.1923,5,21,8.8,False,True,-0.0527,0.0,202.68,12422.92,10,0,7,4,5,0,0,9,23,0,0,0,0,68,0.52,1.0,15,0.035,0.02,0.02,0.03,3
-9503.51,-0.095,90496.49,10277.23,0.1028,-0.807,-0.925,0.025,26,0.1923,5,21,8.6,False,True,-0.0591,0.0,293.45,11771.69,9,0,7,4,6,0,0,8,19,0,0,0,0,56,0.52,1.0,15,0.035,0.02,0.02,0.05,1
-9503.51,-0.095,90496.49,10277.23,0.1028,-0.807,-0.925,0.025,26,0.1923,5,21,8.6,False,True,-0.0591,0.0,293.45,11771.69,9,0,7,4,6,0,0,8,19,0,0,0,0,56,0.52,1.0,15,0.035,0.02,0.02,0.05,2
-9503.51,-0.095,90496.49,10277.23,0.1028,-0.807,-0.925,0.025,26,0.1923,5,21,8.6,False,True,-0.0591,0.0,293.45,11771.69,9,0,7,4,6,0,0,8,19,0,0,0,0,56,0.52,1.0,15,0.035,0.02,0.02,0.05,3
-11458.94,-0.1146,88541.06,11504.39,0.115,-0.978,-0.996,0.016,26,0.1923,5,21,8.8,False,True,-0.0527,0.0,202.68,12422.92,10,0,7,4,5,0,0,9,23,0,0,0,0,68,0.52,1.0,15,0.035,0.03,0.01,0.03,1
-11458.94,-0.1146,88541.06,11504.39,0.115,-0.978,-0.996,0.016,26,0.1923,5,21,8.8,False,True,-0.0527,0.0,202.68,12422.92,10,0,7,4,5,0,0,9,23,0,0,0,0,68,0.52,1.0,15,0.035,0.03,0.01,0.03,2
-11458.94,-0.1146,88541.06,11504.39,0.115,-0.978,-0.996,0.016,26,0.1923,5,21,8.8,False,True,-0.0527,0.0,202.68,12422.92,10,0,7,4,5,0,0,9,23,0,0,0,0,68,0.52,1.0,15,0.035,0.03,0.01,0.03,3
-9503.51,-0.095,90496.49,10277.23,0.1028,-0.807,-0.925,0.025,26,0.1923,5,21,8.6,False,True,-0.0591,0.0,293.45,11771.69,9,0,7,4,6,0,0,8,19,0,0,0,0,56,0.52,1.0,15,0.035,0.03,0.01,0.05,1
-9503.51,-0.095,90496.49,10277.23,0.1028,-0.807,-0.925,0.025,26,0.1923,5,21,8.6,False,True,-0.0591,0.0,293.45,11771.69,9,0,7,4,6,0,0,8,19,0,0,0,0,56,0.52,1.0,15,0.035,0.03,0.01,0.05,2
-9503.51,-0.095,90496.49,10277.23,0.1028,-0.807,-0.925,0.025,26,0.1923,5,21,8.6,False,True,-0.0591,0.0,293.45,11771.69,9,0,7,4,6,0,0,8,19,0,0,0,0,56,0.52,1.0,15,0.035,0.03,0.01,0.05,3
-11458.94,-0.1146,88541.06,11504.39,0.115,-0.978,-0.996,0.016,26,0.1923,5,21,8.8,False,True,-0.0527,0.0,202.68,12422.92,10,0,7,4,5,0,0,9,23,0,0,0,0,68,0.52,1.0,15,0.035,0.03,0.02,0.03,1
-11458.94,-0.1146,88541.06,11504.39,0.115,-0.978,-0.996,0.016,26,0.1923,5,21,8.8,False,True,-0.0527,0.0,202.68,12422.92,10,0,7,4,5,0,0,9,23,0,0,0,0,68,0.52,1.0,15,0.035,0.03,0.02,0.03,2
-11458.94,-0.1146,88541.06,11504.39,0.115,-0.978,-0.996,0.016,26,0.1923,5,21,8.8,False,True,-0.0527,0.0,202.68,12422.92,10,0,7,4,5,0,0,9,23,0,0,0,0,68,0.52,1.0,15,0.035,0.03,0.02,0.03,3
-9503.51,-0.095,90496.49,10277.23,0.1028,-0.807,-0.925,0.025,26,0.1923,5,21,8.6,False,True,-0.0591,0.0,293.45,11771.69,9,0,7,4,6,0,0,8,19,0,0,0,0,56,0.52,1.0,15,0.035,0.03,0.02,0.05,1
-9503.51,-0.095,90496.49,10277.23,0.1028,-0.807,-0.925,0.025,26,0.1923,5,21,8.6,False,True,-0.0591,0.0,293.45,11771.69,9,0,7,4,6,0,0,8,19,0,0,0,0,56,0.52,1.0,15,0.035,0.03,0.02,0.05,2
-9503.51,-0.095,90496.49,10277.23,0.1028,-0.807,-0.925,0.025,26,0.1923,5,21,8.6,False,True,-0.0591,0.0,293.45,11771.69,9,0,7,4,6,0,0,8,19,0,0,0,0,56,0.52,1.0,15,0.035,0.03,0.02,0.05,3
-9501.91,-0.095,90498.09,10010.68,0.1001,-0.811,-0.949,0.014,18,0.1667,3,15,6.3,False,True,-0.0565,0.0,153.52,10804.41,6,0,5,3,4,0,0,3,8,0,0,0,0,29,0.52,1.5,5,0.025,0.02,0.01,0.03,1
-9501.91,-0.095,90498.09,10010.68,0.1001,-0.811,-0.949,0.014,18,0.1667,3,15,6.3,False,True,-0.0565,0.0,153.52,10804.41,6,0,5,3,4,0,0,3,8,0,0,0,0,29,0.52,1.5,5,0.025,0.02,0.01,0.03,2
-9501.91,-0.095,90498.09,10010.68,0.1001,-0.811,-0.949,0.014,18,0.1667,3,15,6.3,False,True,-0.0565,0.0,153.52,10804.41,6,0,5,3,4,0,0,3,8,0,0,0,0,29,0.52,1.5,5,0.025,0.02,0.01,0.03,3
-9513.76,-0.0951,90486.24,10022.46,0.1002,-0.812,-0.949,0.014,18,0.1667,3,15,6.3,False,True,-0.0565,0.0,153.52,10816.11,6,0,5,3,4,0,0,3,8,0,0,0,0,29,0.52,1.5,5,0.025,0.02,0.01,0.05,1
-9513.76,-0.0951,90486.24,10022.46,0.1002,-0.812,-0.949,0.014,18,0.1667,3,15,6.3,False,True,-0.0565,0.0,153.52,10816.11,6,0,5,3,4,0,0,3,8,0,0,0,0,29,0.52,1.5,5,0.025,0.02,0.01,0.05,2
-9513.76,-0.0951,90486.24,10022.46,0.1002,-0.812,-0.949,0.014,18,0.1667,3,15,6.3,False,True,-0.0565,0.0,153.52,10816.11,6,0,5,3,4,0,0,3,8,0,0,0,0,29,0.52,1.5,5,0.025,0.02,0.01,0.05,3
-9501.91,-0.095,90498.09,10010.68,0.1001,-0.811,-0.949,0.014,18,0.1667,3,15,6.3,False,True,-0.0565,0.0,153.52,10804.41,6,0,5,3,4,0,0,3,8,0,0,0,0,29,0.52,1.5,5,0.025,0.02,0.02,0.03,1
-9501.91,-0.095,90498.09,10010.68,0.1001,-0.811,-0.949,0.014,18,0.1667,3,15,6.3,False,True,-0.0565,0.0,153.52,10804.41,6,0,5,3,4,0,0,3,8,0,0,0,0,29,0.52,1.5,5,0.025,0.02,0.02,0.03,2
-9501.91,-0.095,90498.09,10010.68,0.1001,-0.811,-0.949,0.014,18,0.1667,3,15,6.3,False,True,-0.0565,0.0,153.52,10804.41,6,0,5,3,4,0,0,3,8,0,0,0,0,29,0.52,1.5,5,0.025,0.02,0.02,0.03,3
-9513.76,-0.0951,90486.24,10022.46,0.1002,-0.812,-0.949,0.014,18,0.1667,3,15,6.3,False,True,-0.0565,0.0,153.52,10816.11,6,0,5,3,4,0,0,3,8,0,0,0,0,29,0.52,1.5,5,0.025,0.02,0.02,0.05,1
-9513.76,-0.0951,90486.24,10022.46,0.1002,-0.812,-0.949,0.014,18,0.1667,3,15,6.3,False,True,-0.0565,0.0,153.52,10816.11,6,0,5,3,4,0,0,3,8,0,0,0,0,29,0.52,1.5,5,0.025,0.02,0.02,0.05,2
-9513.76,-0.0951,90486.24,10022.46,0.1002,-0.812,-0.949,0.014,18,0.1667,3,15,6.3,False,True,-0.0565,0.0,153.52,10816.11,6,0,5,3,4,0,0,3,8,0,0,0,0,29,0.52,1.5,5,0.025,0.02,0.02,0.05,3
-9501.91,-0.095,90498.09,10010.68,0.1001,-0.811,-0.949,0.014,18,0.1667,3,15,6.3,False,True,-0.0565,0.0,153.52,10804.41,6,0,5,3,4,0,0,3,8,0,0,0,0,29,0.52,1.5,5,0.025,0.03,0.01,0.03,1
-9501.91,-0.095,90498.09,10010.68,0.1001,-0.811,-0.949,0.014,18,0.1667,3,15,6.3,False,True,-0.0565,0.0,153.52,10804.41,6,0,5,3,4,0,0,3,8,0,0,0,0,29,0.52,1.5,5,0.025,0.03,0.01,0.03,2
-9501.91,-0.095,90498.09,10010.68,0.1001,-0.811,-0.949,0.014,18,0.1667,3,15,6.3,False,True,-0.0565,0.0,153.52,10804.41,6,0,5,3,4,0,0,3,8,0,0,0,0,29,0.52,1.5,5,0.025,0.03,0.01,0.03,3
-9513.76,-0.0951,90486.24,10022.46,0.1002,-0.812,-0.949,0.014,18,0.1667,3,15,6.3,False,True,-0.0565,0.0,153.52,10816.11,6,0,5,3,4,0,0,3,8,0,0,0,0,29,0.52,1.5,5,0.025,0.03,0.01,0.05,1
-9513.76,-0.0951,90486.24,10022.46,0.1002,-0.812,-0.949,0.014,18,0.1667,3,15,6.3,False,True,-0.0565,0.0,153.52,10816.11,6,0,5,3,4,0,0,3,8,0,0,0,0,29,0.52,1.5,5,0.025,0.03,0.01,0.05,2
-9513.76,-0.0951,90486.24,10022.46,0.1002,-0.812,-0.949,0.014,18,0.1667,3,15,6.3,False,True,-0.0565,0.0,153.52,10816.11,6,0,5,3,4,0,0,3,8,0,0,0,0,29,0.52,1.5,5,0.025,0.03,0.01,0.05,3
-9501.91,-0.095,90498.09,10010.68,0.1001,-0.811,-0.949,0.014,18,0.1667,3,15,6.3,False,True,-0.0565,0.0,153.52,10804.41,6,0,5,3,4,0,0,3,8,0,0,0,0,29,0.52,1.5,5,0.025,0.03,0.02,0.03,1
-9501.91,-0.095,90498.09,10010.68,0.1001,-0.811,-0.949,0.014,18,0.1667,3,15,6.3,False,True,-0.0565,0.0,153.52,10804.41,6,0,5,3,4,0,0,3,8,0,0,0,0,29,0.52,1.5,5,0.025,0.03,0.02,0.03,2
-9501.91,-0.095,90498.09,10010.68,0.1001,-0.811,-0.949,0.014,18,0.1667,3,15,6.3,False,True,-0.0565,0.0,153.52,10804.41,6,0,5,3,4,0,0,3,8,0,0,0,0,29,0.52,1.5,5,0.025,0.03,0.02,0.03,3
-9513.76,-0.0951,90486.24,10022.46,0.1002,-0.812,-0.949,0.014,18,0.1667,3,15,6.3,False,True,-0.0565,0.0,153.52,10816.11,6,0,5,3,4,0,0,3,8,0,0,0,0,29,0.52,1.5,5,0.025,0.03,0.02,0.05,1
-9513.76,-0.0951,90486.24,10022.46,0.1002,-0.812,-0.949,0.014,18,0.1667,3,15,6.3,False,True,-0.0565,0.0,153.52,10816.11,6,0,5,3,4,0,0,3,8,0,0,0,0,29,0.52,1.5,5,0.025,0.03,0.02,0.05,2
-9513.76,-0.0951,90486.24,10022.46,0.1002,-0.812,-0.949,0.014,18,0.1667,3,15,6.3,False,True,-0.0565,0.0,153.52,10816.11,6,0,5,3,4,0,0,3,8,0,0,0,0,29,0.52,1.5,5,0.025,0.03,0.02,0.05,3
-9501.91,-0.095,90498.09,10010.68,0.1001,-0.811,-0.949,0.014,18,0.1667,3,15,6.3,False,True,-0.0565,0.0,153.52,10804.41,6,0,5,3,4,0,0,3,8,0,0,0,0,29,0.52,1.5,5,0.035,0.02,0.01,0.03,1
-9501.91,-0.095,90498.09,10010.68,0.1001,-0.811,-0.949,0.014,18,0.1667,3,15,6.3,False,True,-0.0565,0.0,153.52,10804.41,6,0,5,3,4,0,0,3,8,0,0,0,0,29,0.52,1.5,5,0.035,0.02,0.01,0.03,2
-9501.91,-0.095,90498.09,10010.68,0.1001,-0.811,-0.949,0.014,18,0.1667,3,15,6.3,False,True,-0.0565,0.0,153.52,10804.41,6,0,5,3,4,0,0,3,8,0,0,0,0,29,0.52,1.5,5,0.035,0.02,0.01,0.03,3
-9513.76,-0.0951,90486.24,10022.46,0.1002,-0.812,-0.949,0.014,18,0.1667,3,15,6.3,False,True,-0.0565,0.0,153.52,10816.11,6,0,5,3,4,0,0,3,8,0,0,0,0,29,0.52,1.5,5,0.035,0.02,0.01,0.05,1
-9513.76,-0.0951,90486.24,10022.46,0.1002,-0.812,-0.949,0.014,18,0.1667,3,15,6.3,False,True,-0.0565,0.0,153.52,10816.11,6,0,5,3,4,0,0,3,8,0,0,0,0,29,0.52,1.5,5,0.035,0.02,0.01,0.05,2
-9513.76,-0.0951,90486.24,10022.46,0.1002,-0.812,-0.949,0.014,18,0.1667,3,15,6.3,False,True,-0.0565,0.0,153.52,10816.11,6,0,5,3,4,0,0,3,8,0,0,0,0,29,0.52,1.5,5,0.035,0.02,0.01,0.05,3
-9501.91,-0.095,90498.09,10010.68,0.1001,-0.811,-0.949,0.014,18,0.1667,3,15,6.3,False,True,-0.0565,0.0,153.52,10804.41,6,0,5,3,4,0,0,3,8,0,0,0,0,29,0.52,1.5,5,0.035,0.02,0.02,0.03,1
-9501.91,-0.095,90498.09,10010.68,0.1001,-0.811,-0.949,0.014,18,0.1667,3,15,6.3,False,True,-0.0565,0.0,153.52,10804.41,6,0,5,3,4,0,0,3,8,0,0,0,0,29,0.52,1.5,5,0.035,0.02,0.02,0.03,2
-9501.91,-0.095,90498.09,10010.68,0.1001,-0.811,-0.949,0.014,18,0.1667,3,15,6.3,False,True,-0.0565,0.0,153.52,10804.41,6,0,5,3,4,0,0,3,8,0,0,0,0,29,0.52,1.5,5,0.035,0.02,0.02,0.03,3
-9513.76,-0.0951,90486.24,10022.46,0.1002,-0.812,-0.949,0.014,18,0.1667,3,15,6.3,False,True,-0.0565,0.0,153.52,10816.11,6,0,5,3,4,0,0,3,8,0,0,0,0,29,0.52,1.5,5,0.035,0.02,0.02,0.05,1
-9513.76,-0.0951,90486.24,10022.46,0.1002,-0.812,-0.949,0.014,18,0.1667,3,15,6.3,False,True,-0.0565,0.0,153.52,10816.11,6,0,5,3,4,0,0,3,8,0,0,0,0,29,0.52,1.5,5,0.035,0.02,0.02,0.05,2
-9513.76,-0.0951,90486.24,10022.46,0.1002,-0.812,-0.949,0.014,18,0.1667,3,15,6.3,False,True,-0.0565,0.0,153.52,10816.11,6,0,5,3,4,0,0,3,8,0,0,0,0,29,0.52,1.5,5,0.035,0.02,0.02,0.05,3
-9501.91,-0.095,90498.09,10010.68,0.1001,-0.811,-0.949,0.014,18,0.1667,3,15,6.3,False,True,-0.0565,0.0,153.52,10804.41,6,0,5,3,4,0,0,3,8,0,0,0,0,29,0.52,1.5,5,0.035,0.03,0.01,0.03,1
-9501.91,-0.095,90498.09,10010.68,0.1001,-0.811,-0.949,0.014,18,0.1667,3,15,6.3,False,True,-0.0565,0.0,153.52,10804.41,6,0,5,3,4,0,0,3,8,0,0,0,0,29,0.52,1.5,5,0.035,0.03,0.01,0.03,2
-9501.91,-0.095,90498.09,10010.68,0.1001,-0.811,-0.949,0.014,18,0.1667,3,15,6.3,False,True,-0.0565,0.0,153.52,10804.41,6,0,5,3,4,0,0,3,8,0,0,0,0,29,0.52,1.5,5,0.035,0.03,0.01,0.03,3
-9513.76,-0.0951,90486.24,10022.46,0.1002,-0.812,-0.949,0.014,18,0.1667,3,15,6.3,False,True,-0.0565,0.0,153.52,10816.11,6,0,5,3,4,0,0,3,8,0,0,0,0,29,0.52,1.5,5,0.035,0.03,0.01,0.05,1
-9513.76,-0.0951,90486.24,10022.46,0.1002,-0.812,-0.949,0.014,18,0.1667,3,15,6.3,False,True,-0.0565,0.0,153.52,10816.11,6,0,5,3,4,0,0,3,8,0,0,0,0,29,0.52,1.5,5,0.035,0.03,0.01,0.05,2
-9513.76,-0.0951,90486.24,10022.46,0.1002,-0.812,-0.949,0.014,18,0.1667,3,15,6.3,False,True,-0.0565,0.0,153.52,10816.11,6,0,5,3,4,0,0,3,8,0,0,0,0,29,0.52,1.5,5,0.035,0.03,0.01,0.05,3
-9501.91,-0.095,90498.09,10010.68,0.1001,-0.811,-0.949,0.014,18,0.1667,3,15,6.3,False,True,-0.0565,0.0,153.52,10804.41,6,0,5,3,4,0,0,3,8,0,0,0,0,29,0.52,1.5,5,0.035,0.03,0.02,0.03,1
-9501.91,-0.095,90498.09,10010.68,0.1001,-0.811,-0.949,0.014,18,0.1667,3,15,6.3,False,True,-0.0565,0.0,153.52,10804.41,6,0,5,3,4,0,0,3,8,0,0,0,0,29,0.52,1.5,5,0.035,0.03,0.02,0.03,2
-9501.91,-0.095,90498.09,10010.68,0.1001,-0.811,-0.949,0.014,18,0.1667,3,15,6.3,False,True,-0.0565,0.0,153.52,10804.41,6,0,5,3,4,0,0,3,8,0,0,0,0,29,0.52,1.5,5,0.035,0.03,0.02,0.03,3
-9513.76,-0.0951,90486.24,10022.46,0.1002,-0.812,-0.949,0.014,18,0.1667,3,15,6.3,False,True,-0.0565,0.0,153.52,10816.11,6,0,5,3,4,0,0,3,8,0,0,0,0,29,0.52,1.5,5,0.035,0.03,0.02,0.05,1
-9513.76,-0.0951,90486.24,10022.46,0.1002,-0.812,-0.949,0.014,18,0.1667,3,15,6.3,False,True,-0.0565,0.0,153.52,10816.11,6,0,5,3,4,0,0,3,8,0,0,0,0,29,0.52,1.5,5,0.035,0.03,0.02,0.05,2
-9513.76,-0.0951,90486.24,10022.46,0.1002,-0.812,-0.949,0.014,18,0.1667,3,15,6.3,False,True,-0.0565,0.0,153.52,10816.11,6,0,5,3,4,0,0,3,8,0,0,0,0,29,0.52,1.5,5,0.035,0.03,0.02,0.05,3
-9501.91,-0.095,90498.09,10010.68,0.1001,-0.811,-0.949,0.014,18,0.1667,3,15,6.3,False,True,-0.0565,0.0,153.52,10804.41,6,0,5,3,4,0,0,3,8,0,0,0,0,29,0.52,1.5,10,0.025,0.02,0.01,0.03,1
-9501.91,-0.095,90498.09,10010.68,0.1001,-0.811,-0.949,0.014,18,0.1667,3,15,6.3,False,True,-0.0565,0.0,153.52,10804.41,6,0,5,3,4,0,0,3,8,0,0,0,0,29,0.52,1.5,10,0.025,0.02,0.01,0.03,2
-9501.91,-0.095,90498.09,10010.68,0.1001,-0.811,-0.949,0.014,18,0.1667,3,15,6.3,False,True,-0.0565,0.0,153.52,10804.41,6,0,5,3,4,0,0,3,8,0,0,0,0,29,0.52,1.5,10,0.025,0.02,0.01,0.03,3
-9513.76,-0.0951,90486.24,10022.46,0.1002,-0.812,-0.949,0.014,18,0.1667,3,15,6.3,False,True,-0.0565,0.0,153.52,10816.11,6,0,5,3,4,0,0,3,8,0,0,0,0,29,0.52,1.5,10,0.025,0.02,0.01,0.05,1
-9513.76,-0.0951,90486.24,10022.46,0.1002,-0.812,-0.949,0.014,18,0.1667,3,15,6.3,False,True,-0.0565,0.0,153.52,10816.11,6,0,5,3,4,0,0,3,8,0,0,0,0,29,0.52,1.5,10,0.025,0.02,0.01,0.05,2
-9513.76,-0.0951,90486.24,10022.46,0.1002,-0.812,-0.949,0.014,18,0.1667,3,15,6.3,False,True,-0.0565,0.0,153.52,10816.11,6,0,5,3,4,0,0,3,8,0,0,0,0,29,0.52,1.5,10,0.025,0.02,0.01,0.05,3
-9501.91,-0.095,90498.09,10010.68,0.1001,-0.811,-0.949,0.014,18,0.1667,3,15,6.3,False,True,-0.0565,0.0,153.52,10804.41,6,0,5,3,4,0,0,3,8,0,0,0,0,29,0.52,1.5,10,0.025,0.02,0.02,0.03,1
-9501.91,-0.095,90498.09,10010.68,0.1001,-0.811,-0.949,0.014,18,0.1667,3,15,6.3,False,True,-0.0565,0.0,153.52,10804.41,6,0,5,3,4,0,0,3,8,0,0,0,0,29,0.52,1.5,10,0.025,0.02,0.02,0.03,2
-9501.91,-0.095,90498.09,10010.68,0.1001,-0.811,-0.949,0.014,18,0.1667,3,15,6.3,False,True,-0.0565,0.0,153.52,10804.41,6,0,5,3,4,0,0,3,8,0,0,0,0,29,0.52,1.5,10,0.025,0.02,0.02,0.03,3
-9513.76,-0.0951,90486.24,10022.46,0.1002,-0.812,-0.949,0.014,18,0.1667,3,15,6.3,False,True,-0.0565,0.0,153.52,10816.11,6,0,5,3,4,0,0,3,8,0,0,0,0,29,0.52,1.5,10,0.025,0.02,0.02,0.05,1
-9513.76,-0.0951,90486.24,10022.46,0.1002,-0.812,-0.949,0.014,18,0.1667,3,15,6.3,False,True,-0.0565,0.0,153.52,10816.11,6,0,5,3,4,0,0,3,8,0,0,0,0,29,0.52,1.5,10,0.025,0.02,0.02,0.05,2
-9513.76,-0.0951,90486.24,10022.46,0.1002,-0.812,-0.949,0.014,18,0.1667,3,15,6.3,False,True,-0.0565,0.0,153.52,10816.11,6,0,5,3,4,0,0,3,8,0,0,0,0,29,0.52,1.5,10,0.025,0.02,0.02,0.05,3
-9501.91,-0.095,90498.09,10010.68,0.1001,-0.811,-0.949,0.014,18,0.1667,3,15,6.3,False,True,-0.0565,0.0,153.52,10804.41,6,0,5,3,4,0,0,3,8,0,0,0,0,29,0.52,1.5,10,0.025,0.03,0.01,0.03,1
-9501.91,-0.095,90498.09,10010.68,0.1001,-0.811,-0.949,0.014,18,0.1667,3,15,6.3,False,True,-0.0565,0.0,153.52,10804.41,6,0,5,3,4,0,0,3,8,0,0,0,0,29,0.52,1.5,10,0.025,0.03,0.01,0.03,2
-9501.91,-0.095,90498.09,10010.68,0.1001,-0.811,-0.949,0.014,18,0.1667,3,15,6.3,False,True,-0.0565,0.0,153.52,10804.41,6,0,5,3,4,0,0,3,8,0,0,0,0,29,0.52,1.5,10,0.025,0.03,0.01,0.03,3
-9513.76,-0.0951,90486.24,10022.46,0.1002,-0.812,-0.949,0.014,18,0.1667,3,15,6.3,False,True,-0.0565,0.0,153.52,10816.11,6,0,5,3,4,0,0,3,8,0,0,0,0,29,0.52,1.5,10,0.025,0.03,0.01,0.05,1
-9513.76,-0.0951,90486.24,10022.46,0.1002,-0.812,-0.949,0.014,18,0.1667,3,15,6.3,False,True,-0.0565,0.0,153.52,10816.11,6,0,5,3,4,0,0,3,8,0,0,0,0,29,0.52,1.5,10,0.025,0.03,0.01,0.05,2
-9513.76,-0.0951,90486.24,10022.46,0.1002,-0.812,-0.949,0.014,18,0.1667,3,15,6.3,False,True,-0.0565,0.0,153.52,10816.11,6,0,5,3,4,0,0,3,8,0,0,0,0,29,0.52,1.5,10,0.025,0.03,0.01,0.05,3
-9501.91,-0.095,90498.09,10010.68,0.1001,-0.811,-0.949,0.014,18,0.1667,3,15,6.3,False,True,-0.0565,0.0,153.52,10804.41,6,0,5,3,4,0,0,3,8,0,0,0,0,29,0.52,1.5,10,0.025,0.03,0.02,0.03,1
-9501.91,-0.095,90498.09,10010.68,0.1001,-0.811,-0.949,0.014,18,0.1667,3,15,6.3,False,True,-0.0565,0.0,153.52,10804.41,6,0,5,3,4,0,0,3,8,0,0,0,0,29,0.52,1.5,10,0.025,0.03,0.02,0.03,2
-9501.91,-0.095,90498.09,10010.68,0.1001,-0.811,-0.949,0.014,18,0.1667,3,15,6.3,False,True,-0.0565,0.0,153.52,10804.41,6,0,5,3,4,0,0,3,8,0,0,0,0,29,0.52,1.5,10,0.025,0.03,0.02,0.03,3
-9513.76,-0.0951,90486.24,10022.46,0.1002,-0.812,-0.949,0.014,18,0.1667,3,15,6.3,False,True,-0.0565,0.0,153.52,10816.11,6,0,5,3,4,0,0,3,8,0,0,0,0,29,0.52,1.5,10,0.025,0.03,0.02,0.05,1
-9513.76,-0.0951,90486.24,10022.46,0.1002,-0.812,-0.949,0.014,18,0.1667,3,15,6.3,False,True,-0.0565,0.0,153.52,10816.11,6,0,5,3,4,0,0,3,8,0,0,0,0,29,0.52,1.5,10,0.025,0.03,0.02,0.05,2
-9513.76,-0.0951,90486.24,10022.46,0.1002,-0.812,-0.949,0.014,18,0.1667,3,15,6.3,False,True,-0.0565,0.0,153.52,10816.11,6,0,5,3,4,0,0,3,8,0,0,0,0,29,0.52,1.5,10,0.025,0.03,0.02,0.05,3
-9501.91,-0.095,90498.09,10010.68,0.1001,-0.811,-0.949,0.014,18,0.1667,3,15,6.3,False,True,-0.0565,0.0,153.52,10804.41,6,0,5,3,4,0,0,3,8,0,0,0,0,29,0.52,1.5,10,0.035,0.02,0.01,0.03,1
-9501.91,-0.095,90498.09,10010.68,0.1001,-0.811,-0.949,0.014,18,0.1667,3,15,6.3,False,True,-0.0565,0.0,153.52,10804.41,6,0,5,3,4,0,0,3,8,0,0,0,0,29,0.52,1.5,10,0.035,0.02,0.01,0.03,2
-9501.91,-0.095,90498.09,10010.68,0.1001,-0.811,-0.949,0.014,18,0.1667,3,15,6.3,False,True,-0.0565,0.0,153.52,10804.41,6,0,5,3,4,0,0,3,8,0,0,0,0,29,0.52,1.5,10,0.035,0.02,0.01,0.03,3
-9513.76,-0.0951,90486.24,10022.46,0.1002,-0.812,-0.949,0.014,18,0.1667,3,15,6.3,False,True,-0.0565,0.0,153.52,10816.11,6,0,5,3,4,0,0,3,8,0,0,0,0,29,0.52,1.5,10,0.035,0.02,0.01,0.05,1
-9513.76,-0.0951,90486.24,10022.46,0.1002,-0.812,-0.949,0.014,18,0.1667,3,15,6.3,False,True,-0.0565,0.0,153.52,10816.11,6,0,5,3,4,0,0,3,8,0,0,0,0,29,0.52,1.5,10,0.035,0.02,0.01,0.05,2
-9513.76,-0.0951,90486.24,10022.46,0.1002,-0.812,-0.949,0.014,18,0.1667,3,15,6.3,False,True,-0.0565,0.0,153.52,10816.11,6,0,5,3,4,0,0,3,8,0,0,0,0,29,0.52,1.5,10,0.035,0.02,0.01,0.05,3
-9501.91,-0.095,90498.09,10010.68,0.1001,-0.811,-0.949,0.014,18,0.1667,3,15,6.3,False,True,-0.0565,0.0,153.52,10804.41,6,0,5,3,4,0,0,3,8,0,0,0,0,29,0.52,1.5,10,0.035,0.02,0.02,0.03,1
-9501.91,-0.095,90498.09,10010.68,0.1001,-0.811,-0.949,0.014,18,0.1667,3,15,6.3,False,True,-0.0565,0.0,153.52,10804.41,6,0,5,3,4,0,0,3,8,0,0,0,0,29,0.52,1.5,10,0.035,0.02,0.02,0.03,2
-9501.91,-0.095,90498.09,10010.68,0.1001,-0.811,-0.949,0.014,18,0.1667,3,15,6.3,False,True,-0.0565,0.0,153.52,10804.41,6,0,5,3,4,0,0,3,8,0,0,0,0,29,0.52,1.5,10,0.035,0.02,0.02,0.03,3
-9513.76,-0.0951,90486.24,10022.46,0.1002,-0.812,-0.949,0.014,18,0.1667,3,15,6.3,False,True,-0.0565,0.0,153.52,10816.11,6,0,5,3,4,0,0,3,8,0,0,0,0,29,0.52,1.5,10,0.035,0.02,0.02,0.05,1
-9513.76,-0.0951,90486.24,10022.46,0.1002,-0.812,-0.949,0.014,18,0.1667,3,15,6.3,False,True,-0.0565,0.0,153.52,10816.11,6,0,5,3,4,0,0,3,8,0,0,0,0,29,0.52,1.5,10,0.035,0.02,0.02,0.05,2
-9513.76,-0.0951,90486.24,10022.46,0.1002,-0.812,-0.949,0.014,18,0.1667,3,15,6.3,False,True,-0.0565,0.0,153.52,10816.11,6,0,5,3,4,0,0,3,8,0,0,0,0,29,0.52,1.5,10,0.035,0.02,0.02,0.05,3
-9501.91,-0.095,90498.09,10010.68,0.1001,-0.811,-0.949,0.014,18,0.1667,3,15,6.3,False,True,-0.0565,0.0,153.52,10804.41,6,0,5,3,4,0,0,3,8,0,0,0,0,29,0.52,1.5,10,0.035,0.03,0.01,0.03,1
-9501.91,-0.095,90498.09,10010.68,0.1001,-0.811,-0.949,0.014,18,0.1667,3,15,6.3,False,True,-0.0565,0.0,153.52,10804.41,6,0,5,3,4,0,0,3,8,0,0,0,0,29,0.52,1.5,10,0.035,0.03,0.01,0.03,2
-9501.91,-0.095,90498.09,10010.68,0.1001,-0.811,-0.949,0.014,18,0.1667,3,15,6.3,False,True,-0.0565,0.0,153.52,10804.41,6,0,5,3,4,0,0,3,8,0,0,0,0,29,0.52,1.5,10,0.035,0.03,0.01,0.03,3
-9513.76,-0.0951,90486.24,10022.46,0.1002,-0.812,-0.949,0.014,18,0.1667,3,15,6.3,False,True,-0.0565,0.0,153.52,10816.11,6,0,5,3,4,0,0,3,8,0,0,0,0,29,0.52,1.5,10,0.035,0.03,0.01,0.05,1
-9513.76,-0.0951,90486.24,10022.46,0.1002,-0.812,-0.949,0.014,18,0.1667,3,15,6.3,False,True,-0.0565,0.0,153.52,10816.11,6,0,5,3,4,0,0,3,8,0,0,0,0,29,0.52,1.5,10,0.035,0.03,0.01,0.05,2
-9513.76,-0.0951,90486.24,10022.46,0.1002,-0.812,-0.949,0.014,18,0.1667,3,15,6.3,False,True,-0.0565,0.0,153.52,10816.11,6,0,5,3,4,0,0,3,8,0,0,0,0,29,0.52,1.5,10,0.035,0.03,0.01,0.05,3
-9501.91,-0.095,90498.09,10010.68,0.1001,-0.811,-0.949,0.014,18,0.1667,3,15,6.3,False,True,-0.0565,0.0,153.52,10804.41,6,0,5,3,4,0,0,3,8,0,0,0,0,29,0.52,1.5,10,0.035,0.03,0.02,0.03,1
-9501.91,-0.095,90498.09,10010.68,0.1001,-0.811,-0.949,0.014,18,0.1667,3,15,6.3,False,True,-0.0565,0.0,153.52,10804.41,6,0,5,3,4,0,0,3,8,0,0,0,0,29,0.52,1.5,10,0.035,0.03,0.02,0.03,2
-9501.91,-0.095,90498.09,10010.68,0.1001,-0.811,-0.949,0.014,18,0.1667,3,15,6.3,False,True,-0.0565,0.0,153.52,10804.41,6,0,5,3,4,0,0,3,8,0,0,0,0,29,0.52,1.5,10,0.035,0.03,0.02,0.03,3
-9513.76,-0.0951,90486.24,10022.46,0.1002,-0.812,-0.949,0.014,18,0.1667,3,15,6.3,False,True,-0.0565,0.0,153.52,10816.11,6,0,5,3,4,0,0,3,8,0,0,0,0,29,0.52,1.5,10,0.035,0.03,0.02,0.05,1
-9513.76,-0.0951,90486.24,10022.46,0.1002,-0.812,-0.949,0.014,18,0.1667,3,15,6.3,False,True,-0.0565,0.0,153.52,10816.11,6,0,5,3,4,0,0,3,8,0,0,0,0,29,0.52,1.5,10,0.035,0.03,0.02,0.05,2
-9513.76,-0.0951,90486.24,10022.46,0.1002,-0.812,-0.949,0.014,18,0.1667,3,15,6.3,False,True,-0.0565,0.0,153.52,10816.11,6,0,5,3,4,0,0,3,8,0,0,0,0,29,0.52,1.5,10,0.035,0.03,0.02,0.05,3
-9501.91,-0.095,90498.09,10010.68,0.1001,-0.811,-0.949,0.014,18,0.1667,3,15,6.3,False,True,-0.0565,0.0,153.52,10804.41,6,0,5,3,4,0,0,3,8,0,0,0,0,29,0.52,1.5,15,0.025,0.02,0.01,0.03,1
-9501.91,-0.095,90498.09,10010.68,0.1001,-0.811,-0.949,0.014,18,0.1667,3,15,6.3,False,True,-0.0565,0.0,153.52,10804.41,6,0,5,3,4,0,0,3,8,0,0,0,0,29,0.52,1.5,15,0.025,0.02,0.01,0.03,2
-9501.91,-0.095,90498.09,10010.68,0.1001,-0.811,-0.949,0.014,18,0.1667,3,15,6.3,False,True,-0.0565,0.0,153.52,10804.41,6,0,5,3,4,0,0,3,8,0,0,0,0,29,0.52,1.5,15,0.025,0.02,0.01,0.03,3
-9513.76,-0.0951,90486.24,10022.46,0.1002,-0.812,-0.949,0.014,18,0.1667,3,15,6.3,False,True,-0.0565,0.0,153.52,10816.11,6,0,5,3,4,0,0,3,8,0,0,0,0,29,0.52,1.5,15,0.025,0.02,0.01,0.05,1
-9513.76,-0.0951,90486.24,10022.46,0.1002,-0.812,-0.949,0.014,18,0.1667,3,15,6.3,False,True,-0.0565,0.0,153.52,10816.11,6,0,5,3,4,0,0,3,8,0,0,0,0,29,0.52,1.5,15,0.025,0.02,0.01,0.05,2
-9513.76,-0.0951,90486.24,10022.46,0.1002,-0.812,-0.949,0.014,18,0.1667,3,15,6.3,False,True,-0.0565,0.0,153.52,10816.11,6,0,5,3,4,0,0,3,8,0,0,0,0,29,0.52,1.5,15,0.025,0.02,0.01,0.05,3
-9501.91,-0.095,90498.09,10010.68,0.1001,-0.811,-0.949,0.014,18,0.1667,3,15,6.3,False,True,-0.0565,0.0,153.52,10804.41,6,0,5,3,4,0,0,3,8,0,0,0,0,29,0.52,1.5,15,0.025,0.02,0.02,0.03,1
-9501.91,-0.095,90498.09,10010.68,0.1001,-0.811,-0.949,0.014,18,0.1667,3,15,6.3,False,True,-0.0565,0.0,153.52,10804.41,6,0,5,3,4,0,0,3,8,0,0,0,0,29,0.52,1.5,15,0.025,0.02,0.02,0.03,2
-9501.91,-0.095,90498.09,10010.68,0.1001,-0.811,-0.949,0.014,18,0.1667,3,15,6.3,False,True,-0.0565,0.0,153.52,10804.41,6,0,5,3,4,0,0,3,8,0,0,0,0,29,0.52,1.5,15,0.025,0.02,0.02,0.03,3
-9513.76,-0.0951,90486.24,10022.46,0.1002,-0.812,-0.949,0.014,18,0.1667,3,15,6.3,False,True,-0.0565,0.0,153.52,10816.11,6,0,5,3,4,0,0,3,8,0,0,0,0,29,0.52,1.5,15,0.025,0.02,0.02,0.05,1
-9513.76,-0.0951,90486.24,10022.46,0.1002,-0.812,-0.949,0.014,18,0.1667,3,15,6.3,False,True,-0.0565,0.0,153.52,10816.11,6,0,5,3,4,0,0,3,8,0,0,0,0,29,0.52,1.5,15,0.025,0.02,0.02,0.05,2
-9513.76,-0.0951,90486.24,10022.46,0.1002,-0.812,-0.949,0.014,18,0.1667,3,15,6.3,False,True,-0.0565,0.0,153.52,10816.11,6,0,5,3,4,0,0,3,8,0,0,0,0,29,0.52,1.5,15,0.025,0.02,0.02,0.05,3
-9501.91,-0.095,90498.09,10010.68,0.1001,-0.811,-0.949,0.014,18,0.1667,3,15,6.3,False,True,-0.0565,0.0,153.52,10804.41,6,0,5,3,4,0,0,3,8,0,0,0,0,29,0.52,1.5,15,0.025,0.03,0.01,0.03,1
-9501.91,-0.095,90498.09,10010.68,0.1001,-0.811,-0.949,0.014,18,0.1667,3,15,6.3,False,True,-0.0565,0.0,153.52,10804.41,6,0,5,3,4,0,0,3,8,0,0,0,0,29,0.52,1.5,15,0.025,0.03,0.01,0.03,2
-9501.91,-0.095,90498.09,10010.68,0.1001,-0.811,-0.949,0.014,18,0.1667,3,15,6.3,False,True,-0.0565,0.0,153.52,10804.41,6,0,5,3,4,0,0,3,8,0,0,0,0,29,0.52,1.5,15,0.025,0.03,0.01,0.03,3
-9513.76,-0.0951,90486.24,10022.46,0.1002,-0.812,-0.949,0.014,18,0.1667,3,15,6.3,False,True,-0.0565,0.0,153.52,10816.11,6,0,5,3,4,0,0,3,8,0,0,0,0,29,0.52,1.5,15,0.025,0.03,0.01,0.05,1
-9513.76,-0.0951,90486.24,10022.46,0.1002,-0.812,-0.949,0.014,18,0.1667,3,15,6.3,False,True,-0.0565,0.0,153.52,10816.11,6,0,5,3,4,0,0,3,8,0,0,0,0,29,0.52,1.5,15,0.025,0.03,0.01,0.05,2
-9513.76,-0.0951,90486.24,10022.46,0.1002,-0.812,-0.949,0.014,18,0.1667,3,15,6.3,False,True,-0.0565,0.0,153.52,10816.11,6,0,5,3,4,0,0,3,8,0,0,0,0,29,0.52,1.5,15,0.025,0.03,0.01,0.05,3
-9501.91,-0.095,90498.09,10010.68,0.1001,-0.811,-0.949,0.014,18,0.1667,3,15,6.3,False,True,-0.0565,0.0,153.52,10804.41,6,0,5,3,4,0,0,3,8,0,0,0,0,29,0.52,1.5,15,0.025,0.03,0.02,0.03,1
-9501.91,-0.095,90498.09,10010.68,0.1001,-0.811,-0.949,0.014,18,0.1667,3,15,6.3,False,True,-0.0565,0.0,153.52,10804.41,6,0,5,3,4,0,0,3,8,0,0,0,0,29,0.52,1.5,15,0.025,0.03,0.02,0.03,2
-9501.91,-0.095,90498.09,10010.68,0.1001,-0.811,-0.949,0.014,18,0.1667,3,15,6.3,False,True,-0.0565,0.0,153.52,10804.41,6,0,5,3,4,0,0,3,8,0,0,0,0,29,0.52,1.5,15,0.025,0.03,0.02,0.03,3
-9513.76,-0.0951,90486.24,10022.46,0.1002,-0.812,-0.949,0.014,18,0.1667,3,15,6.3,False,True,-0.0565,0.0,153.52,10816.11,6,0,5,3,4,0,0,3,8,0,0,0,0,29,0.52,1.5,15,0.025,0.03,0.02,0.05,1
-9513.76,-0.0951,90486.24,10022.46,0.1002,-0.812,-0.949,0.014,18,0.1667,3,15,6.3,False,True,-0.0565,0.0,153.52,10816.11,6,0,5,3,4,0,0,3,8,0,0,0,0,29,0.52,1.5,15,0.025,0.03,0.02,0.05,2
-9513.76,-0.0951,90486.24,10022.46,0.1002,-0.812,-0.949,0.014,18,0.1667,3,15,6.3,False,True,-0.0565,0.0,153.52,10816.11,6,0,5,3,4,0,0,3,8,0,0,0,0,29,0.52,1.5,15,0.025,0.03,0.02,0.05,3
-9501.91,-0.095,90498.09,10010.68,0.1001,-0.811,-0.949,0.014,18,0.1667,3,15,6.3,False,True,-0.0565,0.0,153.52,10804.41,6,0,5,3,4,0,0,3,8,0,0,0,0,29,0.52,1.5,15,0.035,0.02,0.01,0.03,1
-9501.91,-0.095,90498.09,10010.68,0.1001,-0.811,-0.949,0.014,18,0.1667,3,15,6.3,False,True,-0.0565,0.0,153.52,10804.41,6,0,5,3,4,0,0,3,8,0,0,0,0,29,0.52,1.5,15,0.035,0.02,0.01,0.03,2
-9501.91,-0.095,90498.09,10010.68,0.1001,-0.811,-0.949,0.014,18,0.1667,3,15,6.3,False,True,-0.0565,0.0,153.52,10804.41,6,0,5,3,4,0,0,3,8,0,0,0,0,29,0.52,1.5,15,0.035,0.02,0.01,0.03,3
-9513.76,-0.0951,90486.24,10022.46,0.1002,-0.812,-0.949,0.014,18,0.1667,3,15,6.3,False,True,-0.0565,0.0,153.52,10816.11,6,0,5,3,4,0,0,3,8,0,0,0,0,29,0.52,1.5,15,0.035,0.02,0.01,0.05,1
-9513.76,-0.0951,90486.24,10022.46,0.1002,-0.812,-0.949,0.014,18,0.1667,3,15,6.3,False,True,-0.0565,0.0,153.52,10816.11,6,0,5,3,4,0,0,3,8,0,0,0,0,29,0.52,1.5,15,0.035,0.02,0.01,0.05,2
-9513.76,-0.0951,90486.24,10022.46,0.1002,-0.812,-0.949,0.014,18,0.1667,3,15,6.3,False,True,-0.0565,0.0,153.52,10816.11,6,0,5,3,4,0,0,3,8,0,0,0,0,29,0.52,1.5,15,0.035,0.02,0.01,0.05,3
-9501.91,-0.095,90498.09,10010.68,0.1001,-0.811,-0.949,0.014,18,0.1667,3,15,6.3,False,True,-0.0565,0.0,153.52,10804.41,6,0,5,3,4,0,0,3,8,0,0,0,0,29,0.52,1.5,15,0.035,0.02,0.02,0.03,1
-9501.91,-0.095,90498.09,10010.68,0.1001,-0.811,-0.949,0.014,18,0.1667,3,15,6.3,False,True,-0.0565,0.0,153.52,10804.41,6,0,5,3,4,0,0,3,8,0,0,0,0,29,0.52,1.5,15,0.035,0.02,0.02,0.03,2
-9501.91,-0.095,90498.09,10010.68,0.1001,-0.811,-0.949,0.014,18,0.1667,3,15,6.3,False,True,-0.0565,0.0,153.52,10804.41,6,0,5,3,4,0,0,3,8,0,0,0,0,29,0.52,1.5,15,0.035,0.02,0.02,0.03,3
-9513.76,-0.0951,90486.24,10022.46,0.1002,-0.812,-0.949,0.014,18,0.1667,3,15,6.3,False,True,-0.0565,0.0,153.52,10816.11,6,0,5,3,4,0,0,3,8,0,0,0,0,29,0.52,1.5,15,0.035,0.02,0.02,0.05,1
-9513.76,-0.0951,90486.24,10022.46,0.1002,-0.812,-0.949,0.014,18,0.1667,3,15,6.3,False,True,-0.0565,0.0,153.52,10816.11,6,0,5,3,4,0,0,3,8,0,0,0,0,29,0.52,1.5,15,0.035,0.02,0.02,0.05,2
-9513.76,-0.0951,90486.24,10022.46,0.1002,-0.812,-0.949,0.014,18,0.1667,3,15,6.3,False,True,-0.0565,0.0,153.52,10816.11,6,0,5,3,4,0,0,3,8,0,0,0,0,29,0.52,1.5,15,0.035,0.02,0.02,0.05,3
-9501.91,-0.095,90498.09,10010.68,0.1001,-0.811,-0.949,0.014,18,0.1667,3,15,6.3,False,True,-0.0565,0.0,153.52,10804.41,6,0,5,3,4,0,0,3,8,0,0,0,0,29,0.52,1.5,15,0.035,0.03,0.01,0.03,1
-9501.91,-0.095,90498.09,10010.68,0.1001,-0.811,-0.949,0.014,18,0.1667,3,15,6.3,False,True,-0.0565,0.0,153.52,10804.41,6,0,5,3,4,0,0,3,8,0,0,0,0,29,0.52,1.5,15,0.035,0.03,0.01,0.03,2
-9501.91,-0.095,90498.09,10010.68,0.1001,-0.811,-0.949,0.014,18,0.1667,3,15,6.3,False,True,-0.0565,0.0,153.52,10804.41,6,0,5,3,4,0,0,3,8,0,0,0,0,29,0.52,1.5,15,0.035,0.03,0.01,0.03,3
-9513.76,-0.0951,90486.24,10022.46,0.1002,-0.812,-0.949,0.014,18,0.1667,3,15,6.3,False,True,-0.0565,0.0,153.52,10816.11,6,0,5,3,4,0,0,3,8,0,0,0,0,29,0.52,1.5,15,0.035,0.03,0.01,0.05,1
-9513.76,-0.0951,90486.24,10022.46,0.1002,-0.812,-0.949,0.014,18,0.1667,3,15,6.3,False,True,-0.0565,0.0,153.52,10816.11,6,0,5,3,4,0,0,3,8,0,0,0,0,29,0.52,1.5,15,0.035,0.03,0.01,0.05,2
-9513.76,-0.0951,90486.24,10022.46,0.1002,-0.812,-0.949,0.014,18,0.1667,3,15,6.3,False,True,-0.0565,0.0,153.52,10816.11,6,0,5,3,4,0,0,3,8,0,0,0,0,29,0.52,1.5,15,0.035,0.03,0.01,0.05,3
-9501.91,-0.095,90498.09,10010.68,0.1001,-0.811,-0.949,0.014,18,0.1667,3,15,6.3,False,True,-0.0565,0.0,153.52,10804.41,6,0,5,3,4,0,0,3,8,0,0,0,0,29,0.52,1.5,15,0.035,0.03,0.02,0.03,1
-9501.91,-0.095,90498.09,10010.68,0.1001,-0.811,-0.949,0.014,18,0.1667,3,15,6.3,False,True,-0.0565,0.0,153.52,10804.41,6,0,5,3,4,0,0,3,8,0,0,0,0,29,0.52,1.5,15,0.035,0.03,0.02,0.03,2
-9501.91,-0.095,90498.09,10010.68,0.1001,-0.811,-0.949,0.014,18,0.1667,3,15,6.3,False,True,-0.0565,0.0,153.52,10804.41,6,0,5,3,4,0,0,3,8,0,0,0,0,29,0.52,1.5,15,0.035,0.03,0.02,0.03,3
-9513.76,-0.0951,90486.24,10022.46,0.1002,-0.812,-0.949,0.014,18,0.1667,3,15,6.3,False,True,-0.0565,0.0,153.52,10816.11,6,0,5,3,4,0,0,3,8,0,0,0,0,29,0.52,1.5,15,0.035,0.03,0.02,0.05,1
-9513.76,-0.0951,90486.24,10022.46,0.1002,-0.812,-0.949,0.014,18,0.1667,3,15,6.3,False,True,-0.0565,0.0,153.52,10816.11,6,0,5,3,4,0,0,3,8,0,0,0,0,29,0.52,1.5,15,0.035,0.03,0.02,0.05,2
-9513.76,-0.0951,90486.24,10022.46,0.1002,-0.812,-0.949,0.014,18,0.1667,3,15,6.3,False,True,-0.0565,0.0,153.52,10816.11,6,0,5,3,4,0,0,3,8,0,0,0,0,29,0.52,1.5,15,0.035,0.03,0.02,0.05,3
-5164.64,-0.0516,94835.36,10870.46,0.1028,-0.322,-0.475,0.821,113,0.292,33,80,9.5,False,True,-0.0372,0.0507,23722.27,28886.91,58,2,21,27,5,0,32,114,117,0,0,10,0,236,0.54,0.5,5,0.025,0.02,0.01,0.03,1
-5164.64,-0.0516,94835.36,10870.46,0.1028,-0.322,-0.475,0.821,113,0.292,33,80,9.5,False,True,-0.0372,0.0507,23722.27,28886.91,58,2,21,27,5,0,32,114,117,0,0,10,0,236,0.54,0.5,5,0.025,0.02,0.01,0.03,2
-5164.64,-0.0516,94835.36,10870.46,0.1028,-0.322,-0.475,0.821,113,0.292,33,80,9.5,False,True,-0.0372,0.0507,23722.27,28886.91,58,2,21,27,5,0,32,114,117,0,0,10,0,236,0.54,0.5,5,0.025,0.02,0.01,0.03,3
-4261.51,-0.0426,95738.49,10783.48,0.1012,-0.239,-0.395,0.843,83,0.3614,30,53,9.1,False,True,-0.0385,0.0507,22914.86,27180.05,39,2,13,23,6,0,18,71,75,0,0,2,0,145,0.54,0.5,5,0.025,0.02,0.01,0.05,1
-4261.51,-0.0426,95738.49,10783.48,0.1012,-0.239,-0.395,0.843,83,0.3614,30,53,9.1,False,True,-0.0385,0.0507,22914.86,27180.05,39,2,13,23,6,0,18,71,75,0,0,2,0,145,0.54,0.5,5,0.025,0.02,0.01,0.05,2
-4261.51,-0.0426,95738.49,10783.48,0.1012,-0.239,-0.395,0.843,83,0.3614,30,53,9.1,False,True,-0.0385,0.0507,22914.86,27180.05,39,2,13,23,6,0,18,71,75,0,0,2,0,145,0.54,0.5,5,0.025,0.02,0.01,0.05,3
-4821.0,-0.0482,95179.0,11329.43,0.1072,-0.306,-0.426,0.802,108,0.3148,34,74,9.3,False,True,-0.0435,0.0507,21280.55,26539.35,53,2,17,28,8,0,42,93,116,0,0,0,0,229,0.54,0.5,5,0.025,0.02,0.02,0.03,1
-4821.0,-0.0482,95179.0,11329.43,0.1072,-0.306,-0.426,0.802,108,0.3148,34,74,9.3,False,True,-0.0435,0.0507,21280.55,26539.35,53,2,17,28,8,0,42,93,116,0,0,0,0,229,0.54,0.5,5,0.025,0.02,0.02,0.03,2
-4821.0,-0.0482,95179.0,11329.43,0.1072,-0.306,-0.426,0.802,108,0.3148,34,74,9.3,False,True,-0.0435,0.0507,21280.55,26539.35,53,2,17,28,8,0,42,93,116,0,0,0,0,229,0.54,0.5,5,0.025,0.02,0.02,0.03,3
-4451.68,-0.0445,95548.32,10762.06,0.1012,-0.253,-0.414,0.845,93,0.3656,34,59,8.8,False,True,-0.0385,0.0507,24299.02,28754.37,44,2,13,27,7,0,28,86,93,0,0,0,0,178,0.54,0.5,5,0.025,0.02,0.02,0.05,1
-4451.68,-0.0445,95548.32,10762.06,0.1012,-0.253,-0.414,0.845,93,0.3656,34,59,8.8,False,True,-0.0385,0.0507,24299.02,28754.37,44,2,13,27,7,0,28,86,93,0,0,0,0,178,0.54,0.5,5,0.025,0.02,0.02,0.05,2
-4451.68,-0.0445,95548.32,10762.06,0.1012,-0.253,-0.414,0.845,93,0.3656,34,59,8.8,False,True,-0.0385,0.0507,24299.02,28754.37,44,2,13,27,7,0,28,86,93,0,0,0,0,178,0.54,0.5,5,0.025,0.02,0.02,0.05,3
-4092.96,-0.0409,95907.04,10607.52,0.1003,-0.287,-0.386,0.82,111,0.2613,29,82,9.8,False,True,-0.0297,0.0507,20598.04,25132.14,57,2,21,23,8,0,47,147,154,0,0,11,0,268,0.54,0.5,5,0.025,0.03,0.01,0.03,1
-4092.96,-0.0409,95907.04,10607.52,0.1003,-0.287,-0.386,0.82,111,0.2613,29,82,9.8,False,True,-0.0297,0.0507,20598.04,25132.14,57,2,21,23,8,0,47,147,154,0,0,11,0,268,0.54,0.5,5,0.025,0.03,0.01,0.03,2
-4092.96,-0.0409,95907.04,10607.52,0.1003,-0.287,-0.386,0.82,111,0.2613,29,82,9.8,False,True,-0.0297,0.0507,20598.04,25132.14,57,2,21,23,8,0,47,147,154,0,0,11,0,268,0.54,0.5,5,0.025,0.03,0.01,0.03,3
-5340.32,-0.0534,94659.68,11046.14,0.1045,-0.388,-0.483,0.759,85,0.2706,23,62,9.8,False,True,-0.0362,0.0507,17166.24,22629.32,42,2,16,19,6,0,38,141,131,0,0,9,0,229,0.54,0.5,5,0.025,0.03,0.01,0.05,1
-5340.32,-0.0534,94659.68,11046.14,0.1045,-0.388,-0.483,0.759,85,0.2706,23,62,9.8,False,True,-0.0362,0.0507,17166.24,22629.32,42,2,16,19,6,0,38,141,131,0,0,9,0,229,0.54,0.5,5,0.025,0.03,0.01,0.05,2
-5340.32,-0.0534,94659.68,11046.14,0.1045,-0.388,-0.483,0.759,85,0.2706,23,62,9.8,False,True,-0.0362,0.0507,17166.24,22629.32,42,2,16,19,6,0,38,141,131,0,0,9,0,229,0.54,0.5,5,0.025,0.03,0.01,0.05,3
-4246.04,-0.0425,95753.96,10759.31,0.1018,-0.301,-0.395,0.824,115,0.2783,32,83,9.7,False,True,-0.0296,0.0507,21930.24,26616.72,58,2,20,26,9,0,55,131,155,0,0,9,0,287,0.54,0.5,5,0.025,0.03,0.02,0.03,1
-4246.04,-0.0425,95753.96,10759.31,0.1018,-0.301,-0.395,0.824,115,0.2783,32,83,9.7,False,True,-0.0296,0.0507,21930.24,26616.72,58,2,20,26,9,0,55,131,155,0,0,9,0,287,0.54,0.5,5,0.025,0.03,0.02,0.03,2
-4246.04,-0.0425,95753.96,10759.31,0.1018,-0.301,-0.395,0.824,115,0.2783,32,83,9.7,False,True,-0.0296,0.0507,21930.24,26616.72,58,2,20,26,9,0,55,131,155,0,0,9,0,287,0.54,0.5,5,0.025,0.03,0.02,0.03,3
-5488.74,-0.0549,94511.26,11194.56,0.1059,-0.401,-0.49,0.767,90,0.2889,26,64,9.4,False,True,-0.0362,0.0507,18512.1,24123.41,44,2,15,22,7,0,45,125,132,0,0,9,0,246,0.54,0.5,5,0.025,0.03,0.02,0.05,1
-5488.74,-0.0549,94511.26,11194.56,0.1059,-0.401,-0.49,0.767,90,0.2889,26,64,9.4,False,True,-0.0362,0.0507,18512.1,24123.41,44,2,15,22,7,0,45,125,132,0,0,9,0,246,0.54,0.5,5,0.025,0.03,0.02,0.05,2
-5488.74,-0.0549,94511.26,11194.56,0.1059,-0.401,-0.49,0.767,90,0.2889,26,64,9.4,False,True,-0.0362,0.0507,18512.1,24123.41,44,2,15,22,7,0,45,125,132,0,0,9,0,246,0.54,0.5,5,0.025,0.03,0.02,0.05,3
-5088.65,-0.0509,94911.35,10794.47,0.1021,-0.306,-0.471,0.769,101,0.2376,24,77,9.2,False,True,-0.0419,0.0507,17380.62,22590.37,50,2,22,20,7,0,43,96,105,0,0,2,0,215,0.54,0.5,5,0.035,0.02,0.01,0.03,1
-5088.65,-0.0509,94911.35,10794.47,0.1021,-0.306,-0.471,0.769,101,0.2376,24,77,9.2,False,True,-0.0419,0.0507,17380.62,22590.37,50,2,22,20,7,0,43,96,105,0,0,2,0,215,0.54,0.5,5,0.035,0.02,0.01,0.03,2
-5088.65,-0.0509,94911.35,10794.47,0.1021,-0.306,-0.471,0.769,101,0.2376,24,77,9.2,False,True,-0.0419,0.0507,17380.62,22590.37,50,2,22,20,7,0,43,96,105,0,0,2,0,215,0.54,0.5,5,0.035,0.02,0.01,0.03,3
-5571.69,-0.0557,94428.31,11277.51,0.1067,-0.365,-0.494,0.539,50,0.2,10,40,9.0,False,True,-0.0535,0.0507,6534.09,12133.48,22,0,13,9,6,0,18,27,32,0,0,0,0,90,0.54,0.5,5,0.035,0.02,0.01,0.05,1
-5571.69,-0.0557,94428.31,11277.51,0.1067,-0.365,-0.494,0.539,50,0.2,10,40,9.0,False,True,-0.0535,0.0507,6534.09,12133.48,22,0,13,9,6,0,18,27,32,0,0,0,0,90,0.54,0.5,5,0.035,0.02,0.01,0.05,2
-5571.69,-0.0557,94428.31,11277.51,0.1067,-0.365,-0.494,0.539,50,0.2,10,40,9.0,False,True,-0.0535,0.0507,6534.09,12133.48,22,0,13,9,6,0,18,27,32,0,0,0,0,90,0.54,0.5,5,0.035,0.02,0.01,0.05,3
-5278.5,-0.0528,94721.5,10984.32,0.1039,-0.321,-0.481,0.776,111,0.2523,28,83,9.0,False,True,-0.0419,0.0507,18706.26,24105.62,55,2,22,24,8,0,53,111,123,0,0,0,0,248,0.54,0.5,5,0.035,0.02,0.02,0.03,1
-5278.5,-0.0528,94721.5,10984.32,0.1039,-0.321,-0.481,0.776,111,0.2523,28,83,9.0,False,True,-0.0419,0.0507,18706.26,24105.62,55,2,22,24,8,0,53,111,123,0,0,0,0,248,0.54,0.5,5,0.035,0.02,0.02,0.03,2
-5278.5,-0.0528,94721.5,10984.32,0.1039,-0.321,-0.481,0.776,111,0.2523,28,83,9.0,False,True,-0.0419,0.0507,18706.26,24105.62,55,2,22,24,8,0,53,111,123,0,0,0,0,248,0.54,0.5,5,0.035,0.02,0.02,0.03,3
-5571.69,-0.0557,94428.31,11277.51,0.1067,-0.365,-0.494,0.539,50,0.2,10,40,9.0,False,True,-0.0535,0.0507,6534.09,12133.48,22,0,13,9,6,0,18,27,32,0,0,0,0,90,0.54,0.5,5,0.035,0.02,0.02,0.05,1
-5571.69,-0.0557,94428.31,11277.51,0.1067,-0.365,-0.494,0.539,50,0.2,10,40,9.0,False,True,-0.0535,0.0507,6534.09,12133.48,22,0,13,9,6,0,18,27,32,0,0,0,0,90,0.54,0.5,5,0.035,0.02,0.02,0.05,2
-5571.69,-0.0557,94428.31,11277.51,0.1067,-0.365,-0.494,0.539,50,0.2,10,40,9.0,False,True,-0.0535,0.0507,6534.09,12133.48,22,0,13,9,6,0,18,27,32,0,0,0,0,90,0.54,0.5,5,0.035,0.02,0.02,0.05,3
-5018.67,-0.0502,94981.33,10724.49,0.1015,-0.312,-0.468,0.782,105,0.219,23,82,9.9,False,True,-0.0419,0.0507,18030.69,23051.64,55,2,23,19,6,0,55,165,152,0,0,11,0,273,0.54,0.5,5,0.035,0.03,0.01,0.03,1
-5018.67,-0.0502,94981.33,10724.49,0.1015,-0.312,-0.468,0.782,105,0.219,23,82,9.9,False,True,-0.0419,0.0507,18030.69,23051.64,55,2,23,19,6,0,55,165,152,0,0,11,0,273,0.54,0.5,5,0.035,0.03,0.01,0.03,2
-5018.67,-0.0502,94981.33,10724.49,0.1015,-0.312,-0.468,0.782,105,0.219,23,82,9.9,False,True,-0.0419,0.0507,18030.69,23051.64,55,2,23,19,6,0,55,165,152,0,0,11,0,273,0.54,0.5,5,0.035,0.03,0.01,0.03,3
-5571.69,-0.0557,94428.31,11277.51,0.1067,-0.365,-0.494,0.539,50,0.2,10,40,9.0,False,True,-0.0535,0.0507,6534.09,12133.48,22,0,13,9,6,0,18,27,32,0,0,0,0,90,0.54,0.5,5,0.035,0.03,0.01,0.05,1
-5571.69,-0.0557,94428.31,11277.51,0.1067,-0.365,-0.494,0.539,50,0.2,10,40,9.0,False,True,-0.0535,0.0507,6534.09,12133.48,22,0,13,9,6,0,18,27,32,0,0,0,0,90,0.54,0.5,5,0.035,0.03,0.01,0.05,2
-5571.69,-0.0557,94428.31,11277.51,0.1067,-0.365,-0.494,0.539,50,0.2,10,40,9.0,False,True,-0.0535,0.0507,6534.09,12133.48,22,0,13,9,6,0,18,27,32,0,0,0,0,90,0.54,0.5,5,0.035,0.03,0.01,0.05,3
-5170.27,-0.0517,94829.73,10876.09,0.1029,-0.324,-0.475,0.789,109,0.2385,26,83,9.7,False,True,-0.0419,0.0507,19330.75,24503.29,56,2,22,22,7,0,63,149,153,0,0,9,0,292,0.54,0.5,5,0.035,0.03,0.02,0.03,1
-5170.27,-0.0517,94829.73,10876.09,0.1029,-0.324,-0.475,0.789,109,0.2385,26,83,9.7,False,True,-0.0419,0.0507,19330.75,24503.29,56,2,22,22,7,0,63,149,153,0,0,9,0,292,0.54,0.5,5,0.035,0.03,0.02,0.03,2
-5170.27,-0.0517,94829.73,10876.09,0.1029,-0.324,-0.475,0.789,109,0.2385,26,83,9.7,False,True,-0.0419,0.0507,19330.75,24503.29,56,2,22,22,7,0,63,149,153,0,0,9,0,292,0.54,0.5,5,0.035,0.03,0.02,0.03,3
-5571.69,-0.0557,94428.31,11277.51,0.1067,-0.365,-0.494,0.539,50,0.2,10,40,9.0,False,True,-0.0535,0.0507,6534.09,12133.48,22,0,13,9,6,0,18,27,32,0,0,0,0,90,0.54,0.5,5,0.035,0.03,0.02,0.05,1
-5571.69,-0.0557,94428.31,11277.51,0.1067,-0.365,-0.494,0.539,50,0.2,10,40,9.0,False,True,-0.0535,0.0507,6534.09,12133.48,22,0,13,9,6,0,18,27,32,0,0,0,0,90,0.54,0.5,5,0.035,0.03,0.02,0.05,2
-5571.69,-0.0557,94428.31,11277.51,0.1067,-0.365,-0.494,0.539,50,0.2,10,40,9.0,False,True,-0.0535,0.0507,6534.09,12133.48,22,0,13,9,6,0,18,27,32,0,0,0,0,90,0.54,0.5,5,0.035,0.03,0.02,0.05,3
-4742.56,-0.0474,95257.44,11251.77,0.1064,-0.298,-0.421,0.794,106,0.2925,31,75,9.1,False,True,-0.0437,0.0507,19954.86,25135.64,54,2,18,25,7,0,0,96,98,0,0,2,0,202,0.54,0.5,10,0.025,0.02,0.01,0.03,1
-4742.56,-0.0474,95257.44,11251.77,0.1064,-0.298,-0.421,0.794,106,0.2925,31,75,9.1,False,True,-0.0437,0.0507,19954.86,25135.64,54,2,18,25,7,0,0,96,98,0,0,2,0,202,0.54,0.5,10,0.025,0.02,0.01,0.03,2
-4742.56,-0.0474,95257.44,11251.77,0.1064,-0.298,-0.421,0.794,106,0.2925,31,75,9.1,False,True,-0.0437,0.0507,19954.86,25135.64,54,2,18,25,7,0,0,96,98,0,0,2,0,202,0.54,0.5,10,0.025,0.02,0.01,0.03,3
-4758.99,-0.0476,95241.01,11180.69,0.1051,-0.265,-0.426,0.827,90,0.3333,30,60,8.1,False,True,-0.0437,0.0507,22730.17,27492.82,44,2,15,25,4,0,0,85,78,0,0,2,0,155,0.54,0.5,10,0.025,0.02,0.01,0.05,1
-4758.99,-0.0476,95241.01,11180.69,0.1051,-0.265,-0.426,0.827,90,0.3333,30,60,8.1,False,True,-0.0437,0.0507,22730.17,27492.82,44,2,15,25,4,0,0,85,78,0,0,2,0,155,0.54,0.5,10,0.025,0.02,0.01,0.05,2
-4758.99,-0.0476,95241.01,11180.69,0.1051,-0.265,-0.426,0.827,90,0.3333,30,60,8.1,False,True,-0.0437,0.0507,22730.17,27492.82,44,2,15,25,4,0,0,85,78,0,0,2,0,155,0.54,0.5,10,0.025,0.02,0.01,0.05,3
-4928.42,-0.0493,95071.58,11436.07,0.1082,-0.313,-0.431,0.799,116,0.3017,35,81,8.9,False,True,-0.0437,0.0507,21317.05,26682.83,59,2,18,29,8,0,0,120,116,0,0,0,0,236,0.54,0.5,10,0.025,0.02,0.02,0.03,1
-4928.42,-0.0493,95071.58,11436.07,0.1082,-0.313,-0.431,0.799,116,0.3017,35,81,8.9,False,True,-0.0437,0.0507,21317.05,26682.83,59,2,18,29,8,0,0,120,116,0,0,0,0,236,0.54,0.5,10,0.025,0.02,0.02,0.03,2
-4928.42,-0.0493,95071.58,11436.07,0.1082,-0.313,-0.431,0.799,116,0.3017,35,81,8.9,False,True,-0.0437,0.0507,21317.05,26682.83,59,2,18,29,8,0,0,120,116,0,0,0,0,236,0.54,0.5,10,0.025,0.02,0.02,0.03,3
-4938.81,-0.0494,95061.19,11159.58,0.1051,-0.278,-0.443,0.83,100,0.34,34,66,8.1,False,True,-0.0437,0.0507,24124.99,29067.46,49,2,15,29,5,0,0,109,96,0,0,0,0,189,0.54,0.5,10,0.025,0.02,0.02,0.05,1
-4938.81,-0.0494,95061.19,11159.58,0.1051,-0.278,-0.443,0.83,100,0.34,34,66,8.1,False,True,-0.0437,0.0507,24124.99,29067.46,49,2,15,29,5,0,0,109,96,0,0,0,0,189,0.54,0.5,10,0.025,0.02,0.02,0.05,2
-4938.81,-0.0494,95061.19,11159.58,0.1051,-0.278,-0.443,0.83,100,0.34,34,66,8.1,False,True,-0.0437,0.0507,24124.99,29067.46,49,2,15,29,5,0,0,109,96,0,0,0,0,189,0.54,0.5,10,0.025,0.02,0.02,0.05,3
-4204.19,-0.042,95795.81,10717.95,0.1014,-0.295,-0.392,0.816,120,0.2583,31,89,9.5,False,True,-0.0299,0.0507,20615.25,25260.14,63,2,22,25,8,0,0,174,155,0,0,17,0,286,0.54,0.5,10,0.025,0.03,0.01,0.03,1
-4204.19,-0.042,95795.81,10717.95,0.1014,-0.295,-0.392,0.816,120,0.2583,31,89,9.5,False,True,-0.0299,0.0507,20615.25,25260.14,63,2,22,25,8,0,0,174,155,0,0,17,0,286,0.54,0.5,10,0.025,0.03,0.01,0.03,2
-4204.19,-0.042,95795.81,10717.95,0.1014,-0.295,-0.392,0.816,120,0.2583,31,89,9.5,False,True,-0.0299,0.0507,20615.25,25260.14,63,2,22,25,8,0,0,174,155,0,0,17,0,286,0.54,0.5,10,0.025,0.03,0.01,0.03,3
-5442.58,-0.0544,94557.42,11148.4,0.1055,-0.396,-0.488,0.755,93,0.2688,25,68,9.3,False,True,-0.0362,0.0507,17184.66,22749.89,47,2,17,21,6,0,0,162,132,0,0,15,0,245,0.54,0.5,10,0.025,0.03,0.01,0.05,1
-5442.58,-0.0544,94557.42,11148.4,0.1055,-0.396,-0.488,0.755,93,0.2688,25,68,9.3,False,True,-0.0362,0.0507,17184.66,22749.89,47,2,17,21,6,0,0,162,132,0,0,15,0,245,0.54,0.5,10,0.025,0.03,0.01,0.05,2
-5442.58,-0.0544,94557.42,11148.4,0.1055,-0.396,-0.488,0.755,93,0.2688,25,68,9.3,False,True,-0.0362,0.0507,17184.66,22749.89,47,2,17,21,6,0,0,162,132,0,0,15,0,245,0.54,0.5,10,0.025,0.03,0.01,0.05,3
-4345.34,-0.0435,95654.66,10857.9,0.1027,-0.309,-0.4,0.821,124,0.2742,34,90,9.3,False,True,-0.0298,0.0507,21952.63,26738.02,64,2,21,28,9,0,0,166,155,0,0,9,0,298,0.54,0.5,10,0.025,0.03,0.02,0.03,1
-4345.34,-0.0435,95654.66,10857.9,0.1027,-0.309,-0.4,0.821,124,0.2742,34,90,9.3,False,True,-0.0298,0.0507,21952.63,26738.02,64,2,21,28,9,0,0,166,155,0,0,9,0,298,0.54,0.5,10,0.025,0.03,0.02,0.03,2
-4345.34,-0.0435,95654.66,10857.9,0.1027,-0.309,-0.4,0.821,124,0.2742,34,90,9.3,False,True,-0.0298,0.0507,21952.63,26738.02,64,2,21,28,9,0,0,166,155,0,0,9,0,298,0.54,0.5,10,0.025,0.03,0.02,0.03,3
-5424.11,-0.0542,94575.89,11129.93,0.1053,-0.398,-0.487,0.77,100,0.28,28,72,8.9,False,True,-0.0362,0.0507,18541.14,24087.93,51,2,16,24,7,0,0,154,133,0,0,9,0,256,0.54,0.5,10,0.025,0.03,0.02,0.05,1
-5424.11,-0.0542,94575.89,11129.93,0.1053,-0.398,-0.487,0.77,100,0.28,28,72,8.9,False,True,-0.0362,0.0507,18541.14,24087.93,51,2,16,24,7,0,0,154,133,0,0,9,0,256,0.54,0.5,10,0.025,0.03,0.02,0.05,2
-5424.11,-0.0542,94575.89,11129.93,0.1053,-0.398,-0.487,0.77,100,0.28,28,72,8.9,False,True,-0.0362,0.0507,18541.14,24087.93,51,2,16,24,7,0,0,154,133,0,0,9,0,256,0.54,0.5,10,0.025,0.03,0.02,0.05,3
-5548.71,-0.0555,94451.29,11254.53,0.1065,-0.366,-0.493,0.54,50,0.2,10,40,9.4,False,True,-0.0497,0.0507,6538.74,12115.15,22,0,13,9,6,0,0,37,32,0,0,0,0,98,0.54,0.5,10,0.035,0.02,0.01,0.03,1
-5548.71,-0.0555,94451.29,11254.53,0.1065,-0.366,-0.493,0.54,50,0.2,10,40,9.4,False,True,-0.0497,0.0507,6538.74,12115.15,22,0,13,9,6,0,0,37,32,0,0,0,0,98,0.54,0.5,10,0.035,0.02,0.01,0.03,2
-5548.71,-0.0555,94451.29,11254.53,0.1065,-0.366,-0.493,0.54,50,0.2,10,40,9.4,False,True,-0.0497,0.0507,6538.74,12115.15,22,0,13,9,6,0,0,37,32,0,0,0,0,98,0.54,0.5,10,0.035,0.02,0.01,0.03,3
-5059.57,-0.0506,94940.43,10765.39,0.1018,-0.323,-0.47,0.562,46,0.2174,10,36,8.1,False,True,-0.0535,0.0507,6534.03,11620.03,21,0,12,9,4,0,0,36,30,0,0,0,0,96,0.54,0.5,10,0.035,0.02,0.01,0.05,1
-5059.57,-0.0506,94940.43,10765.39,0.1018,-0.323,-0.47,0.562,46,0.2174,10,36,8.1,False,True,-0.0535,0.0507,6534.03,11620.03,21,0,12,9,4,0,0,36,30,0,0,0,0,96,0.54,0.5,10,0.035,0.02,0.01,0.05,2
-5059.57,-0.0506,94940.43,10765.39,0.1018,-0.323,-0.47,0.562,46,0.2174,10,36,8.1,False,True,-0.0535,0.0507,6534.03,11620.03,21,0,12,9,4,0,0,36,30,0,0,0,0,96,0.54,0.5,10,0.035,0.02,0.01,0.05,3
-5548.71,-0.0555,94451.29,11254.53,0.1065,-0.366,-0.493,0.54,50,0.2,10,40,9.4,False,True,-0.0497,0.0507,6538.74,12115.15,22,0,13,9,6,0,0,37,32,0,0,0,0,98,0.54,0.5,10,0.035,0.02,0.02,0.03,1
-5548.71,-0.0555,94451.29,11254.53,0.1065,-0.366,-0.493,0.54,50,0.2,10,40,9.4,False,True,-0.0497,0.0507,6538.74,12115.15,22,0,13,9,6,0,0,37,32,0,0,0,0,98,0.54,0.5,10,0.035,0.02,0.02,0.03,2
-5548.71,-0.0555,94451.29,11254.53,0.1065,-0.366,-0.493,0.54,50,0.2,10,40,9.4,False,True,-0.0497,0.0507,6538.74,12115.15,22,0,13,9,6,0,0,37,32,0,0,0,0,98,0.54,0.5,10,0.035,0.02,0.02,0.03,3
-5059.57,-0.0506,94940.43,10765.39,0.1018,-0.323,-0.47,0.562,46,0.2174,10,36,8.1,False,True,-0.0535,0.0507,6534.03,11620.03,21,0,12,9,4,0,0,36,30,0,0,0,0,96,0.54,0.5,10,0.035,0.02,0.02,0.05,1
-5059.57,-0.0506,94940.43,10765.39,0.1018,-0.323,-0.47,0.562,46,0.2174,10,36,8.1,False,True,-0.0535,0.0507,6534.03,11620.03,21,0,12,9,4,0,0,36,30,0,0,0,0,96,0.54,0.5,10,0.035,0.02,0.02,0.05,2
-5059.57,-0.0506,94940.43,10765.39,0.1018,-0.323,-0.47,0.562,46,0.2174,10,36,8.1,False,True,-0.0535,0.0507,6534.03,11620.03,21,0,12,9,4,0,0,36,30,0,0,0,0,96,0.54,0.5,10,0.035,0.02,0.02,0.05,3
-5548.71,-0.0555,94451.29,11254.53,0.1065,-0.366,-0.493,0.54,50,0.2,10,40,9.4,False,True,-0.0497,0.0507,6538.74,12115.15,22,0,13,9,6,0,0,37,32,0,0,0,0,98,0.54,0.5,10,0.035,0.03,0.01,0.03,1
-5548.71,-0.0555,94451.29,11254.53,0.1065,-0.366,-0.493,0.54,50,0.2,10,40,9.4,False,True,-0.0497,0.0507,6538.74,12115.15,22,0,13,9,6,0,0,37,32,0,0,0,0,98,0.54,0.5,10,0.035,0.03,0.01,0.03,2
-5548.71,-0.0555,94451.29,11254.53,0.1065,-0.366,-0.493,0.54,50,0.2,10,40,9.4,False,True,-0.0497,0.0507,6538.74,12115.15,22,0,13,9,6,0,0,37,32,0,0,0,0,98,0.54,0.5,10,0.035,0.03,0.01,0.03,3
-5059.57,-0.0506,94940.43,10765.39,0.1018,-0.323,-0.47,0.562,46,0.2174,10,36,8.1,False,True,-0.0535,0.0507,6534.03,11620.03,21,0,12,9,4,0,0,36,30,0,0,0,0,96,0.54,0.5,10,0.035,0.03,0.01,0.05,1
-5059.57,-0.0506,94940.43,10765.39,0.1018,-0.323,-0.47,0.562,46,0.2174,10,36,8.1,False,True,-0.0535,0.0507,6534.03,11620.03,21,0,12,9,4,0,0,36,30,0,0,0,0,96,0.54,0.5,10,0.035,0.03,0.01,0.05,2
-5059.57,-0.0506,94940.43,10765.39,0.1018,-0.323,-0.47,0.562,46,0.2174,10,36,8.1,False,True,-0.0535,0.0507,6534.03,11620.03,21,0,12,9,4,0,0,36,30,0,0,0,0,96,0.54,0.5,10,0.035,0.03,0.01,0.05,3
-5548.71,-0.0555,94451.29,11254.53,0.1065,-0.366,-0.493,0.54,50,0.2,10,40,9.4,False,True,-0.0497,0.0507,6538.74,12115.15,22,0,13,9,6,0,0,37,32,0,0,0,0,98,0.54,0.5,10,0.035,0.03,0.02,0.03,1
-5548.71,-0.0555,94451.29,11254.53,0.1065,-0.366,-0.493,0.54,50,0.2,10,40,9.4,False,True,-0.0497,0.0507,6538.74,12115.15,22,0,13,9,6,0,0,37,32,0,0,0,0,98,0.54,0.5,10,0.035,0.03,0.02,0.03,2
-5548.71,-0.0555,94451.29,11254.53,0.1065,-0.366,-0.493,0.54,50,0.2,10,40,9.4,False,True,-0.0497,0.0507,6538.74,12115.15,22,0,13,9,6,0,0,37,32,0,0,0,0,98,0.54,0.5,10,0.035,0.03,0.02,0.03,3
-5059.57,-0.0506,94940.43,10765.39,0.1018,-0.323,-0.47,0.562,46,0.2174,10,36,8.1,False,True,-0.0535,0.0507,6534.03,11620.03,21,0,12,9,4,0,0,36,30,0,0,0,0,96,0.54,0.5,10,0.035,0.03,0.02,0.05,1
-5059.57,-0.0506,94940.43,10765.39,0.1018,-0.323,-0.47,0.562,46,0.2174,10,36,8.1,False,True,-0.0535,0.0507,6534.03,11620.03,21,0,12,9,4,0,0,36,30,0,0,0,0,96,0.54,0.5,10,0.035,0.03,0.02,0.05,2
-5059.57,-0.0506,94940.43,10765.39,0.1018,-0.323,-0.47,0.562,46,0.2174,10,36,8.1,False,True,-0.0535,0.0507,6534.03,11620.03,21,0,12,9,4,0,0,36,30,0,0,0,0,96,0.54,0.5,10,0.035,0.03,0.02,0.05,3
-4742.56,-0.0474,95257.44,11251.77,0.1064,-0.298,-0.421,0.794,106,0.2925,31,75,9.1,False,True,-0.0437,0.0507,19954.86,25135.64,54,2,18,25,7,0,0,96,98,0,0,2,0,202,0.54,0.5,15,0.025,0.02,0.01,0.03,1
-4742.56,-0.0474,95257.44,11251.77,0.1064,-0.298,-0.421,0.794,106,0.2925,31,75,9.1,False,True,-0.0437,0.0507,19954.86,25135.64,54,2,18,25,7,0,0,96,98,0,0,2,0,202,0.54,0.5,15,0.025,0.02,0.01,0.03,2
-4742.56,-0.0474,95257.44,11251.77,0.1064,-0.298,-0.421,0.794,106,0.2925,31,75,9.1,False,True,-0.0437,0.0507,19954.86,25135.64,54,2,18,25,7,0,0,96,98,0,0,2,0,202,0.54,0.5,15,0.025,0.02,0.01,0.03,3
-4758.99,-0.0476,95241.01,11180.69,0.1051,-0.265,-0.426,0.827,90,0.3333,30,60,8.1,False,True,-0.0437,0.0507,22730.17,27492.82,44,2,15,25,4,0,0,85,78,0,0,2,0,155,0.54,0.5,15,0.025,0.02,0.01,0.05,1
-4758.99,-0.0476,95241.01,11180.69,0.1051,-0.265,-0.426,0.827,90,0.3333,30,60,8.1,False,True,-0.0437,0.0507,22730.17,27492.82,44,2,15,25,4,0,0,85,78,0,0,2,0,155,0.54,0.5,15,0.025,0.02,0.01,0.05,2
-4758.99,-0.0476,95241.01,11180.69,0.1051,-0.265,-0.426,0.827,90,0.3333,30,60,8.1,False,True,-0.0437,0.0507,22730.17,27492.82,44,2,15,25,4,0,0,85,78,0,0,2,0,155,0.54,0.5,15,0.025,0.02,0.01,0.05,3
-4928.42,-0.0493,95071.58,11436.07,0.1082,-0.313,-0.431,0.799,116,0.3017,35,81,8.9,False,True,-0.0437,0.0507,21317.05,26682.83,59,2,18,29,8,0,0,120,116,0,0,0,0,236,0.54,0.5,15,0.025,0.02,0.02,0.03,1
-4928.42,-0.0493,95071.58,11436.07,0.1082,-0.313,-0.431,0.799,116,0.3017,35,81,8.9,False,True,-0.0437,0.0507,21317.05,26682.83,59,2,18,29,8,0,0,120,116,0,0,0,0,236,0.54,0.5,15,0.025,0.02,0.02,0.03,2
-4928.42,-0.0493,95071.58,11436.07,0.1082,-0.313,-0.431,0.799,116,0.3017,35,81,8.9,False,True,-0.0437,0.0507,21317.05,26682.83,59,2,18,29,8,0,0,120,116,0,0,0,0,236,0.54,0.5,15,0.025,0.02,0.02,0.03,3
-4938.81,-0.0494,95061.19,11159.58,0.1051,-0.278,-0.443,0.83,100,0.34,34,66,8.1,False,True,-0.0437,0.0507,24124.99,29067.46,49,2,15,29,5,0,0,109,96,0,0,0,0,189,0.54,0.5,15,0.025,0.02,0.02,0.05,1
-4938.81,-0.0494,95061.19,11159.58,0.1051,-0.278,-0.443,0.83,100,0.34,34,66,8.1,False,True,-0.0437,0.0507,24124.99,29067.46,49,2,15,29,5,0,0,109,96,0,0,0,0,189,0.54,0.5,15,0.025,0.02,0.02,0.05,2
-4938.81,-0.0494,95061.19,11159.58,0.1051,-0.278,-0.443,0.83,100,0.34,34,66,8.1,False,True,-0.0437,0.0507,24124.99,29067.46,49,2,15,29,5,0,0,109,96,0,0,0,0,189,0.54,0.5,15,0.025,0.02,0.02,0.05,3
-4204.19,-0.042,95795.81,10717.95,0.1014,-0.295,-0.392,0.816,120,0.2583,31,89,9.5,False,True,-0.0299,0.0507,20615.25,25260.14,63,2,22,25,8,0,0,174,155,0,0,17,0,286,0.54,0.5,15,0.025,0.03,0.01,0.03,1
-4204.19,-0.042,95795.81,10717.95,0.1014,-0.295,-0.392,0.816,120,0.2583,31,89,9.5,False,True,-0.0299,0.0507,20615.25,25260.14,63,2,22,25,8,0,0,174,155,0,0,17,0,286,0.54,0.5,15,0.025,0.03,0.01,0.03,2
-4204.19,-0.042,95795.81,10717.95,0.1014,-0.295,-0.392,0.816,120,0.2583,31,89,9.5,False,True,-0.0299,0.0507,20615.25,25260.14,63,2,22,25,8,0,0,174,155,0,0,17,0,286,0.54,0.5,15,0.025,0.03,0.01,0.03,3
-5442.58,-0.0544,94557.42,11148.4,0.1055,-0.396,-0.488,0.755,93,0.2688,25,68,9.3,False,True,-0.0362,0.0507,17184.66,22749.89,47,2,17,21,6,0,0,162,132,0,0,15,0,245,0.54,0.5,15,0.025,0.03,0.01,0.05,1
-5442.58,-0.0544,94557.42,11148.4,0.1055,-0.396,-0.488,0.755,93,0.2688,25,68,9.3,False,True,-0.0362,0.0507,17184.66,22749.89,47,2,17,21,6,0,0,162,132,0,0,15,0,245,0.54,0.5,15,0.025,0.03,0.01,0.05,2
-5442.58,-0.0544,94557.42,11148.4,0.1055,-0.396,-0.488,0.755,93,0.2688,25,68,9.3,False,True,-0.0362,0.0507,17184.66,22749.89,47,2,17,21,6,0,0,162,132,0,0,15,0,245,0.54,0.5,15,0.025,0.03,0.01,0.05,3
-4345.34,-0.0435,95654.66,10857.9,0.1027,-0.309,-0.4,0.821,124,0.2742,34,90,9.3,False,True,-0.0298,0.0507,21952.63,26738.02,64,2,21,28,9,0,0,166,155,0,0,9,0,298,0.54,0.5,15,0.025,0.03,0.02,0.03,1
-4345.34,-0.0435,95654.66,10857.9,0.1027,-0.309,-0.4,0.821,124,0.2742,34,90,9.3,False,True,-0.0298,0.0507,21952.63,26738.02,64,2,21,28,9,0,0,166,155,0,0,9,0,298,0.54,0.5,15,0.025,0.03,0.02,0.03,2
-4345.34,-0.0435,95654.66,10857.9,0.1027,-0.309,-0.4,0.821,124,0.2742,34,90,9.3,False,True,-0.0298,0.0507,21952.63,26738.02,64,2,21,28,9,0,0,166,155,0,0,9,0,298,0.54,0.5,15,0.025,0.03,0.02,0.03,3
-5424.11,-0.0542,94575.89,11129.93,0.1053,-0.398,-0.487,0.77,100,0.28,28,72,8.9,False,True,-0.0362,0.0507,18541.14,24087.93,51,2,16,24,7,0,0,154,133,0,0,9,0,256,0.54,0.5,15,0.025,0.03,0.02,0.05,1
-5424.11,-0.0542,94575.89,11129.93,0.1053,-0.398,-0.487,0.77,100,0.28,28,72,8.9,False,True,-0.0362,0.0507,18541.14,24087.93,51,2,16,24,7,0,0,154,133,0,0,9,0,256,0.54,0.5,15,0.025,0.03,0.02,0.05,2
-5424.11,-0.0542,94575.89,11129.93,0.1053,-0.398,-0.487,0.77,100,0.28,28,72,8.9,False,True,-0.0362,0.0507,18541.14,24087.93,51,2,16,24,7,0,0,154,133,0,0,9,0,256,0.54,0.5,15,0.025,0.03,0.02,0.05,3
-5548.71,-0.0555,94451.29,11254.53,0.1065,-0.366,-0.493,0.54,50,0.2,10,40,9.4,False,True,-0.0497,0.0507,6538.74,12115.15,22,0,13,9,6,0,0,37,32,0,0,0,0,98,0.54,0.5,15,0.035,0.02,0.01,0.03,1
-5548.71,-0.0555,94451.29,11254.53,0.1065,-0.366,-0.493,0.54,50,0.2,10,40,9.4,False,True,-0.0497,0.0507,6538.74,12115.15,22,0,13,9,6,0,0,37,32,0,0,0,0,98,0.54,0.5,15,0.035,0.02,0.01,0.03,2
-5548.71,-0.0555,94451.29,11254.53,0.1065,-0.366,-0.493,0.54,50,0.2,10,40,9.4,False,True,-0.0497,0.0507,6538.74,12115.15,22,0,13,9,6,0,0,37,32,0,0,0,0,98,0.54,0.5,15,0.035,0.02,0.01,0.03,3
-5059.57,-0.0506,94940.43,10765.39,0.1018,-0.323,-0.47,0.562,46,0.2174,10,36,8.1,False,True,-0.0535,0.0507,6534.03,11620.03,21,0,12,9,4,0,0,36,30,0,0,0,0,96,0.54,0.5,15,0.035,0.02,0.01,0.05,1
-5059.57,-0.0506,94940.43,10765.39,0.1018,-0.323,-0.47,0.562,46,0.2174,10,36,8.1,False,True,-0.0535,0.0507,6534.03,11620.03,21,0,12,9,4,0,0,36,30,0,0,0,0,96,0.54,0.5,15,0.035,0.02,0.01,0.05,2
-5059.57,-0.0506,94940.43,10765.39,0.1018,-0.323,-0.47,0.562,46,0.2174,10,36,8.1,False,True,-0.0535,0.0507,6534.03,11620.03,21,0,12,9,4,0,0,36,30,0,0,0,0,96,0.54,0.5,15,0.035,0.02,0.01,0.05,3
-5548.71,-0.0555,94451.29,11254.53,0.1065,-0.366,-0.493,0.54,50,0.2,10,40,9.4,False,True,-0.0497,0.0507,6538.74,12115.15,22,0,13,9,6,0,0,37,32,0,0,0,0,98,0.54,0.5,15,0.035,0.02,0.02,0.03,1
-5548.71,-0.0555,94451.29,11254.53,0.1065,-0.366,-0.493,0.54,50,0.2,10,40,9.4,False,True,-0.0497,0.0507,6538.74,12115.15,22,0,13,9,6,0,0,37,32,0,0,0,0,98,0.54,0.5,15,0.035,0.02,0.02,0.03,2
-5548.71,-0.0555,94451.29,11254.53,0.1065,-0.366,-0.493,0.54,50,0.2,10,40,9.4,False,True,-0.0497,0.0507,6538.74,12115.15,22,0,13,9,6,0,0,37,32,0,0,0,0,98,0.54,0.5,15,0.035,0.02,0.02,0.03,3
-5059.57,-0.0506,94940.43,10765.39,0.1018,-0.323,-0.47,0.562,46,0.2174,10,36,8.1,False,True,-0.0535,0.0507,6534.03,11620.03,21,0,12,9,4,0,0,36,30,0,0,0,0,96,0.54,0.5,15,0.035,0.02,0.02,0.05,1
-5059.57,-0.0506,94940.43,10765.39,0.1018,-0.323,-0.47,0.562,46,0.2174,10,36,8.1,False,True,-0.0535,0.0507,6534.03,11620.03,21,0,12,9,4,0,0,36,30,0,0,0,0,96,0.54,0.5,15,0.035,0.02,0.02,0.05,2
-5059.57,-0.0506,94940.43,10765.39,0.1018,-0.323,-0.47,0.562,46,0.2174,10,36,8.1,False,True,-0.0535,0.0507,6534.03,11620.03,21,0,12,9,4,0,0,36,30,0,0,0,0,96,0.54,0.5,15,0.035,0.02,0.02,0.05,3
-5548.71,-0.0555,94451.29,11254.53,0.1065,-0.366,-0.493,0.54,50,0.2,10,40,9.4,False,True,-0.0497,0.0507,6538.74,12115.15,22,0,13,9,6,0,0,37,32,0,0,0,0,98,0.54,0.5,15,0.035,0.03,0.01,0.03,1
-5548.71,-0.0555,94451.29,11254.53,0.1065,-0.366,-0.493,0.54,50,0.2,10,40,9.4,False,True,-0.0497,0.0507,6538.74,12115.15,22,0,13,9,6,0,0,37,32,0,0,0,0,98,0.54,0.5,15,0.035,0.03,0.01,0.03,2
-5548.71,-0.0555,94451.29,11254.53,0.1065,-0.366,-0.493,0.54,50,0.2,10,40,9.4,False,True,-0.0497,0.0507,6538.74,12115.15,22,0,13,9,6,0,0,37,32,0,0,0,0,98,0.54,0.5,15,0.035,0.03,0.01,0.03,3
-5059.57,-0.0506,94940.43,10765.39,0.1018,-0.323,-0.47,0.562,46,0.2174,10,36,8.1,False,True,-0.0535,0.0507,6534.03,11620.03,21,0,12,9,4,0,0,36,30,0,0,0,0,96,0.54,0.5,15,0.035,0.03,0.01,0.05,1
-5059.57,-0.0506,94940.43,10765.39,0.1018,-0.323,-0.47,0.562,46,0.2174,10,36,8.1,False,True,-0.0535,0.0507,6534.03,11620.03,21,0,12,9,4,0,0,36,30,0,0,0,0,96,0.54,0.5,15,0.035,0.03,0.01,0.05,2
-5059.57,-0.0506,94940.43,10765.39,0.1018,-0.323,-0.47,0.562,46,0.2174,10,36,8.1,False,True,-0.0535,0.0507,6534.03,11620.03,21,0,12,9,4,0,0,36,30,0,0,0,0,96,0.54,0.5,15,0.035,0.03,0.01,0.05,3
-5548.71,-0.0555,94451.29,11254.53,0.1065,-0.366,-0.493,0.54,50,0.2,10,40,9.4,False,True,-0.0497,0.0507,6538.74,12115.15,22,0,13,9,6,0,0,37,32,0,0,0,0,98,0.54,0.5,15,0.035,0.03,0.02,0.03,1
-5548.71,-0.0555,94451.29,11254.53,0.1065,-0.366,-0.493,0.54,50,0.2,10,40,9.4,False,True,-0.0497,0.0507,6538.74,12115.15,22,0,13,9,6,0,0,37,32,0,0,0,0,98,0.54,0.5,15,0.035,0.03,0.02,0.03,2
-5548.71,-0.0555,94451.29,11254.53,0.1065,-0.366,-0.493,0.54,50,0.2,10,40,9.4,False,True,-0.0497,0.0507,6538.74,12115.15,22,0,13,9,6,0,0,37,32,0,0,0,0,98,0.54,0.5,15,0.035,0.03,0.02,0.03,3
-5059.57,-0.0506,94940.43,10765.39,0.1018,-0.323,-0.47,0.562,46,0.2174,10,36,8.1,False,True,-0.0535,0.0507,6534.03,11620.03,21,0,12,9,4,0,0,36,30,0,0,0,0,96,0.54,0.5,15,0.035,0.03,0.02,0.05,1
-5059.57,-0.0506,94940.43,10765.39,0.1018,-0.323,-0.47,0.562,46,0.2174,10,36,8.1,False,True,-0.0535,0.0507,6534.03,11620.03,21,0,12,9,4,0,0,36,30,0,0,0,0,96,0.54,0.5,15,0.035,0.03,0.02,0.05,2
-5059.57,-0.0506,94940.43,10765.39,0.1018,-0.323,-0.47,0.562,46,0.2174,10,36,8.1,False,True,-0.0535,0.0507,6534.03,11620.03,21,0,12,9,4,0,0,36,30,0,0,0,0,96,0.54,0.5,15,0.035,0.03,0.02,0.05,3
-1252.0,-0.0125,98748.0,12711.86,0.114,-0.026,-0.098,0.892,26,0.3462,9,17,8.2,False,True,-0.0527,0.1013,10784.81,12095.28,10,0,4,8,4,0,0,23,10,0,0,0,0,36,0.54,1.0,5,0.025,0.02,0.01,0.03,1
-1252.0,-0.0125,98748.0,12711.86,0.114,-0.026,-0.098,0.892,26,0.3462,9,17,8.2,False,True,-0.0527,0.1013,10784.81,12095.28,10,0,4,8,4,0,0,23,10,0,0,0,0,36,0.54,1.0,5,0.025,0.02,0.01,0.03,2
-1252.0,-0.0125,98748.0,12711.86,0.114,-0.026,-0.098,0.892,26,0.3462,9,17,8.2,False,True,-0.0527,0.1013,10784.81,12095.28,10,0,4,8,4,0,0,23,10,0,0,0,0,36,0.54,1.0,5,0.025,0.02,0.01,0.03,3
-1269.23,-0.0127,98730.77,12729.08,0.1142,-0.027,-0.1,0.891,26,0.3462,9,17,8.2,False,True,-0.0529,0.1013,10801.32,12129.0,10,0,4,8,4,0,0,23,10,0,0,0,0,36,0.54,1.0,5,0.025,0.02,0.01,0.05,1
-1269.23,-0.0127,98730.77,12729.08,0.1142,-0.027,-0.1,0.891,26,0.3462,9,17,8.2,False,True,-0.0529,0.1013,10801.32,12129.0,10,0,4,8,4,0,0,23,10,0,0,0,0,36,0.54,1.0,5,0.025,0.02,0.01,0.05,2
-1269.23,-0.0127,98730.77,12729.08,0.1142,-0.027,-0.1,0.891,26,0.3462,9,17,8.2,False,True,-0.0529,0.1013,10801.32,12129.0,10,0,4,8,4,0,0,23,10,0,0,0,0,36,0.54,1.0,5,0.025,0.02,0.01,0.05,3
-1252.0,-0.0125,98748.0,12711.86,0.114,-0.026,-0.098,0.892,26,0.3462,9,17,8.2,False,True,-0.0527,0.1013,10784.81,12095.28,10,0,4,8,4,0,0,23,10,0,0,0,0,36,0.54,1.0,5,0.025,0.02,0.02,0.03,1
-1252.0,-0.0125,98748.0,12711.86,0.114,-0.026,-0.098,0.892,26,0.3462,9,17,8.2,False,True,-0.0527,0.1013,10784.81,12095.28,10,0,4,8,4,0,0,23,10,0,0,0,0,36,0.54,1.0,5,0.025,0.02,0.02,0.03,2
-1252.0,-0.0125,98748.0,12711.86,0.114,-0.026,-0.098,0.892,26,0.3462,9,17,8.2,False,True,-0.0527,0.1013,10784.81,12095.28,10,0,4,8,4,0,0,23,10,0,0,0,0,36,0.54,1.0,5,0.025,0.02,0.02,0.03,3
-1269.23,-0.0127,98730.77,12729.08,0.1142,-0.027,-0.1,0.891,26,0.3462,9,17,8.2,False,True,-0.0529,0.1013,10801.32,12129.0,10,0,4,8,4,0,0,23,10,0,0,0,0,36,0.54,1.0,5,0.025,0.02,0.02,0.05,1
-1269.23,-0.0127,98730.77,12729.08,0.1142,-0.027,-0.1,0.891,26,0.3462,9,17,8.2,False,True,-0.0529,0.1013,10801.32,12129.0,10,0,4,8,4,0,0,23,10,0,0,0,0,36,0.54,1.0,5,0.025,0.02,0.02,0.05,2
-1269.23,-0.0127,98730.77,12729.08,0.1142,-0.027,-0.1,0.891,26,0.3462,9,17,8.2,False,True,-0.0529,0.1013,10801.32,12129.0,10,0,4,8,4,0,0,23,10,0,0,0,0,36,0.54,1.0,5,0.025,0.02,0.02,0.05,3
-1252.0,-0.0125,98748.0,12711.86,0.114,-0.026,-0.098,0.892,26,0.3462,9,17,8.2,False,True,-0.0527,0.1013,10784.81,12095.28,10,0,4,8,4,0,0,23,10,0,0,0,0,36,0.54,1.0,5,0.025,0.03,0.01,0.03,1
-1252.0,-0.0125,98748.0,12711.86,0.114,-0.026,-0.098,0.892,26,0.3462,9,17,8.2,False,True,-0.0527,0.1013,10784.81,12095.28,10,0,4,8,4,0,0,23,10,0,0,0,0,36,0.54,1.0,5,0.025,0.03,0.01,0.03,2
-1252.0,-0.0125,98748.0,12711.86,0.114,-0.026,-0.098,0.892,26,0.3462,9,17,8.2,False,True,-0.0527,0.1013,10784.81,12095.28,10,0,4,8,4,0,0,23,10,0,0,0,0,36,0.54,1.0,5,0.025,0.03,0.01,0.03,3
-1269.23,-0.0127,98730.77,12729.08,0.1142,-0.027,-0.1,0.891,26,0.3462,9,17,8.2,False,True,-0.0529,0.1013,10801.32,12129.0,10,0,4,8,4,0,0,23,10,0,0,0,0,36,0.54,1.0,5,0.025,0.03,0.01,0.05,1
-1269.23,-0.0127,98730.77,12729.08,0.1142,-0.027,-0.1,0.891,26,0.3462,9,17,8.2,False,True,-0.0529,0.1013,10801.32,12129.0,10,0,4,8,4,0,0,23,10,0,0,0,0,36,0.54,1.0,5,0.025,0.03,0.01,0.05,2
-1269.23,-0.0127,98730.77,12729.08,0.1142,-0.027,-0.1,0.891,26,0.3462,9,17,8.2,False,True,-0.0529,0.1013,10801.32,12129.0,10,0,4,8,4,0,0,23,10,0,0,0,0,36,0.54,1.0,5,0.025,0.03,0.01,0.05,3
-1252.0,-0.0125,98748.0,12711.86,0.114,-0.026,-0.098,0.892,26,0.3462,9,17,8.2,False,True,-0.0527,0.1013,10784.81,12095.28,10,0,4,8,4,0,0,23,10,0,0,0,0,36,0.54,1.0,5,0.025,0.03,0.02,0.03,1
-1252.0,-0.0125,98748.0,12711.86,0.114,-0.026,-0.098,0.892,26,0.3462,9,17,8.2,False,True,-0.0527,0.1013,10784.81,12095.28,10,0,4,8,4,0,0,23,10,0,0,0,0,36,0.54,1.0,5,0.025,0.03,0.02,0.03,2
-1252.0,-0.0125,98748.0,12711.86,0.114,-0.026,-0.098,0.892,26,0.3462,9,17,8.2,False,True,-0.0527,0.1013,10784.81,12095.28,10,0,4,8,4,0,0,23,10,0,0,0,0,36,0.54,1.0,5,0.025,0.03,0.02,0.03,3
-1269.23,-0.0127,98730.77,12729.08,0.1142,-0.027,-0.1,0.891,26,0.3462,9,17,8.2,False,True,-0.0529,0.1013,10801.32,12129.0,10,0,4,8,4,0,0,23,10,0,0,0,0,36,0.54,1.0,5,0.025,0.03,0.02,0.05,1
-1269.23,-0.0127,98730.77,12729.08,0.1142,-0.027,-0.1,0.891,26,0.3462,9,17,8.2,False,True,-0.0529,0.1013,10801.32,12129.0,10,0,4,8,4,0,0,23,10,0,0,0,0,36,0.54,1.0,5,0.025,0.03,0.02,0.05,2
-1269.23,-0.0127,98730.77,12729.08,0.1142,-0.027,-0.1,0.891,26,0.3462,9,17,8.2,False,True,-0.0529,0.1013,10801.32,12129.0,10,0,4,8,4,0,0,23,10,0,0,0,0,36,0.54,1.0,5,0.025,0.03,0.02,0.05,3
-667.1,-0.0067,99332.9,12126.95,0.1088,0.003,-0.055,0.942,24,0.375,9,15,8.9,False,True,-0.0527,0.1013,10784.81,11451.92,10,0,5,8,1,0,0,23,8,0,0,0,0,37,0.54,1.0,5,0.035,0.02,0.01,0.03,1
-667.1,-0.0067,99332.9,12126.95,0.1088,0.003,-0.055,0.942,24,0.375,9,15,8.9,False,True,-0.0527,0.1013,10784.81,11451.92,10,0,5,8,1,0,0,23,8,0,0,0,0,37,0.54,1.0,5,0.035,0.02,0.01,0.03,2
-667.1,-0.0067,99332.9,12126.95,0.1088,0.003,-0.055,0.942,24,0.375,9,15,8.9,False,True,-0.0527,0.1013,10784.81,11451.92,10,0,5,8,1,0,0,23,8,0,0,0,0,37,0.54,1.0,5,0.035,0.02,0.01,0.03,3
-684.43,-0.0068,99315.57,12144.28,0.109,0.003,-0.056,0.94,24,0.375,9,15,8.9,False,True,-0.0529,0.1013,10801.32,11485.75,10,0,5,8,1,0,0,23,8,0,0,0,0,37,0.54,1.0,5,0.035,0.02,0.01,0.05,1
-684.43,-0.0068,99315.57,12144.28,0.109,0.003,-0.056,0.94,24,0.375,9,15,8.9,False,True,-0.0529,0.1013,10801.32,11485.75,10,0,5,8,1,0,0,23,8,0,0,0,0,37,0.54,1.0,5,0.035,0.02,0.01,0.05,2
-684.43,-0.0068,99315.57,12144.28,0.109,0.003,-0.056,0.94,24,0.375,9,15,8.9,False,True,-0.0529,0.1013,10801.32,11485.75,10,0,5,8,1,0,0,23,8,0,0,0,0,37,0.54,1.0,5,0.035,0.02,0.01,0.05,3
-667.1,-0.0067,99332.9,12126.95,0.1088,0.003,-0.055,0.942,24,0.375,9,15,8.9,False,True,-0.0527,0.1013,10784.81,11451.92,10,0,5,8,1,0,0,23,8,0,0,0,0,37,0.54,1.0,5,0.035,0.02,0.02,0.03,1
-667.1,-0.0067,99332.9,12126.95,0.1088,0.003,-0.055,0.942,24,0.375,9,15,8.9,False,True,-0.0527,0.1013,10784.81,11451.92,10,0,5,8,1,0,0,23,8,0,0,0,0,37,0.54,1.0,5,0.035,0.02,0.02,0.03,2
-667.1,-0.0067,99332.9,12126.95,0.1088,0.003,-0.055,0.942,24,0.375,9,15,8.9,False,True,-0.0527,0.1013,10784.81,11451.92,10,0,5,8,1,0,0,23,8,0,0,0,0,37,0.54,1.0,5,0.035,0.02,0.02,0.03,3
-684.43,-0.0068,99315.57,12144.28,0.109,0.003,-0.056,0.94,24,0.375,9,15,8.9,False,True,-0.0529,0.1013,10801.32,11485.75,10,0,5,8,1,0,0,23,8,0,0,0,0,37,0.54,1.0,5,0.035,0.02,0.02,0.05,1
-684.43,-0.0068,99315.57,12144.28,0.109,0.003,-0.056,0.94,24,0.375,9,15,8.9,False,True,-0.0529,0.1013,10801.32,11485.75,10,0,5,8,1,0,0,23,8,0,0,0,0,37,0.54,1.0,5,0.035,0.02,0.02,0.05,2
-684.43,-0.0068,99315.57,12144.28,0.109,0.003,-0.056,0.94,24,0.375,9,15,8.9,False,True,-0.0529,0.1013,10801.32,11485.75,10,0,5,8,1,0,0,23,8,0,0,0,0,37,0.54,1.0,5,0.035,0.02,0.02,0.05,3
-667.1,-0.0067,99332.9,12126.95,0.1088,0.003,-0.055,0.942,24,0.375,9,15,8.9,False,True,-0.0527,0.1013,10784.81,11451.92,10,0,5,8,1,0,0,23,8,0,0,0,0,37,0.54,1.0,5,0.035,0.03,0.01,0.03,1
-667.1,-0.0067,99332.9,12126.95,0.1088,0.003,-0.055,0.942,24,0.375,9,15,8.9,False,True,-0.0527,0.1013,10784.81,11451.92,10,0,5,8,1,0,0,23,8,0,0,0,0,37,0.54,1.0,5,0.035,0.03,0.01,0.03,2
-667.1,-0.0067,99332.9,12126.95,0.1088,0.003,-0.055,0.942,24,0.375,9,15,8.9,False,True,-0.0527,0.1013,10784.81,11451.92,10,0,5,8,1,0,0,23,8,0,0,0,0,37,0.54,1.0,5,0.035,0.03,0.01,0.03,3
-684.43,-0.0068,99315.57,12144.28,0.109,0.003,-0.056,0.94,24,0.375,9,15,8.9,False,True,-0.0529,0.1013,10801.32,11485.75,10,0,5,8,1,0,0,23,8,0,0,0,0,37,0.54,1.0,5,0.035,0.03,0.01,0.05,1
-684.43,-0.0068,99315.57,12144.28,0.109,0.003,-0.056,0.94,24,0.375,9,15,8.9,False,True,-0.0529,0.1013,10801.32,11485.75,10,0,5,8,1,0,0,23,8,0,0,0,0,37,0.54,1.0,5,0.035,0.03,0.01,0.05,2
-684.43,-0.0068,99315.57,12144.28,0.109,0.003,-0.056,0.94,24,0.375,9,15,8.9,False,True,-0.0529,0.1013,10801.32,11485.75,10,0,5,8,1,0,0,23,8,0,0,0,0,37,0.54,1.0,5,0.035,0.03,0.01,0.05,3
-667.1,-0.0067,99332.9,12126.95,0.1088,0.003,-0.055,0.942,24,0.375,9,15,8.9,False,True,-0.0527,0.1013,10784.81,11451.92,10,0,5,8,1,0,0,23,8,0,0,0,0,37,0.54,1.0,5,0.035,0.03,0.02,0.03,1
-667.1,-0.0067,99332.9,12126.95,0.1088,0.003,-0.055,0.942,24,0.375,9,15,8.9,False,True,-0.0527,0.1013,10784.81,11451.92,10,0,5,8,1,0,0,23,8,0,0,0,0,37,0.54,1.0,5,0.035,0.03,0.02,0.03,2
-667.1,-0.0067,99332.9,12126.95,0.1088,0.003,-0.055,0.942,24,0.375,9,15,8.9,False,True,-0.0527,0.1013,10784.81,11451.92,10,0,5,8,1,0,0,23,8,0,0,0,0,37,0.54,1.0,5,0.035,0.03,0.02,0.03,3
-684.43,-0.0068,99315.57,12144.28,0.109,0.003,-0.056,0.94,24,0.375,9,15,8.9,False,True,-0.0529,0.1013,10801.32,11485.75,10,0,5,8,1,0,0,23,8,0,0,0,0,37,0.54,1.0,5,0.035,0.03,0.02,0.05,1
-684.43,-0.0068,99315.57,12144.28,0.109,0.003,-0.056,0.94,24,0.375,9,15,8.9,False,True,-0.0529,0.1013,10801.32,11485.75,10,0,5,8,1,0,0,23,8,0,0,0,0,37,0.54,1.0,5,0.035,0.03,0.02,0.05,2
-684.43,-0.0068,99315.57,12144.28,0.109,0.003,-0.056,0.94,24,0.375,9,15,8.9,False,True,-0.0529,0.1013,10801.32,11485.75,10,0,5,8,1,0,0,23,8,0,0,0,0,37,0.54,1.0,5,0.035,0.03,0.02,0.05,3
-1252.0,-0.0125,98748.0,12711.86,0.114,-0.026,-0.098,0.892,26,0.3462,9,17,8.2,False,True,-0.0527,0.1013,10784.81,12095.28,10,0,4,8,4,0,0,23,10,0,0,0,0,36,0.54,1.0,10,0.025,0.02,0.01,0.03,1
-1252.0,-0.0125,98748.0,12711.86,0.114,-0.026,-0.098,0.892,26,0.3462,9,17,8.2,False,True,-0.0527,0.1013,10784.81,12095.28,10,0,4,8,4,0,0,23,10,0,0,0,0,36,0.54,1.0,10,0.025,0.02,0.01,0.03,2
-1252.0,-0.0125,98748.0,12711.86,0.114,-0.026,-0.098,0.892,26,0.3462,9,17,8.2,False,True,-0.0527,0.1013,10784.81,12095.28,10,0,4,8,4,0,0,23,10,0,0,0,0,36,0.54,1.0,10,0.025,0.02,0.01,0.03,3
-1269.23,-0.0127,98730.77,12729.08,0.1142,-0.027,-0.1,0.891,26,0.3462,9,17,8.2,False,True,-0.0529,0.1013,10801.32,12129.0,10,0,4,8,4,0,0,23,10,0,0,0,0,36,0.54,1.0,10,0.025,0.02,0.01,0.05,1
-1269.23,-0.0127,98730.77,12729.08,0.1142,-0.027,-0.1,0.891,26,0.3462,9,17,8.2,False,True,-0.0529,0.1013,10801.32,12129.0,10,0,4,8,4,0,0,23,10,0,0,0,0,36,0.54,1.0,10,0.025,0.02,0.01,0.05,2
-1269.23,-0.0127,98730.77,12729.08,0.1142,-0.027,-0.1,0.891,26,0.3462,9,17,8.2,False,True,-0.0529,0.1013,10801.32,12129.0,10,0,4,8,4,0,0,23,10,0,0,0,0,36,0.54,1.0,10,0.025,0.02,0.01,0.05,3
-1252.0,-0.0125,98748.0,12711.86,0.114,-0.026,-0.098,0.892,26,0.3462,9,17,8.2,False,True,-0.0527,0.1013,10784.81,12095.28,10,0,4,8,4,0,0,23,10,0,0,0,0,36,0.54,1.0,10,0.025,0.02,0.02,0.03,1
-1252.0,-0.0125,98748.0,12711.86,0.114,-0.026,-0.098,0.892,26,0.3462,9,17,8.2,False,True,-0.0527,0.1013,10784.81,12095.28,10,0,4,8,4,0,0,23,10,0,0,0,0,36,0.54,1.0,10,0.025,0.02,0.02,0.03,2
-1252.0,-0.0125,98748.0,12711.86,0.114,-0.026,-0.098,0.892,26,0.3462,9,17,8.2,False,True,-0.0527,0.1013,10784.81,12095.28,10,0,4,8,4,0,0,23,10,0,0,0,0,36,0.54,1.0,10,0.025,0.02,0.02,0.03,3
-1269.23,-0.0127,98730.77,12729.08,0.1142,-0.027,-0.1,0.891,26,0.3462,9,17,8.2,False,True,-0.0529,0.1013,10801.32,12129.0,10,0,4,8,4,0,0,23,10,0,0,0,0,36,0.54,1.0,10,0.025,0.02,0.02,0.05,1
-1269.23,-0.0127,98730.77,12729.08,0.1142,-0.027,-0.1,0.891,26,0.3462,9,17,8.2,False,True,-0.0529,0.1013,10801.32,12129.0,10,0,4,8,4,0,0,23,10,0,0,0,0,36,0.54,1.0,10,0.025,0.02,0.02,0.05,2
-1269.23,-0.0127,98730.77,12729.08,0.1142,-0.027,-0.1,0.891,26,0.3462,9,17,8.2,False,True,-0.0529,0.1013,10801.32,12129.0,10,0,4,8,4,0,0,23,10,0,0,0,0,36,0.54,1.0,10,0.025,0.02,0.02,0.05,3
-1252.0,-0.0125,98748.0,12711.86,0.114,-0.026,-0.098,0.892,26,0.3462,9,17,8.2,False,True,-0.0527,0.1013,10784.81,12095.28,10,0,4,8,4,0,0,23,10,0,0,0,0,36,0.54,1.0,10,0.025,0.03,0.01,0.03,1
-1252.0,-0.0125,98748.0,12711.86,0.114,-0.026,-0.098,0.892,26,0.3462,9,17,8.2,False,True,-0.0527,0.1013,10784.81,12095.28,10,0,4,8,4,0,0,23,10,0,0,0,0,36,0.54,1.0,10,0.025,0.03,0.01,0.03,2
-1252.0,-0.0125,98748.0,12711.86,0.114,-0.026,-0.098,0.892,26,0.3462,9,17,8.2,False,True,-0.0527,0.1013,10784.81,12095.28,10,0,4,8,4,0,0,23,10,0,0,0,0,36,0.54,1.0,10,0.025,0.03,0.01,0.03,3
-1269.23,-0.0127,98730.77,12729.08,0.1142,-0.027,-0.1,0.891,26,0.3462,9,17,8.2,False,True,-0.0529,0.1013,10801.32,12129.0,10,0,4,8,4,0,0,23,10,0,0,0,0,36,0.54,1.0,10,0.025,0.03,0.01,0.05,1
-1269.23,-0.0127,98730.77,12729.08,0.1142,-0.027,-0.1,0.891,26,0.3462,9,17,8.2,False,True,-0.0529,0.1013,10801.32,12129.0,10,0,4,8,4,0,0,23,10,0,0,0,0,36,0.54,1.0,10,0.025,0.03,0.01,0.05,2
-1269.23,-0.0127,98730.77,12729.08,0.1142,-0.027,-0.1,0.891,26,0.3462,9,17,8.2,False,True,-0.0529,0.1013,10801.32,12129.0,10,0,4,8,4,0,0,23,10,0,0,0,0,36,0.54,1.0,10,0.025,0.03,0.01,0.05,3
-1252.0,-0.0125,98748.0,12711.86,0.114,-0.026,-0.098,0.892,26,0.3462,9,17,8.2,False,True,-0.0527,0.1013,10784.81,12095.28,10,0,4,8,4,0,0,23,10,0,0,0,0,36,0.54,1.0,10,0.025,0.03,0.02,0.03,1
-1252.0,-0.0125,98748.0,12711.86,0.114,-0.026,-0.098,0.892,26,0.3462,9,17,8.2,False,True,-0.0527,0.1013,10784.81,12095.28,10,0,4,8,4,0,0,23,10,0,0,0,0,36,0.54,1.0,10,0.025,0.03,0.02,0.03,2
-1252.0,-0.0125,98748.0,12711.86,0.114,-0.026,-0.098,0.892,26,0.3462,9,17,8.2,False,True,-0.0527,0.1013,10784.81,12095.28,10,0,4,8,4,0,0,23,10,0,0,0,0,36,0.54,1.0,10,0.025,0.03,0.02,0.03,3
-1269.23,-0.0127,98730.77,12729.08,0.1142,-0.027,-0.1,0.891,26,0.3462,9,17,8.2,False,True,-0.0529,0.1013,10801.32,12129.0,10,0,4,8,4,0,0,23,10,0,0,0,0,36,0.54,1.0,10,0.025,0.03,0.02,0.05,1
-1269.23,-0.0127,98730.77,12729.08,0.1142,-0.027,-0.1,0.891,26,0.3462,9,17,8.2,False,True,-0.0529,0.1013,10801.32,12129.0,10,0,4,8,4,0,0,23,10,0,0,0,0,36,0.54,1.0,10,0.025,0.03,0.02,0.05,2
-1269.23,-0.0127,98730.77,12729.08,0.1142,-0.027,-0.1,0.891,26,0.3462,9,17,8.2,False,True,-0.0529,0.1013,10801.32,12129.0,10,0,4,8,4,0,0,23,10,0,0,0,0,36,0.54,1.0,10,0.025,0.03,0.02,0.05,3
-667.1,-0.0067,99332.9,12126.95,0.1088,0.003,-0.055,0.942,24,0.375,9,15,8.9,False,True,-0.0527,0.1013,10784.81,11451.92,10,0,5,8,1,0,0,23,8,0,0,0,0,37,0.54,1.0,10,0.035,0.02,0.01,0.03,1
-667.1,-0.0067,99332.9,12126.95,0.1088,0.003,-0.055,0.942,24,0.375,9,15,8.9,False,True,-0.0527,0.1013,10784.81,11451.92,10,0,5,8,1,0,0,23,8,0,0,0,0,37,0.54,1.0,10,0.035,0.02,0.01,0.03,2
-667.1,-0.0067,99332.9,12126.95,0.1088,0.003,-0.055,0.942,24,0.375,9,15,8.9,False,True,-0.0527,0.1013,10784.81,11451.92,10,0,5,8,1,0,0,23,8,0,0,0,0,37,0.54,1.0,10,0.035,0.02,0.01,0.03,3
-684.43,-0.0068,99315.57,12144.28,0.109,0.003,-0.056,0.94,24,0.375,9,15,8.9,False,True,-0.0529,0.1013,10801.32,11485.75,10,0,5,8,1,0,0,23,8,0,0,0,0,37,0.54,1.0,10,0.035,0.02,0.01,0.05,1
-684.43,-0.0068,99315.57,12144.28,0.109,0.003,-0.056,0.94,24,0.375,9,15,8.9,False,True,-0.0529,0.1013,10801.32,11485.75,10,0,5,8,1,0,0,23,8,0,0,0,0,37,0.54,1.0,10,0.035,0.02,0.01,0.05,2
-684.43,-0.0068,99315.57,12144.28,0.109,0.003,-0.056,0.94,24,0.375,9,15,8.9,False,True,-0.0529,0.1013,10801.32,11485.75,10,0,5,8,1,0,0,23,8,0,0,0,0,37,0.54,1.0,10,0.035,0.02,0.01,0.05,3
-667.1,-0.0067,99332.9,12126.95,0.1088,0.003,-0.055,0.942,24,0.375,9,15,8.9,False,True,-0.0527,0.1013,10784.81,11451.92,10,0,5,8,1,0,0,23,8,0,0,0,0,37,0.54,1.0,10,0.035,0.02,0.02,0.03,1
-667.1,-0.0067,99332.9,12126.95,0.1088,0.003,-0.055,0.942,24,0.375,9,15,8.9,False,True,-0.0527,0.1013,10784.81,11451.92,10,0,5,8,1,0,0,23,8,0,0,0,0,37,0.54,1.0,10,0.035,0.02,0.02,0.03,2
-667.1,-0.0067,99332.9,12126.95,0.1088,0.003,-0.055,0.942,24,0.375,9,15,8.9,False,True,-0.0527,0.1013,10784.81,11451.92,10,0,5,8,1,0,0,23,8,0,0,0,0,37,0.54,1.0,10,0.035,0.02,0.02,0.03,3
-684.43,-0.0068,99315.57,12144.28,0.109,0.003,-0.056,0.94,24,0.375,9,15,8.9,False,True,-0.0529,0.1013,10801.32,11485.75,10,0,5,8,1,0,0,23,8,0,0,0,0,37,0.54,1.0,10,0.035,0.02,0.02,0.05,1
-684.43,-0.0068,99315.57,12144.28,0.109,0.003,-0.056,0.94,24,0.375,9,15,8.9,False,True,-0.0529,0.1013,10801.32,11485.75,10,0,5,8,1,0,0,23,8,0,0,0,0,37,0.54,1.0,10,0.035,0.02,0.02,0.05,2
-684.43,-0.0068,99315.57,12144.28,0.109,0.003,-0.056,0.94,24,0.375,9,15,8.9,False,True,-0.0529,0.1013,10801.32,11485.75,10,0,5,8,1,0,0,23,8,0,0,0,0,37,0.54,1.0,10,0.035,0.02,0.02,0.05,3
-667.1,-0.0067,99332.9,12126.95,0.1088,0.003,-0.055,0.942,24,0.375,9,15,8.9,False,True,-0.0527,0.1013,10784.81,11451.92,10,0,5,8,1,0,0,23,8,0,0,0,0,37,0.54,1.0,10,0.035,0.03,0.01,0.03,1
-667.1,-0.0067,99332.9,12126.95,0.1088,0.003,-0.055,0.942,24,0.375,9,15,8.9,False,True,-0.0527,0.1013,10784.81,11451.92,10,0,5,8,1,0,0,23,8,0,0,0,0,37,0.54,1.0,10,0.035,0.03,0.01,0.03,2
-667.1,-0.0067,99332.9,12126.95,0.1088,0.003,-0.055,0.942,24,0.375,9,15,8.9,False,True,-0.0527,0.1013,10784.81,11451.92,10,0,5,8,1,0,0,23,8,0,0,0,0,37,0.54,1.0,10,0.035,0.03,0.01,0.03,3
-684.43,-0.0068,99315.57,12144.28,0.109,0.003,-0.056,0.94,24,0.375,9,15,8.9,False,True,-0.0529,0.1013,10801.32,11485.75,10,0,5,8,1,0,0,23,8,0,0,0,0,37,0.54,1.0,10,0.035,0.03,0.01,0.05,1
-684.43,-0.0068,99315.57,12144.28,0.109,0.003,-0.056,0.94,24,0.375,9,15,8.9,False,True,-0.0529,0.1013,10801.32,11485.75,10,0,5,8,1,0,0,23,8,0,0,0,0,37,0.54,1.0,10,0.035,0.03,0.01,0.05,2
-684.43,-0.0068,99315.57,12144.28,0.109,0.003,-0.056,0.94,24,0.375,9,15,8.9,False,True,-0.0529,0.1013,10801.32,11485.75,10,0,5,8,1,0,0,23,8,0,0,0,0,37,0.54,1.0,10,0.035,0.03,0.01,0.05,3
-667.1,-0.0067,99332.9,12126.95,0.1088,0.003,-0.055,0.942,24,0.375,9,15,8.9,False,True,-0.0527,0.1013,10784.81,11451.92,10,0,5,8,1,0,0,23,8,0,0,0,0,37,0.54,1.0,10,0.035,0.03,0.02,0.03,1
-667.1,-0.0067,99332.9,12126.95,0.1088,0.003,-0.055,0.942,24,0.375,9,15,8.9,False,True,-0.0527,0.1013,10784.81,11451.92,10,0,5,8,1,0,0,23,8,0,0,0,0,37,0.54,1.0,10,0.035,0.03,0.02,0.03,2
-667.1,-0.0067,99332.9,12126.95,0.1088,0.003,-0.055,0.942,24,0.375,9,15,8.9,False,True,-0.0527,0.1013,10784.81,11451.92,10,0,5,8,1,0,0,23,8,0,0,0,0,37,0.54,1.0,10,0.035,0.03,0.02,0.03,3
-684.43,-0.0068,99315.57,12144.28,0.109,0.003,-0.056,0.94,24,0.375,9,15,8.9,False,True,-0.0529,0.1013,10801.32,11485.75,10,0,5,8,1,0,0,23,8,0,0,0,0,37,0.54,1.0,10,0.035,0.03,0.02,0.05,1
-684.43,-0.0068,99315.57,12144.28,0.109,0.003,-0.056,0.94,24,0.375,9,15,8.9,False,True,-0.0529,0.1013,10801.32,11485.75,10,0,5,8,1,0,0,23,8,0,0,0,0,37,0.54,1.0,10,0.035,0.03,0.02,0.05,2
-684.43,-0.0068,99315.57,12144.28,0.109,0.003,-0.056,0.94,24,0.375,9,15,8.9,False,True,-0.0529,0.1013,10801.32,11485.75,10,0,5,8,1,0,0,23,8,0,0,0,0,37,0.54,1.0,10,0.035,0.03,0.02,0.05,3
-1252.0,-0.0125,98748.0,12711.86,0.114,-0.026,-0.098,0.892,26,0.3462,9,17,8.2,False,True,-0.0527,0.1013,10784.81,12095.28,10,0,4,8,4,0,0,23,10,0,0,0,0,36,0.54,1.0,15,0.025,0.02,0.01,0.03,1
-1252.0,-0.0125,98748.0,12711.86,0.114,-0.026,-0.098,0.892,26,0.3462,9,17,8.2,False,True,-0.0527,0.1013,10784.81,12095.28,10,0,4,8,4,0,0,23,10,0,0,0,0,36,0.54,1.0,15,0.025,0.02,0.01,0.03,2
-1252.0,-0.0125,98748.0,12711.86,0.114,-0.026,-0.098,0.892,26,0.3462,9,17,8.2,False,True,-0.0527,0.1013,10784.81,12095.28,10,0,4,8,4,0,0,23,10,0,0,0,0,36,0.54,1.0,15,0.025,0.02,0.01,0.03,3
-1269.23,-0.0127,98730.77,12729.08,0.1142,-0.027,-0.1,0.891,26,0.3462,9,17,8.2,False,True,-0.0529,0.1013,10801.32,12129.0,10,0,4,8,4,0,0,23,10,0,0,0,0,36,0.54,1.0,15,0.025,0.02,0.01,0.05,1
-1269.23,-0.0127,98730.77,12729.08,0.1142,-0.027,-0.1,0.891,26,0.3462,9,17,8.2,False,True,-0.0529,0.1013,10801.32,12129.0,10,0,4,8,4,0,0,23,10,0,0,0,0,36,0.54,1.0,15,0.025,0.02,0.01,0.05,2
-1269.23,-0.0127,98730.77,12729.08,0.1142,-0.027,-0.1,0.891,26,0.3462,9,17,8.2,False,True,-0.0529,0.1013,10801.32,12129.0,10,0,4,8,4,0,0,23,10,0,0,0,0,36,0.54,1.0,15,0.025,0.02,0.01,0.05,3
-1252.0,-0.0125,98748.0,12711.86,0.114,-0.026,-0.098,0.892,26,0.3462,9,17,8.2,False,True,-0.0527,0.1013,10784.81,12095.28,10,0,4,8,4,0,0,23,10,0,0,0,0,36,0.54,1.0,15,0.025,0.02,0.02,0.03,1
-1252.0,-0.0125,98748.0,12711.86,0.114,-0.026,-0.098,0.892,26,0.3462,9,17,8.2,False,True,-0.0527,0.1013,10784.81,12095.28,10,0,4,8,4,0,0,23,10,0,0,0,0,36,0.54,1.0,15,0.025,0.02,0.02,0.03,2
-1252.0,-0.0125,98748.0,12711.86,0.114,-0.026,-0.098,0.892,26,0.3462,9,17,8.2,False,True,-0.0527,0.1013,10784.81,12095.28,10,0,4,8,4,0,0,23,10,0,0,0,0,36,0.54,1.0,15,0.025,0.02,0.02,0.03,3
-1269.23,-0.0127,98730.77,12729.08,0.1142,-0.027,-0.1,0.891,26,0.3462,9,17,8.2,False,True,-0.0529,0.1013,10801.32,12129.0,10,0,4,8,4,0,0,23,10,0,0,0,0,36,0.54,1.0,15,0.025,0.02,0.02,0.05,1
-1269.23,-0.0127,98730.77,12729.08,0.1142,-0.027,-0.1,0.891,26,0.3462,9,17,8.2,False,True,-0.0529,0.1013,10801.32,12129.0,10,0,4,8,4,0,0,23,10,0,0,0,0,36,0.54,1.0,15,0.025,0.02,0.02,0.05,2
-1269.23,-0.0127,98730.77,12729.08,0.1142,-0.027,-0.1,0.891,26,0.3462,9,17,8.2,False,True,-0.0529,0.1013,10801.32,12129.0,10,0,4,8,4,0,0,23,10,0,0,0,0,36,0.54,1.0,15,0.025,0.02,0.02,0.05,3
-1252.0,-0.0125,98748.0,12711.86,0.114,-0.026,-0.098,0.892,26,0.3462,9,17,8.2,False,True,-0.0527,0.1013,10784.81,12095.28,10,0,4,8,4,0,0,23,10,0,0,0,0,36,0.54,1.0,15,0.025,0.03,0.01,0.03,1
-1252.0,-0.0125,98748.0,12711.86,0.114,-0.026,-0.098,0.892,26,0.3462,9,17,8.2,False,True,-0.0527,0.1013,10784.81,12095.28,10,0,4,8,4,0,0,23,10,0,0,0,0,36,0.54,1.0,15,0.025,0.03,0.01,0.03,2
-1252.0,-0.0125,98748.0,12711.86,0.114,-0.026,-0.098,0.892,26,0.3462,9,17,8.2,False,True,-0.0527,0.1013,10784.81,12095.28,10,0,4,8,4,0,0,23,10,0,0,0,0,36,0.54,1.0,15,0.025,0.03,0.01,0.03,3
-1269.23,-0.0127,98730.77,12729.08,0.1142,-0.027,-0.1,0.891,26,0.3462,9,17,8.2,False,True,-0.0529,0.1013,10801.32,12129.0,10,0,4,8,4,0,0,23,10,0,0,0,0,36,0.54,1.0,15,0.025,0.03,0.01,0.05,1
-1269.23,-0.0127,98730.77,12729.08,0.1142,-0.027,-0.1,0.891,26,0.3462,9,17,8.2,False,True,-0.0529,0.1013,10801.32,12129.0,10,0,4,8,4,0,0,23,10,0,0,0,0,36,0.54,1.0,15,0.025,0.03,0.01,0.05,2
-1269.23,-0.0127,98730.77,12729.08,0.1142,-0.027,-0.1,0.891,26,0.3462,9,17,8.2,False,True,-0.0529,0.1013,10801.32,12129.0,10,0,4,8,4,0,0,23,10,0,0,0,0,36,0.54,1.0,15,0.025,0.03,0.01,0.05,3
-1252.0,-0.0125,98748.0,12711.86,0.114,-0.026,-0.098,0.892,26,0.3462,9,17,8.2,False,True,-0.0527,0.1013,10784.81,12095.28,10,0,4,8,4,0,0,23,10,0,0,0,0,36,0.54,1.0,15,0.025,0.03,0.02,0.03,1
-1252.0,-0.0125,98748.0,12711.86,0.114,-0.026,-0.098,0.892,26,0.3462,9,17,8.2,False,True,-0.0527,0.1013,10784.81,12095.28,10,0,4,8,4,0,0,23,10,0,0,0,0,36,0.54,1.0,15,0.025,0.03,0.02,0.03,2
-1252.0,-0.0125,98748.0,12711.86,0.114,-0.026,-0.098,0.892,26,0.3462,9,17,8.2,False,True,-0.0527,0.1013,10784.81,12095.28,10,0,4,8,4,0,0,23,10,0,0,0,0,36,0.54,1.0,15,0.025,0.03,0.02,0.03,3
-1269.23,-0.0127,98730.77,12729.08,0.1142,-0.027,-0.1,0.891,26,0.3462,9,17,8.2,False,True,-0.0529,0.1013,10801.32,12129.0,10,0,4,8,4,0,0,23,10,0,0,0,0,36,0.54,1.0,15,0.025,0.03,0.02,0.05,1
-1269.23,-0.0127,98730.77,12729.08,0.1142,-0.027,-0.1,0.891,26,0.3462,9,17,8.2,False,True,-0.0529,0.1013,10801.32,12129.0,10,0,4,8,4,0,0,23,10,0,0,0,0,36,0.54,1.0,15,0.025,0.03,0.02,0.05,2
-1269.23,-0.0127,98730.77,12729.08,0.1142,-0.027,-0.1,0.891,26,0.3462,9,17,8.2,False,True,-0.0529,0.1013,10801.32,12129.0,10,0,4,8,4,0,0,23,10,0,0,0,0,36,0.54,1.0,15,0.025,0.03,0.02,0.05,3
-667.1,-0.0067,99332.9,12126.95,0.1088,0.003,-0.055,0.942,24,0.375,9,15,8.9,False,True,-0.0527,0.1013,10784.81,11451.92,10,0,5,8,1,0,0,23,8,0,0,0,0,37,0.54,1.0,15,0.035,0.02,0.01,0.03,1
-667.1,-0.0067,99332.9,12126.95,0.1088,0.003,-0.055,0.942,24,0.375,9,15,8.9,False,True,-0.0527,0.1013,10784.81,11451.92,10,0,5,8,1,0,0,23,8,0,0,0,0,37,0.54,1.0,15,0.035,0.02,0.01,0.03,2
-667.1,-0.0067,99332.9,12126.95,0.1088,0.003,-0.055,0.942,24,0.375,9,15,8.9,False,True,-0.0527,0.1013,10784.81,11451.92,10,0,5,8,1,0,0,23,8,0,0,0,0,37,0.54,1.0,15,0.035,0.02,0.01,0.03,3
-684.43,-0.0068,99315.57,12144.28,0.109,0.003,-0.056,0.94,24,0.375,9,15,8.9,False,True,-0.0529,0.1013,10801.32,11485.75,10,0,5,8,1,0,0,23,8,0,0,0,0,37,0.54,1.0,15,0.035,0.02,0.01,0.05,1
-684.43,-0.0068,99315.57,12144.28,0.109,0.003,-0.056,0.94,24,0.375,9,15,8.9,False,True,-0.0529,0.1013,10801.32,11485.75,10,0,5,8,1,0,0,23,8,0,0,0,0,37,0.54,1.0,15,0.035,0.02,0.01,0.05,2
-684.43,-0.0068,99315.57,12144.28,0.109,0.003,-0.056,0.94,24,0.375,9,15,8.9,False,True,-0.0529,0.1013,10801.32,11485.75,10,0,5,8,1,0,0,23,8,0,0,0,0,37,0.54,1.0,15,0.035,0.02,0.01,0.05,3
-667.1,-0.0067,99332.9,12126.95,0.1088,0.003,-0.055,0.942,24,0.375,9,15,8.9,False,True,-0.0527,0.1013,10784.81,11451.92,10,0,5,8,1,0,0,23,8,0,0,0,0,37,0.54,1.0,15,0.035,0.02,0.02,0.03,1
-667.1,-0.0067,99332.9,12126.95,0.1088,0.003,-0.055,0.942,24,0.375,9,15,8.9,False,True,-0.0527,0.1013,10784.81,11451.92,10,0,5,8,1,0,0,23,8,0,0,0,0,37,0.54,1.0,15,0.035,0.02,0.02,0.03,2
-667.1,-0.0067,99332.9,12126.95,0.1088,0.003,-0.055,0.942,24,0.375,9,15,8.9,False,True,-0.0527,0.1013,10784.81,11451.92,10,0,5,8,1,0,0,23,8,0,0,0,0,37,0.54,1.0,15,0.035,0.02,0.02,0.03,3
-684.43,-0.0068,99315.57,12144.28,0.109,0.003,-0.056,0.94,24,0.375,9,15,8.9,False,True,-0.0529,0.1013,10801.32,11485.75,10,0,5,8,1,0,0,23,8,0,0,0,0,37,0.54,1.0,15,0.035,0.02,0.02,0.05,1
-684.43,-0.0068,99315.57,12144.28,0.109,0.003,-0.056,0.94,24,0.375,9,15,8.9,False,True,-0.0529,0.1013,10801.32,11485.75,10,0,5,8,1,0,0,23,8,0,0,0,0,37,0.54,1.0,15,0.035,0.02,0.02,0.05,2
-684.43,-0.0068,99315.57,12144.28,0.109,0.003,-0.056,0.94,24,0.375,9,15,8.9,False,True,-0.0529,0.1013,10801.32,11485.75,10,0,5,8,1,0,0,23,8,0,0,0,0,37,0.54,1.0,15,0.035,0.02,0.02,0.05,3
-667.1,-0.0067,99332.9,12126.95,0.1088,0.003,-0.055,0.942,24,0.375,9,15,8.9,False,True,-0.0527,0.1013,10784.81,11451.92,10,0,5,8,1,0,0,23,8,0,0,0,0,37,0.54,1.0,15,0.035,0.03,0.01,0.03,1
-667.1,-0.0067,99332.9,12126.95,0.1088,0.003,-0.055,0.942,24,0.375,9,15,8.9,False,True,-0.0527,0.1013,10784.81,11451.92,10,0,5,8,1,0,0,23,8,0,0,0,0,37,0.54,1.0,15,0.035,0.03,0.01,0.03,2
-667.1,-0.0067,99332.9,12126.95,0.1088,0.003,-0.055,0.942,24,0.375,9,15,8.9,False,True,-0.0527,0.1013,10784.81,11451.92,10,0,5,8,1,0,0,23,8,0,0,0,0,37,0.54,1.0,15,0.035,0.03,0.01,0.03,3
-684.43,-0.0068,99315.57,12144.28,0.109,0.003,-0.056,0.94,24,0.375,9,15,8.9,False,True,-0.0529,0.1013,10801.32,11485.75,10,0,5,8,1,0,0,23,8,0,0,0,0,37,0.54,1.0,15,0.035,0.03,0.01,0.05,1
-684.43,-0.0068,99315.57,12144.28,0.109,0.003,-0.056,0.94,24,0.375,9,15,8.9,False,True,-0.0529,0.1013,10801.32,11485.75,10,0,5,8,1,0,0,23,8,0,0,0,0,37,0.54,1.0,15,0.035,0.03,0.01,0.05,2
-684.43,-0.0068,99315.57,12144.28,0.109,0.003,-0.056,0.94,24,0.375,9,15,8.9,False,True,-0.0529,0.1013,10801.32,11485.75,10,0,5,8,1,0,0,23,8,0,0,0,0,37,0.54,1.0,15,0.035,0.03,0.01,0.05,3
-667.1,-0.0067,99332.9,12126.95,0.1088,0.003,-0.055,0.942,24,0.375,9,15,8.9,False,True,-0.0527,0.1013,10784.81,11451.92,10,0,5,8,1,0,0,23,8,0,0,0,0,37,0.54,1.0,15,0.035,0.03,0.02,0.03,1
-667.1,-0.0067,99332.9,12126.95,0.1088,0.003,-0.055,0.942,24,0.375,9,15,8.9,False,True,-0.0527,0.1013,10784.81,11451.92,10,0,5,8,1,0,0,23,8,0,0,0,0,37,0.54,1.0,15,0.035,0.03,0.02,0.03,2
-667.1,-0.0067,99332.9,12126.95,0.1088,0.003,-0.055,0.942,24,0.375,9,15,8.9,False,True,-0.0527,0.1013,10784.81,11451.92,10,0,5,8,1,0,0,23,8,0,0,0,0,37,0.54,1.0,15,0.035,0.03,0.02,0.03,3
-684.43,-0.0068,99315.57,12144.28,0.109,0.003,-0.056,0.94,24,0.375,9,15,8.9,False,True,-0.0529,0.1013,10801.32,11485.75,10,0,5,8,1,0,0,23,8,0,0,0,0,37,0.54,1.0,15,0.035,0.03,0.02,0.05,1
-684.43,-0.0068,99315.57,12144.28,0.109,0.003,-0.056,0.94,24,0.375,9,15,8.9,False,True,-0.0529,0.1013,10801.32,11485.75,10,0,5,8,1,0,0,23,8,0,0,0,0,37,0.54,1.0,15,0.035,0.03,0.02,0.05,2
-684.43,-0.0068,99315.57,12144.28,0.109,0.003,-0.056,0.94,24,0.375,9,15,8.9,False,True,-0.0529,0.1013,10801.32,11485.75,10,0,5,8,1,0,0,23,8,0,0,0,0,37,0.54,1.0,15,0.035,0.03,0.02,0.05,3
4808.18,0.0481,104808.18,12565.66,0.1072,0.209,0.383,1.274,22,0.3182,7,15,7.9,False,True,-0.0491,0.1519,16110.1,12648.64,9,0,3,6,4,0,0,22,8,0,0,0,0,34,0.54,1.5,5,0.025,0.02,0.01,0.03,1
4808.18,0.0481,104808.18,12565.66,0.1072,0.209,0.383,1.274,22,0.3182,7,15,7.9,False,True,-0.0491,0.1519,16110.1,12648.64,9,0,3,6,4,0,0,22,8,0,0,0,0,34,0.54,1.5,5,0.025,0.02,0.01,0.03,2
4808.18,0.0481,104808.18,12565.66,0.1072,0.209,0.383,1.274,22,0.3182,7,15,7.9,False,True,-0.0491,0.1519,16110.1,12648.64,9,0,3,6,4,0,0,22,8,0,0,0,0,34,0.54,1.5,5,0.025,0.02,0.01,0.03,3
6073.55,0.0607,106073.55,11809.64,0.1007,0.247,0.514,1.418,20,0.35,7,13,8.2,False,True,-0.0791,0.1519,16110.09,11358.71,7,0,3,6,4,0,0,16,7,0,0,0,0,29,0.54,1.5,5,0.025,0.02,0.01,0.05,1
6073.55,0.0607,106073.55,11809.64,0.1007,0.247,0.514,1.418,20,0.35,7,13,8.2,False,True,-0.0791,0.1519,16110.09,11358.71,7,0,3,6,4,0,0,16,7,0,0,0,0,29,0.54,1.5,5,0.025,0.02,0.01,0.05,2
6073.55,0.0607,106073.55,11809.64,0.1007,0.247,0.514,1.418,20,0.35,7,13,8.2,False,True,-0.0791,0.1519,16110.09,11358.71,7,0,3,6,4,0,0,16,7,0,0,0,0,29,0.54,1.5,5,0.025,0.02,0.01,0.05,3
4808.18,0.0481,104808.18,12565.66,0.1072,0.209,0.383,1.274,22,0.3182,7,15,7.9,False,True,-0.0491,0.1519,16110.1,12648.64,9,0,3,6,4,0,0,22,8,0,0,0,0,34,0.54,1.5,5,0.025,0.02,0.02,0.03,1
4808.18,0.0481,104808.18,12565.66,0.1072,0.209,0.383,1.274,22,0.3182,7,15,7.9,False,True,-0.0491,0.1519,16110.1,12648.64,9,0,3,6,4,0,0,22,8,0,0,0,0,34,0.54,1.5,5,0.025,0.02,0.02,0.03,2
4808.18,0.0481,104808.18,12565.66,0.1072,0.209,0.383,1.274,22,0.3182,7,15,7.9,False,True,-0.0491,0.1519,16110.1,12648.64,9,0,3,6,4,0,0,22,8,0,0,0,0,34,0.54,1.5,5,0.025,0.02,0.02,0.03,3
6073.55,0.0607,106073.55,11809.64,0.1007,0.247,0.514,1.418,20,0.35,7,13,8.2,False,True,-0.0791,0.1519,16110.09,11358.71,7,0,3,6,4,0,0,16,7,0,0,0,0,29,0.54,1.5,5,0.025,0.02,0.02,0.05,1
6073.55,0.0607,106073.55,11809.64,0.1007,0.247,0.514,1.418,20,0.35,7,13,8.2,False,True,-0.0791,0.1519,16110.09,11358.71,7,0,3,6,4,0,0,16,7,0,0,0,0,29,0.54,1.5,5,0.025,0.02,0.02,0.05,2
6073.55,0.0607,106073.55,11809.64,0.1007,0.247,0.514,1.418,20,0.35,7,13,8.2,False,True,-0.0791,0.1519,16110.09,11358.71,7,0,3,6,4,0,0,16,7,0,0,0,0,29,0.54,1.5,5,0.025,0.02,0.02,0.05,3
4808.18,0.0481,104808.18,12565.66,0.1072,0.209,0.383,1.274,22,0.3182,7,15,7.9,False,True,-0.0491,0.1519,16110.1,12648.64,9,0,3,6,4,0,0,22,8,0,0,0,0,34,0.54,1.5,5,0.025,0.03,0.01,0.03,1
4808.18,0.0481,104808.18,12565.66,0.1072,0.209,0.383,1.274,22,0.3182,7,15,7.9,False,True,-0.0491,0.1519,16110.1,12648.64,9,0,3,6,4,0,0,22,8,0,0,0,0,34,0.54,1.5,5,0.025,0.03,0.01,0.03,2
4808.18,0.0481,104808.18,12565.66,0.1072,0.209,0.383,1.274,22,0.3182,7,15,7.9,False,True,-0.0491,0.1519,16110.1,12648.64,9,0,3,6,4,0,0,22,8,0,0,0,0,34,0.54,1.5,5,0.025,0.03,0.01,0.03,3
6073.55,0.0607,106073.55,11809.64,0.1007,0.247,0.514,1.418,20,0.35,7,13,8.2,False,True,-0.0791,0.1519,16110.09,11358.71,7,0,3,6,4,0,0,16,7,0,0,0,0,29,0.54,1.5,5,0.025,0.03,0.01,0.05,1
6073.55,0.0607,106073.55,11809.64,0.1007,0.247,0.514,1.418,20,0.35,7,13,8.2,False,True,-0.0791,0.1519,16110.09,11358.71,7,0,3,6,4,0,0,16,7,0,0,0,0,29,0.54,1.5,5,0.025,0.03,0.01,0.05,2
6073.55,0.0607,106073.55,11809.64,0.1007,0.247,0.514,1.418,20,0.35,7,13,8.2,False,True,-0.0791,0.1519,16110.09,11358.71,7,0,3,6,4,0,0,16,7,0,0,0,0,29,0.54,1.5,5,0.025,0.03,0.01,0.05,3
4808.18,0.0481,104808.18,12565.66,0.1072,0.209,0.383,1.274,22,0.3182,7,15,7.9,False,True,-0.0491,0.1519,16110.1,12648.64,9,0,3,6,4,0,0,22,8,0,0,0,0,34,0.54,1.5,5,0.025,0.03,0.02,0.03,1
4808.18,0.0481,104808.18,12565.66,0.1072,0.209,0.383,1.274,22,0.3182,7,15,7.9,False,True,-0.0491,0.1519,16110.1,12648.64,9,0,3,6,4,0,0,22,8,0,0,0,0,34,0.54,1.5,5,0.025,0.03,0.02,0.03,2
4808.18,0.0481,104808.18,12565.66,0.1072,0.209,0.383,1.274,22,0.3182,7,15,7.9,False,True,-0.0491,0.1519,16110.1,12648.64,9,0,3,6,4,0,0,22,8,0,0,0,0,34,0.54,1.5,5,0.025,0.03,0.02,0.03,3
6073.55,0.0607,106073.55,11809.64,0.1007,0.247,0.514,1.418,20,0.35,7,13,8.2,False,True,-0.0791,0.1519,16110.09,11358.71,7,0,3,6,4,0,0,16,7,0,0,0,0,29,0.54,1.5,5,0.025,0.03,0.02,0.05,1
6073.55,0.0607,106073.55,11809.64,0.1007,0.247,0.514,1.418,20,0.35,7,13,8.2,False,True,-0.0791,0.1519,16110.09,11358.71,7,0,3,6,4,0,0,16,7,0,0,0,0,29,0.54,1.5,5,0.025,0.03,0.02,0.05,2
6073.55,0.0607,106073.55,11809.64,0.1007,0.247,0.514,1.418,20,0.35,7,13,8.2,False,True,-0.0791,0.1519,16110.09,11358.71,7,0,3,6,4,0,0,16,7,0,0,0,0,29,0.54,1.5,5,0.025,0.03,0.02,0.05,3
4808.18,0.0481,104808.18,12565.66,0.1072,0.209,0.383,1.274,22,0.3182,7,15,7.9,False,True,-0.0491,0.1519,16110.1,12648.64,9,0,3,6,4,0,0,22,8,0,0,0,0,34,0.54,1.5,5,0.035,0.02,0.01,0.03,1
4808.18,0.0481,104808.18,12565.66,0.1072,0.209,0.383,1.274,22,0.3182,7,15,7.9,False,True,-0.0491,0.1519,16110.1,12648.64,9,0,3,6,4,0,0,22,8,0,0,0,0,34,0.54,1.5,5,0.035,0.02,0.01,0.03,2
4808.18,0.0481,104808.18,12565.66,0.1072,0.209,0.383,1.274,22,0.3182,7,15,7.9,False,True,-0.0491,0.1519,16110.1,12648.64,9,0,3,6,4,0,0,22,8,0,0,0,0,34,0.54,1.5,5,0.035,0.02,0.01,0.03,3
6073.55,0.0607,106073.55,11809.64,0.1007,0.247,0.514,1.418,20,0.35,7,13,8.2,False,True,-0.0791,0.1519,16110.09,11358.71,7,0,3,6,4,0,0,16,7,0,0,0,0,29,0.54,1.5,5,0.035,0.02,0.01,0.05,1
6073.55,0.0607,106073.55,11809.64,0.1007,0.247,0.514,1.418,20,0.35,7,13,8.2,False,True,-0.0791,0.1519,16110.09,11358.71,7,0,3,6,4,0,0,16,7,0,0,0,0,29,0.54,1.5,5,0.035,0.02,0.01,0.05,2
6073.55,0.0607,106073.55,11809.64,0.1007,0.247,0.514,1.418,20,0.35,7,13,8.2,False,True,-0.0791,0.1519,16110.09,11358.71,7,0,3,6,4,0,0,16,7,0,0,0,0,29,0.54,1.5,5,0.035,0.02,0.01,0.05,3
4808.18,0.0481,104808.18,12565.66,0.1072,0.209,0.383,1.274,22,0.3182,7,15,7.9,False,True,-0.0491,0.1519,16110.1,12648.64,9,0,3,6,4,0,0,22,8,0,0,0,0,34,0.54,1.5,5,0.035,0.02,0.02,0.03,1
4808.18,0.0481,104808.18,12565.66,0.1072,0.209,0.383,1.274,22,0.3182,7,15,7.9,False,True,-0.0491,0.1519,16110.1,12648.64,9,0,3,6,4,0,0,22,8,0,0,0,0,34,0.54,1.5,5,0.035,0.02,0.02,0.03,2
4808.18,0.0481,104808.18,12565.66,0.1072,0.209,0.383,1.274,22,0.3182,7,15,7.9,False,True,-0.0491,0.1519,16110.1,12648.64,9,0,3,6,4,0,0,22,8,0,0,0,0,34,0.54,1.5,5,0.035,0.02,0.02,0.03,3
6073.55,0.0607,106073.55,11809.64,0.1007,0.247,0.514,1.418,20,0.35,7,13,8.2,False,True,-0.0791,0.1519,16110.09,11358.71,7,0,3,6,4,0,0,16,7,0,0,0,0,29,0.54,1.5,5,0.035,0.02,0.02,0.05,1
6073.55,0.0607,106073.55,11809.64,0.1007,0.247,0.514,1.418,20,0.35,7,13,8.2,False,True,-0.0791,0.1519,16110.09,11358.71,7,0,3,6,4,0,0,16,7,0,0,0,0,29,0.54,1.5,5,0.035,0.02,0.02,0.05,2
6073.55,0.0607,106073.55,11809.64,0.1007,0.247,0.514,1.418,20,0.35,7,13,8.2,False,True,-0.0791,0.1519,16110.09,11358.71,7,0,3,6,4,0,0,16,7,0,0,0,0,29,0.54,1.5,5,0.035,0.02,0.02,0.05,3
4808.18,0.0481,104808.18,12565.66,0.1072,0.209,0.383,1.274,22,0.3182,7,15,7.9,False,True,-0.0491,0.1519,16110.1,12648.64,9,0,3,6,4,0,0,22,8,0,0,0,0,34,0.54,1.5,5,0.035,0.03,0.01,0.03,1
4808.18,0.0481,104808.18,12565.66,0.1072,0.209,0.383,1.274,22,0.3182,7,15,7.9,False,True,-0.0491,0.1519,16110.1,12648.64,9,0,3,6,4,0,0,22,8,0,0,0,0,34,0.54,1.5,5,0.035,0.03,0.01,0.03,2
4808.18,0.0481,104808.18,12565.66,0.1072,0.209,0.383,1.274,22,0.3182,7,15,7.9,False,True,-0.0491,0.1519,16110.1,12648.64,9,0,3,6,4,0,0,22,8,0,0,0,0,34,0.54,1.5,5,0.035,0.03,0.01,0.03,3
6073.55,0.0607,106073.55,11809.64,0.1007,0.247,0.514,1.418,20,0.35,7,13,8.2,False,True,-0.0791,0.1519,16110.09,11358.71,7,0,3,6,4,0,0,16,7,0,0,0,0,29,0.54,1.5,5,0.035,0.03,0.01,0.05,1
6073.55,0.0607,106073.55,11809.64,0.1007,0.247,0.514,1.418,20,0.35,7,13,8.2,False,True,-0.0791,0.1519,16110.09,11358.71,7,0,3,6,4,0,0,16,7,0,0,0,0,29,0.54,1.5,5,0.035,0.03,0.01,0.05,2
6073.55,0.0607,106073.55,11809.64,0.1007,0.247,0.514,1.418,20,0.35,7,13,8.2,False,True,-0.0791,0.1519,16110.09,11358.71,7,0,3,6,4,0,0,16,7,0,0,0,0,29,0.54,1.5,5,0.035,0.03,0.01,0.05,3
4808.18,0.0481,104808.18,12565.66,0.1072,0.209,0.383,1.274,22,0.3182,7,15,7.9,False,True,-0.0491,0.1519,16110.1,12648.64,9,0,3,6,4,0,0,22,8,0,0,0,0,34,0.54,1.5,5,0.035,0.03,0.02,0.03,1
4808.18,0.0481,104808.18,12565.66,0.1072,0.209,0.383,1.274,22,0.3182,7,15,7.9,False,True,-0.0491,0.1519,16110.1,12648.64,9,0,3,6,4,0,0,22,8,0,0,0,0,34,0.54,1.5,5,0.035,0.03,0.02,0.03,2
4808.18,0.0481,104808.18,12565.66,0.1072,0.209,0.383,1.274,22,0.3182,7,15,7.9,False,True,-0.0491,0.1519,16110.1,12648.64,9,0,3,6,4,0,0,22,8,0,0,0,0,34,0.54,1.5,5,0.035,0.03,0.02,0.03,3
6073.55,0.0607,106073.55,11809.64,0.1007,0.247,0.514,1.418,20,0.35,7,13,8.2,False,True,-0.0791,0.1519,16110.09,11358.71,7,0,3,6,4,0,0,16,7,0,0,0,0,29,0.54,1.5,5,0.035,0.03,0.02,0.05,1
6073.55,0.0607,106073.55,11809.64,0.1007,0.247,0.514,1.418,20,0.35,7,13,8.2,False,True,-0.0791,0.1519,16110.09,11358.71,7,0,3,6,4,0,0,16,7,0,0,0,0,29,0.54,1.5,5,0.035,0.03,0.02,0.05,2
6073.55,0.0607,106073.55,11809.64,0.1007,0.247,0.514,1.418,20,0.35,7,13,8.2,False,True,-0.0791,0.1519,16110.09,11358.71,7,0,3,6,4,0,0,16,7,0,0,0,0,29,0.54,1.5,5,0.035,0.03,0.02,0.05,3
4808.18,0.0481,104808.18,12565.66,0.1072,0.209,0.383,1.274,22,0.3182,7,15,7.9,False,True,-0.0491,0.1519,16110.1,12648.64,9,0,3,6,4,0,0,22,8,0,0,0,0,34,0.54,1.5,10,0.025,0.02,0.01,0.03,1
4808.18,0.0481,104808.18,12565.66,0.1072,0.209,0.383,1.274,22,0.3182,7,15,7.9,False,True,-0.0491,0.1519,16110.1,12648.64,9,0,3,6,4,0,0,22,8,0,0,0,0,34,0.54,1.5,10,0.025,0.02,0.01,0.03,2
4808.18,0.0481,104808.18,12565.66,0.1072,0.209,0.383,1.274,22,0.3182,7,15,7.9,False,True,-0.0491,0.1519,16110.1,12648.64,9,0,3,6,4,0,0,22,8,0,0,0,0,34,0.54,1.5,10,0.025,0.02,0.01,0.03,3
6073.55,0.0607,106073.55,11809.64,0.1007,0.247,0.514,1.418,20,0.35,7,13,8.2,False,True,-0.0791,0.1519,16110.09,11358.71,7,0,3,6,4,0,0,16,7,0,0,0,0,29,0.54,1.5,10,0.025,0.02,0.01,0.05,1
