total_return,total_return_pct,final_equity,max_dd,max_dd_pct,sharpe,calmar,profit_factor,n_trades,win_rate,wins,losses,avg_bars_held,ftmo_compliant,ftmo_killed,max_daily_loss_pct,max_daily_gain_pct,gross_profit,gross_loss,sl,tp,breakeven,trail,horizon,session,skipped_max_pos,skipped_corr,skipped_spread,skipped_dd_gate,skipped_profit_lock,skipped_profit_gate,skipped_session,skipped_already_in,prob_threshold,risk_scale,max_positions,dd_gate_pct,profit_lock_pct,profit_gate_pct,dd_recovery_threshold,session_buffer_hours
-9870.16,-0.0987,90129.84,10005.24,0.1,-1.181,-0.986,0.374,72,0.1806,13,59,5.0,False,True,-0.0307,0.0057,5650.83,15103.31,13,0,44,9,6,0,0,0,0,0,0,0,0,164,0.44,0.5,5,0.025,0.02,0.01,0.03,1
-9870.16,-0.0987,90129.84,10005.24,0.1,-1.181,-0.986,0.374,72,0.1806,13,59,5.0,False,True,-0.0307,0.0057,5650.83,15103.31,13,0,44,9,6,0,0,0,0,0,0,0,0,164,0.44,0.5,5,0.025,0.02,0.01,0.03,2
-9870.16,-0.0987,90129.84,10005.24,0.1,-1.181,-0.986,0.374,72,0.1806,13,59,5.0,False,True,-0.0307,0.0057,5650.83,15103.31,13,0,44,9,6,0,0,0,0,0,0,0,0,164,0.44,0.5,5,0.025,0.02,0.01,0.03,3
-9965.37,-0.0997,90034.63,10019.11,0.1002,-1.092,-0.995,0.34,56,0.1429,8,48,5.0,False,True,-0.0307,0.0114,5339.48,15691.64,10,0,36,5,5,0,0,0,0,0,0,3,0,125,0.44,0.5,5,0.025,0.02,0.01,0.05,1
-9965.37,-0.0997,90034.63,10019.11,0.1002,-1.092,-0.995,0.34,56,0.1429,8,48,5.0,False,True,-0.0307,0.0114,5339.48,15691.64,10,0,36,5,5,0,0,0,0,0,0,3,0,125,0.44,0.5,5,0.025,0.02,0.01,0.05,2
-9965.37,-0.0997,90034.63,10019.11,0.1002,-1.092,-0.995,0.34,56,0.1429,8,48,5.0,False,True,-0.0307,0.0114,5339.48,15691.64,10,0,36,5,5,0,0,0,0,0,0,3,0,125,0.44,0.5,5,0.025,0.02,0.01,0.05,3
-9870.16,-0.0987,90129.84,10005.24,0.1,-1.181,-0.986,0.374,72,0.1806,13,59,5.0,False,True,-0.0307,0.0057,5650.83,15103.31,13,0,44,9,6,0,0,0,0,0,0,0,0,164,0.44,0.5,5,0.025,0.02,0.02,0.03,1
-9870.16,-0.0987,90129.84,10005.24,0.1,-1.181,-0.986,0.374,72,0.1806,13,59,5.0,False,True,-0.0307,0.0057,5650.83,15103.31,13,0,44,9,6,0,0,0,0,0,0,0,0,164,0.44,0.5,5,0.025,0.02,0.02,0.03,2
-9870.16,-0.0987,90129.84,10005.24,0.1,-1.181,-0.986,0.374,72,0.1806,13,59,5.0,False,True,-0.0307,0.0057,5650.83,15103.31,13,0,44,9,6,0,0,0,0,0,0,0,0,164,0.44,0.5,5,0.025,0.02,0.02,0.03,3
-9888.78,-0.0989,90111.22,10180.68,0.1018,-1.086,-0.971,0.342,54,0.1481,8,46,5.3,False,True,-0.0307,0.0114,5340.19,15616.08,10,0,33,5,6,0,0,0,0,0,0,0,0,133,0.44,0.5,5,0.025,0.02,0.02,0.05,1
-9888.78,-0.0989,90111.22,10180.68,0.1018,-1.086,-0.971,0.342,54,0.1481,8,46,5.3,False,True,-0.0307,0.0114,5340.19,15616.08,10,0,33,5,6,0,0,0,0,0,0,0,0,133,0.44,0.5,5,0.025,0.02,0.02,0.05,2
-9888.78,-0.0989,90111.22,10180.68,0.1018,-1.086,-0.971,0.342,54,0.1481,8,46,5.3,False,True,-0.0307,0.0114,5340.19,15616.08,10,0,33,5,6,0,0,0,0,0,0,0,0,133,0.44,0.5,5,0.025,0.02,0.02,0.05,3
-9870.16,-0.0987,90129.84,10005.24,0.1,-1.181,-0.986,0.374,72,0.1806,13,59,5.0,False,True,-0.0307,0.0057,5650.83,15103.31,13,0,44,9,6,0,0,0,0,0,0,0,0,164,0.44,0.5,5,0.025,0.03,0.01,0.03,1
-9870.16,-0.0987,90129.84,10005.24,0.1,-1.181,-0.986,0.374,72,0.1806,13,59,5.0,False,True,-0.0307,0.0057,5650.83,15103.31,13,0,44,9,6,0,0,0,0,0,0,0,0,164,0.44,0.5,5,0.025,0.03,0.01,0.03,2
-9870.16,-0.0987,90129.84,10005.24,0.1,-1.181,-0.986,0.374,72,0.1806,13,59,5.0,False,True,-0.0307,0.0057,5650.83,15103.31,13,0,44,9,6,0,0,0,0,0,0,0,0,164,0.44,0.5,5,0.025,0.03,0.01,0.03,3
-9965.37,-0.0997,90034.63,10019.11,0.1002,-1.092,-0.995,0.34,56,0.1429,8,48,5.0,False,True,-0.0307,0.0114,5339.48,15691.64,10,0,36,5,5,0,0,0,0,0,0,3,0,125,0.44,0.5,5,0.025,0.03,0.01,0.05,1
-9965.37,-0.0997,90034.63,10019.11,0.1002,-1.092,-0.995,0.34,56,0.1429,8,48,5.0,False,True,-0.0307,0.0114,5339.48,15691.64,10,0,36,5,5,0,0,0,0,0,0,3,0,125,0.44,0.5,5,0.025,0.03,0.01,0.05,2
-9965.37,-0.0997,90034.63,10019.11,0.1002,-1.092,-0.995,0.34,56,0.1429,8,48,5.0,False,True,-0.0307,0.0114,5339.48,15691.64,10,0,36,5,5,0,0,0,0,0,0,3,0,125,0.44,0.5,5,0.025,0.03,0.01,0.05,3
-9870.16,-0.0987,90129.84,10005.24,0.1,-1.181,-0.986,0.374,72,0.1806,13,59,5.0,False,True,-0.0307,0.0057,5650.83,15103.31,13,0,44,9,6,0,0,0,0,0,0,0,0,164,0.44,0.5,5,0.025,0.03,0.02,0.03,1
-9870.16,-0.0987,90129.84,10005.24,0.1,-1.181,-0.986,0.374,72,0.1806,13,59,5.0,False,True,-0.0307,0.0057,5650.83,15103.31,13,0,44,9,6,0,0,0,0,0,0,0,0,164,0.44,0.5,5,0.025,0.03,0.02,0.03,2
-9870.16,-0.0987,90129.84,10005.24,0.1,-1.181,-0.986,0.374,72,0.1806,13,59,5.0,False,True,-0.0307,0.0057,5650.83,15103.31,13,0,44,9,6,0,0,0,0,0,0,0,0,164,0.44,0.5,5,0.025,0.03,0.02,0.03,3
-9888.78,-0.0989,90111.22,10180.68,0.1018,-1.086,-0.971,0.342,54,0.1481,8,46,5.3,False,True,-0.0307,0.0114,5340.19,15616.08,10,0,33,5,6,0,0,0,0,0,0,0,0,133,0.44,0.5,5,0.025,0.03,0.02,0.05,1
-9888.78,-0.0989,90111.22,10180.68,0.1018,-1.086,-0.971,0.342,54,0.1481,8,46,5.3,False,True,-0.0307,0.0114,5340.19,15616.08,10,0,33,5,6,0,0,0,0,0,0,0,0,133,0.44,0.5,5,0.025,0.03,0.02,0.05,2
-9888.78,-0.0989,90111.22,10180.68,0.1018,-1.086,-0.971,0.342,54,0.1481,8,46,5.3,False,True,-0.0307,0.0114,5340.19,15616.08,10,0,33,5,6,0,0,0,0,0,0,0,0,133,0.44,0.5,5,0.025,0.03,0.02,0.05,3
-9870.17,-0.0987,90129.83,10005.26,0.1,-1.178,-0.986,0.374,72,0.1806,13,59,5.2,False,True,-0.0309,0.0057,5653.43,15105.93,13,0,43,9,7,0,0,0,0,0,0,0,0,171,0.44,0.5,5,0.035,0.02,0.01,0.03,1
-9870.17,-0.0987,90129.83,10005.26,0.1,-1.178,-0.986,0.374,72,0.1806,13,59,5.2,False,True,-0.0309,0.0057,5653.43,15105.93,13,0,43,9,7,0,0,0,0,0,0,0,0,171,0.44,0.5,5,0.035,0.02,0.01,0.03,2
-9870.17,-0.0987,90129.83,10005.26,0.1,-1.178,-0.986,0.374,72,0.1806,13,59,5.2,False,True,-0.0309,0.0057,5653.43,15105.93,13,0,43,9,7,0,0,0,0,0,0,0,0,171,0.44,0.5,5,0.035,0.02,0.01,0.03,3
-9738.7,-0.0974,90261.3,10031.07,0.1003,-1.057,-0.971,0.346,56,0.1429,8,48,5.2,False,True,-0.0309,0.0114,5355.06,15481.52,10,0,35,5,6,0,0,0,0,0,0,3,0,135,0.44,0.5,5,0.035,0.02,0.01,0.05,1
-9738.7,-0.0974,90261.3,10031.07,0.1003,-1.057,-0.971,0.346,56,0.1429,8,48,5.2,False,True,-0.0309,0.0114,5355.06,15481.52,10,0,35,5,6,0,0,0,0,0,0,3,0,135,0.44,0.5,5,0.035,0.02,0.01,0.05,2
-9738.7,-0.0974,90261.3,10031.07,0.1003,-1.057,-0.971,0.346,56,0.1429,8,48,5.2,False,True,-0.0309,0.0114,5355.06,15481.52,10,0,35,5,6,0,0,0,0,0,0,3,0,135,0.44,0.5,5,0.035,0.02,0.01,0.05,3
-9870.17,-0.0987,90129.83,10005.26,0.1,-1.178,-0.986,0.374,72,0.1806,13,59,5.2,False,True,-0.0309,0.0057,5653.43,15105.93,13,0,43,9,7,0,0,0,0,0,0,0,0,171,0.44,0.5,5,0.035,0.02,0.02,0.03,1
-9870.17,-0.0987,90129.83,10005.26,0.1,-1.178,-0.986,0.374,72,0.1806,13,59,5.2,False,True,-0.0309,0.0057,5653.43,15105.93,13,0,43,9,7,0,0,0,0,0,0,0,0,171,0.44,0.5,5,0.035,0.02,0.02,0.03,2
-9870.17,-0.0987,90129.83,10005.26,0.1,-1.178,-0.986,0.374,72,0.1806,13,59,5.2,False,True,-0.0309,0.0057,5653.43,15105.93,13,0,43,9,7,0,0,0,0,0,0,0,0,171,0.44,0.5,5,0.035,0.02,0.02,0.03,3
-10220.96,-0.1022,89779.04,10232.85,0.1023,-1.061,-0.999,0.409,70,0.1714,12,58,5.3,False,True,-0.0309,0.0114,7076.14,17297.1,13,0,42,9,6,0,0,0,0,0,0,0,0,170,0.44,0.5,5,0.035,0.02,0.02,0.05,1
-10220.96,-0.1022,89779.04,10232.85,0.1023,-1.061,-0.999,0.409,70,0.1714,12,58,5.3,False,True,-0.0309,0.0114,7076.14,17297.1,13,0,42,9,6,0,0,0,0,0,0,0,0,170,0.44,0.5,5,0.035,0.02,0.02,0.05,2
-10220.96,-0.1022,89779.04,10232.85,0.1023,-1.061,-0.999,0.409,70,0.1714,12,58,5.3,False,True,-0.0309,0.0114,7076.14,17297.1,13,0,42,9,6,0,0,0,0,0,0,0,0,170,0.44,0.5,5,0.035,0.02,0.02,0.05,3
-9870.17,-0.0987,90129.83,10005.26,0.1,-1.178,-0.986,0.374,72,0.1806,13,59,5.2,False,True,-0.0309,0.0057,5653.43,15105.93,13,0,43,9,7,0,0,0,0,0,0,0,0,171,0.44,0.5,5,0.035,0.03,0.01,0.03,1
-9870.17,-0.0987,90129.83,10005.26,0.1,-1.178,-0.986,0.374,72,0.1806,13,59,5.2,False,True,-0.0309,0.0057,5653.43,15105.93,13,0,43,9,7,0,0,0,0,0,0,0,0,171,0.44,0.5,5,0.035,0.03,0.01,0.03,2
-9870.17,-0.0987,90129.83,10005.26,0.1,-1.178,-0.986,0.374,72,0.1806,13,59,5.2,False,True,-0.0309,0.0057,5653.43,15105.93,13,0,43,9,7,0,0,0,0,0,0,0,0,171,0.44,0.5,5,0.035,0.03,0.01,0.03,3
-9738.7,-0.0974,90261.3,10031.07,0.1003,-1.057,-0.971,0.346,56,0.1429,8,48,5.2,False,True,-0.0309,0.0114,5355.06,15481.52,10,0,35,5,6,0,0,0,0,0,0,3,0,135,0.44,0.5,5,0.035,0.03,0.01,0.05,1
-9738.7,-0.0974,90261.3,10031.07,0.1003,-1.057,-0.971,0.346,56,0.1429,8,48,5.2,False,True,-0.0309,0.0114,5355.06,15481.52,10,0,35,5,6,0,0,0,0,0,0,3,0,135,0.44,0.5,5,0.035,0.03,0.01,0.05,2
-9738.7,-0.0974,90261.3,10031.07,0.1003,-1.057,-0.971,0.346,56,0.1429,8,48,5.2,False,True,-0.0309,0.0114,5355.06,15481.52,10,0,35,5,6,0,0,0,0,0,0,3,0,135,0.44,0.5,5,0.035,0.03,0.01,0.05,3
-9870.17,-0.0987,90129.83,10005.26,0.1,-1.178,-0.986,0.374,72,0.1806,13,59,5.2,False,True,-0.0309,0.0057,5653.43,15105.93,13,0,43,9,7,0,0,0,0,0,0,0,0,171,0.44,0.5,5,0.035,0.03,0.02,0.03,1
-9870.17,-0.0987,90129.83,10005.26,0.1,-1.178,-0.986,0.374,72,0.1806,13,59,5.2,False,True,-0.0309,0.0057,5653.43,15105.93,13,0,43,9,7,0,0,0,0,0,0,0,0,171,0.44,0.5,5,0.035,0.03,0.02,0.03,2
-9870.17,-0.0987,90129.83,10005.26,0.1,-1.178,-0.986,0.374,72,0.1806,13,59,5.2,False,True,-0.0309,0.0057,5653.43,15105.93,13,0,43,9,7,0,0,0,0,0,0,0,0,171,0.44,0.5,5,0.035,0.03,0.02,0.03,3
-10220.96,-0.1022,89779.04,10232.85,0.1023,-1.061,-0.999,0.409,70,0.1714,12,58,5.3,False,True,-0.0309,0.0114,7076.14,17297.1,13,0,42,9,6,0,0,0,0,0,0,0,0,170,0.44,0.5,5,0.035,0.03,0.02,0.05,1
-10220.96,-0.1022,89779.04,10232.85,0.1023,-1.061,-0.999,0.409,70,0.1714,12,58,5.3,False,True,-0.0309,0.0114,7076.14,17297.1,13,0,42,9,6,0,0,0,0,0,0,0,0,170,0.44,0.5,5,0.035,0.03,0.02,0.05,2
-10220.96,-0.1022,89779.04,10232.85,0.1023,-1.061,-0.999,0.409,70,0.1714,12,58,5.3,False,True,-0.0309,0.0114,7076.14,17297.1,13,0,42,9,6,0,0,0,0,0,0,0,0,170,0.44,0.5,5,0.035,0.03,0.02,0.05,3
-9870.16,-0.0987,90129.84,10005.24,0.1,-1.181,-0.986,0.374,72,0.1806,13,59,5.0,False,True,-0.0307,0.0057,5650.83,15103.31,13,0,44,9,6,0,0,0,0,0,0,0,0,164,0.44,0.5,10,0.025,0.02,0.01,0.03,1
-9870.16,-0.0987,90129.84,10005.24,0.1,-1.181,-0.986,0.374,72,0.1806,13,59,5.0,False,True,-0.0307,0.0057,5650.83,15103.31,13,0,44,9,6,0,0,0,0,0,0,0,0,164,0.44,0.5,10,0.025,0.02,0.01,0.03,2
-9870.16,-0.0987,90129.84,10005.24,0.1,-1.181,-0.986,0.374,72,0.1806,13,59,5.0,False,True,-0.0307,0.0057,5650.83,15103.31,13,0,44,9,6,0,0,0,0,0,0,0,0,164,0.44,0.5,10,0.025,0.02,0.01,0.03,3
-9965.37,-0.0997,90034.63,10019.11,0.1002,-1.092,-0.995,0.34,56,0.1429,8,48,5.0,False,True,-0.0307,0.0114,5339.48,15691.64,10,0,36,5,5,0,0,0,0,0,0,3,0,125,0.44,0.5,10,0.025,0.02,0.01,0.05,1
-9965.37,-0.0997,90034.63,10019.11,0.1002,-1.092,-0.995,0.34,56,0.1429,8,48,5.0,False,True,-0.0307,0.0114,5339.48,15691.64,10,0,36,5,5,0,0,0,0,0,0,3,0,125,0.44,0.5,10,0.025,0.02,0.01,0.05,2
-9965.37,-0.0997,90034.63,10019.11,0.1002,-1.092,-0.995,0.34,56,0.1429,8,48,5.0,False,True,-0.0307,0.0114,5339.48,15691.64,10,0,36,5,5,0,0,0,0,0,0,3,0,125,0.44,0.5,10,0.025,0.02,0.01,0.05,3
-9870.16,-0.0987,90129.84,10005.24,0.1,-1.181,-0.986,0.374,72,0.1806,13,59,5.0,False,True,-0.0307,0.0057,5650.83,15103.31,13,0,44,9,6,0,0,0,0,0,0,0,0,164,0.44,0.5,10,0.025,0.02,0.02,0.03,1
-9870.16,-0.0987,90129.84,10005.24,0.1,-1.181,-0.986,0.374,72,0.1806,13,59,5.0,False,True,-0.0307,0.0057,5650.83,15103.31,13,0,44,9,6,0,0,0,0,0,0,0,0,164,0.44,0.5,10,0.025,0.02,0.02,0.03,2
-9870.16,-0.0987,90129.84,10005.24,0.1,-1.181,-0.986,0.374,72,0.1806,13,59,5.0,False,True,-0.0307,0.0057,5650.83,15103.31,13,0,44,9,6,0,0,0,0,0,0,0,0,164,0.44,0.5,10,0.025,0.02,0.02,0.03,3
-9888.78,-0.0989,90111.22,10180.68,0.1018,-1.086,-0.971,0.342,54,0.1481,8,46,5.3,False,True,-0.0307,0.0114,5340.19,15616.08,10,0,33,5,6,0,0,0,0,0,0,0,0,133,0.44,0.5,10,0.025,0.02,0.02,0.05,1
-9888.78,-0.0989,90111.22,10180.68,0.1018,-1.086,-0.971,0.342,54,0.1481,8,46,5.3,False,True,-0.0307,0.0114,5340.19,15616.08,10,0,33,5,6,0,0,0,0,0,0,0,0,133,0.44,0.5,10,0.025,0.02,0.02,0.05,2
-9888.78,-0.0989,90111.22,10180.68,0.1018,-1.086,-0.971,0.342,54,0.1481,8,46,5.3,False,True,-0.0307,0.0114,5340.19,15616.08,10,0,33,5,6,0,0,0,0,0,0,0,0,133,0.44,0.5,10,0.025,0.02,0.02,0.05,3
-9870.16,-0.0987,90129.84,10005.24,0.1,-1.181,-0.986,0.374,72,0.1806,13,59,5.0,False,True,-0.0307,0.0057,5650.83,15103.31,13,0,44,9,6,0,0,0,0,0,0,0,0,164,0.44,0.5,10,0.025,0.03,0.01,0.03,1
-9870.16,-0.0987,90129.84,10005.24,0.1,-1.181,-0.986,0.374,72,0.1806,13,59,5.0,False,True,-0.0307,0.0057,5650.83,15103.31,13,0,44,9,6,0,0,0,0,0,0,0,0,164,0.44,0.5,10,0.025,0.03,0.01,0.03,2
-9870.16,-0.0987,90129.84,10005.24,0.1,-1.181,-0.986,0.374,72,0.1806,13,59,5.0,False,True,-0.0307,0.0057,5650.83,15103.31,13,0,44,9,6,0,0,0,0,0,0,0,0,164,0.44,0.5,10,0.025,0.03,0.01,0.03,3
-9965.37,-0.0997,90034.63,10019.11,0.1002,-1.092,-0.995,0.34,56,0.1429,8,48,5.0,False,True,-0.0307,0.0114,5339.48,15691.64,10,0,36,5,5,0,0,0,0,0,0,3,0,125,0.44,0.5,10,0.025,0.03,0.01,0.05,1
-9965.37,-0.0997,90034.63,10019.11,0.1002,-1.092,-0.995,0.34,56,0.1429,8,48,5.0,False,True,-0.0307,0.0114,5339.48,15691.64,10,0,36,5,5,0,0,0,0,0,0,3,0,125,0.44,0.5,10,0.025,0.03,0.01,0.05,2
-9965.37,-0.0997,90034.63,10019.11,0.1002,-1.092,-0.995,0.34,56,0.1429,8,48,5.0,False,True,-0.0307,0.0114,5339.48,15691.64,10,0,36,5,5,0,0,0,0,0,0,3,0,125,0.44,0.5,10,0.025,0.03,0.01,0.05,3
-9870.16,-0.0987,90129.84,10005.24,0.1,-1.181,-0.986,0.374,72,0.1806,13,59,5.0,False,True,-0.0307,0.0057,5650.83,15103.31,13,0,44,9,6,0,0,0,0,0,0,0,0,164,0.44,0.5,10,0.025,0.03,0.02,0.03,1
-9870.16,-0.0987,90129.84,10005.24,0.1,-1.181,-0.986,0.374,72,0.1806,13,59,5.0,False,True,-0.0307,0.0057,5650.83,15103.31,13,0,44,9,6,0,0,0,0,0,0,0,0,164,0.44,0.5,10,0.025,0.03,0.02,0.03,2
-9870.16,-0.0987,90129.84,10005.24,0.1,-1.181,-0.986,0.374,72,0.1806,13,59,5.0,False,True,-0.0307,0.0057,5650.83,15103.31,13,0,44,9,6,0,0,0,0,0,0,0,0,164,0.44,0.5,10,0.025,0.03,0.02,0.03,3
-9888.78,-0.0989,90111.22,10180.68,0.1018,-1.086,-0.971,0.342,54,0.1481,8,46,5.3,False,True,-0.0307,0.0114,5340.19,15616.08,10,0,33,5,6,0,0,0,0,0,0,0,0,133,0.44,0.5,10,0.025,0.03,0.02,0.05,1
-9888.78,-0.0989,90111.22,10180.68,0.1018,-1.086,-0.971,0.342,54,0.1481,8,46,5.3,False,True,-0.0307,0.0114,5340.19,15616.08,10,0,33,5,6,0,0,0,0,0,0,0,0,133,0.44,0.5,10,0.025,0.03,0.02,0.05,2
-9888.78,-0.0989,90111.22,10180.68,0.1018,-1.086,-0.971,0.342,54,0.1481,8,46,5.3,False,True,-0.0307,0.0114,5340.19,15616.08,10,0,33,5,6,0,0,0,0,0,0,0,0,133,0.44,0.5,10,0.025,0.03,0.02,0.05,3
-9870.17,-0.0987,90129.83,10005.26,0.1,-1.178,-0.986,0.374,72,0.1806,13,59,5.2,False,True,-0.0309,0.0057,5653.43,15105.93,13,0,43,9,7,0,0,0,0,0,0,0,0,171,0.44,0.5,10,0.035,0.02,0.01,0.03,1
-9870.17,-0.0987,90129.83,10005.26,0.1,-1.178,-0.986,0.374,72,0.1806,13,59,5.2,False,True,-0.0309,0.0057,5653.43,15105.93,13,0,43,9,7,0,0,0,0,0,0,0,0,171,0.44,0.5,10,0.035,0.02,0.01,0.03,2
-9870.17,-0.0987,90129.83,10005.26,0.1,-1.178,-0.986,0.374,72,0.1806,13,59,5.2,False,True,-0.0309,0.0057,5653.43,15105.93,13,0,43,9,7,0,0,0,0,0,0,0,0,171,0.44,0.5,10,0.035,0.02,0.01,0.03,3
-9738.7,-0.0974,90261.3,10031.07,0.1003,-1.057,-0.971,0.346,56,0.1429,8,48,5.2,False,True,-0.0309,0.0114,5355.06,15481.52,10,0,35,5,6,0,0,0,0,0,0,3,0,135,0.44,0.5,10,0.035,0.02,0.01,0.05,1
-9738.7,-0.0974,90261.3,10031.07,0.1003,-1.057,-0.971,0.346,56,0.1429,8,48,5.2,False,True,-0.0309,0.0114,5355.06,15481.52,10,0,35,5,6,0,0,0,0,0,0,3,0,135,0.44,0.5,10,0.035,0.02,0.01,0.05,2
-9738.7,-0.0974,90261.3,10031.07,0.1003,-1.057,-0.971,0.346,56,0.1429,8,48,5.2,False,True,-0.0309,0.0114,5355.06,15481.52,10,0,35,5,6,0,0,0,0,0,0,3,0,135,0.44,0.5,10,0.035,0.02,0.01,0.05,3
-9870.17,-0.0987,90129.83,10005.26,0.1,-1.178,-0.986,0.374,72,0.1806,13,59,5.2,False,True,-0.0309,0.0057,5653.43,15105.93,13,0,43,9,7,0,0,0,0,0,0,0,0,171,0.44,0.5,10,0.035,0.02,0.02,0.03,1
-9870.17,-0.0987,90129.83,10005.26,0.1,-1.178,-0.986,0.374,72,0.1806,13,59,5.2,False,True,-0.0309,0.0057,5653.43,15105.93,13,0,43,9,7,0,0,0,0,0,0,0,0,171,0.44,0.5,10,0.035,0.02,0.02,0.03,2
-9870.17,-0.0987,90129.83,10005.26,0.1,-1.178,-0.986,0.374,72,0.1806,13,59,5.2,False,True,-0.0309,0.0057,5653.43,15105.93,13,0,43,9,7,0,0,0,0,0,0,0,0,171,0.44,0.5,10,0.035,0.02,0.02,0.03,3
-10220.96,-0.1022,89779.04,10232.85,0.1023,-1.061,-0.999,0.409,70,0.1714,12,58,5.3,False,True,-0.0309,0.0114,7076.14,17297.1,13,0,42,9,6,0,0,0,0,0,0,0,0,170,0.44,0.5,10,0.035,0.02,0.02,0.05,1
-10220.96,-0.1022,89779.04,10232.85,0.1023,-1.061,-0.999,0.409,70,0.1714,12,58,5.3,False,True,-0.0309,0.0114,7076.14,17297.1,13,0,42,9,6,0,0,0,0,0,0,0,0,170,0.44,0.5,10,0.035,0.02,0.02,0.05,2
-10220.96,-0.1022,89779.04,10232.85,0.1023,-1.061,-0.999,0.409,70,0.1714,12,58,5.3,False,True,-0.0309,0.0114,7076.14,17297.1,13,0,42,9,6,0,0,0,0,0,0,0,0,170,0.44,0.5,10,0.035,0.02,0.02,0.05,3
-9870.17,-0.0987,90129.83,10005.26,0.1,-1.178,-0.986,0.374,72,0.1806,13,59,5.2,False,True,-0.0309,0.0057,5653.43,15105.93,13,0,43,9,7,0,0,0,0,0,0,0,0,171,0.44,0.5,10,0.035,0.03,0.01,0.03,1
-9870.17,-0.0987,90129.83,10005.26,0.1,-1.178,-0.986,0.374,72,0.1806,13,59,5.2,False,True,-0.0309,0.0057,5653.43,15105.93,13,0,43,9,7,0,0,0,0,0,0,0,0,171,0.44,0.5,10,0.035,0.03,0.01,0.03,2
-9870.17,-0.0987,90129.83,10005.26,0.1,-1.178,-0.986,0.374,72,0.1806,13,59,5.2,False,True,-0.0309,0.0057,5653.43,15105.93,13,0,43,9,7,0,0,0,0,0,0,0,0,171,0.44,0.5,10,0.035,0.03,0.01,0.03,3
-9738.7,-0.0974,90261.3,10031.07,0.1003,-1.057,-0.971,0.346,56,0.1429,8,48,5.2,False,True,-0.0309,0.0114,5355.06,15481.52,10,0,35,5,6,0,0,0,0,0,0,3,0,135,0.44,0.5,10,0.035,0.03,0.01,0.05,1
-9738.7,-0.0974,90261.3,10031.07,0.1003,-1.057,-0.971,0.346,56,0.1429,8,48,5.2,False,True,-0.0309,0.0114,5355.06,15481.52,10,0,35,5,6,0,0,0,0,0,0,3,0,135,0.44,0.5,10,0.035,0.03,0.01,0.05,2
-9738.7,-0.0974,90261.3,10031.07,0.1003,-1.057,-0.971,0.346,56,0.1429,8,48,5.2,False,True,-0.0309,0.0114,5355.06,15481.52,10,0,35,5,6,0,0,0,0,0,0,3,0,135,0.44,0.5,10,0.035,0.03,0.01,0.05,3
-9870.17,-0.0987,90129.83,10005.26,0.1,-1.178,-0.986,0.374,72,0.1806,13,59,5.2,False,True,-0.0309,0.0057,5653.43,15105.93,13,0,43,9,7,0,0,0,0,0,0,0,0,171,0.44,0.5,10,0.035,0.03,0.02,0.03,1
-9870.17,-0.0987,90129.83,10005.26,0.1,-1.178,-0.986,0.374,72,0.1806,13,59,5.2,False,True,-0.0309,0.0057,5653.43,15105.93,13,0,43,9,7,0,0,0,0,0,0,0,0,171,0.44,0.5,10,0.035,0.03,0.02,0.03,2
-9870.17,-0.0987,90129.83,10005.26,0.1,-1.178,-0.986,0.374,72,0.1806,13,59,5.2,False,True,-0.0309,0.0057,5653.43,15105.93,13,0,43,9,7,0,0,0,0,0,0,0,0,171,0.44,0.5,10,0.035,0.03,0.02,0.03,3
-10220.96,-0.1022,89779.04,10232.85,0.1023,-1.061,-0.999,0.409,70,0.1714,12,58,5.3,False,True,-0.0309,0.0114,7076.14,17297.1,13,0,42,9,6,0,0,0,0,0,0,0,0,170,0.44,0.5,10,0.035,0.03,0.02,0.05,1
-10220.96,-0.1022,89779.04,10232.85,0.1023,-1.061,-0.999,0.409,70,0.1714,12,58,5.3,False,True,-0.0309,0.0114,7076.14,17297.1,13,0,42,9,6,0,0,0,0,0,0,0,0,170,0.44,0.5,10,0.035,0.03,0.02,0.05,2
-10220.96,-0.1022,89779.04,10232.85,0.1023,-1.061,-0.999,0.409,70,0.1714,12,58,5.3,False,True,-0.0309,0.0114,7076.14,17297.1,13,0,42,9,6,0,0,0,0,0,0,0,0,170,0.44,0.5,10,0.035,0.03,0.02,0.05,3
-9870.16,-0.0987,90129.84,10005.24,0.1,-1.181,-0.986,0.374,72,0.1806,13,59,5.0,False,True,-0.0307,0.0057,5650.83,15103.31,13,0,44,9,6,0,0,0,0,0,0,0,0,164,0.44,0.5,15,0.025,0.02,0.01,0.03,1
-9870.16,-0.0987,90129.84,10005.24,0.1,-1.181,-0.986,0.374,72,0.1806,13,59,5.0,False,True,-0.0307,0.0057,5650.83,15103.31,13,0,44,9,6,0,0,0,0,0,0,0,0,164,0.44,0.5,15,0.025,0.02,0.01,0.03,2
-9870.16,-0.0987,90129.84,10005.24,0.1,-1.181,-0.986,0.374,72,0.1806,13,59,5.0,False,True,-0.0307,0.0057,5650.83,15103.31,13,0,44,9,6,0,0,0,0,0,0,0,0,164,0.44,0.5,15,0.025,0.02,0.01,0.03,3
-9965.37,-0.0997,90034.63,10019.11,0.1002,-1.092,-0.995,0.34,56,0.1429,8,48,5.0,False,True,-0.0307,0.0114,5339.48,15691.64,10,0,36,5,5,0,0,0,0,0,0,3,0,125,0.44,0.5,15,0.025,0.02,0.01,0.05,1
-9965.37,-0.0997,90034.63,10019.11,0.1002,-1.092,-0.995,0.34,56,0.1429,8,48,5.0,False,True,-0.0307,0.0114,5339.48,15691.64,10,0,36,5,5,0,0,0,0,0,0,3,0,125,0.44,0.5,15,0.025,0.02,0.01,0.05,2
-9965.37,-0.0997,90034.63,10019.11,0.1002,-1.092,-0.995,0.34,56,0.1429,8,48,5.0,False,True,-0.0307,0.0114,5339.48,15691.64,10,0,36,5,5,0,0,0,0,0,0,3,0,125,0.44,0.5,15,0.025,0.02,0.01,0.05,3
-9870.16,-0.0987,90129.84,10005.24,0.1,-1.181,-0.986,0.374,72,0.1806,13,59,5.0,False,True,-0.0307,0.0057,5650.83,15103.31,13,0,44,9,6,0,0,0,0,0,0,0,0,164,0.44,0.5,15,0.025,0.02,0.02,0.03,1
-9870.16,-0.0987,90129.84,10005.24,0.1,-1.181,-0.986,0.374,72,0.1806,13,59,5.0,False,True,-0.0307,0.0057,5650.83,15103.31,13,0,44,9,6,0,0,0,0,0,0,0,0,164,0.44,0.5,15,0.025,0.02,0.02,0.03,2
-9870.16,-0.0987,90129.84,10005.24,0.1,-1.181,-0.986,0.374,72,0.1806,13,59,5.0,False,True,-0.0307,0.0057,5650.83,15103.31,13,0,44,9,6,0,0,0,0,0,0,0,0,164,0.44,0.5,15,0.025,0.02,0.02,0.03,3
-9888.78,-0.0989,90111.22,10180.68,0.1018,-1.086,-0.971,0.342,54,0.1481,8,46,5.3,False,True,-0.0307,0.0114,5340.19,15616.08,10,0,33,5,6,0,0,0,0,0,0,0,0,133,0.44,0.5,15,0.025,0.02,0.02,0.05,1
-9888.78,-0.0989,90111.22,10180.68,0.1018,-1.086,-0.971,0.342,54,0.1481,8,46,5.3,False,True,-0.0307,0.0114,5340.19,15616.08,10,0,33,5,6,0,0,0,0,0,0,0,0,133,0.44,0.5,15,0.025,0.02,0.02,0.05,2
-9888.78,-0.0989,90111.22,10180.68,0.1018,-1.086,-0.971,0.342,54,0.1481,8,46,5.3,False,True,-0.0307,0.0114,5340.19,15616.08,10,0,33,5,6,0,0,0,0,0,0,0,0,133,0.44,0.5,15,0.025,0.02,0.02,0.05,3
-9870.16,-0.0987,90129.84,10005.24,0.1,-1.181,-0.986,0.374,72,0.1806,13,59,5.0,False,True,-0.0307,0.0057,5650.83,15103.31,13,0,44,9,6,0,0,0,0,0,0,0,0,164,0.44,0.5,15,0.025,0.03,0.01,0.03,1
-9870.16,-0.0987,90129.84,10005.24,0.1,-1.181,-0.986,0.374,72,0.1806,13,59,5.0,False,True,-0.0307,0.0057,5650.83,15103.31,13,0,44,9,6,0,0,0,0,0,0,0,0,164,0.44,0.5,15,0.025,0.03,0.01,0.03,2
-9870.16,-0.0987,90129.84,10005.24,0.1,-1.181,-0.986,0.374,72,0.1806,13,59,5.0,False,True,-0.0307,0.0057,5650.83,15103.31,13,0,44,9,6,0,0,0,0,0,0,0,0,164,0.44,0.5,15,0.025,0.03,0.01,0.03,3
-9965.37,-0.0997,90034.63,10019.11,0.1002,-1.092,-0.995,0.34,56,0.1429,8,48,5.0,False,True,-0.0307,0.0114,5339.48,15691.64,10,0,36,5,5,0,0,0,0,0,0,3,0,125,0.44,0.5,15,0.025,0.03,0.01,0.05,1
-9965.37,-0.0997,90034.63,10019.11,0.1002,-1.092,-0.995,0.34,56,0.1429,8,48,5.0,False,True,-0.0307,0.0114,5339.48,15691.64,10,0,36,5,5,0,0,0,0,0,0,3,0,125,0.44,0.5,15,0.025,0.03,0.01,0.05,2
-9965.37,-0.0997,90034.63,10019.11,0.1002,-1.092,-0.995,0.34,56,0.1429,8,48,5.0,False,True,-0.0307,0.0114,5339.48,15691.64,10,0,36,5,5,0,0,0,0,0,0,3,0,125,0.44,0.5,15,0.025,0.03,0.01,0.05,3
-9870.16,-0.0987,90129.84,10005.24,0.1,-1.181,-0.986,0.374,72,0.1806,13,59,5.0,False,True,-0.0307,0.0057,5650.83,15103.31,13,0,44,9,6,0,0,0,0,0,0,0,0,164,0.44,0.5,15,0.025,0.03,0.02,0.03,1
-9870.16,-0.0987,90129.84,10005.24,0.1,-1.181,-0.986,0.374,72,0.1806,13,59,5.0,False,True,-0.0307,0.0057,5650.83,15103.31,13,0,44,9,6,0,0,0,0,0,0,0,0,164,0.44,0.5,15,0.025,0.03,0.02,0.03,2
-9870.16,-0.0987,90129.84,10005.24,0.1,-1.181,-0.986,0.374,72,0.1806,13,59,5.0,False,True,-0.0307,0.0057,5650.83,15103.31,13,0,44,9,6,0,0,0,0,0,0,0,0,164,0.44,0.5,15,0.025,0.03,0.02,0.03,3
-9888.78,-0.0989,90111.22,10180.68,0.1018,-1.086,-0.971,0.342,54,0.1481,8,46,5.3,False,True,-0.0307,0.0114,5340.19,15616.08,10,0,33,5,6,0,0,0,0,0,0,0,0,133,0.44,0.5,15,0.025,0.03,0.02,0.05,1
-9888.78,-0.0989,90111.22,10180.68,0.1018,-1.086,-0.971,0.342,54,0.1481,8,46,5.3,False,True,-0.0307,0.0114,5340.19,15616.08,10,0,33,5,6,0,0,0,0,0,0,0,0,133,0.44,0.5,15,0.025,0.03,0.02,0.05,2
-9888.78,-0.0989,90111.22,10180.68,0.1018,-1.086,-0.971,0.342,54,0.1481,8,46,5.3,False,True,-0.0307,0.0114,5340.19,15616.08,10,0,33,5,6,0,0,0,0,0,0,0,0,133,0.44,0.5,15,0.025,0.03,0.02,0.05,3
-9870.17,-0.0987,90129.83,10005.26,0.1,-1.178,-0.986,0.374,72,0.1806,13,59,5.2,False,True,-0.0309,0.0057,5653.43,15105.93,13,0,43,9,7,0,0,0,0,0,0,0,0,171,0.44,0.5,15,0.035,0.02,0.01,0.03,1
-9870.17,-0.0987,90129.83,10005.26,0.1,-1.178,-0.986,0.374,72,0.1806,13,59,5.2,False,True,-0.0309,0.0057,5653.43,15105.93,13,0,43,9,7,0,0,0,0,0,0,0,0,171,0.44,0.5,15,0.035,0.02,0.01,0.03,2
-9870.17,-0.0987,90129.83,10005.26,0.1,-1.178,-0.986,0.374,72,0.1806,13,59,5.2,False,True,-0.0309,0.0057,5653.43,15105.93,13,0,43,9,7,0,0,0,0,0,0,0,0,171,0.44,0.5,15,0.035,0.02,0.01,0.03,3
-9738.7,-0.0974,90261.3,10031.07,0.1003,-1.057,-0.971,0.346,56,0.1429,8,48,5.2,False,True,-0.0309,0.0114,5355.06,15481.52,10,0,35,5,6,0,0,0,0,0,0,3,0,135,0.44,0.5,15,0.035,0.02,0.01,0.05,1
-9738.7,-0.0974,90261.3,10031.07,0.1003,-1.057,-0.971,0.346,56,0.1429,8,48,5.2,False,True,-0.0309,0.0114,5355.06,15481.52,10,0,35,5,6,0,0,0,0,0,0,3,0,135,0.44,0.5,15,0.035,0.02,0.01,0.05,2
-9738.7,-0.0974,90261.3,10031.07,0.1003,-1.057,-0.971,0.346,56,0.1429,8,48,5.2,False,True,-0.0309,0.0114,5355.06,15481.52,10,0,35,5,6,0,0,0,0,0,0,3,0,135,0.44,0.5,15,0.035,0.02,0.01,0.05,3
-9870.17,-0.0987,90129.83,10005.26,0.1,-1.178,-0.986,0.374,72,0.1806,13,59,5.2,False,True,-0.0309,0.0057,5653.43,15105.93,13,0,43,9,7,0,0,0,0,0,0,0,0,171,0.44,0.5,15,0.035,0.02,0.02,0.03,1
-9870.17,-0.0987,90129.83,10005.26,0.1,-1.178,-0.986,0.374,72,0.1806,13,59,5.2,False,True,-0.0309,0.0057,5653.43,15105.93,13,0,43,9,7,0,0,0,0,0,0,0,0,171,0.44,0.5,15,0.035,0.02,0.02,0.03,2
-9870.17,-0.0987,90129.83,10005.26,0.1,-1.178,-0.986,0.374,72,0.1806,13,59,5.2,False,True,-0.0309,0.0057,5653.43,15105.93,13,0,43,9,7,0,0,0,0,0,0,0,0,171,0.44,0.5,15,0.035,0.02,0.02,0.03,3
-10220.96,-0.1022,89779.04,10232.85,0.1023,-1.061,-0.999,0.409,70,0.1714,12,58,5.3,False,True,-0.0309,0.0114,7076.14,17297.1,13,0,42,9,6,0,0,0,0,0,0,0,0,170,0.44,0.5,15,0.035,0.02,0.02,0.05,1
-10220.96,-0.1022,89779.04,10232.85,0.1023,-1.061,-0.999,0.409,70,0.1714,12,58,5.3,False,True,-0.0309,0.0114,7076.14,17297.1,13,0,42,9,6,0,0,0,0,0,0,0,0,170,0.44,0.5,15,0.035,0.02,0.02,0.05,2
-10220.96,-0.1022,89779.04,10232.85,0.1023,-1.061,-0.999,0.409,70,0.1714,12,58,5.3,False,True,-0.0309,0.0114,7076.14,17297.1,13,0,42,9,6,0,0,0,0,0,0,0,0,170,0.44,0.5,15,0.035,0.02,0.02,0.05,3
-9870.17,-0.0987,90129.83,10005.26,0.1,-1.178,-0.986,0.374,72,0.1806,13,59,5.2,False,True,-0.0309,0.0057,5653.43,15105.93,13,0,43,9,7,0,0,0,0,0,0,0,0,171,0.44,0.5,15,0.035,0.03,0.01,0.03,1
-9870.17,-0.0987,90129.83,10005.26,0.1,-1.178,-0.986,0.374,72,0.1806,13,59,5.2,False,True,-0.0309,0.0057,5653.43,15105.93,13,0,43,9,7,0,0,0,0,0,0,0,0,171,0.44,0.5,15,0.035,0.03,0.01,0.03,2
-9870.17,-0.0987,90129.83,10005.26,0.1,-1.178,-0.986,0.374,72,0.1806,13,59,5.2,False,True,-0.0309,0.0057,5653.43,15105.93,13,0,43,9,7,0,0,0,0,0,0,0,0,171,0.44,0.5,15,0.035,0.03,0.01,0.03,3
-9738.7,-0.0974,90261.3,10031.07,0.1003,-1.057,-0.971,0.346,56,0.1429,8,48,5.2,False,True,-0.0309,0.0114,5355.06,15481.52,10,0,35,5,6,0,0,0,0,0,0,3,0,135,0.44,0.5,15,0.035,0.03,0.01,0.05,1
-9738.7,-0.0974,90261.3,10031.07,0.1003,-1.057,-0.971,0.346,56,0.1429,8,48,5.2,False,True,-0.0309,0.0114,5355.06,15481.52,10,0,35,5,6,0,0,0,0,0,0,3,0,135,0.44,0.5,15,0.035,0.03,0.01,0.05,2
-9738.7,-0.0974,90261.3,10031.07,0.1003,-1.057,-0.971,0.346,56,0.1429,8,48,5.2,False,True,-0.0309,0.0114,5355.06,15481.52,10,0,35,5,6,0,0,0,0,0,0,3,0,135,0.44,0.5,15,0.035,0.03,0.01,0.05,3
-9870.17,-0.0987,90129.83,10005.26,0.1,-1.178,-0.986,0.374,72,0.1806,13,59,5.2,False,True,-0.0309,0.0057,5653.43,15105.93,13,0,43,9,7,0,0,0,0,0,0,0,0,171,0.44,0.5,15,0.035,0.03,0.02,0.03,1
-9870.17,-0.0987,90129.83,10005.26,0.1,-1.178,-0.986,0.374,72,0.1806,13,59,5.2,False,True,-0.0309,0.0057,5653.43,15105.93,13,0,43,9,7,0,0,0,0,0,0,0,0,171,0.44,0.5,15,0.035,0.03,0.02,0.03,2
-9870.17,-0.0987,90129.83,10005.26,0.1,-1.178,-0.986,0.374,72,0.1806,13,59,5.2,False,True,-0.0309,0.0057,5653.43,15105.93,13,0,43,9,7,0,0,0,0,0,0,0,0,171,0.44,0.5,15,0.035,0.03,0.02,0.03,3
-10220.96,-0.1022,89779.04,10232.85,0.1023,-1.061,-0.999,0.409,70,0.1714,12,58,5.3,False,True,-0.0309,0.0114,7076.14,17297.1,13,0,42,9,6,0,0,0,0,0,0,0,0,170,0.44,0.5,15,0.035,0.03,0.02,0.05,1
-10220.96,-0.1022,89779.04,10232.85,0.1023,-1.061,-0.999,0.409,70,0.1714,12,58,5.3,False,True,-0.0309,0.0114,7076.14,17297.1,13,0,42,9,6,0,0,0,0,0,0,0,0,170,0.44,0.5,15,0.035,0.03,0.02,0.05,2
-10220.96,-0.1022,89779.04,10232.85,0.1023,-1.061,-0.999,0.409,70,0.1714,12,58,5.3,False,True,-0.0309,0.0114,7076.14,17297.1,13,0,42,9,6,0,0,0,0,0,0,0,0,170,0.44,0.5,15,0.035,0.03,0.02,0.05,3
-9839.94,-0.0984,90160.06,10972.83,0.1097,-1.085,-0.897,0.202,32,0.1562,5,27,5.2,False,True,-0.0304,0.0114,4431.25,21934.36,5,0,20,4,3,0,0,0,0,0,0,3,0,74,0.44,1.0,5,0.025,0.02,0.01,0.03,1
-9839.94,-0.0984,90160.06,10972.83,0.1097,-1.085,-0.897,0.202,32,0.1562,5,27,5.2,False,True,-0.0304,0.0114,4431.25,21934.36,5,0,20,4,3,0,0,0,0,0,0,3,0,74,0.44,1.0,5,0.025,0.02,0.01,0.03,2
-9839.94,-0.0984,90160.06,10972.83,0.1097,-1.085,-0.897,0.202,32,0.1562,5,27,5.2,False,True,-0.0304,0.0114,4431.25,21934.36,5,0,20,4,3,0,0,0,0,0,0,3,0,74,0.44,1.0,5,0.025,0.02,0.01,0.03,3
-8273.38,-0.0827,91726.62,10434.67,0.1021,-0.673,-0.793,0.474,27,0.1481,4,23,5.4,False,True,-0.0473,0.0228,7459.38,15732.75,4,0,18,3,2,0,0,0,0,0,0,11,0,66,0.44,1.0,5,0.025,0.02,0.01,0.05,1
-8273.38,-0.0827,91726.62,10434.67,0.1021,-0.673,-0.793,0.474,27,0.1481,4,23,5.4,False,True,-0.0473,0.0228,7459.38,15732.75,4,0,18,3,2,0,0,0,0,0,0,11,0,66,0.44,1.0,5,0.025,0.02,0.01,0.05,2
-8273.38,-0.0827,91726.62,10434.67,0.1021,-0.673,-0.793,0.474,27,0.1481,4,23,5.4,False,True,-0.0473,0.0228,7459.38,15732.75,4,0,18,3,2,0,0,0,0,0,0,11,0,66,0.44,1.0,5,0.025,0.02,0.01,0.05,3
-9763.24,-0.0976,90236.76,10897.08,0.1089,-1.08,-0.896,0.203,30,0.1667,5,25,5.7,False,True,-0.0304,0.0114,4431.25,21864.18,5,0,17,4,4,0,0,0,0,0,0,0,0,79,0.44,1.0,5,0.025,0.02,0.02,0.03,1
-9763.24,-0.0976,90236.76,10897.08,0.1089,-1.08,-0.896,0.203,30,0.1667,5,25,5.7,False,True,-0.0304,0.0114,4431.25,21864.18,5,0,17,4,4,0,0,0,0,0,0,0,0,79,0.44,1.0,5,0.025,0.02,0.02,0.03,2
-9763.24,-0.0976,90236.76,10897.08,0.1089,-1.08,-0.896,0.203,30,0.1667,5,25,5.7,False,True,-0.0304,0.0114,4431.25,21864.18,5,0,17,4,4,0,0,0,0,0,0,0,0,79,0.44,1.0,5,0.025,0.02,0.02,0.03,3
-10275.79,-0.1028,89724.21,10299.57,0.103,-0.839,-0.998,0.465,31,0.1613,5,26,5.3,False,True,-0.0473,0.0228,8928.58,19204.37,5,0,20,4,2,0,0,0,0,0,0,0,0,73,0.44,1.0,5,0.025,0.02,0.02,0.05,1
-10275.79,-0.1028,89724.21,10299.57,0.103,-0.839,-0.998,0.465,31,0.1613,5,26,5.3,False,True,-0.0473,0.0228,8928.58,19204.37,5,0,20,4,2,0,0,0,0,0,0,0,0,73,0.44,1.0,5,0.025,0.02,0.02,0.05,2
-10275.79,-0.1028,89724.21,10299.57,0.103,-0.839,-0.998,0.465,31,0.1613,5,26,5.3,False,True,-0.0473,0.0228,8928.58,19204.37,5,0,20,4,2,0,0,0,0,0,0,0,0,73,0.44,1.0,5,0.025,0.02,0.02,0.05,3
-9839.94,-0.0984,90160.06,10972.83,0.1097,-1.085,-0.897,0.202,32,0.1562,5,27,5.2,False,True,-0.0304,0.0114,4431.25,21934.36,5,0,20,4,3,0,0,0,0,0,0,3,0,74,0.44,1.0,5,0.025,0.03,0.01,0.03,1
-9839.94,-0.0984,90160.06,10972.83,0.1097,-1.085,-0.897,0.202,32,0.1562,5,27,5.2,False,True,-0.0304,0.0114,4431.25,21934.36,5,0,20,4,3,0,0,0,0,0,0,3,0,74,0.44,1.0,5,0.025,0.03,0.01,0.03,2
-9839.94,-0.0984,90160.06,10972.83,0.1097,-1.085,-0.897,0.202,32,0.1562,5,27,5.2,False,True,-0.0304,0.0114,4431.25,21934.36,5,0,20,4,3,0,0,0,0,0,0,3,0,74,0.44,1.0,5,0.025,0.03,0.01,0.03,3
-8273.38,-0.0827,91726.62,10434.67,0.1021,-0.673,-0.793,0.474,27,0.1481,4,23,5.4,False,True,-0.0473,0.0228,7459.38,15732.75,4,0,18,3,2,0,0,0,0,0,0,14,0,66,0.44,1.0,5,0.025,0.03,0.01,0.05,1
-8273.38,-0.0827,91726.62,10434.67,0.1021,-0.673,-0.793,0.474,27,0.1481,4,23,5.4,False,True,-0.0473,0.0228,7459.38,15732.75,4,0,18,3,2,0,0,0,0,0,0,14,0,66,0.44,1.0,5,0.025,0.03,0.01,0.05,2
-8273.38,-0.0827,91726.62,10434.67,0.1021,-0.673,-0.793,0.474,27,0.1481,4,23,5.4,False,True,-0.0473,0.0228,7459.38,15732.75,4,0,18,3,2,0,0,0,0,0,0,14,0,66,0.44,1.0,5,0.025,0.03,0.01,0.05,3
-9763.24,-0.0976,90236.76,10897.08,0.1089,-1.08,-0.896,0.203,30,0.1667,5,25,5.7,False,True,-0.0304,0.0114,4431.25,21864.18,5,0,17,4,4,0,0,0,0,0,0,0,0,79,0.44,1.0,5,0.025,0.03,0.02,0.03,1
-9763.24,-0.0976,90236.76,10897.08,0.1089,-1.08,-0.896,0.203,30,0.1667,5,25,5.7,False,True,-0.0304,0.0114,4431.25,21864.18,5,0,17,4,4,0,0,0,0,0,0,0,0,79,0.44,1.0,5,0.025,0.03,0.02,0.03,2
-9763.24,-0.0976,90236.76,10897.08,0.1089,-1.08,-0.896,0.203,30,0.1667,5,25,5.7,False,True,-0.0304,0.0114,4431.25,21864.18,5,0,17,4,4,0,0,0,0,0,0,0,0,79,0.44,1.0,5,0.025,0.03,0.02,0.03,3
-10275.79,-0.1028,89724.21,10299.57,0.103,-0.839,-0.998,0.465,31,0.1613,5,26,5.3,False,True,-0.0473,0.0228,8928.58,19204.37,5,0,20,4,2,0,0,0,0,0,0,3,0,73,0.44,1.0,5,0.025,0.03,0.02,0.05,1
-10275.79,-0.1028,89724.21,10299.57,0.103,-0.839,-0.998,0.465,31,0.1613,5,26,5.3,False,True,-0.0473,0.0228,8928.58,19204.37,5,0,20,4,2,0,0,0,0,0,0,3,0,73,0.44,1.0,5,0.025,0.03,0.02,0.05,2
-10275.79,-0.1028,89724.21,10299.57,0.103,-0.839,-0.998,0.465,31,0.1613,5,26,5.3,False,True,-0.0473,0.0228,8928.58,19204.37,5,0,20,4,2,0,0,0,0,0,0,3,0,73,0.44,1.0,5,0.025,0.03,0.02,0.05,3
-10394.6,-0.1039,89605.4,10418.37,0.1042,-1.08,-0.998,0.298,34,0.1471,5,29,5.1,False,True,-0.0363,0.0114,4403.99,14798.59,5,0,23,4,2,0,0,0,0,0,0,3,0,77,0.44,1.0,5,0.035,0.02,0.01,0.03,1
-10394.6,-0.1039,89605.4,10418.37,0.1042,-1.08,-0.998,0.298,34,0.1471,5,29,5.1,False,True,-0.0363,0.0114,4403.99,14798.59,5,0,23,4,2,0,0,0,0,0,0,3,0,77,0.44,1.0,5,0.035,0.02,0.01,0.03,2
-10394.6,-0.1039,89605.4,10418.37,0.1042,-1.08,-0.998,0.298,34,0.1471,5,29,5.1,False,True,-0.0363,0.0114,4403.99,14798.59,5,0,23,4,2,0,0,0,0,0,0,3,0,77,0.44,1.0,5,0.035,0.02,0.01,0.03,3
-9843.35,-0.0984,90156.65,10256.07,0.1021,-0.775,-0.96,0.391,29,0.1379,4,25,5.2,False,True,-0.0473,0.0228,6309.32,16152.68,4,0,20,3,2,0,0,0,0,0,0,11,0,68,0.44,1.0,5,0.035,0.02,0.01,0.05,1
-9843.35,-0.0984,90156.65,10256.07,0.1021,-0.775,-0.96,0.391,29,0.1379,4,25,5.2,False,True,-0.0473,0.0228,6309.32,16152.68,4,0,20,3,2,0,0,0,0,0,0,11,0,68,0.44,1.0,5,0.035,0.02,0.01,0.05,2
-9843.35,-0.0984,90156.65,10256.07,0.1021,-0.775,-0.96,0.391,29,0.1379,4,25,5.2,False,True,-0.0473,0.0228,6309.32,16152.68,4,0,20,3,2,0,0,0,0,0,0,11,0,68,0.44,1.0,5,0.035,0.02,0.01,0.05,3
-10318.37,-0.1032,89681.63,10342.14,0.1034,-1.074,-0.998,0.299,32,0.1562,5,27,5.5,False,True,-0.0363,0.0114,4403.99,14722.36,5,0,20,4,3,0,0,0,0,0,0,0,0,82,0.44,1.0,5,0.035,0.02,0.02,0.03,1
-10318.37,-0.1032,89681.63,10342.14,0.1034,-1.074,-0.998,0.299,32,0.1562,5,27,5.5,False,True,-0.0363,0.0114,4403.99,14722.36,5,0,20,4,3,0,0,0,0,0,0,0,0,82,0.44,1.0,5,0.035,0.02,0.02,0.03,2
-10318.37,-0.1032,89681.63,10342.14,0.1034,-1.074,-0.998,0.299,32,0.1562,5,27,5.5,False,True,-0.0363,0.0114,4403.99,14722.36,5,0,20,4,3,0,0,0,0,0,0,0,0,82,0.44,1.0,5,0.035,0.02,0.02,0.03,3
-11016.45,-0.1102,88983.55,11040.22,0.1104,-1.156,-0.998,0.321,31,0.1613,5,26,5.6,False,True,-0.0383,0.0114,5213.65,16230.1,5,0,19,4,3,0,0,0,0,0,0,0,0,81,0.44,1.0,5,0.035,0.02,0.02,0.05,1
-11016.45,-0.1102,88983.55,11040.22,0.1104,-1.156,-0.998,0.321,31,0.1613,5,26,5.6,False,True,-0.0383,0.0114,5213.65,16230.1,5,0,19,4,3,0,0,0,0,0,0,0,0,81,0.44,1.0,5,0.035,0.02,0.02,0.05,2
-11016.45,-0.1102,88983.55,11040.22,0.1104,-1.156,-0.998,0.321,31,0.1613,5,26,5.6,False,True,-0.0383,0.0114,5213.65,16230.1,5,0,19,4,3,0,0,0,0,0,0,0,0,81,0.44,1.0,5,0.035,0.02,0.02,0.05,3
-10394.6,-0.1039,89605.4,10418.37,0.1042,-1.08,-0.998,0.298,34,0.1471,5,29,5.1,False,True,-0.0363,0.0114,4403.99,14798.59,5,0,23,4,2,0,0,0,0,0,0,3,0,77,0.44,1.0,5,0.035,0.03,0.01,0.03,1
-10394.6,-0.1039,89605.4,10418.37,0.1042,-1.08,-0.998,0.298,34,0.1471,5,29,5.1,False,True,-0.0363,0.0114,4403.99,14798.59,5,0,23,4,2,0,0,0,0,0,0,3,0,77,0.44,1.0,5,0.035,0.03,0.01,0.03,2
-10394.6,-0.1039,89605.4,10418.37,0.1042,-1.08,-0.998,0.298,34,0.1471,5,29,5.1,False,True,-0.0363,0.0114,4403.99,14798.59,5,0,23,4,2,0,0,0,0,0,0,3,0,77,0.44,1.0,5,0.035,0.03,0.01,0.03,3
-9843.35,-0.0984,90156.65,10256.07,0.1021,-0.775,-0.96,0.391,29,0.1379,4,25,5.2,False,True,-0.0473,0.0228,6309.32,16152.68,4,0,20,3,2,0,0,0,0,0,0,14,0,68,0.44,1.0,5,0.035,0.03,0.01,0.05,1
-9843.35,-0.0984,90156.65,10256.07,0.1021,-0.775,-0.96,0.391,29,0.1379,4,25,5.2,False,True,-0.0473,0.0228,6309.32,16152.68,4,0,20,3,2,0,0,0,0,0,0,14,0,68,0.44,1.0,5,0.035,0.03,0.01,0.05,2
-9843.35,-0.0984,90156.65,10256.07,0.1021,-0.775,-0.96,0.391,29,0.1379,4,25,5.2,False,True,-0.0473,0.0228,6309.32,16152.68,4,0,20,3,2,0,0,0,0,0,0,14,0,68,0.44,1.0,5,0.035,0.03,0.01,0.05,3
-10318.37,-0.1032,89681.63,10342.14,0.1034,-1.074,-0.998,0.299,32,0.1562,5,27,5.5,False,True,-0.0363,0.0114,4403.99,14722.36,5,0,20,4,3,0,0,0,0,0,0,0,0,82,0.44,1.0,5,0.035,0.03,0.02,0.03,1
-10318.37,-0.1032,89681.63,10342.14,0.1034,-1.074,-0.998,0.299,32,0.1562,5,27,5.5,False,True,-0.0363,0.0114,4403.99,14722.36,5,0,20,4,3,0,0,0,0,0,0,0,0,82,0.44,1.0,5,0.035,0.03,0.02,0.03,2
-10318.37,-0.1032,89681.63,10342.14,0.1034,-1.074,-0.998,0.299,32,0.1562,5,27,5.5,False,True,-0.0363,0.0114,4403.99,14722.36,5,0,20,4,3,0,0,0,0,0,0,0,0,82,0.44,1.0,5,0.035,0.03,0.02,0.03,3
-11016.45,-0.1102,88983.55,11040.22,0.1104,-1.156,-0.998,0.321,31,0.1613,5,26,5.6,False,True,-0.0383,0.0114,5213.65,16230.1,5,0,19,4,3,0,0,0,0,0,0,0,0,81,0.44,1.0,5,0.035,0.03,0.02,0.05,1
-11016.45,-0.1102,88983.55,11040.22,0.1104,-1.156,-0.998,0.321,31,0.1613,5,26,5.6,False,True,-0.0383,0.0114,5213.65,16230.1,5,0,19,4,3,0,0,0,0,0,0,0,0,81,0.44,1.0,5,0.035,0.03,0.02,0.05,2
-11016.45,-0.1102,88983.55,11040.22,0.1104,-1.156,-0.998,0.321,31,0.1613,5,26,5.6,False,True,-0.0383,0.0114,5213.65,16230.1,5,0,19,4,3,0,0,0,0,0,0,0,0,81,0.44,1.0,5,0.035,0.03,0.02,0.05,3
-9839.94,-0.0984,90160.06,10972.83,0.1097,-1.085,-0.897,0.202,32,0.1562,5,27,5.2,False,True,-0.0304,0.0114,4431.25,21934.36,5,0,20,4,3,0,0,0,0,0,0,3,0,74,0.44,1.0,10,0.025,0.02,0.01,0.03,1
-9839.94,-0.0984,90160.06,10972.83,0.1097,-1.085,-0.897,0.202,32,0.1562,5,27,5.2,False,True,-0.0304,0.0114,4431.25,21934.36,5,0,20,4,3,0,0,0,0,0,0,3,0,74,0.44,1.0,10,0.025,0.02,0.01,0.03,2
-9839.94,-0.0984,90160.06,10972.83,0.1097,-1.085,-0.897,0.202,32,0.1562,5,27,5.2,False,True,-0.0304,0.0114,4431.25,21934.36,5,0,20,4,3,0,0,0,0,0,0,3,0,74,0.44,1.0,10,0.025,0.02,0.01,0.03,3
-8273.38,-0.0827,91726.62,10434.67,0.1021,-0.673,-0.793,0.474,27,0.1481,4,23,5.4,False,True,-0.0473,0.0228,7459.38,15732.75,4,0,18,3,2,0,0,0,0,0,0,11,0,66,0.44,1.0,10,0.025,0.02,0.01,0.05,1
-8273.38,-0.0827,91726.62,10434.67,0.1021,-0.673,-0.793,0.474,27,0.1481,4,23,5.4,False,True,-0.0473,0.0228,7459.38,15732.75,4,0,18,3,2,0,0,0,0,0,0,11,0,66,0.44,1.0,10,0.025,0.02,0.01,0.05,2
-8273.38,-0.0827,91726.62,10434.67,0.1021,-0.673,-0.793,0.474,27,0.1481,4,23,5.4,False,True,-0.0473,0.0228,7459.38,15732.75,4,0,18,3,2,0,0,0,0,0,0,11,0,66,0.44,1.0,10,0.025,0.02,0.01,0.05,3
-9763.24,-0.0976,90236.76,10897.08,0.1089,-1.08,-0.896,0.203,30,0.1667,5,25,5.7,False,True,-0.0304,0.0114,4431.25,21864.18,5,0,17,4,4,0,0,0,0,0,0,0,0,79,0.44,1.0,10,0.025,0.02,0.02,0.03,1
-9763.24,-0.0976,90236.76,10897.08,0.1089,-1.08,-0.896,0.203,30,0.1667,5,25,5.7,False,True,-0.0304,0.0114,4431.25,21864.18,5,0,17,4,4,0,0,0,0,0,0,0,0,79,0.44,1.0,10,0.025,0.02,0.02,0.03,2
-9763.24,-0.0976,90236.76,10897.08,0.1089,-1.08,-0.896,0.203,30,0.1667,5,25,5.7,False,True,-0.0304,0.0114,4431.25,21864.18,5,0,17,4,4,0,0,0,0,0,0,0,0,79,0.44,1.0,10,0.025,0.02,0.02,0.03,3
-10275.79,-0.1028,89724.21,10299.57,0.103,-0.839,-0.998,0.465,31,0.1613,5,26,5.3,False,True,-0.0473,0.0228,8928.58,19204.37,5,0,20,4,2,0,0,0,0,0,0,0,0,73,0.44,1.0,10,0.025,0.02,0.02,0.05,1
-10275.79,-0.1028,89724.21,10299.57,0.103,-0.839,-0.998,0.465,31,0.1613,5,26,5.3,False,True,-0.0473,0.0228,8928.58,19204.37,5,0,20,4,2,0,0,0,0,0,0,0,0,73,0.44,1.0,10,0.025,0.02,0.02,0.05,2
-10275.79,-0.1028,89724.21,10299.57,0.103,-0.839,-0.998,0.465,31,0.1613,5,26,5.3,False,True,-0.0473,0.0228,8928.58,19204.37,5,0,20,4,2,0,0,0,0,0,0,0,0,73,0.44,1.0,10,0.025,0.02,0.02,0.05,3
-9839.94,-0.0984,90160.06,10972.83,0.1097,-1.085,-0.897,0.202,32,0.1562,5,27,5.2,False,True,-0.0304,0.0114,4431.25,21934.36,5,0,20,4,3,0,0,0,0,0,0,3,0,74,0.44,1.0,10,0.025,0.03,0.01,0.03,1
-9839.94,-0.0984,90160.06,10972.83,0.1097,-1.085,-0.897,0.202,32,0.1562,5,27,5.2,False,True,-0.0304,0.0114,4431.25,21934.36,5,0,20,4,3,0,0,0,0,0,0,3,0,74,0.44,1.0,10,0.025,0.03,0.01,0.03,2
-9839.94,-0.0984,90160.06,10972.83,0.1097,-1.085,-0.897,0.202,32,0.1562,5,27,5.2,False,True,-0.0304,0.0114,4431.25,21934.36,5,0,20,4,3,0,0,0,0,0,0,3,0,74,0.44,1.0,10,0.025,0.03,0.01,0.03,3
-8273.38,-0.0827,91726.62,10434.67,0.1021,-0.673,-0.793,0.474,27,0.1481,4,23,5.4,False,True,-0.0473,0.0228,7459.38,15732.75,4,0,18,3,2,0,0,0,0,0,0,14,0,66,0.44,1.0,10,0.025,0.03,0.01,0.05,1
-8273.38,-0.0827,91726.62,10434.67,0.1021,-0.673,-0.793,0.474,27,0.1481,4,23,5.4,False,True,-0.0473,0.0228,7459.38,15732.75,4,0,18,3,2,0,0,0,0,0,0,14,0,66,0.44,1.0,10,0.025,0.03,0.01,0.05,2
-8273.38,-0.0827,91726.62,10434.67,0.1021,-0.673,-0.793,0.474,27,0.1481,4,23,5.4,False,True,-0.0473,0.0228,7459.38,15732.75,4,0,18,3,2,0,0,0,0,0,0,14,0,66,0.44,1.0,10,0.025,0.03,0.01,0.05,3
-9763.24,-0.0976,90236.76,10897.08,0.1089,-1.08,-0.896,0.203,30,0.1667,5,25,5.7,False,True,-0.0304,0.0114,4431.25,21864.18,5,0,17,4,4,0,0,0,0,0,0,0,0,79,0.44,1.0,10,0.025,0.03,0.02,0.03,1
-9763.24,-0.0976,90236.76,10897.08,0.1089,-1.08,-0.896,0.203,30,0.1667,5,25,5.7,False,True,-0.0304,0.0114,4431.25,21864.18,5,0,17,4,4,0,0,0,0,0,0,0,0,79,0.44,1.0,10,0.025,0.03,0.02,0.03,2
-9763.24,-0.0976,90236.76,10897.08,0.1089,-1.08,-0.896,0.203,30,0.1667,5,25,5.7,False,True,-0.0304,0.0114,4431.25,21864.18,5,0,17,4,4,0,0,0,0,0,0,0,0,79,0.44,1.0,10,0.025,0.03,0.02,0.03,3
-10275.79,-0.1028,89724.21,10299.57,0.103,-0.839,-0.998,0.465,31,0.1613,5,26,5.3,False,True,-0.0473,0.0228,8928.58,19204.37,5,0,20,4,2,0,0,0,0,0,0,3,0,73,0.44,1.0,10,0.025,0.03,0.02,0.05,1
-10275.79,-0.1028,89724.21,10299.57,0.103,-0.839,-0.998,0.465,31,0.1613,5,26,5.3,False,True,-0.0473,0.0228,8928.58,19204.37,5,0,20,4,2,0,0,0,0,0,0,3,0,73,0.44,1.0,10,0.025,0.03,0.02,0.05,2
-10275.79,-0.1028,89724.21,10299.57,0.103,-0.839,-0.998,0.465,31,0.1613,5,26,5.3,False,True,-0.0473,0.0228,8928.58,19204.37,5,0,20,4,2,0,0,0,0,0,0,3,0,73,0.44,1.0,10,0.025,0.03,0.02,0.05,3
-10394.6,-0.1039,89605.4,10418.37,0.1042,-1.08,-0.998,0.298,34,0.1471,5,29,5.1,False,True,-0.0363,0.0114,4403.99,14798.59,5,0,23,4,2,0,0,0,0,0,0,3,0,77,0.44,1.0,10,0.035,0.02,0.01,0.03,1
-10394.6,-0.1039,89605.4,10418.37,0.1042,-1.08,-0.998,0.298,34,0.1471,5,29,5.1,False,True,-0.0363,0.0114,4403.99,14798.59,5,0,23,4,2,0,0,0,0,0,0,3,0,77,0.44,1.0,10,0.035,0.02,0.01,0.03,2
-10394.6,-0.1039,89605.4,10418.37,0.1042,-1.08,-0.998,0.298,34,0.1471,5,29,5.1,False,True,-0.0363,0.0114,4403.99,14798.59,5,0,23,4,2,0,0,0,0,0,0,3,0,77,0.44,1.0,10,0.035,0.02,0.01,0.03,3
-9843.35,-0.0984,90156.65,10256.07,0.1021,-0.775,-0.96,0.391,29,0.1379,4,25,5.2,False,True,-0.0473,0.0228,6309.32,16152.68,4,0,20,3,2,0,0,0,0,0,0,11,0,68,0.44,1.0,10,0.035,0.02,0.01,0.05,1
-9843.35,-0.0984,90156.65,10256.07,0.1021,-0.775,-0.96,0.391,29,0.1379,4,25,5.2,False,True,-0.0473,0.0228,6309.32,16152.68,4,0,20,3,2,0,0,0,0,0,0,11,0,68,0.44,1.0,10,0.035,0.02,0.01,0.05,2
-9843.35,-0.0984,90156.65,10256.07,0.1021,-0.775,-0.96,0.391,29,0.1379,4,25,5.2,False,True,-0.0473,0.0228,6309.32,16152.68,4,0,20,3,2,0,0,0,0,0,0,11,0,68,0.44,1.0,10,0.035,0.02,0.01,0.05,3
-10318.37,-0.1032,89681.63,10342.14,0.1034,-1.074,-0.998,0.299,32,0.1562,5,27,5.5,False,True,-0.0363,0.0114,4403.99,14722.36,5,0,20,4,3,0,0,0,0,0,0,0,0,82,0.44,1.0,10,0.035,0.02,0.02,0.03,1
-10318.37,-0.1032,89681.63,10342.14,0.1034,-1.074,-0.998,0.299,32,0.1562,5,27,5.5,False,True,-0.0363,0.0114,4403.99,14722.36,5,0,20,4,3,0,0,0,0,0,0,0,0,82,0.44,1.0,10,0.035,0.02,0.02,0.03,2
-10318.37,-0.1032,89681.63,10342.14,0.1034,-1.074,-0.998,0.299,32,0.1562,5,27,5.5,False,True,-0.0363,0.0114,4403.99,14722.36,5,0,20,4,3,0,0,0,0,0,0,0,0,82,0.44,1.0,10,0.035,0.02,0.02,0.03,3
-11016.45,-0.1102,88983.55,11040.22,0.1104,-1.156,-0.998,0.321,31,0.1613,5,26,5.6,False,True,-0.0383,0.0114,5213.65,16230.1,5,0,19,4,3,0,0,0,0,0,0,0,0,81,0.44,1.0,10,0.035,0.02,0.02,0.05,1
-11016.45,-0.1102,88983.55,11040.22,0.1104,-1.156,-0.998,0.321,31,0.1613,5,26,5.6,False,True,-0.0383,0.0114,5213.65,16230.1,5,0,19,4,3,0,0,0,0,0,0,0,0,81,0.44,1.0,10,0.035,0.02,0.02,0.05,2
-11016.45,-0.1102,88983.55,11040.22,0.1104,-1.156,-0.998,0.321,31,0.1613,5,26,5.6,False,True,-0.0383,0.0114,5213.65,16230.1,5,0,19,4,3,0,0,0,0,0,0,0,0,81,0.44,1.0,10,0.035,0.02,0.02,0.05,3
-10394.6,-0.1039,89605.4,10418.37,0.1042,-1.08,-0.998,0.298,34,0.1471,5,29,5.1,False,True,-0.0363,0.0114,4403.99,14798.59,5,0,23,4,2,0,0,0,0,0,0,3,0,77,0.44,1.0,10,0.035,0.03,0.01,0.03,1
-10394.6,-0.1039,89605.4,10418.37,0.1042,-1.08,-0.998,0.298,34,0.1471,5,29,5.1,False,True,-0.0363,0.0114,4403.99,14798.59,5,0,23,4,2,0,0,0,0,0,0,3,0,77,0.44,1.0,10,0.035,0.03,0.01,0.03,2
-10394.6,-0.1039,89605.4,10418.37,0.1042,-1.08,-0.998,0.298,34,0.1471,5,29,5.1,False,True,-0.0363,0.0114,4403.99,14798.59,5,0,23,4,2,0,0,0,0,0,0,3,0,77,0.44,1.0,10,0.035,0.03,0.01,0.03,3
-9843.35,-0.0984,90156.65,10256.07,0.1021,-0.775,-0.96,0.391,29,0.1379,4,25,5.2,False,True,-0.0473,0.0228,6309.32,16152.68,4,0,20,3,2,0,0,0,0,0,0,14,0,68,0.44,1.0,10,0.035,0.03,0.01,0.05,1
-9843.35,-0.0984,90156.65,10256.07,0.1021,-0.775,-0.96,0.391,29,0.1379,4,25,5.2,False,True,-0.0473,0.0228,6309.32,16152.68,4,0,20,3,2,0,0,0,0,0,0,14,0,68,0.44,1.0,10,0.035,0.03,0.01,0.05,2
-9843.35,-0.0984,90156.65,10256.07,0.1021,-0.775,-0.96,0.391,29,0.1379,4,25,5.2,False,True,-0.0473,0.0228,6309.32,16152.68,4,0,20,3,2,0,0,0,0,0,0,14,0,68,0.44,1.0,10,0.035,0.03,0.01,0.05,3
-10318.37,-0.1032,89681.63,10342.14,0.1034,-1.074,-0.998,0.299,32,0.1562,5,27,5.5,False,True,-0.0363,0.0114,4403.99,14722.36,5,0,20,4,3,0,0,0,0,0,0,0,0,82,0.44,1.0,10,0.035,0.03,0.02,0.03,1
-10318.37,-0.1032,89681.63,10342.14,0.1034,-1.074,-0.998,0.299,32,0.1562,5,27,5.5,False,True,-0.0363,0.0114,4403.99,14722.36,5,0,20,4,3,0,0,0,0,0,0,0,0,82,0.44,1.0,10,0.035,0.03,0.02,0.03,2
-10318.37,-0.1032,89681.63,10342.14,0.1034,-1.074,-0.998,0.299,32,0.1562,5,27,5.5,False,True,-0.0363,0.0114,4403.99,14722.36,5,0,20,4,3,0,0,0,0,0,0,0,0,82,0.44,1.0,10,0.035,0.03,0.02,0.03,3
-11016.45,-0.1102,88983.55,11040.22,0.1104,-1.156,-0.998,0.321,31,0.1613,5,26,5.6,False,True,-0.0383,0.0114,5213.65,16230.1,5,0,19,4,3,0,0,0,0,0,0,0,0,81,0.44,1.0,10,0.035,0.03,0.02,0.05,1
-11016.45,-0.1102,88983.55,11040.22,0.1104,-1.156,-0.998,0.321,31,0.1613,5,26,5.6,False,True,-0.0383,0.0114,5213.65,16230.1,5,0,19,4,3,0,0,0,0,0,0,0,0,81,0.44,1.0,10,0.035,0.03,0.02,0.05,2
-11016.45,-0.1102,88983.55,11040.22,0.1104,-1.156,-0.998,0.321,31,0.1613,5,26,5.6,False,True,-0.0383,0.0114,5213.65,16230.1,5,0,19,4,3,0,0,0,0,0,0,0,0,81,0.44,1.0,10,0.035,0.03,0.02,0.05,3
-9839.94,-0.0984,90160.06,10972.83,0.1097,-1.085,-0.897,0.202,32,0.1562,5,27,5.2,False,True,-0.0304,0.0114,4431.25,21934.36,5,0,20,4,3,0,0,0,0,0,0,3,0,74,0.44,1.0,15,0.025,0.02,0.01,0.03,1
-9839.94,-0.0984,90160.06,10972.83,0.1097,-1.085,-0.897,0.202,32,0.1562,5,27,5.2,False,True,-0.0304,0.0114,4431.25,21934.36,5,0,20,4,3,0,0,0,0,0,0,3,0,74,0.44,1.0,15,0.025,0.02,0.01,0.03,2
-9839.94,-0.0984,90160.06,10972.83,0.1097,-1.085,-0.897,0.202,32,0.1562,5,27,5.2,False,True,-0.0304,0.0114,4431.25,21934.36,5,0,20,4,3,0,0,0,0,0,0,3,0,74,0.44,1.0,15,0.025,0.02,0.01,0.03,3
-8273.38,-0.0827,91726.62,10434.67,0.1021,-0.673,-0.793,0.474,27,0.1481,4,23,5.4,False,True,-0.0473,0.0228,7459.38,15732.75,4,0,18,3,2,0,0,0,0,0,0,11,0,66,0.44,1.0,15,0.025,0.02,0.01,0.05,1
-8273.38,-0.0827,91726.62,10434.67,0.1021,-0.673,-0.793,0.474,27,0.1481,4,23,5.4,False,True,-0.0473,0.0228,7459.38,15732.75,4,0,18,3,2,0,0,0,0,0,0,11,0,66,0.44,1.0,15,0.025,0.02,0.01,0.05,2
-8273.38,-0.0827,91726.62,10434.67,0.1021,-0.673,-0.793,0.474,27,0.1481,4,23,5.4,False,True,-0.0473,0.0228,7459.38,15732.75,4,0,18,3,2,0,0,0,0,0,0,11,0,66,0.44,1.0,15,0.025,0.02,0.01,0.05,3
-9763.24,-0.0976,90236.76,10897.08,0.1089,-1.08,-0.896,0.203,30,0.1667,5,25,5.7,False,True,-0.0304,0.0114,4431.25,21864.18,5,0,17,4,4,0,0,0,0,0,0,0,0,79,0.44,1.0,15,0.025,0.02,0.02,0.03,1
-9763.24,-0.0976,90236.76,10897.08,0.1089,-1.08,-0.896,0.203,30,0.1667,5,25,5.7,False,True,-0.0304,0.0114,4431.25,21864.18,5,0,17,4,4,0,0,0,0,0,0,0,0,79,0.44,1.0,15,0.025,0.02,0.02,0.03,2
-9763.24,-0.0976,90236.76,10897.08,0.1089,-1.08,-0.896,0.203,30,0.1667,5,25,5.7,False,True,-0.0304,0.0114,4431.25,21864.18,5,0,17,4,4,0,0,0,0,0,0,0,0,79,0.44,1.0,15,0.025,0.02,0.02,0.03,3
-10275.79,-0.1028,89724.21,10299.57,0.103,-0.839,-0.998,0.465,31,0.1613,5,26,5.3,False,True,-0.0473,0.0228,8928.58,19204.37,5,0,20,4,2,0,0,0,0,0,0,0,0,73,0.44,1.0,15,0.025,0.02,0.02,0.05,1
-10275.79,-0.1028,89724.21,10299.57,0.103,-0.839,-0.998,0.465,31,0.1613,5,26,5.3,False,True,-0.0473,0.0228,8928.58,19204.37,5,0,20,4,2,0,0,0,0,0,0,0,0,73,0.44,1.0,15,0.025,0.02,0.02,0.05,2
-10275.79,-0.1028,89724.21,10299.57,0.103,-0.839,-0.998,0.465,31,0.1613,5,26,5.3,False,True,-0.0473,0.0228,8928.58,19204.37,5,0,20,4,2,0,0,0,0,0,0,0,0,73,0.44,1.0,15,0.025,0.02,0.02,0.05,3
-9839.94,-0.0984,90160.06,10972.83,0.1097,-1.085,-0.897,0.202,32,0.1562,5,27,5.2,False,True,-0.0304,0.0114,4431.25,21934.36,5,0,20,4,3,0,0,0,0,0,0,3,0,74,0.44,1.0,15,0.025,0.03,0.01,0.03,1
-9839.94,-0.0984,90160.06,10972.83,0.1097,-1.085,-0.897,0.202,32,0.1562,5,27,5.2,False,True,-0.0304,0.0114,4431.25,21934.36,5,0,20,4,3,0,0,0,0,0,0,3,0,74,0.44,1.0,15,0.025,0.03,0.01,0.03,2
-9839.94,-0.0984,90160.06,10972.83,0.1097,-1.085,-0.897,0.202,32,0.1562,5,27,5.2,False,True,-0.0304,0.0114,4431.25,21934.36,5,0,20,4,3,0,0,0,0,0,0,3,0,74,0.44,1.0,15,0.025,0.03,0.01,0.03,3
-8273.38,-0.0827,91726.62,10434.67,0.1021,-0.673,-0.793,0.474,27,0.1481,4,23,5.4,False,True,-0.0473,0.0228,7459.38,15732.75,4,0,18,3,2,0,0,0,0,0,0,14,0,66,0.44,1.0,15,0.025,0.03,0.01,0.05,1
-8273.38,-0.0827,91726.62,10434.67,0.1021,-0.673,-0.793,0.474,27,0.1481,4,23,5.4,False,True,-0.0473,0.0228,7459.38,15732.75,4,0,18,3,2,0,0,0,0,0,0,14,0,66,0.44,1.0,15,0.025,0.03,0.01,0.05,2
-8273.38,-0.0827,91726.62,10434.67,0.1021,-0.673,-0.793,0.474,27,0.1481,4,23,5.4,False,True,-0.0473,0.0228,7459.38,15732.75,4,0,18,3,2,0,0,0,0,0,0,14,0,66,0.44,1.0,15,0.025,0.03,0.01,0.05,3
-9763.24,-0.0976,90236.76,10897.08,0.1089,-1.08,-0.896,0.203,30,0.1667,5,25,5.7,False,True,-0.0304,0.0114,4431.25,21864.18,5,0,17,4,4,0,0,0,0,0,0,0,0,79,0.44,1.0,15,0.025,0.03,0.02,0.03,1
-9763.24,-0.0976,90236.76,10897.08,0.1089,-1.08,-0.896,0.203,30,0.1667,5,25,5.7,False,True,-0.0304,0.0114,4431.25,21864.18,5,0,17,4,4,0,0,0,0,0,0,0,0,79,0.44,1.0,15,0.025,0.03,0.02,0.03,2
-9763.24,-0.0976,90236.76,10897.08,0.1089,-1.08,-0.896,0.203,30,0.1667,5,25,5.7,False,True,-0.0304,0.0114,4431.25,21864.18,5,0,17,4,4,0,0,0,0,0,0,0,0,79,0.44,1.0,15,0.025,0.03,0.02,0.03,3
-10275.79,-0.1028,89724.21,10299.57,0.103,-0.839,-0.998,0.465,31,0.1613,5,26,5.3,False,True,-0.0473,0.0228,8928.58,19204.37,5,0,20,4,2,0,0,0,0,0,0,3,0,73,0.44,1.0,15,0.025,0.03,0.02,0.05,1
-10275.79,-0.1028,89724.21,10299.57,0.103,-0.839,-0.998,0.465,31,0.1613,5,26,5.3,False,True,-0.0473,0.0228,8928.58,19204.37,5,0,20,4,2,0,0,0,0,0,0,3,0,73,0.44,1.0,15,0.025,0.03,0.02,0.05,2
-10275.79,-0.1028,89724.21,10299.57,0.103,-0.839,-0.998,0.465,31,0.1613,5,26,5.3,False,True,-0.0473,0.0228,8928.58,19204.37,5,0,20,4,2,0,0,0,0,0,0,3,0,73,0.44,1.0,15,0.025,0.03,0.02,0.05,3
-10394.6,-0.1039,89605.4,10418.37,0.1042,-1.08,-0.998,0.298,34,0.1471,5,29,5.1,False,True,-0.0363,0.0114,4403.99,14798.59,5,0,23,4,2,0,0,0,0,0,0,3,0,77,0.44,1.0,15,0.035,0.02,0.01,0.03,1
-10394.6,-0.1039,89605.4,10418.37,0.1042,-1.08,-0.998,0.298,34,0.1471,5,29,5.1,False,True,-0.0363,0.0114,4403.99,14798.59,5,0,23,4,2,0,0,0,0,0,0,3,0,77,0.44,1.0,15,0.035,0.02,0.01,0.03,2
-10394.6,-0.1039,89605.4,10418.37,0.1042,-1.08,-0.998,0.298,34,0.1471,5,29,5.1,False,True,-0.0363,0.0114,4403.99,14798.59,5,0,23,4,2,0,0,0,0,0,0,3,0,77,0.44,1.0,15,0.035,0.02,0.01,0.03,3
-9843.35,-0.0984,90156.65,10256.07,0.1021,-0.775,-0.96,0.391,29,0.1379,4,25,5.2,False,True,-0.0473,0.0228,6309.32,16152.68,4,0,20,3,2,0,0,0,0,0,0,11,0,68,0.44,1.0,15,0.035,0.02,0.01,0.05,1
-9843.35,-0.0984,90156.65,10256.07,0.1021,-0.775,-0.96,0.391,29,0.1379,4,25,5.2,False,True,-0.0473,0.0228,6309.32,16152.68,4,0,20,3,2,0,0,0,0,0,0,11,0,68,0.44,1.0,15,0.035,0.02,0.01,0.05,2
-9843.35,-0.0984,90156.65,10256.07,0.1021,-0.775,-0.96,0.391,29,0.1379,4,25,5.2,False,True,-0.0473,0.0228,6309.32,16152.68,4,0,20,3,2,0,0,0,0,0,0,11,0,68,0.44,1.0,15,0.035,0.02,0.01,0.05,3
-10318.37,-0.1032,89681.63,10342.14,0.1034,-1.074,-0.998,0.299,32,0.1562,5,27,5.5,False,True,-0.0363,0.0114,4403.99,14722.36,5,0,20,4,3,0,0,0,0,0,0,0,0,82,0.44,1.0,15,0.035,0.02,0.02,0.03,1
-10318.37,-0.1032,89681.63,10342.14,0.1034,-1.074,-0.998,0.299,32,0.1562,5,27,5.5,False,True,-0.0363,0.0114,4403.99,14722.36,5,0,20,4,3,0,0,0,0,0,0,0,0,82,0.44,1.0,15,0.035,0.02,0.02,0.03,2
-10318.37,-0.1032,89681.63,10342.14,0.1034,-1.074,-0.998,0.299,32,0.1562,5,27,5.5,False,True,-0.0363,0.0114,4403.99,14722.36,5,0,20,4,3,0,0,0,0,0,0,0,0,82,0.44,1.0,15,0.035,0.02,0.02,0.03,3
-11016.45,-0.1102,88983.55,11040.22,0.1104,-1.156,-0.998,0.321,31,0.1613,5,26,5.6,False,True,-0.0383,0.0114,5213.65,16230.1,5,0,19,4,3,0,0,0,0,0,0,0,0,81,0.44,1.0,15,0.035,0.02,0.02,0.05,1
-11016.45,-0.1102,88983.55,11040.22,0.1104,-1.156,-0.998,0.321,31,0.1613,5,26,5.6,False,True,-0.0383,0.0114,5213.65,16230.1,5,0,19,4,3,0,0,0,0,0,0,0,0,81,0.44,1.0,15,0.035,0.02,0.02,0.05,2
-11016.45,-0.1102,88983.55,11040.22,0.1104,-1.156,-0.998,0.321,31,0.1613,5,26,5.6,False,True,-0.0383,0.0114,5213.65,16230.1,5,0,19,4,3,0,0,0,0,0,0,0,0,81,0.44,1.0,15,0.035,0.02,0.02,0.05,3
-10394.6,-0.1039,89605.4,10418.37,0.1042,-1.08,-0.998,0.298,34,0.1471,5,29,5.1,False,True,-0.0363,0.0114,4403.99,14798.59,5,0,23,4,2,0,0,0,0,0,0,3,0,77,0.44,1.0,15,0.035,0.03,0.01,0.03,1
-10394.6,-0.1039,89605.4,10418.37,0.1042,-1.08,-0.998,0.298,34,0.1471,5,29,5.1,False,True,-0.0363,0.0114,4403.99,14798.59,5,0,23,4,2,0,0,0,0,0,0,3,0,77,0.44,1.0,15,0.035,0.03,0.01,0.03,2
-10394.6,-0.1039,89605.4,10418.37,0.1042,-1.08,-0.998,0.298,34,0.1471,5,29,5.1,False,True,-0.0363,0.0114,4403.99,14798.59,5,0,23,4,2,0,0,0,0,0,0,3,0,77,0.44,1.0,15,0.035,0.03,0.01,0.03,3
-9843.35,-0.0984,90156.65,10256.07,0.1021,-0.775,-0.96,0.391,29,0.1379,4,25,5.2,False,True,-0.0473,0.0228,6309.32,16152.68,4,0,20,3,2,0,0,0,0,0,0,14,0,68,0.44,1.0,15,0.035,0.03,0.01,0.05,1
-9843.35,-0.0984,90156.65,10256.07,0.1021,-0.775,-0.96,0.391,29,0.1379,4,25,5.2,False,True,-0.0473,0.0228,6309.32,16152.68,4,0,20,3,2,0,0,0,0,0,0,14,0,68,0.44,1.0,15,0.035,0.03,0.01,0.05,2
-9843.35,-0.0984,90156.65,10256.07,0.1021,-0.775,-0.96,0.391,29,0.1379,4,25,5.2,False,True,-0.0473,0.0228,6309.32,16152.68,4,0,20,3,2,0,0,0,0,0,0,14,0,68,0.44,1.0,15,0.035,0.03,0.01,0.05,3
-10318.37,-0.1032,89681.63,10342.14,0.1034,-1.074,-0.998,0.299,32,0.1562,5,27,5.5,False,True,-0.0363,0.0114,4403.99,14722.36,5,0,20,4,3,0,0,0,0,0,0,0,0,82,0.44,1.0,15,0.035,0.03,0.02,0.03,1
-10318.37,-0.1032,89681.63,10342.14,0.1034,-1.074,-0.998,0.299,32,0.1562,5,27,5.5,False,True,-0.0363,0.0114,4403.99,14722.36,5,0,20,4,3,0,0,0,0,0,0,0,0,82,0.44,1.0,15,0.035,0.03,0.02,0.03,2
-10318.37,-0.1032,89681.63,10342.14,0.1034,-1.074,-0.998,0.299,32,0.1562,5,27,5.5,False,True,-0.0363,0.0114,4403.99,14722.36,5,0,20,4,3,0,0,0,0,0,0,0,0,82,0.44,1.0,15,0.035,0.03,0.02,0.03,3
-11016.45,-0.1102,88983.55,11040.22,0.1104,-1.156,-0.998,0.321,31,0.1613,5,26,5.6,False,True,-0.0383,0.0114,5213.65,16230.1,5,0,19,4,3,0,0,0,0,0,0,0,0,81,0.44,1.0,15,0.035,0.03,0.02,0.05,1
-11016.45,-0.1102,88983.55,11040.22,0.1104,-1.156,-0.998,0.321,31,0.1613,5,26,5.6,False,True,-0.0383,0.0114,5213.65,16230.1,5,0,19,4,3,0,0,0,0,0,0,0,0,81,0.44,1.0,15,0.035,0.03,0.02,0.05,2
-11016.45,-0.1102,88983.55,11040.22,0.1104,-1.156,-0.998,0.321,31,0.1613,5,26,5.6,False,True,-0.0383,0.0114,5213.65,16230.1,5,0,19,4,3,0,0,0,0,0,0,0,0,81,0.44,1.0,15,0.035,0.03,0.02,0.05,3
-9750.79,-0.0975,90249.21,10098.87,0.101,-0.822,-0.966,0.228,27,0.1481,4,23,4.8,False,True,-0.0455,0.0171,5472.46,24026.25,3,0,19,3,2,0,0,0,0,0,0,13,0,56,0.44,1.5,5,0.025,0.02,0.01,0.03,1
-9750.79,-0.0975,90249.21,10098.87,0.101,-0.822,-0.966,0.228,27,0.1481,4,23,4.8,False,True,-0.0455,0.0171,5472.46,24026.25,3,0,19,3,2,0,0,0,0,0,0,13,0,56,0.44,1.5,5,0.025,0.02,0.01,0.03,2
-9750.79,-0.0975,90249.21,10098.87,0.101,-0.822,-0.966,0.228,27,0.1481,4,23,4.8,False,True,-0.0455,0.0171,5472.46,24026.25,3,0,19,3,2,0,0,0,0,0,0,13,0,56,0.44,1.5,5,0.025,0.02,0.01,0.03,3
-5758.65,-0.0576,94241.35,10460.31,0.1005,-0.305,-0.551,0.631,22,0.2273,5,17,5.3,False,True,-0.0455,0.0403,13466.1,21341.47,4,0,12,4,2,0,0,0,0,0,0,1,0,51,0.44,1.5,5,0.025,0.02,0.01,0.05,1
-5758.65,-0.0576,94241.35,10460.31,0.1005,-0.305,-0.551,0.631,22,0.2273,5,17,5.3,False,True,-0.0455,0.0403,13466.1,21341.47,4,0,12,4,2,0,0,0,0,0,0,1,0,51,0.44,1.5,5,0.025,0.02,0.01,0.05,2
-5758.65,-0.0576,94241.35,10460.31,0.1005,-0.305,-0.551,0.631,22,0.2273,5,17,5.3,False,True,-0.0455,0.0403,13466.1,21341.47,4,0,12,4,2,0,0,0,0,0,0,1,0,51,0.44,1.5,5,0.025,0.02,0.01,0.05,3
-9606.91,-0.0961,90393.09,10036.97,0.1003,-0.738,-0.957,0.565,39,0.2564,10,29,6.2,False,True,-0.0455,0.0202,11661.0,20621.32,5,0,22,6,6,0,0,0,0,0,0,0,0,108,0.44,1.5,5,0.025,0.02,0.02,0.03,1
-9606.91,-0.0961,90393.09,10036.97,0.1003,-0.738,-0.957,0.565,39,0.2564,10,29,6.2,False,True,-0.0455,0.0202,11661.0,20621.32,5,0,22,6,6,0,0,0,0,0,0,0,0,108,0.44,1.5,5,0.025,0.02,0.02,0.03,2
-9606.91,-0.0961,90393.09,10036.97,0.1003,-0.738,-0.957,0.565,39,0.2564,10,29,6.2,False,True,-0.0455,0.0202,11661.0,20621.32,5,0,22,6,6,0,0,0,0,0,0,0,0,108,0.44,1.5,5,0.025,0.02,0.02,0.03,3
-6279.42,-0.0628,93720.58,10402.51,0.1005,-0.339,-0.604,0.616,23,0.2174,5,18,5.2,False,True,-0.0455,0.0403,13422.39,21806.84,4,0,13,4,2,0,0,0,0,0,0,0,0,51,0.44,1.5,5,0.025,0.02,0.02,0.05,1
-6279.42,-0.0628,93720.58,10402.51,0.1005,-0.339,-0.604,0.616,23,0.2174,5,18,5.2,False,True,-0.0455,0.0403,13422.39,21806.84,4,0,13,4,2,0,0,0,0,0,0,0,0,51,0.44,1.5,5,0.025,0.02,0.02,0.05,2
-6279.42,-0.0628,93720.58,10402.51,0.1005,-0.339,-0.604,0.616,23,0.2174,5,18,5.2,False,True,-0.0455,0.0403,13422.39,21806.84,4,0,13,4,2,0,0,0,0,0,0,0,0,51,0.44,1.5,5,0.025,0.02,0.02,0.05,3
-9750.79,-0.0975,90249.21,10098.87,0.101,-0.822,-0.966,0.228,27,0.1481,4,23,4.8,False,True,-0.0455,0.0171,5472.46,24026.25,3,0,19,3,2,0,0,0,0,0,0,13,0,56,0.44,1.5,5,0.025,0.03,0.01,0.03,1
-9750.79,-0.0975,90249.21,10098.87,0.101,-0.822,-0.966,0.228,27,0.1481,4,23,4.8,False,True,-0.0455,0.0171,5472.46,24026.25,3,0,19,3,2,0,0,0,0,0,0,13,0,56,0.44,1.5,5,0.025,0.03,0.01,0.03,2
-9750.79,-0.0975,90249.21,10098.87,0.101,-0.822,-0.966,0.228,27,0.1481,4,23,4.8,False,True,-0.0455,0.0171,5472.46,24026.25,3,0,19,3,2,0,0,0,0,0,0,13,0,56,0.44,1.5,5,0.025,0.03,0.01,0.03,3
-5758.65,-0.0576,94241.35,10460.31,0.1005,-0.305,-0.551,0.631,22,0.2273,5,17,5.3,False,True,-0.0455,0.0403,13466.1,21341.47,4,0,12,4,2,0,0,0,0,0,0,11,0,51,0.44,1.5,5,0.025,0.03,0.01,0.05,1
-5758.65,-0.0576,94241.35,10460.31,0.1005,-0.305,-0.551,0.631,22,0.2273,5,17,5.3,False,True,-0.0455,0.0403,13466.1,21341.47,4,0,12,4,2,0,0,0,0,0,0,11,0,51,0.44,1.5,5,0.025,0.03,0.01,0.05,2
-5758.65,-0.0576,94241.35,10460.31,0.1005,-0.305,-0.551,0.631,22,0.2273,5,17,5.3,False,True,-0.0455,0.0403,13466.1,21341.47,4,0,12,4,2,0,0,0,0,0,0,11,0,51,0.44,1.5,5,0.025,0.03,0.01,0.05,3
-9606.91,-0.0961,90393.09,10036.97,0.1003,-0.738,-0.957,0.565,39,0.2564,10,29,6.2,False,True,-0.0455,0.0202,11661.0,20621.32,5,0,22,6,6,0,0,0,0,0,0,9,0,108,0.44,1.5,5,0.025,0.03,0.02,0.03,1
-9606.91,-0.0961,90393.09,10036.97,0.1003,-0.738,-0.957,0.565,39,0.2564,10,29,6.2,False,True,-0.0455,0.0202,11661.0,20621.32,5,0,22,6,6,0,0,0,0,0,0,9,0,108,0.44,1.5,5,0.025,0.03,0.02,0.03,2
-9606.91,-0.0961,90393.09,10036.97,0.1003,-0.738,-0.957,0.565,39,0.2564,10,29,6.2,False,True,-0.0455,0.0202,11661.0,20621.32,5,0,22,6,6,0,0,0,0,0,0,9,0,108,0.44,1.5,5,0.025,0.03,0.02,0.03,3
-6279.42,-0.0628,93720.58,10402.51,0.1005,-0.339,-0.604,0.616,23,0.2174,5,18,5.2,False,True,-0.0455,0.0403,13422.39,21806.84,4,0,13,4,2,0,0,0,0,0,0,10,0,51,0.44,1.5,5,0.025,0.03,0.02,0.05,1
-6279.42,-0.0628,93720.58,10402.51,0.1005,-0.339,-0.604,0.616,23,0.2174,5,18,5.2,False,True,-0.0455,0.0403,13422.39,21806.84,4,0,13,4,2,0,0,0,0,0,0,10,0,51,0.44,1.5,5,0.025,0.03,0.02,0.05,2
-6279.42,-0.0628,93720.58,10402.51,0.1005,-0.339,-0.604,0.616,23,0.2174,5,18,5.2,False,True,-0.0455,0.0403,13422.39,21806.84,4,0,13,4,2,0,0,0,0,0,0,10,0,51,0.44,1.5,5,0.025,0.03,0.02,0.05,3
-9750.79,-0.0975,90249.21,10098.87,0.101,-0.822,-0.966,0.228,27,0.1481,4,23,4.8,False,True,-0.0455,0.0171,5472.46,24026.25,3,0,19,3,2,0,0,0,0,0,0,13,0,56,0.44,1.5,5,0.035,0.02,0.01,0.03,1
-9750.79,-0.0975,90249.21,10098.87,0.101,-0.822,-0.966,0.228,27,0.1481,4,23,4.8,False,True,-0.0455,0.0171,5472.46,24026.25,3,0,19,3,2,0,0,0,0,0,0,13,0,56,0.44,1.5,5,0.035,0.02,0.01,0.03,2
-9750.79,-0.0975,90249.21,10098.87,0.101,-0.822,-0.966,0.228,27,0.1481,4,23,4.8,False,True,-0.0455,0.0171,5472.46,24026.25,3,0,19,3,2,0,0,0,0,0,0,13,0,56,0.44,1.5,5,0.035,0.02,0.01,0.03,3
-7663.51,-0.0766,92336.49,10573.44,0.1031,-0.502,-0.725,0.363,26,0.1538,4,22,4.9,False,True,-0.0455,0.0341,9479.63,26149.74,3,0,18,3,2,0,0,0,0,0,0,1,0,56,0.44,1.5,5,0.035,0.02,0.01,0.05,1
-7663.51,-0.0766,92336.49,10573.44,0.1031,-0.502,-0.725,0.363,26,0.1538,4,22,4.9,False,True,-0.0455,0.0341,9479.63,26149.74,3,0,18,3,2,0,0,0,0,0,0,1,0,56,0.44,1.5,5,0.035,0.02,0.01,0.05,2
-7663.51,-0.0766,92336.49,10573.44,0.1031,-0.502,-0.725,0.363,26,0.1538,4,22,4.9,False,True,-0.0455,0.0341,9479.63,26149.74,3,0,18,3,2,0,0,0,0,0,0,1,0,56,0.44,1.5,5,0.035,0.02,0.01,0.05,3
-8689.67,-0.0869,91310.33,10104.1,0.101,-0.754,-0.86,0.224,25,0.2,5,20,5.6,False,True,-0.0455,0.0171,6583.76,29432.94,3,0,15,4,3,0,0,0,0,0,0,0,0,63,0.44,1.5,5,0.035,0.02,0.02,0.03,1
-8689.67,-0.0869,91310.33,10104.1,0.101,-0.754,-0.86,0.224,25,0.2,5,20,5.6,False,True,-0.0455,0.0171,6583.76,29432.94,3,0,15,4,3,0,0,0,0,0,0,0,0,63,0.44,1.5,5,0.035,0.02,0.02,0.03,2
-8689.67,-0.0869,91310.33,10104.1,0.101,-0.754,-0.86,0.224,25,0.2,5,20,5.6,False,True,-0.0455,0.0171,6583.76,29432.94,3,0,15,4,3,0,0,0,0,0,0,0,0,63,0.44,1.5,5,0.035,0.02,0.02,0.03,3
-8173.76,-0.0817,91826.24,10515.01,0.1031,-0.544,-0.777,0.356,27,0.1481,4,23,4.8,False,True,-0.0455,0.0341,9457.95,26588.54,3,0,19,3,2,0,0,0,0,0,0,0,0,56,0.44,1.5,5,0.035,0.02,0.02,0.05,1
-8173.76,-0.0817,91826.24,10515.01,0.1031,-0.544,-0.777,0.356,27,0.1481,4,23,4.8,False,True,-0.0455,0.0341,9457.95,26588.54,3,0,19,3,2,0,0,0,0,0,0,0,0,56,0.44,1.5,5,0.035,0.02,0.02,0.05,2
-8173.76,-0.0817,91826.24,10515.01,0.1031,-0.544,-0.777,0.356,27,0.1481,4,23,4.8,False,True,-0.0455,0.0341,9457.95,26588.54,3,0,19,3,2,0,0,0,0,0,0,0,0,56,0.44,1.5,5,0.035,0.02,0.02,0.05,3
-9750.79,-0.0975,90249.21,10098.87,0.101,-0.822,-0.966,0.228,27,0.1481,4,23,4.8,False,True,-0.0455,0.0171,5472.46,24026.25,3,0,19,3,2,0,0,0,0,0,0,13,0,56,0.44,1.5,5,0.035,0.03,0.01,0.03,1
-9750.79,-0.0975,90249.21,10098.87,0.101,-0.822,-0.966,0.228,27,0.1481,4,23,4.8,False,True,-0.0455,0.0171,5472.46,24026.25,3,0,19,3,2,0,0,0,0,0,0,13,0,56,0.44,1.5,5,0.035,0.03,0.01,0.03,2
-9750.79,-0.0975,90249.21,10098.87,0.101,-0.822,-0.966,0.228,27,0.1481,4,23,4.8,False,True,-0.0455,0.0171,5472.46,24026.25,3,0,19,3,2,0,0,0,0,0,0,13,0,56,0.44,1.5,5,0.035,0.03,0.01,0.03,3
-7663.51,-0.0766,92336.49,10573.44,0.1031,-0.502,-0.725,0.363,26,0.1538,4,22,4.9,False,True,-0.0455,0.0341,9479.63,26149.74,3,0,18,3,2,0,0,0,0,0,0,11,0,56,0.44,1.5,5,0.035,0.03,0.01,0.05,1
-7663.51,-0.0766,92336.49,10573.44,0.1031,-0.502,-0.725,0.363,26,0.1538,4,22,4.9,False,True,-0.0455,0.0341,9479.63,26149.74,3,0,18,3,2,0,0,0,0,0,0,11,0,56,0.44,1.5,5,0.035,0.03,0.01,0.05,2
-7663.51,-0.0766,92336.49,10573.44,0.1031,-0.502,-0.725,0.363,26,0.1538,4,22,4.9,False,True,-0.0455,0.0341,9479.63,26149.74,3,0,18,3,2,0,0,0,0,0,0,11,0,56,0.44,1.5,5,0.035,0.03,0.01,0.05,3
-8689.67,-0.0869,91310.33,10104.1,0.101,-0.754,-0.86,0.224,25,0.2,5,20,5.6,False,True,-0.0455,0.0171,6583.76,29432.94,3,0,15,4,3,0,0,0,0,0,0,0,0,63,0.44,1.5,5,0.035,0.03,0.02,0.03,1
-8689.67,-0.0869,91310.33,10104.1,0.101,-0.754,-0.86,0.224,25,0.2,5,20,5.6,False,True,-0.0455,0.0171,6583.76,29432.94,3,0,15,4,3,0,0,0,0,0,0,0,0,63,0.44,1.5,5,0.035,0.03,0.02,0.03,2
-8689.67,-0.0869,91310.33,10104.1,0.101,-0.754,-0.86,0.224,25,0.2,5,20,5.6,False,True,-0.0455,0.0171,6583.76,29432.94,3,0,15,4,3,0,0,0,0,0,0,0,0,63,0.44,1.5,5,0.035,0.03,0.02,0.03,3
-8173.76,-0.0817,91826.24,10515.01,0.1031,-0.544,-0.777,0.356,27,0.1481,4,23,4.8,False,True,-0.0455,0.0341,9457.95,26588.54,3,0,19,3,2,0,0,0,0,0,0,10,0,56,0.44,1.5,5,0.035,0.03,0.02,0.05,1
-8173.76,-0.0817,91826.24,10515.01,0.1031,-0.544,-0.777,0.356,27,0.1481,4,23,4.8,False,True,-0.0455,0.0341,9457.95,26588.54,3,0,19,3,2,0,0,0,0,0,0,10,0,56,0.44,1.5,5,0.035,0.03,0.02,0.05,2
-8173.76,-0.0817,91826.24,10515.01,0.1031,-0.544,-0.777,0.356,27,0.1481,4,23,4.8,False,True,-0.0455,0.0341,9457.95,26588.54,3,0,19,3,2,0,0,0,0,0,0,10,0,56,0.44,1.5,5,0.035,0.03,0.02,0.05,3
-9750.79,-0.0975,90249.21,10098.87,0.101,-0.822,-0.966,0.228,27,0.1481,4,23,4.8,False,True,-0.0455,0.0171,5472.46,24026.25,3,0,19,3,2,0,0,0,0,0,0,13,0,56,0.44,1.5,10,0.025,0.02,0.01,0.03,1
-9750.79,-0.0975,90249.21,10098.87,0.101,-0.822,-0.966,0.228,27,0.1481,4,23,4.8,False,True,-0.0455,0.0171,5472.46,24026.25,3,0,19,3,2,0,0,0,0,0,0,13,0,56,0.44,1.5,10,0.025,0.02,0.01,0.03,2
-9750.79,-0.0975,90249.21,10098.87,0.101,-0.822,-0.966,0.228,27,0.1481,4,23,4.8,False,True,-0.0455,0.0171,5472.46,24026.25,3,0,19,3,2,0,0,0,0,0,0,13,0,56,0.44,1.5,10,0.025,0.02,0.01,0.03,3
-5758.65,-0.0576,94241.35,10460.31,0.1005,-0.305,-0.551,0.631,22,0.2273,5,17,5.3,False,True,-0.0455,0.0403,13466.1,21341.47,4,0,12,4,2,0,0,0,0,0,0,1,0,51,0.44,1.5,10,0.025,0.02,0.01,0.05,1
-5758.65,-0.0576,94241.35,10460.31,0.1005,-0.305,-0.551,0.631,22,0.2273,5,17,5.3,False,True,-0.0455,0.0403,13466.1,21341.47,4,0,12,4,2,0,0,0,0,0,0,1,0,51,0.44,1.5,10,0.025,0.02,0.01,0.05,2
-5758.65,-0.0576,94241.35,10460.31,0.1005,-0.305,-0.551,0.631,22,0.2273,5,17,5.3,False,True,-0.0455,0.0403,13466.1,21341.47,4,0,12,4,2,0,0,0,0,0,0,1,0,51,0.44,1.5,10,0.025,0.02,0.01,0.05,3
-9606.91,-0.0961,90393.09,10036.97,0.1003,-0.738,-0.957,0.565,39,0.2564,10,29,6.2,False,True,-0.0455,0.0202,11661.0,20621.32,5,0,22,6,6,0,0,0,0,0,0,0,0,108,0.44,1.5,10,0.025,0.02,0.02,0.03,1
-9606.91,-0.0961,90393.09,10036.97,0.1003,-0.738,-0.957,0.565,39,0.2564,10,29,6.2,False,True,-0.0455,0.0202,11661.0,20621.32,5,0,22,6,6,0,0,0,0,0,0,0,0,108,0.44,1.5,10,0.025,0.02,0.02,0.03,2
-9606.91,-0.0961,90393.09,10036.97,0.1003,-0.738,-0.957,0.565,39,0.2564,10,29,6.2,False,True,-0.0455,0.0202,11661.0,20621.32,5,0,22,6,6,0,0,0,0,0,0,0,0,108,0.44,1.5,10,0.025,0.02,0.02,0.03,3
-6279.42,-0.0628,93720.58,10402.51,0.1005,-0.339,-0.604,0.616,23,0.2174,5,18,5.2,False,True,-0.0455,0.0403,13422.39,21806.84,4,0,13,4,2,0,0,0,0,0,0,0,0,51,0.44,1.5,10,0.025,0.02,0.02,0.05,1
-6279.42,-0.0628,93720.58,10402.51,0.1005,-0.339,-0.604,0.616,23,0.2174,5,18,5.2,False,True,-0.0455,0.0403,13422.39,21806.84,4,0,13,4,2,0,0,0,0,0,0,0,0,51,0.44,1.5,10,0.025,0.02,0.02,0.05,2
-6279.42,-0.0628,93720.58,10402.51,0.1005,-0.339,-0.604,0.616,23,0.2174,5,18,5.2,False,True,-0.0455,0.0403,13422.39,21806.84,4,0,13,4,2,0,0,0,0,0,0,0,0,51,0.44,1.5,10,0.025,0.02,0.02,0.05,3
-9750.79,-0.0975,90249.21,10098.87,0.101,-0.822,-0.966,0.228,27,0.1481,4,23,4.8,False,True,-0.0455,0.0171,5472.46,24026.25,3,0,19,3,2,0,0,0,0,0,0,13,0,56,0.44,1.5,10,0.025,0.03,0.01,0.03,1
-9750.79,-0.0975,90249.21,10098.87,0.101,-0.822,-0.966,0.228,27,0.1481,4,23,4.8,False,True,-0.0455,0.0171,5472.46,24026.25,3,0,19,3,2,0,0,0,0,0,0,13,0,56,0.44,1.5,10,0.025,0.03,0.01,0.03,2
-9750.79,-0.0975,90249.21,10098.87,0.101,-0.822,-0.966,0.228,27,0.1481,4,23,4.8,False,True,-0.0455,0.0171,5472.46,24026.25,3,0,19,3,2,0,0,0,0,0,0,13,0,56,0.44,1.5,10,0.025,0.03,0.01,0.03,3
-5758.65,-0.0576,94241.35,10460.31,0.1005,-0.305,-0.551,0.631,22,0.2273,5,17,5.3,False,True,-0.0455,0.0403,13466.1,21341.47,4,0,12,4,2,0,0,0,0,0,0,11,0,51,0.44,1.5,10,0.025,0.03,0.01,0.05,1
-5758.65,-0.0576,94241.35,10460.31,0.1005,-0.305,-0.551,0.631,22,0.2273,5,17,5.3,False,True,-0.0455,0.0403,13466.1,21341.47,4,0,12,4,2,0,0,0,0,0,0,11,0,51,0.44,1.5,10,0.025,0.03,0.01,0.05,2
-5758.65,-0.0576,94241.35,10460.31,0.1005,-0.305,-0.551,0.631,22,0.2273,5,17,5.3,False,True,-0.0455,0.0403,13466.1,21341.47,4,0,12,4,2,0,0,0,0,0,0,11,0,51,0.44,1.5,10,0.025,0.03,0.01,0.05,3
-9606.91,-0.0961,90393.09,10036.97,0.1003,-0.738,-0.957,0.565,39,0.2564,10,29,6.2,False,True,-0.0455,0.0202,11661.0,20621.32,5,0,22,6,6,0,0,0,0,0,0,9,0,108,0.44,1.5,10,0.025,0.03,0.02,0.03,1
-9606.91,-0.0961,90393.09,10036.97,0.1003,-0.738,-0.957,0.565,39,0.2564,10,29,6.2,False,True,-0.0455,0.0202,11661.0,20621.32,5,0,22,6,6,0,0,0,0,0,0,9,0,108,0.44,1.5,10,0.025,0.03,0.02,0.03,2
-9606.91,-0.0961,90393.09,10036.97,0.1003,-0.738,-0.957,0.565,39,0.2564,10,29,6.2,False,True,-0.0455,0.0202,11661.0,20621.32,5,0,22,6,6,0,0,0,0,0,0,9,0,108,0.44,1.5,10,0.025,0.03,0.02,0.03,3
-6279.42,-0.0628,93720.58,10402.51,0.1005,-0.339,-0.604,0.616,23,0.2174,5,18,5.2,False,True,-0.0455,0.0403,13422.39,21806.84,4,0,13,4,2,0,0,0,0,0,0,10,0,51,0.44,1.5,10,0.025,0.03,0.02,0.05,1
-6279.42,-0.0628,93720.58,10402.51,0.1005,-0.339,-0.604,0.616,23,0.2174,5,18,5.2,False,True,-0.0455,0.0403,13422.39,21806.84,4,0,13,4,2,0,0,0,0,0,0,10,0,51,0.44,1.5,10,0.025,0.03,0.02,0.05,2
-6279.42,-0.0628,93720.58,10402.51,0.1005,-0.339,-0.604,0.616,23,0.2174,5,18,5.2,False,True,-0.0455,0.0403,13422.39,21806.84,4,0,13,4,2,0,0,0,0,0,0,10,0,51,0.44,1.5,10,0.025,0.03,0.02,0.05,3
-9750.79,-0.0975,90249.21,10098.87,0.101,-0.822,-0.966,0.228,27,0.1481,4,23,4.8,False,True,-0.0455,0.0171,5472.46,24026.25,3,0,19,3,2,0,0,0,0,0,0,13,0,56,0.44,1.5,10,0.035,0.02,0.01,0.03,1
-9750.79,-0.0975,90249.21,10098.87,0.101,-0.822,-0.966,0.228,27,0.1481,4,23,4.8,False,True,-0.0455,0.0171,5472.46,24026.25,3,0,19,3,2,0,0,0,0,0,0,13,0,56,0.44,1.5,10,0.035,0.02,0.01,0.03,2
-9750.79,-0.0975,90249.21,10098.87,0.101,-0.822,-0.966,0.228,27,0.1481,4,23,4.8,False,True,-0.0455,0.0171,5472.46,24026.25,3,0,19,3,2,0,0,0,0,0,0,13,0,56,0.44,1.5,10,0.035,0.02,0.01,0.03,3
-7663.51,-0.0766,92336.49,10573.44,0.1031,-0.502,-0.725,0.363,26,0.1538,4,22,4.9,False,True,-0.0455,0.0341,9479.63,26149.74,3,0,18,3,2,0,0,0,0,0,0,1,0,56,0.44,1.5,10,0.035,0.02,0.01,0.05,1
-7663.51,-0.0766,92336.49,10573.44,0.1031,-0.502,-0.725,0.363,26,0.1538,4,22,4.9,False,True,-0.0455,0.0341,9479.63,26149.74,3,0,18,3,2,0,0,0,0,0,0,1,0,56,0.44,1.5,10,0.035,0.02,0.01,0.05,2
-7663.51,-0.0766,92336.49,10573.44,0.1031,-0.502,-0.725,0.363,26,0.1538,4,22,4.9,False,True,-0.0455,0.0341,9479.63,26149.74,3,0,18,3,2,0,0,0,0,0,0,1,0,56,0.44,1.5,10,0.035,0.02,0.01,0.05,3
-8689.67,-0.0869,91310.33,10104.1,0.101,-0.754,-0.86,0.224,25,0.2,5,20,5.6,False,True,-0.0455,0.0171,6583.76,29432.94,3,0,15,4,3,0,0,0,0,0,0,0,0,63,0.44,1.5,10,0.035,0.02,0.02,0.03,1
-8689.67,-0.0869,91310.33,10104.1,0.101,-0.754,-0.86,0.224,25,0.2,5,20,5.6,False,True,-0.0455,0.0171,6583.76,29432.94,3,0,15,4,3,0,0,0,0,0,0,0,0,63,0.44,1.5,10,0.035,0.02,0.02,0.03,2
-8689.67,-0.0869,91310.33,10104.1,0.101,-0.754,-0.86,0.224,25,0.2,5,20,5.6,False,True,-0.0455,0.0171,6583.76,29432.94,3,0,15,4,3,0,0,0,0,0,0,0,0,63,0.44,1.5,10,0.035,0.02,0.02,0.03,3
-8173.76,-0.0817,91826.24,10515.01,0.1031,-0.544,-0.777,0.356,27,0.1481,4,23,4.8,False,True,-0.0455,0.0341,9457.95,26588.54,3,0,19,3,2,0,0,0,0,0,0,0,0,56,0.44,1.5,10,0.035,0.02,0.02,0.05,1
-8173.76,-0.0817,91826.24,10515.01,0.1031,-0.544,-0.777,0.356,27,0.1481,4,23,4.8,False,True,-0.0455,0.0341,9457.95,26588.54,3,0,19,3,2,0,0,0,0,0,0,0,0,56,0.44,1.5,10,0.035,0.02,0.02,0.05,2
-8173.76,-0.0817,91826.24,10515.01,0.1031,-0.544,-0.777,0.356,27,0.1481,4,23,4.8,False,True,-0.0455,0.0341,9457.95,26588.54,3,0,19,3,2,0,0,0,0,0,0,0,0,56,0.44,1.5,10,0.035,0.02,0.02,0.05,3
-9750.79,-0.0975,90249.21,10098.87,0.101,-0.822,-0.966,0.228,27,0.1481,4,23,4.8,False,True,-0.0455,0.0171,5472.46,24026.25,3,0,19,3,2,0,0,0,0,0,0,13,0,56,0.44,1.5,10,0.035,0.03,0.01,0.03,1
-9750.79,-0.0975,90249.21,10098.87,0.101,-0.822,-0.966,0.228,27,0.1481,4,23,4.8,False,True,-0.0455,0.0171,5472.46,24026.25,3,0,19,3,2,0,0,0,0,0,0,13,0,56,0.44,1.5,10,0.035,0.03,0.01,0.03,2
-9750.79,-0.0975,90249.21,10098.87,0.101,-0.822,-0.966,0.228,27,0.1481,4,23,4.8,False,True,-0.0455,0.0171,5472.46,24026.25,3,0,19,3,2,0,0,0,0,0,0,13,0,56,0.44,1.5,10,0.035,0.03,0.01,0.03,3
-7663.51,-0.0766,92336.49,10573.44,0.1031,-0.502,-0.725,0.363,26,0.1538,4,22,4.9,False,True,-0.0455,0.0341,9479.63,26149.74,3,0,18,3,2,0,0,0,0,0,0,11,0,56,0.44,1.5,10,0.035,0.03,0.01,0.05,1
-7663.51,-0.0766,92336.49,10573.44,0.1031,-0.502,-0.725,0.363,26,0.1538,4,22,4.9,False,True,-0.0455,0.0341,9479.63,26149.74,3,0,18,3,2,0,0,0,0,0,0,11,0,56,0.44,1.5,10,0.035,0.03,0.01,0.05,2
-7663.51,-0.0766,92336.49,10573.44,0.1031,-0.502,-0.725,0.363,26,0.1538,4,22,4.9,False,True,-0.0455,0.0341,9479.63,26149.74,3,0,18,3,2,0,0,0,0,0,0,11,0,56,0.44,1.5,10,0.035,0.03,0.01,0.05,3
-8689.67,-0.0869,91310.33,10104.1,0.101,-0.754,-0.86,0.224,25,0.2,5,20,5.6,False,True,-0.0455,0.0171,6583.76,29432.94,3,0,15,4,3,0,0,0,0,0,0,0,0,63,0.44,1.5,10,0.035,0.03,0.02,0.03,1
-8689.67,-0.0869,91310.33,10104.1,0.101,-0.754,-0.86,0.224,25,0.2,5,20,5.6,False,True,-0.0455,0.0171,6583.76,29432.94,3,0,15,4,3,0,0,0,0,0,0,0,0,63,0.44,1.5,10,0.035,0.03,0.02,0.03,2
-8689.67,-0.0869,91310.33,10104.1,0.101,-0.754,-0.86,0.224,25,0.2,5,20,5.6,False,True,-0.0455,0.0171,6583.76,29432.94,3,0,15,4,3,0,0,0,0,0,0,0,0,63,0.44,1.5,10,0.035,0.03,0.02,0.03,3
-8173.76,-0.0817,91826.24,10515.01,0.1031,-0.544,-0.777,0.356,27,0.1481,4,23,4.8,False,True,-0.0455,0.0341,9457.95,26588.54,3,0,19,3,2,0,0,0,0,0,0,10,0,56,0.44,1.5,10,0.035,0.03,0.02,0.05,1
-8173.76,-0.0817,91826.24,10515.01,0.1031,-0.544,-0.777,0.356,27,0.1481,4,23,4.8,False,True,-0.0455,0.0341,9457.95,26588.54,3,0,19,3,2,0,0,0,0,0,0,10,0,56,0.44,1.5,10,0.035,0.03,0.02,0.05,2
-8173.76,-0.0817,91826.24,10515.01,0.1031,-0.544,-0.777,0.356,27,0.1481,4,23,4.8,False,True,-0.0455,0.0341,9457.95,26588.54,3,0,19,3,2,0,0,0,0,0,0,10,0,56,0.44,1.5,10,0.035,0.03,0.02,0.05,3
-9750.79,-0.0975,90249.21,10098.87,0.101,-0.822,-0.966,0.228,27,0.1481,4,23,4.8,False,True,-0.0455,0.0171,5472.46,24026.25,3,0,19,3,2,0,0,0,0,0,0,13,0,56,0.44,1.5,15,0.025,0.02,0.01,0.03,1
-9750.79,-0.0975,90249.21,10098.87,0.101,-0.822,-0.966,0.228,27,0.1481,4,23,4.8,False,True,-0.0455,0.0171,5472.46,24026.25,3,0,19,3,2,0,0,0,0,0,0,13,0,56,0.44,1.5,15,0.025,0.02,0.01,0.03,2
-9750.79,-0.0975,90249.21,10098.87,0.101,-0.822,-0.966,0.228,27,0.1481,4,23,4.8,False,True,-0.0455,0.0171,5472.46,24026.25,3,0,19,3,2,0,0,0,0,0,0,13,0,56,0.44,1.5,15,0.025,0.02,0.01,0.03,3
-5758.65,-0.0576,94241.35,10460.31,0.1005,-0.305,-0.551,0.631,22,0.2273,5,17,5.3,False,True,-0.0455,0.0403,13466.1,21341.47,4,0,12,4,2,0,0,0,0,0,0,1,0,51,0.44,1.5,15,0.025,0.02,0.01,0.05,1
-5758.65,-0.0576,94241.35,10460.31,0.1005,-0.305,-0.551,0.631,22,0.2273,5,17,5.3,False,True,-0.0455,0.0403,13466.1,21341.47,4,0,12,4,2,0,0,0,0,0,0,1,0,51,0.44,1.5,15,0.025,0.02,0.01,0.05,2
-5758.65,-0.0576,94241.35,10460.31,0.1005,-0.305,-0.551,0.631,22,0.2273,5,17,5.3,False,True,-0.0455,0.0403,13466.1,21341.47,4,0,12,4,2,0,0,0,0,0,0,1,0,51,0.44,1.5,15,0.025,0.02,0.01,0.05,3
-9606.91,-0.0961,90393.09,10036.97,0.1003,-0.738,-0.957,0.565,39,0.2564,10,29,6.2,False,True,-0.0455,0.0202,11661.0,20621.32,5,0,22,6,6,0,0,0,0,0,0,0,0,108,0.44,1.5,15,0.025,0.02,0.02,0.03,1
-9606.91,-0.0961,90393.09,10036.97,0.1003,-0.738,-0.957,0.565,39,0.2564,10,29,6.2,False,True,-0.0455,0.0202,11661.0,20621.32,5,0,22,6,6,0,0,0,0,0,0,0,0,108,0.44,1.5,15,0.025,0.02,0.02,0.03,2
-9606.91,-0.0961,90393.09,10036.97,0.1003,-0.738,-0.957,0.565,39,0.2564,10,29,6.2,False,True,-0.0455,0.0202,11661.0,20621.32,5,0,22,6,6,0,0,0,0,0,0,0,0,108,0.44,1.5,15,0.025,0.02,0.02,0.03,3
-6279.42,-0.0628,93720.58,10402.51,0.1005,-0.339,-0.604,0.616,23,0.2174,5,18,5.2,False,True,-0.0455,0.0403,13422.39,21806.84,4,0,13,4,2,0,0,0,0,0,0,0,0,51,0.44,1.5,15,0.025,0.02,0.02,0.05,1
-6279.42,-0.0628,93720.58,10402.51,0.1005,-0.339,-0.604,0.616,23,0.2174,5,18,5.2,False,True,-0.0455,0.0403,13422.39,21806.84,4,0,13,4,2,0,0,0,0,0,0,0,0,51,0.44,1.5,15,0.025,0.02,0.02,0.05,2
-6279.42,-0.0628,93720.58,10402.51,0.1005,-0.339,-0.604,0.616,23,0.2174,5,18,5.2,False,True,-0.0455,0.0403,13422.39,21806.84,4,0,13,4,2,0,0,0,0,0,0,0,0,51,0.44,1.5,15,0.025,0.02,0.02,0.05,3
-9750.79,-0.0975,90249.21,10098.87,0.101,-0.822,-0.966,0.228,27,0.1481,4,23,4.8,False,True,-0.0455,0.0171,5472.46,24026.25,3,0,19,3,2,0,0,0,0,0,0,13,0,56,0.44,1.5,15,0.025,0.03,0.01,0.03,1
-9750.79,-0.0975,90249.21,10098.87,0.101,-0.822,-0.966,0.228,27,0.1481,4,23,4.8,False,True,-0.0455,0.0171,5472.46,24026.25,3,0,19,3,2,0,0,0,0,0,0,13,0,56,0.44,1.5,15,0.025,0.03,0.01,0.03,2
-9750.79,-0.0975,90249.21,10098.87,0.101,-0.822,-0.966,0.228,27,0.1481,4,23,4.8,False,True,-0.0455,0.0171,5472.46,24026.25,3,0,19,3,2,0,0,0,0,0,0,13,0,56,0.44,1.5,15,0.025,0.03,0.01,0.03,3
-5758.65,-0.0576,94241.35,10460.31,0.1005,-0.305,-0.551,0.631,22,0.2273,5,17,5.3,False,True,-0.0455,0.0403,13466.1,21341.47,4,0,12,4,2,0,0,0,0,0,0,11,0,51,0.44,1.5,15,0.025,0.03,0.01,0.05,1
-5758.65,-0.0576,94241.35,10460.31,0.1005,-0.305,-0.551,0.631,22,0.2273,5,17,5.3,False,True,-0.0455,0.0403,13466.1,21341.47,4,0,12,4,2,0,0,0,0,0,0,11,0,51,0.44,1.5,15,0.025,0.03,0.01,0.05,2
-5758.65,-0.0576,94241.35,10460.31,0.1005,-0.305,-0.551,0.631,22,0.2273,5,17,5.3,False,True,-0.0455,0.0403,13466.1,21341.47,4,0,12,4,2,0,0,0,0,0,0,11,0,51,0.44,1.5,15,0.025,0.03,0.01,0.05,3
-9606.91,-0.0961,90393.09,10036.97,0.1003,-0.738,-0.957,0.565,39,0.2564,10,29,6.2,False,True,-0.0455,0.0202,11661.0,20621.32,5,0,22,6,6,0,0,0,0,0,0,9,0,108,0.44,1.5,15,0.025,0.03,0.02,0.03,1
-9606.91,-0.0961,90393.09,10036.97,0.1003,-0.738,-0.957,0.565,39,0.2564,10,29,6.2,False,True,-0.0455,0.0202,11661.0,20621.32,5,0,22,6,6,0,0,0,0,0,0,9,0,108,0.44,1.5,15,0.025,0.03,0.02,0.03,2
-9606.91,-0.0961,90393.09,10036.97,0.1003,-0.738,-0.957,0.565,39,0.2564,10,29,6.2,False,True,-0.0455,0.0202,11661.0,20621.32,5,0,22,6,6,0,0,0,0,0,0,9,0,108,0.44,1.5,15,0.025,0.03,0.02,0.03,3
-6279.42,-0.0628,93720.58,10402.51,0.1005,-0.339,-0.604,0.616,23,0.2174,5,18,5.2,False,True,-0.0455,0.0403,13422.39,21806.84,4,0,13,4,2,0,0,0,0,0,0,10,0,51,0.44,1.5,15,0.025,0.03,0.02,0.05,1
-6279.42,-0.0628,93720.58,10402.51,0.1005,-0.339,-0.604,0.616,23,0.2174,5,18,5.2,False,True,-0.0455,0.0403,13422.39,21806.84,4,0,13,4,2,0,0,0,0,0,0,10,0,51,0.44,1.5,15,0.025,0.03,0.02,0.05,2
-6279.42,-0.0628,93720.58,10402.51,0.1005,-0.339,-0.604,0.616,23,0.2174,5,18,5.2,False,True,-0.0455,0.0403,13422.39,21806.84,4,0,13,4,2,0,0,0,0,0,0,10,0,51,0.44,1.5,15,0.025,0.03,0.02,0.05,3
-9750.79,-0.0975,90249.21,10098.87,0.101,-0.822,-0.966,0.228,27,0.1481,4,23,4.8,False,True,-0.0455,0.0171,5472.46,24026.25,3,0,19,3,2,0,0,0,0,0,0,13,0,56,0.44,1.5,15,0.035,0.02,0.01,0.03,1
-9750.79,-0.0975,90249.21,10098.87,0.101,-0.822,-0.966,0.228,27,0.1481,4,23,4.8,False,True,-0.0455,0.0171,5472.46,24026.25,3,0,19,3,2,0,0,0,0,0,0,13,0,56,0.44,1.5,15,0.035,0.02,0.01,0.03,2
-9750.79,-0.0975,90249.21,10098.87,0.101,-0.822,-0.966,0.228,27,0.1481,4,23,4.8,False,True,-0.0455,0.0171,5472.46,24026.25,3,0,19,3,2,0,0,0,0,0,0,13,0,56,0.44,1.5,15,0.035,0.02,0.01,0.03,3
-7663.51,-0.0766,92336.49,10573.44,0.1031,-0.502,-0.725,0.363,26,0.1538,4,22,4.9,False,True,-0.0455,0.0341,9479.63,26149.74,3,0,18,3,2,0,0,0,0,0,0,1,0,56,0.44,1.5,15,0.035,0.02,0.01,0.05,1
-7663.51,-0.0766,92336.49,10573.44,0.1031,-0.502,-0.725,0.363,26,0.1538,4,22,4.9,False,True,-0.0455,0.0341,9479.63,26149.74,3,0,18,3,2,0,0,0,0,0,0,1,0,56,0.44,1.5,15,0.035,0.02,0.01,0.05,2
-7663.51,-0.0766,92336.49,10573.44,0.1031,-0.502,-0.725,0.363,26,0.1538,4,22,4.9,False,True,-0.0455,0.0341,9479.63,26149.74,3,0,18,3,2,0,0,0,0,0,0,1,0,56,0.44,1.5,15,0.035,0.02,0.01,0.05,3
-8689.67,-0.0869,91310.33,10104.1,0.101,-0.754,-0.86,0.224,25,0.2,5,20,5.6,False,True,-0.0455,0.0171,6583.76,29432.94,3,0,15,4,3,0,0,0,0,0,0,0,0,63,0.44,1.5,15,0.035,0.02,0.02,0.03,1
-8689.67,-0.0869,91310.33,10104.1,0.101,-0.754,-0.86,0.224,25,0.2,5,20,5.6,False,True,-0.0455,0.0171,6583.76,29432.94,3,0,15,4,3,0,0,0,0,0,0,0,0,63,0.44,1.5,15,0.035,0.02,0.02,0.03,2
-8689.67,-0.0869,91310.33,10104.1,0.101,-0.754,-0.86,0.224,25,0.2,5,20,5.6,False,True,-0.0455,0.0171,6583.76,29432.94,3,0,15,4,3,0,0,0,0,0,0,0,0,63,0.44,1.5,15,0.035,0.02,0.02,0.03,3
-8173.76,-0.0817,91826.24,10515.01,0.1031,-0.544,-0.777,0.356,27,0.1481,4,23,4.8,False,True,-0.0455,0.0341,9457.95,26588.54,3,0,19,3,2,0,0,0,0,0,0,0,0,56,0.44,1.5,15,0.035,0.02,0.02,0.05,1
-8173.76,-0.0817,91826.24,10515.01,0.1031,-0.544,-0.777,0.356,27,0.1481,4,23,4.8,False,True,-0.0455,0.0341,9457.95,26588.54,3,0,19,3,2,0,0,0,0,0,0,0,0,56,0.44,1.5,15,0.035,0.02,0.02,0.05,2
-8173.76,-0.0817,91826.24,10515.01,0.1031,-0.544,-0.777,0.356,27,0.1481,4,23,4.8,False,True,-0.0455,0.0341,9457.95,26588.54,3,0,19,3,2,0,0,0,0,0,0,0,0,56,0.44,1.5,15,0.035,0.02,0.02,0.05,3
-9750.79,-0.0975,90249.21,10098.87,0.101,-0.822,-0.966,0.228,27,0.1481,4,23,4.8,False,True,-0.0455,0.0171,5472.46,24026.25,3,0,19,3,2,0,0,0,0,0,0,13,0,56,0.44,1.5,15,0.035,0.03,0.01,0.03,1
-9750.79,-0.0975,90249.21,10098.87,0.101,-0.822,-0.966,0.228,27,0.1481,4,23,4.8,False,True,-0.0455,0.0171,5472.46,24026.25,3,0,19,3,2,0,0,0,0,0,0,13,0,56,0.44,1.5,15,0.035,0.03,0.01,0.03,2
-9750.79,-0.0975,90249.21,10098.87,0.101,-0.822,-0.966,0.228,27,0.1481,4,23,4.8,False,True,-0.0455,0.0171,5472.46,24026.25,3,0,19,3,2,0,0,0,0,0,0,13,0,56,0.44,1.5,15,0.035,0.03,0.01,0.03,3
-7663.51,-0.0766,92336.49,10573.44,0.1031,-0.502,-0.725,0.363,26,0.1538,4,22,4.9,False,True,-0.0455,0.0341,9479.63,26149.74,3,0,18,3,2,0,0,0,0,0,0,11,0,56,0.44,1.5,15,0.035,0.03,0.01,0.05,1
-7663.51,-0.0766,92336.49,10573.44,0.1031,-0.502,-0.725,0.363,26,0.1538,4,22,4.9,False,True,-0.0455,0.0341,9479.63,26149.74,3,0,18,3,2,0,0,0,0,0,0,11,0,56,0.44,1.5,15,0.035,0.03,0.01,0.05,2
-7663.51,-0.0766,92336.49,10573.44,0.1031,-0.502,-0.725,0.363,26,0.1538,4,22,4.9,False,True,-0.0455,0.0341,9479.63,26149.74,3,0,18,3,2,0,0,0,0,0,0,11,0,56,0.44,1.5,15,0.035,0.03,0.01,0.05,3
-8689.67,-0.0869,91310.33,10104.1,0.101,-0.754,-0.86,0.224,25,0.2,5,20,5.6,False,True,-0.0455,0.0171,6583.76,29432.94,3,0,15,4,3,0,0,0,0,0,0,0,0,63,0.44,1.5,15,0.035,0.03,0.02,0.03,1
-8689.67,-0.0869,91310.33,10104.1,0.101,-0.754,-0.86,0.224,25,0.2,5,20,5.6,False,True,-0.0455,0.0171,6583.76,29432.94,3,0,15,4,3,0,0,0,0,0,0,0,0,63,0.44,1.5,15,0.035,0.03,0.02,0.03,2
-8689.67,-0.0869,91310.33,10104.1,0.101,-0.754,-0.86,0.224,25,0.2,5,20,5.6,False,True,-0.0455,0.0171,6583.76,29432.94,3,0,15,4,3,0,0,0,0,0,0,0,0,63,0.44,1.5,15,0.035,0.03,0.02,0.03,3
-8173.76,-0.0817,91826.24,10515.01,0.1031,-0.544,-0.777,0.356,27,0.1481,4,23,4.8,False,True,-0.0455,0.0341,9457.95,26588.54,3,0,19,3,2,0,0,0,0,0,0,10,0,56,0.44,1.5,15,0.035,0.03,0.02,0.05,1
-8173.76,-0.0817,91826.24,10515.01,0.1031,-0.544,-0.777,0.356,27,0.1481,4,23,4.8,False,True,-0.0455,0.0341,9457.95,26588.54,3,0,19,3,2,0,0,0,0,0,0,10,0,56,0.44,1.5,15,0.035,0.03,0.02,0.05,2
-8173.76,-0.0817,91826.24,10515.01,0.1031,-0.544,-0.777,0.356,27,0.1481,4,23,4.8,False,True,-0.0455,0.0341,9457.95,26588.54,3,0,19,3,2,0,0,0,0,0,0,10,0,56,0.44,1.5,15,0.035,0.03,0.02,0.05,3
-9870.16,-0.0987,90129.84,10005.24,0.1,-1.181,-0.986,0.374,72,0.1806,13,59,5.0,False,True,-0.0307,0.0057,5650.83,15103.31,13,0,44,9,6,0,0,0,0,0,0,0,0,164,0.46,0.5,5,0.025,0.02,0.01,0.03,1
-9870.16,-0.0987,90129.84,10005.24,0.1,-1.181,-0.986,0.374,72,0.1806,13,59,5.0,False,True,-0.0307,0.0057,5650.83,15103.31,13,0,44,9,6,0,0,0,0,0,0,0,0,164,0.46,0.5,5,0.025,0.02,0.01,0.03,2
-9870.16,-0.0987,90129.84,10005.24,0.1,-1.181,-0.986,0.374,72,0.1806,13,59,5.0,False,True,-0.0307,0.0057,5650.83,15103.31,13,0,44,9,6,0,0,0,0,0,0,0,0,164,0.46,0.5,5,0.025,0.02,0.01,0.03,3
-9965.37,-0.0997,90034.63,10019.11,0.1002,-1.092,-0.995,0.34,56,0.1429,8,48,5.0,False,True,-0.0307,0.0114,5339.48,15691.64,10,0,36,5,5,0,0,0,0,0,0,3,0,125,0.46,0.5,5,0.025,0.02,0.01,0.05,1
-9965.37,-0.0997,90034.63,10019.11,0.1002,-1.092,-0.995,0.34,56,0.1429,8,48,5.0,False,True,-0.0307,0.0114,5339.48,15691.64,10,0,36,5,5,0,0,0,0,0,0,3,0,125,0.46,0.5,5,0.025,0.02,0.01,0.05,2
-9965.37,-0.0997,90034.63,10019.11,0.1002,-1.092,-0.995,0.34,56,0.1429,8,48,5.0,False,True,-0.0307,0.0114,5339.48,15691.64,10,0,36,5,5,0,0,0,0,0,0,3,0,125,0.46,0.5,5,0.025,0.02,0.01,0.05,3
-9870.16,-0.0987,90129.84,10005.24,0.1,-1.181,-0.986,0.374,72,0.1806,13,59,5.0,False,True,-0.0307,0.0057,5650.83,15103.31,13,0,44,9,6,0,0,0,0,0,0,0,0,164,0.46,0.5,5,0.025,0.02,0.02,0.03,1
-9870.16,-0.0987,90129.84,10005.24,0.1,-1.181,-0.986,0.374,72,0.1806,13,59,5.0,False,True,-0.0307,0.0057,5650.83,15103.31,13,0,44,9,6,0,0,0,0,0,0,0,0,164,0.46,0.5,5,0.025,0.02,0.02,0.03,2
-9870.16,-0.0987,90129.84,10005.24,0.1,-1.181,-0.986,0.374,72,0.1806,13,59,5.0,False,True,-0.0307,0.0057,5650.83,15103.31,13,0,44,9,6,0,0,0,0,0,0,0,0,164,0.46,0.5,5,0.025,0.02,0.02,0.03,3
-9888.78,-0.0989,90111.22,10180.68,0.1018,-1.086,-0.971,0.342,54,0.1481,8,46,5.3,False,True,-0.0307,0.0114,5340.19,15616.08,10,0,33,5,6,0,0,0,0,0,0,0,0,133,0.46,0.5,5,0.025,0.02,0.02,0.05,1
-9888.78,-0.0989,90111.22,10180.68,0.1018,-1.086,-0.971,0.342,54,0.1481,8,46,5.3,False,True,-0.0307,0.0114,5340.19,15616.08,10,0,33,5,6,0,0,0,0,0,0,0,0,133,0.46,0.5,5,0.025,0.02,0.02,0.05,2
-9888.78,-0.0989,90111.22,10180.68,0.1018,-1.086,-0.971,0.342,54,0.1481,8,46,5.3,False,True,-0.0307,0.0114,5340.19,15616.08,10,0,33,5,6,0,0,0,0,0,0,0,0,133,0.46,0.5,5,0.025,0.02,0.02,0.05,3
-9870.16,-0.0987,90129.84,10005.24,0.1,-1.181,-0.986,0.374,72,0.1806,13,59,5.0,False,True,-0.0307,0.0057,5650.83,15103.31,13,0,44,9,6,0,0,0,0,0,0,0,0,164,0.46,0.5,5,0.025,0.03,0.01,0.03,1
-9870.16,-0.0987,90129.84,10005.24,0.1,-1.181,-0.986,0.374,72,0.1806,13,59,5.0,False,True,-0.0307,0.0057,5650.83,15103.31,13,0,44,9,6,0,0,0,0,0,0,0,0,164,0.46,0.5,5,0.025,0.03,0.01,0.03,2
-9870.16,-0.0987,90129.84,10005.24,0.1,-1.181,-0.986,0.374,72,0.1806,13,59,5.0,False,True,-0.0307,0.0057,5650.83,15103.31,13,0,44,9,6,0,0,0,0,0,0,0,0,164,0.46,0.5,5,0.025,0.03,0.01,0.03,3
-9965.37,-0.0997,90034.63,10019.11,0.1002,-1.092,-0.995,0.34,56,0.1429,8,48,5.0,False,True,-0.0307,0.0114,5339.48,15691.64,10,0,36,5,5,0,0,0,0,0,0,3,0,125,0.46,0.5,5,0.025,0.03,0.01,0.05,1
-9965.37,-0.0997,90034.63,10019.11,0.1002,-1.092,-0.995,0.34,56,0.1429,8,48,5.0,False,True,-0.0307,0.0114,5339.48,15691.64,10,0,36,5,5,0,0,0,0,0,0,3,0,125,0.46,0.5,5,0.025,0.03,0.01,0.05,2
-9965.37,-0.0997,90034.63,10019.11,0.1002,-1.092,-0.995,0.34,56,0.1429,8,48,5.0,False,True,-0.0307,0.0114,5339.48,15691.64,10,0,36,5,5,0,0,0,0,0,0,3,0,125,0.46,0.5,5,0.025,0.03,0.01,0.05,3
-9870.16,-0.0987,90129.84,10005.24,0.1,-1.181,-0.986,0.374,72,0.1806,13,59,5.0,False,True,-0.0307,0.0057,5650.83,15103.31,13,0,44,9,6,0,0,0,0,0,0,0,0,164,0.46,0.5,5,0.025,0.03,0.02,0.03,1
-9870.16,-0.0987,90129.84,10005.24,0.1,-1.181,-0.986,0.374,72,0.1806,13,59,5.0,False,True,-0.0307,0.0057,5650.83,15103.31,13,0,44,9,6,0,0,0,0,0,0,0,0,164,0.46,0.5,5,0.025,0.03,0.02,0.03,2
-9870.16,-0.0987,90129.84,10005.24,0.1,-1.181,-0.986,0.374,72,0.1806,13,59,5.0,False,True,-0.0307,0.0057,5650.83,15103.31,13,0,44,9,6,0,0,0,0,0,0,0,0,164,0.46,0.5,5,0.025,0.03,0.02,0.03,3
-9888.78,-0.0989,90111.22,10180.68,0.1018,-1.086,-0.971,0.342,54,0.1481,8,46,5.3,False,True,-0.0307,0.0114,5340.19,15616.08,10,0,33,5,6,0,0,0,0,0,0,0,0,133,0.46,0.5,5,0.025,0.03,0.02,0.05,1
-9888.78,-0.0989,90111.22,10180.68,0.1018,-1.086,-0.971,0.342,54,0.1481,8,46,5.3,False,True,-0.0307,0.0114,5340.19,15616.08,10,0,33,5,6,0,0,0,0,0,0,0,0,133,0.46,0.5,5,0.025,0.03,0.02,0.05,2
-9888.78,-0.0989,90111.22,10180.68,0.1018,-1.086,-0.971,0.342,54,0.1481,8,46,5.3,False,True,-0.0307,0.0114,5340.19,15616.08,10,0,33,5,6,0,0,0,0,0,0,0,0,133,0.46,0.5,5,0.025,0.03,0.02,0.05,3
-9870.17,-0.0987,90129.83,10005.26,0.1,-1.178,-0.986,0.374,72,0.1806,13,59,5.2,False,True,-0.0309,0.0057,5653.43,15105.93,13,0,43,9,7,0,0,0,0,0,0,0,0,171,0.46,0.5,5,0.035,0.02,0.01,0.03,1
-9870.17,-0.0987,90129.83,10005.26,0.1,-1.178,-0.986,0.374,72,0.1806,13,59,5.2,False,True,-0.0309,0.0057,5653.43,15105.93,13,0,43,9,7,0,0,0,0,0,0,0,0,171,0.46,0.5,5,0.035,0.02,0.01,0.03,2
-9870.17,-0.0987,90129.83,10005.26,0.1,-1.178,-0.986,0.374,72,0.1806,13,59,5.2,False,True,-0.0309,0.0057,5653.43,15105.93,13,0,43,9,7,0,0,0,0,0,0,0,0,171,0.46,0.5,5,0.035,0.02,0.01,0.03,3
-9738.7,-0.0974,90261.3,10031.07,0.1003,-1.057,-0.971,0.346,56,0.1429,8,48,5.2,False,True,-0.0309,0.0114,5355.06,15481.52,10,0,35,5,6,0,0,0,0,0,0,3,0,135,0.46,0.5,5,0.035,0.02,0.01,0.05,1
-9738.7,-0.0974,90261.3,10031.07,0.1003,-1.057,-0.971,0.346,56,0.1429,8,48,5.2,False,True,-0.0309,0.0114,5355.06,15481.52,10,0,35,5,6,0,0,0,0,0,0,3,0,135,0.46,0.5,5,0.035,0.02,0.01,0.05,2
-9738.7,-0.0974,90261.3,10031.07,0.1003,-1.057,-0.971,0.346,56,0.1429,8,48,5.2,False,True,-0.0309,0.0114,5355.06,15481.52,10,0,35,5,6,0,0,0,0,0,0,3,0,135,0.46,0.5,5,0.035,0.02,0.01,0.05,3
-9870.17,-0.0987,90129.83,10005.26,0.1,-1.178,-0.986,0.374,72,0.1806,13,59,5.2,False,True,-0.0309,0.0057,5653.43,15105.93,13,0,43,9,7,0,0,0,0,0,0,0,0,171,0.46,0.5,5,0.035,0.02,0.02,0.03,1
-9870.17,-0.0987,90129.83,10005.26,0.1,-1.178,-0.986,0.374,72,0.1806,13,59,5.2,False,True,-0.0309,0.0057,5653.43,15105.93,13,0,43,9,7,0,0,0,0,0,0,0,0,171,0.46,0.5,5,0.035,0.02,0.02,0.03,2
-9870.17,-0.0987,90129.83,10005.26,0.1,-1.178,-0.986,0.374,72,0.1806,13,59,5.2,False,True,-0.0309,0.0057,5653.43,15105.93,13,0,43,9,7,0,0,0,0,0,0,0,0,171,0.46,0.5,5,0.035,0.02,0.02,0.03,3
-10220.96,-0.1022,89779.04,10232.85,0.1023,-1.061,-0.999,0.409,70,0.1714,12,58,5.3,False,True,-0.0309,0.0114,7076.14,17297.1,13,0,42,9,6,0,0,0,0,0,0,0,0,170,0.46,0.5,5,0.035,0.02,0.02,0.05,1
-10220.96,-0.1022,89779.04,10232.85,0.1023,-1.061,-0.999,0.409,70,0.1714,12,58,5.3,False,True,-0.0309,0.0114,7076.14,17297.1,13,0,42,9,6,0,0,0,0,0,0,0,0,170,0.46,0.5,5,0.035,0.02,0.02,0.05,2
-10220.96,-0.1022,89779.04,10232.85,0.1023,-1.061,-0.999,0.409,70,0.1714,12,58,5.3,False,True,-0.0309,0.0114,7076.14,17297.1,13,0,42,9,6,0,0,0,0,0,0,0,0,170,0.46,0.5,5,0.035,0.02,0.02,0.05,3
-9870.17,-0.0987,90129.83,10005.26,0.1,-1.178,-0.986,0.374,72,0.1806,13,59,5.2,False,True,-0.0309,0.0057,5653.43,15105.93,13,0,43,9,7,0,0,0,0,0,0,0,0,171,0.46,0.5,5,0.035,0.03,0.01,0.03,1
-9870.17,-0.0987,90129.83,10005.26,0.1,-1.178,-0.986,0.374,72,0.1806,13,59,5.2,False,True,-0.0309,0.0057,5653.43,15105.93,13,0,43,9,7,0,0,0,0,0,0,0,0,171,0.46,0.5,5,0.035,0.03,0.01,0.03,2
-9870.17,-0.0987,90129.83,10005.26,0.1,-1.178,-0.986,0.374,72,0.1806,13,59,5.2,False,True,-0.0309,0.0057,5653.43,15105.93,13,0,43,9,7,0,0,0,0,0,0,0,0,171,0.46,0.5,5,0.035,0.03,0.01,0.03,3
-9738.7,-0.0974,90261.3,10031.07,0.1003,-1.057,-0.971,0.346,56,0.1429,8,48,5.2,False,True,-0.0309,0.0114,5355.06,15481.52,10,0,35,5,6,0,0,0,0,0,0,3,0,135,0.46,0.5,5,0.035,0.03,0.01,0.05,1
-9738.7,-0.0974,90261.3,10031.07,0.1003,-1.057,-0.971,0.346,56,0.1429,8,48,5.2,False,True,-0.0309,0.0114,5355.06,15481.52,10,0,35,5,6,0,0,0,0,0,0,3,0,135,0.46,0.5,5,0.035,0.03,0.01,0.05,2
-9738.7,-0.0974,90261.3,10031.07,0.1003,-1.057,-0.971,0.346,56,0.1429,8,48,5.2,False,True,-0.0309,0.0114,5355.06,15481.52,10,0,35,5,6,0,0,0,0,0,0,3,0,135,0.46,0.5,5,0.035,0.03,0.01,0.05,3
-9870.17,-0.0987,90129.83,10005.26,0.1,-1.178,-0.986,0.374,72,0.1806,13,59,5.2,False,True,-0.0309,0.0057,5653.43,15105.93,13,0,43,9,7,0,0,0,0,0,0,0,0,171,0.46,0.5,5,0.035,0.03,0.02,0.03,1
-9870.17,-0.0987,90129.83,10005.26,0.1,-1.178,-0.986,0.374,72,0.1806,13,59,5.2,False,True,-0.0309,0.0057,5653.43,15105.93,13,0,43,9,7,0,0,0,0,0,0,0,0,171,0.46,0.5,5,0.035,0.03,0.02,0.03,2
-9870.17,-0.0987,90129.83,10005.26,0.1,-1.178,-0.986,0.374,72,0.1806,13,59,5.2,False,True,-0.0309,0.0057,5653.43,15105.93,13,0,43,9,7,0,0,0,0,0,0,0,0,171,0.46,0.5,5,0.035,0.03,0.02,0.03,3
-10220.96,-0.1022,89779.04,10232.85,0.1023,-1.061,-0.999,0.409,70,0.1714,12,58,5.3,False,True,-0.0309,0.0114,7076.14,17297.1,13,0,42,9,6,0,0,0,0,0,0,0,0,170,0.46,0.5,5,0.035,0.03,0.02,0.05,1
-10220.96,-0.1022,89779.04,10232.85,0.1023,-1.061,-0.999,0.409,70,0.1714,12,58,5.3,False,True,-0.0309,0.0114,7076.14,17297.1,13,0,42,9,6,0,0,0,0,0,0,0,0,170,0.46,0.5,5,0.035,0.03,0.02,0.05,2
-10220.96,-0.1022,89779.04,10232.85,0.1023,-1.061,-0.999,0.409,70,0.1714,12,58,5.3,False,True,-0.0309,0.0114,7076.14,17297.1,13,0,42,9,6,0,0,0,0,0,0,0,0,170,0.46,0.5,5,0.035,0.03,0.02,0.05,3
-9870.16,-0.0987,90129.84,10005.24,0.1,-1.181,-0.986,0.374,72,0.1806,13,59,5.0,False,True,-0.0307,0.0057,5650.83,15103.31,13,0,44,9,6,0,0,0,0,0,0,0,0,164,0.46,0.5,10,0.025,0.02,0.01,0.03,1
-9870.16,-0.0987,90129.84,10005.24,0.1,-1.181,-0.986,0.374,72,0.1806,13,59,5.0,False,True,-0.0307,0.0057,5650.83,15103.31,13,0,44,9,6,0,0,0,0,0,0,0,0,164,0.46,0.5,10,0.025,0.02,0.01,0.03,2
-9870.16,-0.0987,90129.84,10005.24,0.1,-1.181,-0.986,0.374,72,0.1806,13,59,5.0,False,True,-0.0307,0.0057,5650.83,15103.31,13,0,44,9,6,0,0,0,0,0,0,0,0,164,0.46,0.5,10,0.025,0.02,0.01,0.03,3
-9965.37,-0.0997,90034.63,10019.11,0.1002,-1.092,-0.995,0.34,56,0.1429,8,48,5.0,False,True,-0.0307,0.0114,5339.48,15691.64,10,0,36,5,5,0,0,0,0,0,0,3,0,125,0.46,0.5,10,0.025,0.02,0.01,0.05,1
-9965.37,-0.0997,90034.63,10019.11,0.1002,-1.092,-0.995,0.34,56,0.1429,8,48,5.0,False,True,-0.0307,0.0114,5339.48,15691.64,10,0,36,5,5,0,0,0,0,0,0,3,0,125,0.46,0.5,10,0.025,0.02,0.01,0.05,2
-9965.37,-0.0997,90034.63,10019.11,0.1002,-1.092,-0.995,0.34,56,0.1429,8,48,5.0,False,True,-0.0307,0.0114,5339.48,15691.64,10,0,36,5,5,0,0,0,0,0,0,3,0,125,0.46,0.5,10,0.025,0.02,0.01,0.05,3
-9870.16,-0.0987,90129.84,10005.24,0.1,-1.181,-0.986,0.374,72,0.1806,13,59,5.0,False,True,-0.0307,0.0057,5650.83,15103.31,13,0,44,9,6,0,0,0,0,0,0,0,0,164,0.46,0.5,10,0.025,0.02,0.02,0.03,1
-9870.16,-0.0987,90129.84,10005.24,0.1,-1.181,-0.986,0.374,72,0.1806,13,59,5.0,False,True,-0.0307,0.0057,5650.83,15103.31,13,0,44,9,6,0,0,0,0,0,0,0,0,164,0.46,0.5,10,0.025,0.02,0.02,0.03,2
-9870.16,-0.0987,90129.84,10005.24,0.1,-1.181,-0.986,0.374,72,0.1806,13,59,5.0,False,True,-0.0307,0.0057,5650.83,15103.31,13,0,44,9,6,0,0,0,0,0,0,0,0,164,0.46,0.5,10,0.025,0.02,0.02,0.03,3
-9888.78,-0.0989,90111.22,10180.68,0.1018,-1.086,-0.971,0.342,54,0.1481,8,46,5.3,False,True,-0.0307,0.0114,5340.19,15616.08,10,0,33,5,6,0,0,0,0,0,0,0,0,133,0.46,0.5,10,0.025,0.02,0.02,0.05,1
-9888.78,-0.0989,90111.22,10180.68,0.1018,-1.086,-0.971,0.342,54,0.1481,8,46,5.3,False,True,-0.0307,0.0114,5340.19,15616.08,10,0,33,5,6,0,0,0,0,0,0,0,0,133,0.46,0.5,10,0.025,0.02,0.02,0.05,2
-9888.78,-0.0989,90111.22,10180.68,0.1018,-1.086,-0.971,0.342,54,0.1481,8,46,5.3,False,True,-0.0307,0.0114,5340.19,15616.08,10,0,33,5,6,0,0,0,0,0,0,0,0,133,0.46,0.5,10,0.025,0.02,0.02,0.05,3
-9870.16,-0.0987,90129.84,10005.24,0.1,-1.181,-0.986,0.374,72,0.1806,13,59,5.0,False,True,-0.0307,0.0057,5650.83,15103.31,13,0,44,9,6,0,0,0,0,0,0,0,0,164,0.46,0.5,10,0.025,0.03,0.01,0.03,1
-9870.16,-0.0987,90129.84,10005.24,0.1,-1.181,-0.986,0.374,72,0.1806,13,59,5.0,False,True,-0.0307,0.0057,5650.83,15103.31,13,0,44,9,6,0,0,0,0,0,0,0,0,164,0.46,0.5,10,0.025,0.03,0.01,0.03,2
-9870.16,-0.0987,90129.84,10005.24,0.1,-1.181,-0.986,0.374,72,0.1806,13,59,5.0,False,True,-0.0307,0.0057,5650.83,15103.31,13,0,44,9,6,0,0,0,0,0,0,0,0,164,0.46,0.5,10,0.025,0.03,0.01,0.03,3
-9965.37,-0.0997,90034.63,10019.11,0.1002,-1.092,-0.995,0.34,56,0.1429,8,48,5.0,False,True,-0.0307,0.0114,5339.48,15691.64,10,0,36,5,5,0,0,0,0,0,0,3,0,125,0.46,0.5,10,0.025,0.03,0.01,0.05,1
-9965.37,-0.0997,90034.63,10019.11,0.1002,-1.092,-0.995,0.34,56,0.1429,8,48,5.0,False,True,-0.0307,0.0114,5339.48,15691.64,10,0,36,5,5,0,0,0,0,0,0,3,0,125,0.46,0.5,10,0.025,0.03,0.01,0.05,2
-9965.37,-0.0997,90034.63,10019.11,0.1002,-1.092,-0.995,0.34,56,0.1429,8,48,5.0,False,True,-0.0307,0.0114,5339.48,15691.64,10,0,36,5,5,0,0,0,0,0,0,3,0,125,0.46,0.5,10,0.025,0.03,0.01,0.05,3
-9870.16,-0.0987,90129.84,10005.24,0.1,-1.181,-0.986,0.374,72,0.1806,13,59,5.0,False,True,-0.0307,0.0057,5650.83,15103.31,13,0,44,9,6,0,0,0,0,0,0,0,0,164,0.46,0.5,10,0.025,0.03,0.02,0.03,1
-9870.16,-0.0987,90129.84,10005.24,0.1,-1.181,-0.986,0.374,72,0.1806,13,59,5.0,False,True,-0.0307,0.0057,5650.83,15103.31,13,0,44,9,6,0,0,0,0,0,0,0,0,164,0.46,0.5,10,0.025,0.03,0.02,0.03,2
-9870.16,-0.0987,90129.84,10005.24,0.1,-1.181,-0.986,0.374,72,0.1806,13,59,5.0,False,True,-0.0307,0.0057,5650.83,15103.31,13,0,44,9,6,0,0,0,0,0,0,0,0,164,0.46,0.5,10,0.025,0.03,0.02,0.03,3
-9888.78,-0.0989,90111.22,10180.68,0.1018,-1.086,-0.971,0.342,54,0.1481,8,46,5.3,False,True,-0.0307,0.0114,5340.19,15616.08,10,0,33,5,6,0,0,0,0,0,0,0,0,133,0.46,0.5,10,0.025,0.03,0.02,0.05,1
-9888.78,-0.0989,90111.22,10180.68,0.1018,-1.086,-0.971,0.342,54,0.1481,8,46,5.3,False,True,-0.0307,0.0114,5340.19,15616.08,10,0,33,5,6,0,0,0,0,0,0,0,0,133,0.46,0.5,10,0.025,0.03,0.02,0.05,2
-9888.78,-0.0989,90111.22,10180.68,0.1018,-1.086,-0.971,0.342,54,0.1481,8,46,5.3,False,True,-0.0307,0.0114,5340.19,15616.08,10,0,33,5,6,0,0,0,0,0,0,0,0,133,0.46,0.5,10,0.025,0.03,0.02,0.05,3
-9870.17,-0.0987,90129.83,10005.26,0.1,-1.178,-0.986,0.374,72,0.1806,13,59,5.2,False,True,-0.0309,0.0057,5653.43,15105.93,13,0,43,9,7,0,0,0,0,0,0,0,0,171,0.46,0.5,10,0.035,0.02,0.01,0.03,1
-9870.17,-0.0987,90129.83,10005.26,0.1,-1.178,-0.986,0.374,72,0.1806,13,59,5.2,False,True,-0.0309,0.0057,5653.43,15105.93,13,0,43,9,7,0,0,0,0,0,0,0,0,171,0.46,0.5,10,0.035,0.02,0.01,0.03,2
-9870.17,-0.0987,90129.83,10005.26,0.1,-1.178,-0.986,0.374,72,0.1806,13,59,5.2,False,True,-0.0309,0.0057,5653.43,15105.93,13,0,43,9,7,0,0,0,0,0,0,0,0,171,0.46,0.5,10,0.035,0.02,0.01,0.03,3
-9738.7,-0.0974,90261.3,10031.07,0.1003,-1.057,-0.971,0.346,56,0.1429,8,48,5.2,False,True,-0.0309,0.0114,5355.06,15481.52,10,0,35,5,6,0,0,0,0,0,0,3,0,135,0.46,0.5,10,0.035,0.02,0.01,0.05,1
-9738.7,-0.0974,90261.3,10031.07,0.1003,-1.057,-0.971,0.346,56,0.1429,8,48,5.2,False,True,-0.0309,0.0114,5355.06,15481.52,10,0,35,5,6,0,0,0,0,0,0,3,0,135,0.46,0.5,10,0.035,0.02,0.01,0.05,2
-9738.7,-0.0974,90261.3,10031.07,0.1003,-1.057,-0.971,0.346,56,0.1429,8,48,5.2,False,True,-0.0309,0.0114,5355.06,15481.52,10,0,35,5,6,0,0,0,0,0,0,3,0,135,0.46,0.5,10,0.035,0.02,0.01,0.05,3
-9870.17,-0.0987,90129.83,10005.26,0.1,-1.178,-0.986,0.374,72,0.1806,13,59,5.2,False,True,-0.0309,0.0057,5653.43,15105.93,13,0,43,9,7,0,0,0,0,0,0,0,0,171,0.46,0.5,10,0.035,0.02,0.02,0.03,1
-9870.17,-0.0987,90129.83,10005.26,0.1,-1.178,-0.986,0.374,72,0.1806,13,59,5.2,False,True,-0.0309,0.0057,5653.43,15105.93,13,0,43,9,7,0,0,0,0,0,0,0,0,171,0.46,0.5,10,0.035,0.02,0.02,0.03,2
-9870.17,-0.0987,90129.83,10005.26,0.1,-1.178,-0.986,0.374,72,0.1806,13,59,5.2,False,True,-0.0309,0.0057,5653.43,15105.93,13,0,43,9,7,0,0,0,0,0,0,0,0,171,0.46,0.5,10,0.035,0.02,0.02,0.03,3
-10220.96,-0.1022,89779.04,10232.85,0.1023,-1.061,-0.999,0.409,70,0.1714,12,58,5.3,False,True,-0.0309,0.0114,7076.14,17297.1,13,0,42,9,6,0,0,0,0,0,0,0,0,170,0.46,0.5,10,0.035,0.02,0.02,0.05,1
-10220.96,-0.1022,89779.04,10232.85,0.1023,-1.061,-0.999,0.409,70,0.1714,12,58,5.3,False,True,-0.0309,0.0114,7076.14,17297.1,13,0,42,9,6,0,0,0,0,0,0,0,0,170,0.46,0.5,10,0.035,0.02,0.02,0.05,2
-10220.96,-0.1022,89779.04,10232.85,0.1023,-1.061,-0.999,0.409,70,0.1714,12,58,5.3,False,True,-0.0309,0.0114,7076.14,17297.1,13,0,42,9,6,0,0,0,0,0,0,0,0,170,0.46,0.5,10,0.035,0.02,0.02,0.05,3
-9870.17,-0.0987,90129.83,10005.26,0.1,-1.178,-0.986,0.374,72,0.1806,13,59,5.2,False,True,-0.0309,0.0057,5653.43,15105.93,13,0,43,9,7,0,0,0,0,0,0,0,0,171,0.46,0.5,10,0.035,0.03,0.01,0.03,1
-9870.17,-0.0987,90129.83,10005.26,0.1,-1.178,-0.986,0.374,72,0.1806,13,59,5.2,False,True,-0.0309,0.0057,5653.43,15105.93,13,0,43,9,7,0,0,0,0,0,0,0,0,171,0.46,0.5,10,0.035,0.03,0.01,0.03,2
-9870.17,-0.0987,90129.83,10005.26,0.1,-1.178,-0.986,0.374,72,0.1806,13,59,5.2,False,True,-0.0309,0.0057,5653.43,15105.93,13,0,43,9,7,0,0,0,0,0,0,0,0,171,0.46,0.5,10,0.035,0.03,0.01,0.03,3
-9738.7,-0.0974,90261.3,10031.07,0.1003,-1.057,-0.971,0.346,56,0.1429,8,48,5.2,False,True,-0.0309,0.0114,5355.06,15481.52,10,0,35,5,6,0,0,0,0,0,0,3,0,135,0.46,0.5,10,0.035,0.03,0.01,0.05,1
-9738.7,-0.0974,90261.3,10031.07,0.1003,-1.057,-0.971,0.346,56,0.1429,8,48,5.2,False,True,-0.0309,0.0114,5355.06,15481.52,10,0,35,5,6,0,0,0,0,0,0,3,0,135,0.46,0.5,10,0.035,0.03,0.01,0.05,2
-9738.7,-0.0974,90261.3,10031.07,0.1003,-1.057,-0.971,0.346,56,0.1429,8,48,5.2,False,True,-0.0309,0.0114,5355.06,15481.52,10,0,35,5,6,0,0,0,0,0,0,3,0,135,0.46,0.5,10,0.035,0.03,0.01,0.05,3
-9870.17,-0.0987,90129.83,10005.26,0.1,-1.178,-0.986,0.374,72,0.1806,13,59,5.2,False,True,-0.0309,0.0057,5653.43,15105.93,13,0,43,9,7,0,0,0,0,0,0,0,0,171,0.46,0.5,10,0.035,0.03,0.02,0.03,1
-9870.17,-0.0987,90129.83,10005.26,0.1,-1.178,-0.986,0.374,72,0.1806,13,59,5.2,False,True,-0.0309,0.0057,5653.43,15105.93,13,0,43,9,7,0,0,0,0,0,0,0,0,171,0.46,0.5,10,0.035,0.03,0.02,0.03,2
-9870.17,-0.0987,90129.83,10005.26,0.1,-1.178,-0.986,0.374,72,0.1806,13,59,5.2,False,True,-0.0309,0.0057,5653.43,15105.93,13,0,43,9,7,0,0,0,0,0,0,0,0,171,0.46,0.5,10,0.035,0.03,0.02,0.03,3
-10220.96,-0.1022,89779.04,10232.85,0.1023,-1.061,-0.999,0.409,70,0.1714,12,58,5.3,False,True,-0.0309,0.0114,7076.14,17297.1,13,0,42,9,6,0,0,0,0,0,0,0,0,170,0.46,0.5,10,0.035,0.03,0.02,0.05,1
-10220.96,-0.1022,89779.04,10232.85,0.1023,-1.061,-0.999,0.409,70,0.1714,12,58,5.3,False,True,-0.0309,0.0114,7076.14,17297.1,13,0,42,9,6,0,0,0,0,0,0,0,0,170,0.46,0.5,10,0.035,0.03,0.02,0.05,2
-10220.96,-0.1022,89779.04,10232.85,0.1023,-1.061,-0.999,0.409,70,0.1714,12,58,5.3,False,True,-0.0309,0.0114,7076.14,17297.1,13,0,42,9,6,0,0,0,0,0,0,0,0,170,0.46,0.5,10,0.035,0.03,0.02,0.05,3
-9870.16,-0.0987,90129.84,10005.24,0.1,-1.181,-0.986,0.374,72,0.1806,13,59,5.0,False,True,-0.0307,0.0057,5650.83,15103.31,13,0,44,9,6,0,0,0,0,0,0,0,0,164,0.46,0.5,15,0.025,0.02,0.01,0.03,1
-9870.16,-0.0987,90129.84,10005.24,0.1,-1.181,-0.986,0.374,72,0.1806,13,59,5.0,False,True,-0.0307,0.0057,5650.83,15103.31,13,0,44,9,6,0,0,0,0,0,0,0,0,164,0.46,0.5,15,0.025,0.02,0.01,0.03,2
-9870.16,-0.0987,90129.84,10005.24,0.1,-1.181,-0.986,0.374,72,0.1806,13,59,5.0,False,True,-0.0307,0.0057,5650.83,15103.31,13,0,44,9,6,0,0,0,0,0,0,0,0,164,0.46,0.5,15,0.025,0.02,0.01,0.03,3
-9965.37,-0.0997,90034.63,10019.11,0.1002,-1.092,-0.995,0.34,56,0.1429,8,48,5.0,False,True,-0.0307,0.0114,5339.48,15691.64,10,0,36,5,5,0,0,0,0,0,0,3,0,125,0.46,0.5,15,0.025,0.02,0.01,0.05,1
-9965.37,-0.0997,90034.63,10019.11,0.1002,-1.092,-0.995,0.34,56,0.1429,8,48,5.0,False,True,-0.0307,0.0114,5339.48,15691.64,10,0,36,5,5,0,0,0,0,0,0,3,0,125,0.46,0.5,15,0.025,0.02,0.01,0.05,2
-9965.37,-0.0997,90034.63,10019.11,0.1002,-1.092,-0.995,0.34,56,0.1429,8,48,5.0,False,True,-0.0307,0.0114,5339.48,15691.64,10,0,36,5,5,0,0,0,0,0,0,3,0,125,0.46,0.5,15,0.025,0.02,0.01,0.05,3
-9870.16,-0.0987,90129.84,10005.24,0.1,-1.181,-0.986,0.374,72,0.1806,13,59,5.0,False,True,-0.0307,0.0057,5650.83,15103.31,13,0,44,9,6,0,0,0,0,0,0,0,0,164,0.46,0.5,15,0.025,0.02,0.02,0.03,1
-9870.16,-0.0987,90129.84,10005.24,0.1,-1.181,-0.986,0.374,72,0.1806,13,59,5.0,False,True,-0.0307,0.0057,5650.83,15103.31,13,0,44,9,6,0,0,0,0,0,0,0,0,164,0.46,0.5,15,0.025,0.02,0.02,0.03,2
-9870.16,-0.0987,90129.84,10005.24,0.1,-1.181,-0.986,0.374,72,0.1806,13,59,5.0,False,True,-0.0307,0.0057,5650.83,15103.31,13,0,44,9,6,0,0,0,0,0,0,0,0,164,0.46,0.5,15,0.025,0.02,0.02,0.03,3
-9888.78,-0.0989,90111.22,10180.68,0.1018,-1.086,-0.971,0.342,54,0.1481,8,46,5.3,False,True,-0.0307,0.0114,5340.19,15616.08,10,0,33,5,6,0,0,0,0,0,0,0,0,133,0.46,0.5,15,0.025,0.02,0.02,0.05,1
-9888.78,-0.0989,90111.22,10180.68,0.1018,-1.086,-0.971,0.342,54,0.1481,8,46,5.3,False,True,-0.0307,0.0114,5340.19,15616.08,10,0,33,5,6,0,0,0,0,0,0,0,0,133,0.46,0.5,15,0.025,0.02,0.02,0.05,2
-9888.78,-0.0989,90111.22,10180.68,0.1018,-1.086,-0.971,0.342,54,0.1481,8,46,5.3,False,True,-0.0307,0.0114,5340.19,15616.08,10,0,33,5,6,0,0,0,0,0,0,0,0,133,0.46,0.5,15,0.025,0.02,0.02,0.05,3
-9870.16,-0.0987,90129.84,10005.24,0.1,-1.181,-0.986,0.374,72,0.1806,13,59,5.0,False,True,-0.0307,0.0057,5650.83,15103.31,13,0,44,9,6,0,0,0,0,0,0,0,0,164,0.46,0.5,15,0.025,0.03,0.01,0.03,1
-9870.16,-0.0987,90129.84,10005.24,0.1,-1.181,-0.986,0.374,72,0.1806,13,59,5.0,False,True,-0.0307,0.0057,5650.83,15103.31,13,0,44,9,6,0,0,0,0,0,0,0,0,164,0.46,0.5,15,0.025,0.03,0.01,0.03,2
-9870.16,-0.0987,90129.84,10005.24,0.1,-1.181,-0.986,0.374,72,0.1806,13,59,5.0,False,True,-0.0307,0.0057,5650.83,15103.31,13,0,44,9,6,0,0,0,0,0,0,0,0,164,0.46,0.5,15,0.025,0.03,0.01,0.03,3
-9965.37,-0.0997,90034.63,10019.11,0.1002,-1.092,-0.995,0.34,56,0.1429,8,48,5.0,False,True,-0.0307,0.0114,5339.48,15691.64,10,0,36,5,5,0,0,0,0,0,0,3,0,125,0.46,0.5,15,0.025,0.03,0.01,0.05,1
-9965.37,-0.0997,90034.63,10019.11,0.1002,-1.092,-0.995,0.34,56,0.1429,8,48,5.0,False,True,-0.0307,0.0114,5339.48,15691.64,10,0,36,5,5,0,0,0,0,0,0,3,0,125,0.46,0.5,15,0.025,0.03,0.01,0.05,2
-9965.37,-0.0997,90034.63,10019.11,0.1002,-1.092,-0.995,0.34,56,0.1429,8,48,5.0,False,True,-0.0307,0.0114,5339.48,15691.64,10,0,36,5,5,0,0,0,0,0,0,3,0,125,0.46,0.5,15,0.025,0.03,0.01,0.05,3
-9870.16,-0.0987,90129.84,10005.24,0.1,-1.181,-0.986,0.374,72,0.1806,13,59,5.0,False,True,-0.0307,0.0057,5650.83,15103.31,13,0,44,9,6,0,0,0,0,0,0,0,0,164,0.46,0.5,15,0.025,0.03,0.02,0.03,1
-9870.16,-0.0987,90129.84,10005.24,0.1,-1.181,-0.986,0.374,72,0.1806,13,59,5.0,False,True,-0.0307,0.0057,5650.83,15103.31,13,0,44,9,6,0,0,0,0,0,0,0,0,164,0.46,0.5,15,0.025,0.03,0.02,0.03,2
-9870.16,-0.0987,90129.84,10005.24,0.1,-1.181,-0.986,0.374,72,0.1806,13,59,5.0,False,True,-0.0307,0.0057,5650.83,15103.31,13,0,44,9,6,0,0,0,0,0,0,0,0,164,0.46,0.5,15,0.025,0.03,0.02,0.03,3
-9888.78,-0.0989,90111.22,10180.68,0.1018,-1.086,-0.971,0.342,54,0.1481,8,46,5.3,False,True,-0.0307,0.0114,5340.19,15616.08,10,0,33,5,6,0,0,0,0,0,0,0,0,133,0.46,0.5,15,0.025,0.03,0.02,0.05,1
-9888.78,-0.0989,90111.22,10180.68,0.1018,-1.086,-0.971,0.342,54,0.1481,8,46,5.3,False,True,-0.0307,0.0114,5340.19,15616.08,10,0,33,5,6,0,0,0,0,0,0,0,0,133,0.46,0.5,15,0.025,0.03,0.02,0.05,2
-9888.78,-0.0989,90111.22,10180.68,0.1018,-1.086,-0.971,0.342,54,0.1481,8,46,5.3,False,True,-0.0307,0.0114,5340.19,15616.08,10,0,33,5,6,0,0,0,0,0,0,0,0,133,0.46,0.5,15,0.025,0.03,0.02,0.05,3
-9870.17,-0.0987,90129.83,10005.26,0.1,-1.178,-0.986,0.374,72,0.1806,13,59,5.2,False,True,-0.0309,0.0057,5653.43,15105.93,13,0,43,9,7,0,0,0,0,0,0,0,0,171,0.46,0.5,15,0.035,0.02,0.01,0.03,1
-9870.17,-0.0987,90129.83,10005.26,0.1,-1.178,-0.986,0.374,72,0.1806,13,59,5.2,False,True,-0.0309,0.0057,5653.43,15105.93,13,0,43,9,7,0,0,0,0,0,0,0,0,171,0.46,0.5,15,0.035,0.02,0.01,0.03,2
-9870.17,-0.0987,90129.83,10005.26,0.1,-1.178,-0.986,0.374,72,0.1806,13,59,5.2,False,True,-0.0309,0.0057,5653.43,15105.93,13,0,43,9,7,0,0,0,0,0,0,0,0,171,0.46,0.5,15,0.035,0.02,0.01,0.03,3
-9738.7,-0.0974,90261.3,10031.07,0.1003,-1.057,-0.971,0.346,56,0.1429,8,48,5.2,False,True,-0.0309,0.0114,5355.06,15481.52,10,0,35,5,6,0,0,0,0,0,0,3,0,135,0.46,0.5,15,0.035,0.02,0.01,0.05,1
-9738.7,-0.0974,90261.3,10031.07,0.1003,-1.057,-0.971,0.346,56,0.1429,8,48,5.2,False,True,-0.0309,0.0114,5355.06,15481.52,10,0,35,5,6,0,0,0,0,0,0,3,0,135,0.46,0.5,15,0.035,0.02,0.01,0.05,2
-9738.7,-0.0974,90261.3,10031.07,0.1003,-1.057,-0.971,0.346,56,0.1429,8,48,5.2,False,True,-0.0309,0.0114,5355.06,15481.52,10,0,35,5,6,0,0,0,0,0,0,3,0,135,0.46,0.5,15,0.035,0.02,0.01,0.05,3
-9870.17,-0.0987,90129.83,10005.26,0.1,-1.178,-0.986,0.374,72,0.1806,13,59,5.2,False,True,-0.0309,0.0057,5653.43,15105.93,13,0,43,9,7,0,0,0,0,0,0,0,0,171,0.46,0.5,15,0.035,0.02,0.02,0.03,1
-9870.17,-0.0987,90129.83,10005.26,0.1,-1.178,-0.986,0.374,72,0.1806,13,59,5.2,False,True,-0.0309,0.0057,5653.43,15105.93,13,0,43,9,7,0,0,0,0,0,0,0,0,171,0.46,0.5,15,0.035,0.02,0.02,0.03,2
-9870.17,-0.0987,90129.83,10005.26,0.1,-1.178,-0.986,0.374,72,0.1806,13,59,5.2,False,True,-0.0309,0.0057,5653.43,15105.93,13,0,43,9,7,0,0,0,0,0,0,0,0,171,0.46,0.5,15,0.035,0.02,0.02,0.03,3
-10220.96,-0.1022,89779.04,10232.85,0.1023,-1.061,-0.999,0.409,70,0.1714,12,58,5.3,False,True,-0.0309,0.0114,7076.14,17297.1,13,0,42,9,6,0,0,0,0,0,0,0,0,170,0.46,0.5,15,0.035,0.02,0.02,0.05,1
-10220.96,-0.1022,89779.04,10232.85,0.1023,-1.061,-0.999,0.409,70,0.1714,12,58,5.3,False,True,-0.0309,0.0114,7076.14,17297.1,13,0,42,9,6,0,0,0,0,0,0,0,0,170,0.46,0.5,15,0.035,0.02,0.02,0.05,2
-10220.96,-0.1022,89779.04,10232.85,0.1023,-1.061,-0.999,0.409,70,0.1714,12,58,5.3,False,True,-0.0309,0.0114,7076.14,17297.1,13,0,42,9,6,0,0,0,0,0,0,0,0,170,0.46,0.5,15,0.035,0.02,0.02,0.05,3
-9870.17,-0.0987,90129.83,10005.26,0.1,-1.178,-0.986,0.374,72,0.1806,13,59,5.2,False,True,-0.0309,0.0057,5653.43,15105.93,13,0,43,9,7,0,0,0,0,0,0,0,0,171,0.46,0.5,15,0.035,0.03,0.01,0.03,1
-9870.17,-0.0987,90129.83,10005.26,0.1,-1.178,-0.986,0.374,72,0.1806,13,59,5.2,False,True,-0.0309,0.0057,5653.43,15105.93,13,0,43,9,7,0,0,0,0,0,0,0,0,171,0.46,0.5,15,0.035,0.03,0.01,0.03,2
-9870.17,-0.0987,90129.83,10005.26,0.1,-1.178,-0.986,0.374,72,0.1806,13,59,5.2,False,True,-0.0309,0.0057,5653.43,15105.93,13,0,43,9,7,0,0,0,0,0,0,0,0,171,0.46,0.5,15,0.035,0.03,0.01,0.03,3
-9738.7,-0.0974,90261.3,10031.07,0.1003,-1.057,-0.971,0.346,56,0.1429,8,48,5.2,False,True,-0.0309,0.0114,5355.06,15481.52,10,0,35,5,6,0,0,0,0,0,0,3,0,135,0.46,0.5,15,0.035,0.03,0.01,0.05,1
-9738.7,-0.0974,90261.3,10031.07,0.1003,-1.057,-0.971,0.346,56,0.1429,8,48,5.2,False,True,-0.0309,0.0114,5355.06,15481.52,10,0,35,5,6,0,0,0,0,0,0,3,0,135,0.46,0.5,15,0.035,0.03,0.01,0.05,2
-9738.7,-0.0974,90261.3,10031.07,0.1003,-1.057,-0.971,0.346,56,0.1429,8,48,5.2,False,True,-0.0309,0.0114,5355.06,15481.52,10,0,35,5,6,0,0,0,0,0,0,3,0,135,0.46,0.5,15,0.035,0.03,0.01,0.05,3
-9870.17,-0.0987,90129.83,10005.26,0.1,-1.178,-0.986,0.374,72,0.1806,13,59,5.2,False,True,-0.0309,0.0057,5653.43,15105.93,13,0,43,9,7,0,0,0,0,0,0,0,0,171,0.46,0.5,15,0.035,0.03,0.02,0.03,1
-9870.17,-0.0987,90129.83,10005.26,0.1,-1.178,-0.986,0.374,72,0.1806,13,59,5.2,False,True,-0.0309,0.0057,5653.43,15105.93,13,0,43,9,7,0,0,0,0,0,0,0,0,171,0.46,0.5,15,0.035,0.03,0.02,0.03,2
-9870.17,-0.0987,90129.83,10005.26,0.1,-1.178,-0.986,0.374,72,0.1806,13,59,5.2,False,True,-0.0309,0.0057,5653.43,15105.93,13,0,43,9,7,0,0,0,0,0,0,0,0,171,0.46,0.5,15,0.035,0.03,0.02,0.03,3
-10220.96,-0.1022,89779.04,10232.85,0.1023,-1.061,-0.999,0.409,70,0.1714,12,58,5.3,False,True,-0.0309,0.0114,7076.14,17297.1,13,0,42,9,6,0,0,0,0,0,0,0,0,170,0.46,0.5,15,0.035,0.03,0.02,0.05,1
-10220.96,-0.1022,89779.04,10232.85,0.1023,-1.061,-0.999,0.409,70,0.1714,12,58,5.3,False,True,-0.0309,0.0114,7076.14,17297.1,13,0,42,9,6,0,0,0,0,0,0,0,0,170,0.46,0.5,15,0.035,0.03,0.02,0.05,2
-10220.96,-0.1022,89779.04,10232.85,0.1023,-1.061,-0.999,0.409,70,0.1714,12,58,5.3,False,True,-0.0309,0.0114,7076.14,17297.1,13,0,42,9,6,0,0,0,0,0,0,0,0,170,0.46,0.5,15,0.035,0.03,0.02,0.05,3
-9839.94,-0.0984,90160.06,10972.83,0.1097,-1.085,-0.897,0.202,32,0.1562,5,27,5.2,False,True,-0.0304,0.0114,4431.25,21934.36,5,0,20,4,3,0,0,0,0,0,0,3,0,74,0.46,1.0,5,0.025,0.02,0.01,0.03,1
-9839.94,-0.0984,90160.06,10972.83,0.1097,-1.085,-0.897,0.202,32,0.1562,5,27,5.2,False,True,-0.0304,0.0114,4431.25,21934.36,5,0,20,4,3,0,0,0,0,0,0,3,0,74,0.46,1.0,5,0.025,0.02,0.01,0.03,2
-9839.94,-0.0984,90160.06,10972.83,0.1097,-1.085,-0.897,0.202,32,0.1562,5,27,5.2,False,True,-0.0304,0.0114,4431.25,21934.36,5,0,20,4,3,0,0,0,0,0,0,3,0,74,0.46,1.0,5,0.025,0.02,0.01,0.03,3
-8273.38,-0.0827,91726.62,10434.67,0.1021,-0.673,-0.793,0.474,27,0.1481,4,23,5.4,False,True,-0.0473,0.0228,7459.38,15732.75,4,0,18,3,2,0,0,0,0,0,0,11,0,66,0.46,1.0,5,0.025,0.02,0.01,0.05,1
-8273.38,-0.0827,91726.62,10434.67,0.1021,-0.673,-0.793,0.474,27,0.1481,4,23,5.4,False,True,-0.0473,0.0228,7459.38,15732.75,4,0,18,3,2,0,0,0,0,0,0,11,0,66,0.46,1.0,5,0.025,0.02,0.01,0.05,2
-8273.38,-0.0827,91726.62,10434.67,0.1021,-0.673,-0.793,0.474,27,0.1481,4,23,5.4,False,True,-0.0473,0.0228,7459.38,15732.75,4,0,18,3,2,0,0,0,0,0,0,11,0,66,0.46,1.0,5,0.025,0.02,0.01,0.05,3
-9763.24,-0.0976,90236.76,10897.08,0.1089,-1.08,-0.896,0.203,30,0.1667,5,25,5.7,False,True,-0.0304,0.0114,4431.25,21864.18,5,0,17,4,4,0,0,0,0,0,0,0,0,79,0.46,1.0,5,0.025,0.02,0.02,0.03,1
-9763.24,-0.0976,90236.76,10897.08,0.1089,-1.08,-0.896,0.203,30,0.1667,5,25,5.7,False,True,-0.0304,0.0114,4431.25,21864.18,5,0,17,4,4,0,0,0,0,0,0,0,0,79,0.46,1.0,5,0.025,0.02,0.02,0.03,2
-9763.24,-0.0976,90236.76,10897.08,0.1089,-1.08,-0.896,0.203,30,0.1667,5,25,5.7,False,True,-0.0304,0.0114,4431.25,21864.18,5,0,17,4,4,0,0,0,0,0,0,0,0,79,0.46,1.0,5,0.025,0.02,0.02,0.03,3
-10275.79,-0.1028,89724.21,10299.57,0.103,-0.839,-0.998,0.465,31,0.1613,5,26,5.3,False,True,-0.0473,0.0228,8928.58,19204.37,5,0,20,4,2,0,0,0,0,0,0,0,0,73,0.46,1.0,5,0.025,0.02,0.02,0.05,1
-10275.79,-0.1028,89724.21,10299.57,0.103,-0.839,-0.998,0.465,31,0.1613,5,26,5.3,False,True,-0.0473,0.0228,8928.58,19204.37,5,0,20,4,2,0,0,0,0,0,0,0,0,73,0.46,1.0,5,0.025,0.02,0.02,0.05,2
-10275.79,-0.1028,89724.21,10299.57,0.103,-0.839,-0.998,0.465,31,0.1613,5,26,5.3,False,True,-0.0473,0.0228,8928.58,19204.37,5,0,20,4,2,0,0,0,0,0,0,0,0,73,0.46,1.0,5,0.025,0.02,0.02,0.05,3
-9839.94,-0.0984,90160.06,10972.83,0.1097,-1.085,-0.897,0.202,32,0.1562,5,27,5.2,False,True,-0.0304,0.0114,4431.25,21934.36,5,0,20,4,3,0,0,0,0,0,0,3,0,74,0.46,1.0,5,0.025,0.03,0.01,0.03,1
-9839.94,-0.0984,90160.06,10972.83,0.1097,-1.085,-0.897,0.202,32,0.1562,5,27,5.2,False,True,-0.0304,0.0114,4431.25,21934.36,5,0,20,4,3,0,0,0,0,0,0,3,0,74,0.46,1.0,5,0.025,0.03,0.01,0.03,2
-9839.94,-0.0984,90160.06,10972.83,0.1097,-1.085,-0.897,0.202,32,0.1562,5,27,5.2,False,True,-0.0304,0.0114,4431.25,21934.36,5,0,20,4,3,0,0,0,0,0,0,3,0,74,0.46,1.0,5,0.025,0.03,0.01,0.03,3
-8273.38,-0.0827,91726.62,10434.67,0.1021,-0.673,-0.793,0.474,27,0.1481,4,23,5.4,False,True,-0.0473,0.0228,7459.38,15732.75,4,0,18,3,2,0,0,0,0,0,0,14,0,66,0.46,1.0,5,0.025,0.03,0.01,0.05,1
-8273.38,-0.0827,91726.62,10434.67,0.1021,-0.673,-0.793,0.474,27,0.1481,4,23,5.4,False,True,-0.0473,0.0228,7459.38,15732.75,4,0,18,3,2,0,0,0,0,0,0,14,0,66,0.46,1.0,5,0.025,0.03,0.01,0.05,2
-8273.38,-0.0827,91726.62,10434.67,0.1021,-0.673,-0.793,0.474,27,0.1481,4,23,5.4,False,True,-0.0473,0.0228,7459.38,15732.75,4,0,18,3,2,0,0,0,0,0,0,14,0,66,0.46,1.0,5,0.025,0.03,0.01,0.05,3
-9763.24,-0.0976,90236.76,10897.08,0.1089,-1.08,-0.896,0.203,30,0.1667,5,25,5.7,False,True,-0.0304,0.0114,4431.25,21864.18,5,0,17,4,4,0,0,0,0,0,0,0,0,79,0.46,1.0,5,0.025,0.03,0.02,0.03,1
-9763.24,-0.0976,90236.76,10897.08,0.1089,-1.08,-0.896,0.203,30,0.1667,5,25,5.7,False,True,-0.0304,0.0114,4431.25,21864.18,5,0,17,4,4,0,0,0,0,0,0,0,0,79,0.46,1.0,5,0.025,0.03,0.02,0.03,2
-9763.24,-0.0976,90236.76,10897.08,0.1089,-1.08,-0.896,0.203,30,0.1667,5,25,5.7,False,True,-0.0304,0.0114,4431.25,21864.18,5,0,17,4,4,0,0,0,0,0,0,0,0,79,0.46,1.0,5,0.025,0.03,0.02,0.03,3
-10275.79,-0.1028,89724.21,10299.57,0.103,-0.839,-0.998,0.465,31,0.1613,5,26,5.3,False,True,-0.0473,0.0228,8928.58,19204.37,5,0,20,4,2,0,0,0,0,0,0,3,0,73,0.46,1.0,5,0.025,0.03,0.02,0.05,1
-10275.79,-0.1028,89724.21,10299.57,0.103,-0.839,-0.998,0.465,31,0.1613,5,26,5.3,False,True,-0.0473,0.0228,8928.58,19204.37,5,0,20,4,2,0,0,0,0,0,0,3,0,73,0.46,1.0,5,0.025,0.03,0.02,0.05,2
-10275.79,-0.1028,89724.21,10299.57,0.103,-0.839,-0.998,0.465,31,0.1613,5,26,5.3,False,True,-0.0473,0.0228,8928.58,19204.37,5,0,20,4,2,0,0,0,0,0,0,3,0,73,0.46,1.0,5,0.025,0.03,0.02,0.05,3
-10394.6,-0.1039,89605.4,10418.37,0.1042,-1.08,-0.998,0.298,34,0.1471,5,29,5.1,False,True,-0.0363,0.0114,4403.99,14798.59,5,0,23,4,2,0,0,0,0,0,0,3,0,77,0.46,1.0,5,0.035,0.02,0.01,0.03,1
-10394.6,-0.1039,89605.4,10418.37,0.1042,-1.08,-0.998,0.298,34,0.1471,5,29,5.1,False,True,-0.0363,0.0114,4403.99,14798.59,5,0,23,4,2,0,0,0,0,0,0,3,0,77,0.46,1.0,5,0.035,0.02,0.01,0.03,2
-10394.6,-0.1039,89605.4,10418.37,0.1042,-1.08,-0.998,0.298,34,0.1471,5,29,5.1,False,True,-0.0363,0.0114,4403.99,14798.59,5,0,23,4,2,0,0,0,0,0,0,3,0,77,0.46,1.0,5,0.035,0.02,0.01,0.03,3
-9843.35,-0.0984,90156.65,10256.07,0.1021,-0.775,-0.96,0.391,29,0.1379,4,25,5.2,False,True,-0.0473,0.0228,6309.32,16152.68,4,0,20,3,2,0,0,0,0,0,0,11,0,68,0.46,1.0,5,0.035,0.02,0.01,0.05,1
-9843.35,-0.0984,90156.65,10256.07,0.1021,-0.775,-0.96,0.391,29,0.1379,4,25,5.2,False,True,-0.0473,0.0228,6309.32,16152.68,4,0,20,3,2,0,0,0,0,0,0,11,0,68,0.46,1.0,5,0.035,0.02,0.01,0.05,2
-9843.35,-0.0984,90156.65,10256.07,0.1021,-0.775,-0.96,0.391,29,0.1379,4,25,5.2,False,True,-0.0473,0.0228,6309.32,16152.68,4,0,20,3,2,0,0,0,0,0,0,11,0,68,0.46,1.0,5,0.035,0.02,0.01,0.05,3
-10318.37,-0.1032,89681.63,10342.14,0.1034,-1.074,-0.998,0.299,32,0.1562,5,27,5.5,False,True,-0.0363,0.0114,4403.99,14722.36,5,0,20,4,3,0,0,0,0,0,0,0,0,82,0.46,1.0,5,0.035,0.02,0.02,0.03,1
-10318.37,-0.1032,89681.63,10342.14,0.1034,-1.074,-0.998,0.299,32,0.1562,5,27,5.5,False,True,-0.0363,0.0114,4403.99,14722.36,5,0,20,4,3,0,0,0,0,0,0,0,0,82,0.46,1.0,5,0.035,0.02,0.02,0.03,2
-10318.37,-0.1032,89681.63,10342.14,0.1034,-1.074,-0.998,0.299,32,0.1562,5,27,5.5,False,True,-0.0363,0.0114,4403.99,14722.36,5,0,20,4,3,0,0,0,0,0,0,0,0,82,0.46,1.0,5,0.035,0.02,0.02,0.03,3
-11016.45,-0.1102,88983.55,11040.22,0.1104,-1.156,-0.998,0.321,31,0.1613,5,26,5.6,False,True,-0.0383,0.0114,5213.65,16230.1,5,0,19,4,3,0,0,0,0,0,0,0,0,81,0.46,1.0,5,0.035,0.02,0.02,0.05,1
-11016.45,-0.1102,88983.55,11040.22,0.1104,-1.156,-0.998,0.321,31,0.1613,5,26,5.6,False,True,-0.0383,0.0114,5213.65,16230.1,5,0,19,4,3,0,0,0,0,0,0,0,0,81,0.46,1.0,5,0.035,0.02,0.02,0.05,2
-11016.45,-0.1102,88983.55,11040.22,0.1104,-1.156,-0.998,0.321,31,0.1613,5,26,5.6,False,True,-0.0383,0.0114,5213.65,16230.1,5,0,19,4,3,0,0,0,0,0,0,0,0,81,0.46,1.0,5,0.035,0.02,0.02,0.05,3
-10394.6,-0.1039,89605.4,10418.37,0.1042,-1.08,-0.998,0.298,34,0.1471,5,29,5.1,False,True,-0.0363,0.0114,4403.99,14798.59,5,0,23,4,2,0,0,0,0,0,0,3,0,77,0.46,1.0,5,0.035,0.03,0.01,0.03,1
-10394.6,-0.1039,89605.4,10418.37,0.1042,-1.08,-0.998,0.298,34,0.1471,5,29,5.1,False,True,-0.0363,0.0114,4403.99,14798.59,5,0,23,4,2,0,0,0,0,0,0,3,0,77,0.46,1.0,5,0.035,0.03,0.01,0.03,2
-10394.6,-0.1039,89605.4,10418.37,0.1042,-1.08,-0.998,0.298,34,0.1471,5,29,5.1,False,True,-0.0363,0.0114,4403.99,14798.59,5,0,23,4,2,0,0,0,0,0,0,3,0,77,0.46,1.0,5,0.035,0.03,0.01,0.03,3
-9843.35,-0.0984,90156.65,10256.07,0.1021,-0.775,-0.96,0.391,29,0.1379,4,25,5.2,False,True,-0.0473,0.0228,6309.32,16152.68,4,0,20,3,2,0,0,0,0,0,0,14,0,68,0.46,1.0,5,0.035,0.03,0.01,0.05,1
-9843.35,-0.0984,90156.65,10256.07,0.1021,-0.775,-0.96,0.391,29,0.1379,4,25,5.2,False,True,-0.0473,0.0228,6309.32,16152.68,4,0,20,3,2,0,0,0,0,0,0,14,0,68,0.46,1.0,5,0.035,0.03,0.01,0.05,2
-9843.35,-0.0984,90156.65,10256.07,0.1021,-0.775,-0.96,0.391,29,0.1379,4,25,5.2,False,True,-0.0473,0.0228,6309.32,16152.68,4,0,20,3,2,0,0,0,0,0,0,14,0,68,0.46,1.0,5,0.035,0.03,0.01,0.05,3
-10318.37,-0.1032,89681.63,10342.14,0.1034,-1.074,-0.998,0.299,32,0.1562,5,27,5.5,False,True,-0.0363,0.0114,4403.99,14722.36,5,0,20,4,3,0,0,0,0,0,0,0,0,82,0.46,1.0,5,0.035,0.03,0.02,0.03,1
-10318.37,-0.1032,89681.63,10342.14,0.1034,-1.074,-0.998,0.299,32,0.1562,5,27,5.5,False,True,-0.0363,0.0114,4403.99,14722.36,5,0,20,4,3,0,0,0,0,0,0,0,0,82,0.46,1.0,5,0.035,0.03,0.02,0.03,2
-10318.37,-0.1032,89681.63,10342.14,0.1034,-1.074,-0.998,0.299,32,0.1562,5,27,5.5,False,True,-0.0363,0.0114,4403.99,14722.36,5,0,20,4,3,0,0,0,0,0,0,0,0,82,0.46,1.0,5,0.035,0.03,0.02,0.03,3
-11016.45,-0.1102,88983.55,11040.22,0.1104,-1.156,-0.998,0.321,31,0.1613,5,26,5.6,False,True,-0.0383,0.0114,5213.65,16230.1,5,0,19,4,3,0,0,0,0,0,0,0,0,81,0.46,1.0,5,0.035,0.03,0.02,0.05,1
-11016.45,-0.1102,88983.55,11040.22,0.1104,-1.156,-0.998,0.321,31,0.1613,5,26,5.6,False,True,-0.0383,0.0114,5213.65,16230.1,5,0,19,4,3,0,0,0,0,0,0,0,0,81,0.46,1.0,5,0.035,0.03,0.02,0.05,2
-11016.45,-0.1102,88983.55,11040.22,0.1104,-1.156,-0.998,0.321,31,0.1613,5,26,5.6,False,True,-0.0383,0.0114,5213.65,16230.1,5,0,19,4,3,0,0,0,0,0,0,0,0,81,0.46,1.0,5,0.035,0.03,0.02,0.05,3
-9839.94,-0.0984,90160.06,10972.83,0.1097,-1.085,-0.897,0.202,32,0.1562,5,27,5.2,False,True,-0.0304,0.0114,4431.25,21934.36,5,0,20,4,3,0,0,0,0,0,0,3,0,74,0.46,1.0,10,0.025,0.02,0.01,0.03,1
-9839.94,-0.0984,90160.06,10972.83,0.1097,-1.085,-0.897,0.202,32,0.1562,5,27,5.2,False,True,-0.0304,0.0114,4431.25,21934.36,5,0,20,4,3,0,0,0,0,0,0,3,0,74,0.46,1.0,10,0.025,0.02,0.01,0.03,2
-9839.94,-0.0984,90160.06,10972.83,0.1097,-1.085,-0.897,0.202,32,0.1562,5,27,5.2,False,True,-0.0304,0.0114,4431.25,21934.36,5,0,20,4,3,0,0,0,0,0,0,3,0,74,0.46,1.0,10,0.025,0.02,0.01,0.03,3
-8273.38,-0.0827,91726.62,10434.67,0.1021,-0.673,-0.793,0.474,27,0.1481,4,23,5.4,False,True,-0.0473,0.0228,7459.38,15732.75,4,0,18,3,2,0,0,0,0,0,0,11,0,66,0.46,1.0,10,0.025,0.02,0.01,0.05,1
-8273.38,-0.0827,91726.62,10434.67,0.1021,-0.673,-0.793,0.474,27,0.1481,4,23,5.4,False,True,-0.0473,0.0228,7459.38,15732.75,4,0,18,3,2,0,0,0,0,0,0,11,0,66,0.46,1.0,10,0.025,0.02,0.01,0.05,2
-8273.38,-0.0827,91726.62,10434.67,0.1021,-0.673,-0.793,0.474,27,0.1481,4,23,5.4,False,True,-0.0473,0.0228,7459.38,15732.75,4,0,18,3,2,0,0,0,0,0,0,11,0,66,0.46,1.0,10,0.025,0.02,0.01,0.05,3
-9763.24,-0.0976,90236.76,10897.08,0.1089,-1.08,-0.896,0.203,30,0.1667,5,25,5.7,False,True,-0.0304,0.0114,4431.25,21864.18,5,0,17,4,4,0,0,0,0,0,0,0,0,79,0.46,1.0,10,0.025,0.02,0.02,0.03,1
-9763.24,-0.0976,90236.76,10897.08,0.1089,-1.08,-0.896,0.203,30,0.1667,5,25,5.7,False,True,-0.0304,0.0114,4431.25,21864.18,5,0,17,4,4,0,0,0,0,0,0,0,0,79,0.46,1.0,10,0.025,0.02,0.02,0.03,2
-9763.24,-0.0976,90236.76,10897.08,0.1089,-1.08,-0.896,0.203,30,0.1667,5,25,5.7,False,True,-0.0304,0.0114,4431.25,21864.18,5,0,17,4,4,0,0,0,0,0,0,0,0,79,0.46,1.0,10,0.025,0.02,0.02,0.03,3
-10275.79,-0.1028,89724.21,10299.57,0.103,-0.839,-0.998,0.465,31,0.1613,5,26,5.3,False,True,-0.0473,0.0228,8928.58,19204.37,5,0,20,4,2,0,0,0,0,0,0,0,0,73,0.46,1.0,10,0.025,0.02,0.02,0.05,1
-10275.79,-0.1028,89724.21,10299.57,0.103,-0.839,-0.998,0.465,31,0.1613,5,26,5.3,False,True,-0.0473,0.0228,8928.58,19204.37,5,0,20,4,2,0,0,0,0,0,0,0,0,73,0.46,1.0,10,0.025,0.02,0.02,0.05,2
-10275.79,-0.1028,89724.21,10299.57,0.103,-0.839,-0.998,0.465,31,0.1613,5,26,5.3,False,True,-0.0473,0.0228,8928.58,19204.37,5,0,20,4,2,0,0,0,0,0,0,0,0,73,0.46,1.0,10,0.025,0.02,0.02,0.05,3
-9839.94,-0.0984,90160.06,10972.83,0.1097,-1.085,-0.897,0.202,32,0.1562,5,27,5.2,False,True,-0.0304,0.0114,4431.25,21934.36,5,0,20,4,3,0,0,0,0,0,0,3,0,74,0.46,1.0,10,0.025,0.03,0.01,0.03,1
-9839.94,-0.0984,90160.06,10972.83,0.1097,-1.085,-0.897,0.202,32,0.1562,5,27,5.2,False,True,-0.0304,0.0114,4431.25,21934.36,5,0,20,4,3,0,0,0,0,0,0,3,0,74,0.46,1.0,10,0.025,0.03,0.01,0.03,2
-9839.94,-0.0984,90160.06,10972.83,0.1097,-1.085,-0.897,0.202,32,0.1562,5,27,5.2,False,True,-0.0304,0.0114,4431.25,21934.36,5,0,20,4,3,0,0,0,0,0,0,3,0,74,0.46,1.0,10,0.025,0.03,0.01,0.03,3
-8273.38,-0.0827,91726.62,10434.67,0.1021,-0.673,-0.793,0.474,27,0.1481,4,23,5.4,False,True,-0.0473,0.0228,7459.38,15732.75,4,0,18,3,2,0,0,0,0,0,0,14,0,66,0.46,1.0,10,0.025,0.03,0.01,0.05,1
-8273.38,-0.0827,91726.62,10434.67,0.1021,-0.673,-0.793,0.474,27,0.1481,4,23,5.4,False,True,-0.0473,0.0228,7459.38,15732.75,4,0,18,3,2,0,0,0,0,0,0,14,0,66,0.46,1.0,10,0.025,0.03,0.01,0.05,2
-8273.38,-0.0827,91726.62,10434.67,0.1021,-0.673,-0.793,0.474,27,0.1481,4,23,5.4,False,True,-0.0473,0.0228,7459.38,15732.75,4,0,18,3,2,0,0,0,0,0,0,14,0,66,0.46,1.0,10,0.025,0.03,0.01,0.05,3
-9763.24,-0.0976,90236.76,10897.08,0.1089,-1.08,-0.896,0.203,30,0.1667,5,25,5.7,False,True,-0.0304,0.0114,4431.25,21864.18,5,0,17,4,4,0,0,0,0,0,0,0,0,79,0.46,1.0,10,0.025,0.03,0.02,0.03,1
-9763.24,-0.0976,90236.76,10897.08,0.1089,-1.08,-0.896,0.203,30,0.1667,5,25,5.7,False,True,-0.0304,0.0114,4431.25,21864.18,5,0,17,4,4,0,0,0,0,0,0,0,0,79,0.46,1.0,10,0.025,0.03,0.02,0.03,2
-9763.24,-0.0976,90236.76,10897.08,0.1089,-1.08,-0.896,0.203,30,0.1667,5,25,5.7,False,True,-0.0304,0.0114,4431.25,21864.18,5,0,17,4,4,0,0,0,0,0,0,0,0,79,0.46,1.0,10,0.025,0.03,0.02,0.03,3
-10275.79,-0.1028,89724.21,10299.57,0.103,-0.839,-0.998,0.465,31,0.1613,5,26,5.3,False,True,-0.0473,0.0228,8928.58,19204.37,5,0,20,4,2,0,0,0,0,0,0,3,0,73,0.46,1.0,10,0.025,0.03,0.02,0.05,1
-10275.79,-0.1028,89724.21,10299.57,0.103,-0.839,-0.998,0.465,31,0.1613,5,26,5.3,False,True,-0.0473,0.0228,8928.58,19204.37,5,0,20,4,2,0,0,0,0,0,0,3,0,73,0.46,1.0,10,0.025,0.03,0.02,0.05,2
-10275.79,-0.1028,89724.21,10299.57,0.103,-0.839,-0.998,0.465,31,0.1613,5,26,5.3,False,True,-0.0473,0.0228,8928.58,19204.37,5,0,20,4,2,0,0,0,0,0,0,3,0,73,0.46,1.0,10,0.025,0.03,0.02,0.05,3
-10394.6,-0.1039,89605.4,10418.37,0.1042,-1.08,-0.998,0.298,34,0.1471,5,29,5.1,False,True,-0.0363,0.0114,4403.99,14798.59,5,0,23,4,2,0,0,0,0,0,0,3,0,77,0.46,1.0,10,0.035,0.02,0.01,0.03,1
-10394.6,-0.1039,89605.4,10418.37,0.1042,-1.08,-0.998,0.298,34,0.1471,5,29,5.1,False,True,-0.0363,0.0114,4403.99,14798.59,5,0,23,4,2,0,0,0,0,0,0,3,0,77,0.46,1.0,10,0.035,0.02,0.01,0.03,2
-10394.6,-0.1039,89605.4,10418.37,0.1042,-1.08,-0.998,0.298,34,0.1471,5,29,5.1,False,True,-0.0363,0.0114,4403.99,14798.59,5,0,23,4,2,0,0,0,0,0,0,3,0,77,0.46,1.0,10,0.035,0.02,0.01,0.03,3
-9843.35,-0.0984,90156.65,10256.07,0.1021,-0.775,-0.96,0.391,29,0.1379,4,25,5.2,False,True,-0.0473,0.0228,6309.32,16152.68,4,0,20,3,2,0,0,0,0,0,0,11,0,68,0.46,1.0,10,0.035,0.02,0.01,0.05,1
-9843.35,-0.0984,90156.65,10256.07,0.1021,-0.775,-0.96,0.391,29,0.1379,4,25,5.2,False,True,-0.0473,0.0228,6309.32,16152.68,4,0,20,3,2,0,0,0,0,0,0,11,0,68,0.46,1.0,10,0.035,0.02,0.01,0.05,2
-9843.35,-0.0984,90156.65,10256.07,0.1021,-0.775,-0.96,0.391,29,0.1379,4,25,5.2,False,True,-0.0473,0.0228,6309.32,16152.68,4,0,20,3,2,0,0,0,0,0,0,11,0,68,0.46,1.0,10,0.035,0.02,0.01,0.05,3
-10318.37,-0.1032,89681.63,10342.14,0.1034,-1.074,-0.998,0.299,32,0.1562,5,27,5.5,False,True,-0.0363,0.0114,4403.99,14722.36,5,0,20,4,3,0,0,0,0,0,0,0,0,82,0.46,1.0,10,0.035,0.02,0.02,0.03,1
-10318.37,-0.1032,89681.63,10342.14,0.1034,-1.074,-0.998,0.299,32,0.1562,5,27,5.5,False,True,-0.0363,0.0114,4403.99,14722.36,5,0,20,4,3,0,0,0,0,0,0,0,0,82,0.46,1.0,10,0.035,0.02,0.02,0.03,2
-10318.37,-0.1032,89681.63,10342.14,0.1034,-1.074,-0.998,0.299,32,0.1562,5,27,5.5,False,True,-0.0363,0.0114,4403.99,14722.36,5,0,20,4,3,0,0,0,0,0,0,0,0,82,0.46,1.0,10,0.035,0.02,0.02,0.03,3
-11016.45,-0.1102,88983.55,11040.22,0.1104,-1.156,-0.998,0.321,31,0.1613,5,26,5.6,False,True,-0.0383,0.0114,5213.65,16230.1,5,0,19,4,3,0,0,0,0,0,0,0,0,81,0.46,1.0,10,0.035,0.02,0.02,0.05,1
-11016.45,-0.1102,88983.55,11040.22,0.1104,-1.156,-0.998,0.321,31,0.1613,5,26,5.6,False,True,-0.0383,0.0114,5213.65,16230.1,5,0,19,4,3,0,0,0,0,0,0,0,0,81,0.46,1.0,10,0.035,0.02,0.02,0.05,2
-11016.45,-0.1102,88983.55,11040.22,0.1104,-1.156,-0.998,0.321,31,0.1613,5,26,5.6,False,True,-0.0383,0.0114,5213.65,16230.1,5,0,19,4,3,0,0,0,0,0,0,0,0,81,0.46,1.0,10,0.035,0.02,0.02,0.05,3
-10394.6,-0.1039,89605.4,10418.37,0.1042,-1.08,-0.998,0.298,34,0.1471,5,29,5.1,False,True,-0.0363,0.0114,4403.99,14798.59,5,0,23,4,2,0,0,0,0,0,0,3,0,77,0.46,1.0,10,0.035,0.03,0.01,0.03,1
-10394.6,-0.1039,89605.4,10418.37,0.1042,-1.08,-0.998,0.298,34,0.1471,5,29,5.1,False,True,-0.0363,0.0114,4403.99,14798.59,5,0,23,4,2,0,0,0,0,0,0,3,0,77,0.46,1.0,10,0.035,0.03,0.01,0.03,2
-10394.6,-0.1039,89605.4,10418.37,0.1042,-1.08,-0.998,0.298,34,0.1471,5,29,5.1,False,True,-0.0363,0.0114,4403.99,14798.59,5,0,23,4,2,0,0,0,0,0,0,3,0,77,0.46,1.0,10,0.035,0.03,0.01,0.03,3
-9843.35,-0.0984,90156.65,10256.07,0.1021,-0.775,-0.96,0.391,29,0.1379,4,25,5.2,False,True,-0.0473,0.0228,6309.32,16152.68,4,0,20,3,2,0,0,0,0,0,0,14,0,68,0.46,1.0,10,0.035,0.03,0.01,0.05,1
-9843.35,-0.0984,90156.65,10256.07,0.1021,-0.775,-0.96,0.391,29,0.1379,4,25,5.2,False,True,-0.0473,0.0228,6309.32,16152.68,4,0,20,3,2,0,0,0,0,0,0,14,0,68,0.46,1.0,10,0.035,0.03,0.01,0.05,2
-9843.35,-0.0984,90156.65,10256.07,0.1021,-0.775,-0.96,0.391,29,0.1379,4,25,5.2,False,True,-0.0473,0.0228,6309.32,16152.68,4,0,20,3,2,0,0,0,0,0,0,14,0,68,0.46,1.0,10,0.035,0.03,0.01,0.05,3
-10318.37,-0.1032,89681.63,10342.14,0.1034,-1.074,-0.998,0.299,32,0.1562,5,27,5.5,False,True,-0.0363,0.0114,4403.99,14722.36,5,0,20,4,3,0,0,0,0,0,0,0,0,82,0.46,1.0,10,0.035,0.03,0.02,0.03,1
-10318.37,-0.1032,89681.63,10342.14,0.1034,-1.074,-0.998,0.299,32,0.1562,5,27,5.5,False,True,-0.0363,0.0114,4403.99,14722.36,5,0,20,4,3,0,0,0,0,0,0,0,0,82,0.46,1.0,10,0.035,0.03,0.02,0.03,2
-10318.37,-0.1032,89681.63,10342.14,0.1034,-1.074,-0.998,0.299,32,0.1562,5,27,5.5,False,True,-0.0363,0.0114,4403.99,14722.36,5,0,20,4,3,0,0,0,0,0,0,0,0,82,0.46,1.0,10,0.035,0.03,0.02,0.03,3
-11016.45,-0.1102,88983.55,11040.22,0.1104,-1.156,-0.998,0.321,31,0.1613,5,26,5.6,False,True,-0.0383,0.0114,5213.65,16230.1,5,0,19,4,3,0,0,0,0,0,0,0,0,81,0.46,1.0,10,0.035,0.03,0.02,0.05,1
-11016.45,-0.1102,88983.55,11040.22,0.1104,-1.156,-0.998,0.321,31,0.1613,5,26,5.6,False,True,-0.0383,0.0114,5213.65,16230.1,5,0,19,4,3,0,0,0,0,0,0,0,0,81,0.46,1.0,10,0.035,0.03,0.02,0.05,2
-11016.45,-0.1102,88983.55,11040.22,0.1104,-1.156,-0.998,0.321,31,0.1613,5,26,5.6,False,True,-0.0383,0.0114,5213.65,16230.1,5,0,19,4,3,0,0,0,0,0,0,0,0,81,0.46,1.0,10,0.035,0.03,0.02,0.05,3
-9839.94,-0.0984,90160.06,10972.83,0.1097,-1.085,-0.897,0.202,32,0.1562,5,27,5.2,False,True,-0.0304,0.0114,4431.25,21934.36,5,0,20,4,3,0,0,0,0,0,0,3,0,74,0.46,1.0,15,0.025,0.02,0.01,0.03,1
-9839.94,-0.0984,90160.06,10972.83,0.1097,-1.085,-0.897,0.202,32,0.1562,5,27,5.2,False,True,-0.0304,0.0114,4431.25,21934.36,5,0,20,4,3,0,0,0,0,0,0,3,0,74,0.46,1.0,15,0.025,0.02,0.01,0.03,2
-9839.94,-0.0984,90160.06,10972.83,0.1097,-1.085,-0.897,0.202,32,0.1562,5,27,5.2,False,True,-0.0304,0.0114,4431.25,21934.36,5,0,20,4,3,0,0,0,0,0,0,3,0,74,0.46,1.0,15,0.025,0.02,0.01,0.03,3
-8273.38,-0.0827,91726.62,10434.67,0.1021,-0.673,-0.793,0.474,27,0.1481,4,23,5.4,False,True,-0.0473,0.0228,7459.38,15732.75,4,0,18,3,2,0,0,0,0,0,0,11,0,66,0.46,1.0,15,0.025,0.02,0.01,0.05,1
-8273.38,-0.0827,91726.62,10434.67,0.1021,-0.673,-0.793,0.474,27,0.1481,4,23,5.4,False,True,-0.0473,0.0228,7459.38,15732.75,4,0,18,3,2,0,0,0,0,0,0,11,0,66,0.46,1.0,15,0.025,0.02,0.01,0.05,2
-8273.38,-0.0827,91726.62,10434.67,0.1021,-0.673,-0.793,0.474,27,0.1481,4,23,5.4,False,True,-0.0473,0.0228,7459.38,15732.75,4,0,18,3,2,0,0,0,0,0,0,11,0,66,0.46,1.0,15,0.025,0.02,0.01,0.05,3
-9763.24,-0.0976,90236.76,10897.08,0.1089,-1.08,-0.896,0.203,30,0.1667,5,25,5.7,False,True,-0.0304,0.0114,4431.25,21864.18,5,0,17,4,4,0,0,0,0,0,0,0,0,79,0.46,1.0,15,0.025,0.02,0.02,0.03,1
-9763.24,-0.0976,90236.76,10897.08,0.1089,-1.08,-0.896,0.203,30,0.1667,5,25,5.7,False,True,-0.0304,0.0114,4431.25,21864.18,5,0,17,4,4,0,0,0,0,0,0,0,0,79,0.46,1.0,15,0.025,0.02,0.02,0.03,2
-9763.24,-0.0976,90236.76,10897.08,0.1089,-1.08,-0.896,0.203,30,0.1667,5,25,5.7,False,True,-0.0304,0.0114,4431.25,21864.18,5,0,17,4,4,0,0,0,0,0,0,0,0,79,0.46,1.0,15,0.025,0.02,0.02,0.03,3
-10275.79,-0.1028,89724.21,10299.57,0.103,-0.839,-0.998,0.465,31,0.1613,5,26,5.3,False,True,-0.0473,0.0228,8928.58,19204.37,5,0,20,4,2,0,0,0,0,0,0,0,0,73,0.46,1.0,15,0.025,0.02,0.02,0.05,1
-10275.79,-0.1028,89724.21,10299.57,0.103,-0.839,-0.998,0.465,31,0.1613,5,26,5.3,False,True,-0.0473,0.0228,8928.58,19204.37,5,0,20,4,2,0,0,0,0,0,0,0,0,73,0.46,1.0,15,0.025,0.02,0.02,0.05,2
-10275.79,-0.1028,89724.21,10299.57,0.103,-0.839,-0.998,0.465,31,0.1613,5,26,5.3,False,True,-0.0473,0.0228,8928.58,19204.37,5,0,20,4,2,0,0,0,0,0,0,0,0,73,0.46,1.0,15,0.025,0.02,0.02,0.05,3
-9839.94,-0.0984,90160.06,10972.83,0.1097,-1.085,-0.897,0.202,32,0.1562,5,27,5.2,False,True,-0.0304,0.0114,4431.25,21934.36,5,0,20,4,3,0,0,0,0,0,0,3,0,74,0.46,1.0,15,0.025,0.03,0.01,0.03,1
-9839.94,-0.0984,90160.06,10972.83,0.1097,-1.085,-0.897,0.202,32,0.1562,5,27,5.2,False,True,-0.0304,0.0114,4431.25,21934.36,5,0,20,4,3,0,0,0,0,0,0,3,0,74,0.46,1.0,15,0.025,0.03,0.01,0.03,2
-9839.94,-0.0984,90160.06,10972.83,0.1097,-1.085,-0.897,0.202,32,0.1562,5,27,5.2,False,True,-0.0304,0.0114,4431.25,21934.36,5,0,20,4,3,0,0,0,0,0,0,3,0,74,0.46,1.0,15,0.025,0.03,0.01,0.03,3
-8273.38,-0.0827,91726.62,10434.67,0.1021,-0.673,-0.793,0.474,27,0.1481,4,23,5.4,False,True,-0.0473,0.0228,7459.38,15732.75,4,0,18,3,2,0,0,0,0,0,0,14,0,66,0.46,1.0,15,0.025,0.03,0.01,0.05,1
-8273.38,-0.0827,91726.62,10434.67,0.1021,-0.673,-0.793,0.474,27,0.1481,4,23,5.4,False,True,-0.0473,0.0228,7459.38,15732.75,4,0,18,3,2,0,0,0,0,0,0,14,0,66,0.46,1.0,15,0.025,0.03,0.01,0.05,2
-8273.38,-0.0827,91726.62,10434.67,0.1021,-0.673,-0.793,0.474,27,0.1481,4,23,5.4,False,True,-0.0473,0.0228,7459.38,15732.75,4,0,18,3,2,0,0,0,0,0,0,14,0,66,0.46,1.0,15,0.025,0.03,0.01,0.05,3
-9763.24,-0.0976,90236.76,10897.08,0.1089,-1.08,-0.896,0.203,30,0.1667,5,25,5.7,False,True,-0.0304,0.0114,4431.25,21864.18,5,0,17,4,4,0,0,0,0,0,0,0,0,79,0.46,1.0,15,0.025,0.03,0.02,0.03,1
-9763.24,-0.0976,90236.76,10897.08,0.1089,-1.08,-0.896,0.203,30,0.1667,5,25,5.7,False,True,-0.0304,0.0114,4431.25,21864.18,5,0,17,4,4,0,0,0,0,0,0,0,0,79,0.46,1.0,15,0.025,0.03,0.02,0.03,2
-9763.24,-0.0976,90236.76,10897.08,0.1089,-1.08,-0.896,0.203,30,0.1667,5,25,5.7,False,True,-0.0304,0.0114,4431.25,21864.18,5,0,17,4,4,0,0,0,0,0,0,0,0,79,0.46,1.0,15,0.025,0.03,0.02,0.03,3
-10275.79,-0.1028,89724.21,10299.57,0.103,-0.839,-0.998,0.465,31,0.1613,5,26,5.3,False,True,-0.0473,0.0228,8928.58,19204.37,5,0,20,4,2,0,0,0,0,0,0,3,0,73,0.46,1.0,15,0.025,0.03,0.02,0.05,1
-10275.79,-0.1028,89724.21,10299.57,0.103,-0.839,-0.998,0.465,31,0.1613,5,26,5.3,False,True,-0.0473,0.0228,8928.58,19204.37,5,0,20,4,2,0,0,0,0,0,0,3,0,73,0.46,1.0,15,0.025,0.03,0.02,0.05,2
-10275.79,-0.1028,89724.21,10299.57,0.103,-0.839,-0.998,0.465,31,0.1613,5,26,5.3,False,True,-0.0473,0.0228,8928.58,19204.37,5,0,20,4,2,0,0,0,0,0,0,3,0,73,0.46,1.0,15,0.025,0.03,0.02,0.05,3
-10394.6,-0.1039,89605.4,10418.37,0.1042,-1.08,-0.998,0.298,34,0.1471,5,29,5.1,False,True,-0.0363,0.0114,4403.99,14798.59,5,0,23,4,2,0,0,0,0,0,0,3,0,77,0.46,1.0,15,0.035,0.02,0.01,0.03,1
-10394.6,-0.1039,89605.4,10418.37,0.1042,-1.08,-0.998,0.298,34,0.1471,5,29,5.1,False,True,-0.0363,0.0114,4403.99,14798.59,5,0,23,4,2,0,0,0,0,0,0,3,0,77,0.46,1.0,15,0.035,0.02,0.01,0.03,2
-10394.6,-0.1039,89605.4,10418.37,0.1042,-1.08,-0.998,0.298,34,0.1471,5,29,5.1,False,True,-0.0363,0.0114,4403.99,14798.59,5,0,23,4,2,0,0,0,0,0,0,3,0,77,0.46,1.0,15,0.035,0.02,0.01,0.03,3
-9843.35,-0.0984,90156.65,10256.07,0.1021,-0.775,-0.96,0.391,29,0.1379,4,25,5.2,False,True,-0.0473,0.0228,6309.32,16152.68,4,0,20,3,2,0,0,0,0,0,0,11,0,68,0.46,1.0,15,0.035,0.02,0.01,0.05,1
-9843.35,-0.0984,90156.65,10256.07,0.1021,-0.775,-0.96,0.391,29,0.1379,4,25,5.2,False,True,-0.0473,0.0228,6309.32,16152.68,4,0,20,3,2,0,0,0,0,0,0,11,0,68,0.46,1.0,15,0.035,0.02,0.01,0.05,2
-9843.35,-0.0984,90156.65,10256.07,0.1021,-0.775,-0.96,0.391,29,0.1379,4,25,5.2,False,True,-0.0473,0.0228,6309.32,16152.68,4,0,20,3,2,0,0,0,0,0,0,11,0,68,0.46,1.0,15,0.035,0.02,0.01,0.05,3
-10318.37,-0.1032,89681.63,10342.14,0.1034,-1.074,-0.998,0.299,32,0.1562,5,27,5.5,False,True,-0.0363,0.0114,4403.99,14722.36,5,0,20,4,3,0,0,0,0,0,0,0,0,82,0.46,1.0,15,0.035,0.02,0.02,0.03,1
-10318.37,-0.1032,89681.63,10342.14,0.1034,-1.074,-0.998,0.299,32,0.1562,5,27,5.5,False,True,-0.0363,0.0114,4403.99,14722.36,5,0,20,4,3,0,0,0,0,0,0,0,0,82,0.46,1.0,15,0.035,0.02,0.02,0.03,2
-10318.37,-0.1032,89681.63,10342.14,0.1034,-1.074,-0.998,0.299,32,0.1562,5,27,5.5,False,True,-0.0363,0.0114,4403.99,14722.36,5,0,20,4,3,0,0,0,0,0,0,0,0,82,0.46,1.0,15,0.035,0.02,0.02,0.03,3
-11016.45,-0.1102,88983.55,11040.22,0.1104,-1.156,-0.998,0.321,31,0.1613,5,26,5.6,False,True,-0.0383,0.0114,5213.65,16230.1,5,0,19,4,3,0,0,0,0,0,0,0,0,81,0.46,1.0,15,0.035,0.02,0.02,0.05,1
-11016.45,-0.1102,88983.55,11040.22,0.1104,-1.156,-0.998,0.321,31,0.1613,5,26,5.6,False,True,-0.0383,0.0114,5213.65,16230.1,5,0,19,4,3,0,0,0,0,0,0,0,0,81,0.46,1.0,15,0.035,0.02,0.02,0.05,2
-11016.45,-0.1102,88983.55,11040.22,0.1104,-1.156,-0.998,0.321,31,0.1613,5,26,5.6,False,True,-0.0383,0.0114,5213.65,16230.1,5,0,19,4,3,0,0,0,0,0,0,0,0,81,0.46,1.0,15,0.035,0.02,0.02,0.05,3
-10394.6,-0.1039,89605.4,10418.37,0.1042,-1.08,-0.998,0.298,34,0.1471,5,29,5.1,False,True,-0.0363,0.0114,4403.99,14798.59,5,0,23,4,2,0,0,0,0,0,0,3,0,77,0.46,1.0,15,0.035,0.03,0.01,0.03,1
-10394.6,-0.1039,89605.4,10418.37,0.1042,-1.08,-0.998,0.298,34,0.1471,5,29,5.1,False,True,-0.0363,0.0114,4403.99,14798.59,5,0,23,4,2,0,0,0,0,0,0,3,0,77,0.46,1.0,15,0.035,0.03,0.01,0.03,2
-10394.6,-0.1039,89605.4,10418.37,0.1042,-1.08,-0.998,0.298,34,0.1471,5,29,5.1,False,True,-0.0363,0.0114,4403.99,14798.59,5,0,23,4,2,0,0,0,0,0,0,3,0,77,0.46,1.0,15,0.035,0.03,0.01,0.03,3
-9843.35,-0.0984,90156.65,10256.07,0.1021,-0.775,-0.96,0.391,29,0.1379,4,25,5.2,False,True,-0.0473,0.0228,6309.32,16152.68,4,0,20,3,2,0,0,0,0,0,0,14,0,68,0.46,1.0,15,0.035,0.03,0.01,0.05,1
-9843.35,-0.0984,90156.65,10256.07,0.1021,-0.775,-0.96,0.391,29,0.1379,4,25,5.2,False,True,-0.0473,0.0228,6309.32,16152.68,4,0,20,3,2,0,0,0,0,0,0,14,0,68,0.46,1.0,15,0.035,0.03,0.01,0.05,2
-9843.35,-0.0984,90156.65,10256.07,0.1021,-0.775,-0.96,0.391,29,0.1379,4,25,5.2,False,True,-0.0473,0.0228,6309.32,16152.68,4,0,20,3,2,0,0,0,0,0,0,14,0,68,0.46,1.0,15,0.035,0.03,0.01,0.05,3
-10318.37,-0.1032,89681.63,10342.14,0.1034,-1.074,-0.998,0.299,32,0.1562,5,27,5.5,False,True,-0.0363,0.0114,4403.99,14722.36,5,0,20,4,3,0,0,0,0,0,0,0,0,82,0.46,1.0,15,0.035,0.03,0.02,0.03,1
-10318.37,-0.1032,89681.63,10342.14,0.1034,-1.074,-0.998,0.299,32,0.1562,5,27,5.5,False,True,-0.0363,0.0114,4403.99,14722.36,5,0,20,4,3,0,0,0,0,0,0,0,0,82,0.46,1.0,15,0.035,0.03,0.02,0.03,2
-10318.37,-0.1032,89681.63,10342.14,0.1034,-1.074,-0.998,0.299,32,0.1562,5,27,5.5,False,True,-0.0363,0.0114,4403.99,14722.36,5,0,20,4,3,0,0,0,0,0,0,0,0,82,0.46,1.0,15,0.035,0.03,0.02,0.03,3
-11016.45,-0.1102,88983.55,11040.22,0.1104,-1.156,-0.998,0.321,31,0.1613,5,26,5.6,False,True,-0.0383,0.0114,5213.65,16230.1,5,0,19,4,3,0,0,0,0,0,0,0,0,81,0.46,1.0,15,0.035,0.03,0.02,0.05,1
-11016.45,-0.1102,88983.55,11040.22,0.1104,-1.156,-0.998,0.321,31,0.1613,5,26,5.6,False,True,-0.0383,0.0114,5213.65,16230.1,5,0,19,4,3,0,0,0,0,0,0,0,0,81,0.46,1.0,15,0.035,0.03,0.02,0.05,2
-11016.45,-0.1102,88983.55,11040.22,0.1104,-1.156,-0.998,0.321,31,0.1613,5,26,5.6,False,True,-0.0383,0.0114,5213.65,16230.1,5,0,19,4,3,0,0,0,0,0,0,0,0,81,0.46,1.0,15,0.035,0.03,0.02,0.05,3
-9750.79,-0.0975,90249.21,10098.87,0.101,-0.822,-0.966,0.228,27,0.1481,4,23,4.8,False,True,-0.0455,0.0171,5472.46,24026.25,3,0,19,3,2,0,0,0,0,0,0,13,0,56,0.46,1.5,5,0.025,0.02,0.01,0.03,1
-9750.79,-0.0975,90249.21,10098.87,0.101,-0.822,-0.966,0.228,27,0.1481,4,23,4.8,False,True,-0.0455,0.0171,5472.46,24026.25,3,0,19,3,2,0,0,0,0,0,0,13,0,56,0.46,1.5,5,0.025,0.02,0.01,0.03,2
-9750.79,-0.0975,90249.21,10098.87,0.101,-0.822,-0.966,0.228,27,0.1481,4,23,4.8,False,True,-0.0455,0.0171,5472.46,24026.25,3,0,19,3,2,0,0,0,0,0,0,13,0,56,0.46,1.5,5,0.025,0.02,0.01,0.03,3
-5758.65,-0.0576,94241.35,10460.31,0.1005,-0.305,-0.551,0.631,22,0.2273,5,17,5.3,False,True,-0.0455,0.0403,13466.1,21341.47,4,0,12,4,2,0,0,0,0,0,0,1,0,51,0.46,1.5,5,0.025,0.02,0.01,0.05,1
-5758.65,-0.0576,94241.35,10460.31,0.1005,-0.305,-0.551,0.631,22,0.2273,5,17,5.3,False,True,-0.0455,0.0403,13466.1,21341.47,4,0,12,4,2,0,0,0,0,0,0,1,0,51,0.46,1.5,5,0.025,0.02,0.01,0.05,2
-5758.65,-0.0576,94241.35,10460.31,0.1005,-0.305,-0.551,0.631,22,0.2273,5,17,5.3,False,True,-0.0455,0.0403,13466.1,21341.47,4,0,12,4,2,0,0,0,0,0,0,1,0,51,0.46,1.5,5,0.025,0.02,0.01,0.05,3
-9606.91,-0.0961,90393.09,10036.97,0.1003,-0.738,-0.957,0.565,39,0.2564,10,29,6.2,False,True,-0.0455,0.0202,11661.0,20621.32,5,0,22,6,6,0,0,0,0,0,0,0,0,108,0.46,1.5,5,0.025,0.02,0.02,0.03,1
-9606.91,-0.0961,90393.09,10036.97,0.1003,-0.738,-0.957,0.565,39,0.2564,10,29,6.2,False,True,-0.0455,0.0202,11661.0,20621.32,5,0,22,6,6,0,0,0,0,0,0,0,0,108,0.46,1.5,5,0.025,0.02,0.02,0.03,2
-9606.91,-0.0961,90393.09,10036.97,0.1003,-0.738,-0.957,0.565,39,0.2564,10,29,6.2,False,True,-0.0455,0.0202,11661.0,20621.32,5,0,22,6,6,0,0,0,0,0,0,0,0,108,0.46,1.5,5,0.025,0.02,0.02,0.03,3
-6279.42,-0.0628,93720.58,10402.51,0.1005,-0.339,-0.604,0.616,23,0.2174,5,18,5.2,False,True,-0.0455,0.0403,13422.39,21806.84,4,0,13,4,2,0,0,0,0,0,0,0,0,51,0.46,1.5,5,0.025,0.02,0.02,0.05,1
-6279.42,-0.0628,93720.58,10402.51,0.1005,-0.339,-0.604,0.616,23,0.2174,5,18,5.2,False,True,-0.0455,0.0403,13422.39,21806.84,4,0,13,4,2,0,0,0,0,0,0,0,0,51,0.46,1.5,5,0.025,0.02,0.02,0.05,2
-6279.42,-0.0628,93720.58,10402.51,0.1005,-0.339,-0.604,0.616,23,0.2174,5,18,5.2,False,True,-0.0455,0.0403,13422.39,21806.84,4,0,13,4,2,0,0,0,0,0,0,0,0,51,0.46,1.5,5,0.025,0.02,0.02,0.05,3
-9750.79,-0.0975,90249.21,10098.87,0.101,-0.822,-0.966,0.228,27,0.1481,4,23,4.8,False,True,-0.0455,0.0171,5472.46,24026.25,3,0,19,3,2,0,0,0,0,0,0,13,0,56,0.46,1.5,5,0.025,0.03,0.01,0.03,1
-9750.79,-0.0975,90249.21,10098.87,0.101,-0.822,-0.966,0.228,27,0.1481,4,23,4.8,False,True,-0.0455,0.0171,5472.46,24026.25,3,0,19,3,2,0,0,0,0,0,0,13,0,56,0.46,1.5,5,0.025,0.03,0.01,0.03,2
-9750.79,-0.0975,90249.21,10098.87,0.101,-0.822,-0.966,0.228,27,0.1481,4,23,4.8,False,True,-0.0455,0.0171,5472.46,24026.25,3,0,19,3,2,0,0,0,0,0,0,13,0,56,0.46,1.5,5,0.025,0.03,0.01,0.03,3
-5758.65,-0.0576,94241.35,10460.31,0.1005,-0.305,-0.551,0.631,22,0.2273,5,17,5.3,False,True,-0.0455,0.0403,13466.1,21341.47,4,0,12,4,2,0,0,0,0,0,0,11,0,51,0.46,1.5,5,0.025,0.03,0.01,0.05,1
-5758.65,-0.0576,94241.35,10460.31,0.1005,-0.305,-0.551,0.631,22,0.2273,5,17,5.3,False,True,-0.0455,0.0403,13466.1,21341.47,4,0,12,4,2,0,0,0,0,0,0,11,0,51,0.46,1.5,5,0.025,0.03,0.01,0.05,2
-5758.65,-0.0576,94241.35,10460.31,0.1005,-0.305,-0.551,0.631,22,0.2273,5,17,5.3,False,True,-0.0455,0.0403,13466.1,21341.47,4,0,12,4,2,0,0,0,0,0,0,11,0,51,0.46,1.5,5,0.025,0.03,0.01,0.05,3
-9606.91,-0.0961,90393.09,10036.97,0.1003,-0.738,-0.957,0.565,39,0.2564,10,29,6.2,False,True,-0.0455,0.0202,11661.0,20621.32,5,0,22,6,6,0,0,0,0,0,0,9,0,108,0.46,1.5,5,0.025,0.03,0.02,0.03,1
-9606.91,-0.0961,90393.09,10036.97,0.1003,-0.738,-0.957,0.565,39,0.2564,10,29,6.2,False,True,-0.0455,0.0202,11661.0,20621.32,5,0,22,6,6,0,0,0,0,0,0,9,0,108,0.46,1.5,5,0.025,0.03,0.02,0.03,2
-9606.91,-0.0961,90393.09,10036.97,0.1003,-0.738,-0.957,0.565,39,0.2564,10,29,6.2,False,True,-0.0455,0.0202,11661.0,20621.32,5,0,22,6,6,0,0,0,0,0,0,9,0,108,0.46,1.5,5,0.025,0.03,0.02,0.03,3
-6279.42,-0.0628,93720.58,10402.51,0.1005,-0.339,-0.604,0.616,23,0.2174,5,18,5.2,False,True,-0.0455,0.0403,13422.39,21806.84,4,0,13,4,2,0,0,0,0,0,0,10,0,51,0.46,1.5,5,0.025,0.03,0.02,0.05,1
-6279.42,-0.0628,93720.58,10402.51,0.1005,-0.339,-0.604,0.616,23,0.2174,5,18,5.2,False,True,-0.0455,0.0403,13422.39,21806.84,4,0,13,4,2,0,0,0,0,0,0,10,0,51,0.46,1.5,5,0.025,0.03,0.02,0.05,2
-6279.42,-0.0628,93720.58,10402.51,0.1005,-0.339,-0.604,0.616,23,0.2174,5,18,5.2,False,True,-0.0455,0.0403,13422.39,21806.84,4,0,13,4,2,0,0,0,0,0,0,10,0,51,0.46,1.5,5,0.025,0.03,0.02,0.05,3
-9750.79,-0.0975,90249.21,10098.87,0.101,-0.822,-0.966,0.228,27,0.1481,4,23,4.8,False,True,-0.0455,0.0171,5472.46,24026.25,3,0,19,3,2,0,0,0,0,0,0,13,0,56,0.46,1.5,5,0.035,0.02,0.01,0.03,1
-9750.79,-0.0975,90249.21,10098.87,0.101,-0.822,-0.966,0.228,27,0.1481,4,23,4.8,False,True,-0.0455,0.0171,5472.46,24026.25,3,0,19,3,2,0,0,0,0,0,0,13,0,56,0.46,1.5,5,0.035,0.02,0.01,0.03,2
-9750.79,-0.0975,90249.21,10098.87,0.101,-0.822,-0.966,0.228,27,0.1481,4,23,4.8,False,True,-0.0455,0.0171,5472.46,24026.25,3,0,19,3,2,0,0,0,0,0,0,13,0,56,0.46,1.5,5,0.035,0.02,0.01,0.03,3
-7663.51,-0.0766,92336.49,10573.44,0.1031,-0.502,-0.725,0.363,26,0.1538,4,22,4.9,False,True,-0.0455,0.0341,9479.63,26149.74,3,0,18,3,2,0,0,0,0,0,0,1,0,56,0.46,1.5,5,0.035,0.02,0.01,0.05,1
-7663.51,-0.0766,92336.49,10573.44,0.1031,-0.502,-0.725,0.363,26,0.1538,4,22,4.9,False,True,-0.0455,0.0341,9479.63,26149.74,3,0,18,3,2,0,0,0,0,0,0,1,0,56,0.46,1.5,5,0.035,0.02,0.01,0.05,2
-7663.51,-0.0766,92336.49,10573.44,0.1031,-0.502,-0.725,0.363,26,0.1538,4,22,4.9,False,True,-0.0455,0.0341,9479.63,26149.74,3,0,18,3,2,0,0,0,0,0,0,1,0,56,0.46,1.5,5,0.035,0.02,0.01,0.05,3
-8689.67,-0.0869,91310.33,10104.1,0.101,-0.754,-0.86,0.224,25,0.2,5,20,5.6,False,True,-0.0455,0.0171,6583.76,29432.94,3,0,15,4,3,0,0,0,0,0,0,0,0,63,0.46,1.5,5,0.035,0.02,0.02,0.03,1
-8689.67,-0.0869,91310.33,10104.1,0.101,-0.754,-0.86,0.224,25,0.2,5,20,5.6,False,True,-0.0455,0.0171,6583.76,29432.94,3,0,15,4,3,0,0,0,0,0,0,0,0,63,0.46,1.5,5,0.035,0.02,0.02,0.03,2
-8689.67,-0.0869,91310.33,10104.1,0.101,-0.754,-0.86,0.224,25,0.2,5,20,5.6,False,True,-0.0455,0.0171,6583.76,29432.94,3,0,15,4,3,0,0,0,0,0,0,0,0,63,0.46,1.5,5,0.035,0.02,0.02,0.03,3
-8173.76,-0.0817,91826.24,10515.01,0.1031,-0.544,-0.777,0.356,27,0.1481,4,23,4.8,False,True,-0.0455,0.0341,9457.95,26588.54,3,0,19,3,2,0,0,0,0,0,0,0,0,56,0.46,1.5,5,0.035,0.02,0.02,0.05,1
-8173.76,-0.0817,91826.24,10515.01,0.1031,-0.544,-0.777,0.356,27,0.1481,4,23,4.8,False,True,-0.0455,0.0341,9457.95,26588.54,3,0,19,3,2,0,0,0,0,0,0,0,0,56,0.46,1.5,5,0.035,0.02,0.02,0.05,2
-8173.76,-0.0817,91826.24,10515.01,0.1031,-0.544,-0.777,0.356,27,0.1481,4,23,4.8,False,True,-0.0455,0.0341,9457.95,26588.54,3,0,19,3,2,0,0,0,0,0,0,0,0,56,0.46,1.5,5,0.035,0.02,0.02,0.05,3
-9750.79,-0.0975,90249.21,10098.87,0.101,-0.822,-0.966,0.228,27,0.1481,4,23,4.8,False,True,-0.0455,0.0171,5472.46,24026.25,3,0,19,3,2,0,0,0,0,0,0,13,0,56,0.46,1.5,5,0.035,0.03,0.01,0.03,1
-9750.79,-0.0975,90249.21,10098.87,0.101,-0.822,-0.966,0.228,27,0.1481,4,23,4.8,False,True,-0.0455,0.0171,5472.46,24026.25,3,0,19,3,2,0,0,0,0,0,0,13,0,56,0.46,1.5,5,0.035,0.03,0.01,0.03,2
-9750.79,-0.0975,90249.21,10098.87,0.101,-0.822,-0.966,0.228,27,0.1481,4,23,4.8,False,True,-0.0455,0.0171,5472.46,24026.25,3,0,19,3,2,0,0,0,0,0,0,13,0,56,0.46,1.5,5,0.035,0.03,0.01,0.03,3
-7663.51,-0.0766,92336.49,10573.44,0.1031,-0.502,-0.725,0.363,26,0.1538,4,22,4.9,False,True,-0.0455,0.0341,9479.63,26149.74,3,0,18,3,2,0,0,0,0,0,0,11,0,56,0.46,1.5,5,0.035,0.03,0.01,0.05,1
-7663.51,-0.0766,92336.49,10573.44,0.1031,-0.502,-0.725,0.363,26,0.1538,4,22,4.9,False,True,-0.0455,0.0341,9479.63,26149.74,3,0,18,3,2,0,0,0,0,0,0,11,0,56,0.46,1.5,5,0.035,0.03,0.01,0.05,2
-7663.51,-0.0766,92336.49,10573.44,0.1031,-0.502,-0.725,0.363,26,0.1538,4,22,4.9,False,True,-0.0455,0.0341,9479.63,26149.74,3,0,18,3,2,0,0,0,0,0,0,11,0,56,0.46,1.5,5,0.035,0.03,0.01,0.05,3
-8689.67,-0.0869,91310.33,10104.1,0.101,-0.754,-0.86,0.224,25,0.2,5,20,5.6,False,True,-0.0455,0.0171,6583.76,29432.94,3,0,15,4,3,0,0,0,0,0,0,0,0,63,0.46,1.5,5,0.035,0.03,0.02,0.03,1
-8689.67,-0.0869,91310.33,10104.1,0.101,-0.754,-0.86,0.224,25,0.2,5,20,5.6,False,True,-0.0455,0.0171,6583.76,29432.94,3,0,15,4,3,0,0,0,0,0,0,0,0,63,0.46,1.5,5,0.035,0.03,0.02,0.03,2
-8689.67,-0.0869,91310.33,10104.1,0.101,-0.754,-0.86,0.224,25,0.2,5,20,5.6,False,True,-0.0455,0.0171,6583.76,29432.94,3,0,15,4,3,0,0,0,0,0,0,0,0,63,0.46,1.5,5,0.035,0.03,0.02,0.03,3
-8173.76,-0.0817,91826.24,10515.01,0.1031,-0.544,-0.777,0.356,27,0.1481,4,23,4.8,False,True,-0.0455,0.0341,9457.95,26588.54,3,0,19,3,2,0,0,0,0,0,0,10,0,56,0.46,1.5,5,0.035,0.03,0.02,0.05,1
-8173.76,-0.0817,91826.24,10515.01,0.1031,-0.544,-0.777,0.356,27,0.1481,4,23,4.8,False,True,-0.0455,0.0341,9457.95,26588.54,3,0,19,3,2,0,0,0,0,0,0,10,0,56,0.46,1.5,5,0.035,0.03,0.02,0.05,2
-8173.76,-0.0817,91826.24,10515.01,0.1031,-0.544,-0.777,0.356,27,0.1481,4,23,4.8,False,True,-0.0455,0.0341,9457.95,26588.54,3,0,19,3,2,0,0,0,0,0,0,10,0,56,0.46,1.5,5,0.035,0.03,0.02,0.05,3
-9750.79,-0.0975,90249.21,10098.87,0.101,-0.822,-0.966,0.228,27,0.1481,4,23,4.8,False,True,-0.0455,0.0171,5472.46,24026.25,3,0,19,3,2,0,0,0,0,0,0,13,0,56,0.46,1.5,10,0.025,0.02,0.01,0.03,1
-9750.79,-0.0975,90249.21,10098.87,0.101,-0.822,-0.966,0.228,27,0.1481,4,23,4.8,False,True,-0.0455,0.0171,5472.46,24026.25,3,0,19,3,2,0,0,0,0,0,0,13,0,56,0.46,1.5,10,0.025,0.02,0.01,0.03,2
-9750.79,-0.0975,90249.21,10098.87,0.101,-0.822,-0.966,0.228,27,0.1481,4,23,4.8,False,True,-0.0455,0.0171,5472.46,24026.25,3,0,19,3,2,0,0,0,0,0,0,13,0,56,0.46,1.5,10,0.025,0.02,0.01,0.03,3
-5758.65,-0.0576,94241.35,10460.31,0.1005,-0.305,-0.551,0.631,22,0.2273,5,17,5.3,False,True,-0.0455,0.0403,13466.1,21341.47,4,0,12,4,2,0,0,0,0,0,0,1,0,51,0.46,1.5,10,0.025,0.02,0.01,0.05,1
-5758.65,-0.0576,94241.35,10460.31,0.1005,-0.305,-0.551,0.631,22,0.2273,5,17,5.3,False,True,-0.0455,0.0403,13466.1,21341.47,4,0,12,4,2,0,0,0,0,0,0,1,0,51,0.46,1.5,10,0.025,0.02,0.01,0.05,2
-5758.65,-0.0576,94241.35,10460.31,0.1005,-0.305,-0.551,0.631,22,0.2273,5,17,5.3,False,True,-0.0455,0.0403,13466.1,21341.47,4,0,12,4,2,0,0,0,0,0,0,1,0,51,0.46,1.5,10,0.025,0.02,0.01,0.05,3
-9606.91,-0.0961,90393.09,10036.97,0.1003,-0.738,-0.957,0.565,39,0.2564,10,29,6.2,False,True,-0.0455,0.0202,11661.0,20621.32,5,0,22,6,6,0,0,0,0,0,0,0,0,108,0.46,1.5,10,0.025,0.02,0.02,0.03,1
-9606.91,-0.0961,90393.09,10036.97,0.1003,-0.738,-0.957,0.565,39,0.2564,10,29,6.2,False,True,-0.0455,0.0202,11661.0,20621.32,5,0,22,6,6,0,0,0,0,0,0,0,0,108,0.46,1.5,10,0.025,0.02,0.02,0.03,2
-9606.91,-0.0961,90393.09,10036.97,0.1003,-0.738,-0.957,0.565,39,0.2564,10,29,6.2,False,True,-0.0455,0.0202,11661.0,20621.32,5,0,22,6,6,0,0,0,0,0,0,0,0,108,0.46,1.5,10,0.025,0.02,0.02,0.03,3
-6279.42,-0.0628,93720.58,10402.51,0.1005,-0.339,-0.604,0.616,23,0.2174,5,18,5.2,False,True,-0.0455,0.0403,13422.39,21806.84,4,0,13,4,2,0,0,0,0,0,0,0,0,51,0.46,1.5,10,0.025,0.02,0.02,0.05,1
-6279.42,-0.0628,93720.58,10402.51,0.1005,-0.339,-0.604,0.616,23,0.2174,5,18,5.2,False,True,-0.0455,0.0403,13422.39,21806.84,4,0,13,4,2,0,0,0,0,0,0,0,0,51,0.46,1.5,10,0.025,0.02,0.02,0.05,2
-6279.42,-0.0628,93720.58,10402.51,0.1005,-0.339,-0.604,0.616,23,0.2174,5,18,5.2,False,True,-0.0455,0.0403,13422.39,21806.84,4,0,13,4,2,0,0,0,0,0,0,0,0,51,0.46,1.5,10,0.025,0.02,0.02,0.05,3
-9750.79,-0.0975,90249.21,10098.87,0.101,-0.822,-0.966,0.228,27,0.1481,4,23,4.8,False,True,-0.0455,0.0171,5472.46,24026.25,3,0,19,3,2,0,0,0,0,0,0,13,0,56,0.46,1.5,10,0.025,0.03,0.01,0.03,1
-9750.79,-0.0975,90249.21,10098.87,0.101,-0.822,-0.966,0.228,27,0.1481,4,23,4.8,False,True,-0.0455,0.0171,5472.46,24026.25,3,0,19,3,2,0,0,0,0,0,0,13,0,56,0.46,1.5,10,0.025,0.03,0.01,0.03,2
-9750.79,-0.0975,90249.21,10098.87,0.101,-0.822,-0.966,0.228,27,0.1481,4,23,4.8,False,True,-0.0455,0.0171,5472.46,24026.25,3,0,19,3,2,0,0,0,0,0,0,13,0,56,0.46,1.5,10,0.025,0.03,0.01,0.03,3
-5758.65,-0.0576,94241.35,10460.31,0.1005,-0.305,-0.551,0.631,22,0.2273,5,17,5.3,False,True,-0.0455,0.0403,13466.1,21341.47,4,0,12,4,2,0,0,0,0,0,0,11,0,51,0.46,1.5,10,0.025,0.03,0.01,0.05,1
-5758.65,-0.0576,94241.35,10460.31,0.1005,-0.305,-0.551,0.631,22,0.2273,5,17,5.3,False,True,-0.0455,0.0403,13466.1,21341.47,4,0,12,4,2,0,0,0,0,0,0,11,0,51,0.46,1.5,10,0.025,0.03,0.01,0.05,2
-5758.65,-0.0576,94241.35,10460.31,0.1005,-0.305,-0.551,0.631,22,0.2273,5,17,5.3,False,True,-0.0455,0.0403,13466.1,21341.47,4,0,12,4,2,0,0,0,0,0,0,11,0,51,0.46,1.5,10,0.025,0.03,0.01,0.05,3
-9606.91,-0.0961,90393.09,10036.97,0.1003,-0.738,-0.957,0.565,39,0.2564,10,29,6.2,False,True,-0.0455,0.0202,11661.0,20621.32,5,0,22,6,6,0,0,0,0,0,0,9,0,108,0.46,1.5,10,0.025,0.03,0.02,0.03,1
-9606.91,-0.0961,90393.09,10036.97,0.1003,-0.738,-0.957,0.565,39,0.2564,10,29,6.2,False,True,-0.0455,0.0202,11661.0,20621.32,5,0,22,6,6,0,0,0,0,0,0,9,0,108,0.46,1.5,10,0.025,0.03,0.02,0.03,2
-9606.91,-0.0961,90393.09,10036.97,0.1003,-0.738,-0.957,0.565,39,0.2564,10,29,6.2,False,True,-0.0455,0.0202,11661.0,20621.32,5,0,22,6,6,0,0,0,0,0,0,9,0,108,0.46,1.5,10,0.025,0.03,0.02,0.03,3
-6279.42,-0.0628,93720.58,10402.51,0.1005,-0.339,-0.604,0.616,23,0.2174,5,18,5.2,False,True,-0.0455,0.0403,13422.39,21806.84,4,0,13,4,2,0,0,0,0,0,0,10,0,51,0.46,1.5,10,0.025,0.03,0.02,0.05,1
-6279.42,-0.0628,93720.58,10402.51,0.1005,-0.339,-0.604,0.616,23,0.2174,5,18,5.2,False,True,-0.0455,0.0403,13422.39,21806.84,4,0,13,4,2,0,0,0,0,0,0,10,0,51,0.46,1.5,10,0.025,0.03,0.02,0.05,2
-6279.42,-0.0628,93720.58,10402.51,0.1005,-0.339,-0.604,0.616,23,0.2174,5,18,5.2,False,True,-0.0455,0.0403,13422.39,21806.84,4,0,13,4,2,0,0,0,0,0,0,10,0,51,0.46,1.5,10,0.025,0.03,0.02,0.05,3
-9750.79,-0.0975,90249.21,10098.87,0.101,-0.822,-0.966,0.228,27,0.1481,4,23,4.8,False,True,-0.0455,0.0171,5472.46,24026.25,3,0,19,3,2,0,0,0,0,0,0,13,0,56,0.46,1.5,10,0.035,0.02,0.01,0.03,1
-9750.79,-0.0975,90249.21,10098.87,0.101,-0.822,-0.966,0.228,27,0.1481,4,23,4.8,False,True,-0.0455,0.0171,5472.46,24026.25,3,0,19,3,2,0,0,0,0,0,0,13,0,56,0.46,1.5,10,0.035,0.02,0.01,0.03,2
-9750.79,-0.0975,90249.21,10098.87,0.101,-0.822,-0.966,0.228,27,0.1481,4,23,4.8,False,True,-0.0455,0.0171,5472.46,24026.25,3,0,19,3,2,0,0,0,0,0,0,13,0,56,0.46,1.5,10,0.035,0.02,0.01,0.03,3
-7663.51,-0.0766,92336.49,10573.44,0.1031,-0.502,-0.725,0.363,26,0.1538,4,22,4.9,False,True,-0.0455,0.0341,9479.63,26149.74,3,0,18,3,2,0,0,0,0,0,0,1,0,56,0.46,1.5,10,0.035,0.02,0.01,0.05,1
-7663.51,-0.0766,92336.49,10573.44,0.1031,-0.502,-0.725,0.363,26,0.1538,4,22,4.9,False,True,-0.0455,0.0341,9479.63,26149.74,3,0,18,3,2,0,0,0,0,0,0,1,0,56,0.46,1.5,10,0.035,0.02,0.01,0.05,2
-7663.51,-0.0766,92336.49,10573.44,0.1031,-0.502,-0.725,0.363,26,0.1538,4,22,4.9,False,True,-0.0455,0.0341,9479.63,26149.74,3,0,18,3,2,0,0,0,0,0,0,1,0,56,0.46,1.5,10,0.035,0.02,0.01,0.05,3
-8689.67,-0.0869,91310.33,10104.1,0.101,-0.754,-0.86,0.224,25,0.2,5,20,5.6,False,True,-0.0455,0.0171,6583.76,29432.94,3,0,15,4,3,0,0,0,0,0,0,0,0,63,0.46,1.5,10,0.035,0.02,0.02,0.03,1
-8689.67,-0.0869,91310.33,10104.1,0.101,-0.754,-0.86,0.224,25,0.2,5,20,5.6,False,True,-0.0455,0.0171,6583.76,29432.94,3,0,15,4,3,0,0,0,0,0,0,0,0,63,0.46,1.5,10,0.035,0.02,0.02,0.03,2
-8689.67,-0.0869,91310.33,10104.1,0.101,-0.754,-0.86,0.224,25,0.2,5,20,5.6,False,True,-0.0455,0.0171,6583.76,29432.94,3,0,15,4,3,0,0,0,0,0,0,0,0,63,0.46,1.5,10,0.035,0.02,0.02,0.03,3
-8173.76,-0.0817,91826.24,10515.01,0.1031,-0.544,-0.777,0.356,27,0.1481,4,23,4.8,False,True,-0.0455,0.0341,9457.95,26588.54,3,0,19,3,2,0,0,0,0,0,0,0,0,56,0.46,1.5,10,0.035,0.02,0.02,0.05,1
-8173.76,-0.0817,91826.24,10515.01,0.1031,-0.544,-0.777,0.356,27,0.1481,4,23,4.8,False,True,-0.0455,0.0341,9457.95,26588.54,3,0,19,3,2,0,0,0,0,0,0,0,0,56,0.46,1.5,10,0.035,0.02,0.02,0.05,2
-8173.76,-0.0817,91826.24,10515.01,0.1031,-0.544,-0.777,0.356,27,0.1481,4,23,4.8,False,True,-0.0455,0.0341,9457.95,26588.54,3,0,19,3,2,0,0,0,0,0,0,0,0,56,0.46,1.5,10,0.035,0.02,0.02,0.05,3
-9750.79,-0.0975,90249.21,10098.87,0.101,-0.822,-0.966,0.228,27,0.1481,4,23,4.8,False,True,-0.0455,0.0171,5472.46,24026.25,3,0,19,3,2,0,0,0,0,0,0,13,0,56,0.46,1.5,10,0.035,0.03,0.01,0.03,1
-9750.79,-0.0975,90249.21,10098.87,0.101,-0.822,-0.966,0.228,27,0.1481,4,23,4.8,False,True,-0.0455,0.0171,5472.46,24026.25,3,0,19,3,2,0,0,0,0,0,0,13,0,56,0.46,1.5,10,0.035,0.03,0.01,0.03,2
-9750.79,-0.0975,90249.21,10098.87,0.101,-0.822,-0.966,0.228,27,0.1481,4,23,4.8,False,True,-0.0455,0.0171,5472.46,24026.25,3,0,19,3,2,0,0,0,0,0,0,13,0,56,0.46,1.5,10,0.035,0.03,0.01,0.03,3
-7663.51,-0.0766,92336.49,10573.44,0.1031,-0.502,-0.725,0.363,26,0.1538,4,22,4.9,False,True,-0.0455,0.0341,9479.63,26149.74,3,0,18,3,2,0,0,0,0,0,0,11,0,56,0.46,1.5,10,0.035,0.03,0.01,0.05,1
-7663.51,-0.0766,92336.49,10573.44,0.1031,-0.502,-0.725,0.363,26,0.1538,4,22,4.9,False,True,-0.0455,0.0341,9479.63,26149.74,3,0,18,3,2,0,0,0,0,0,0,11,0,56,0.46,1.5,10,0.035,0.03,0.01,0.05,2
-7663.51,-0.0766,92336.49,10573.44,0.1031,-0.502,-0.725,0.363,26,0.1538,4,22,4.9,False,True,-0.0455,0.0341,9479.63,26149.74,3,0,18,3,2,0,0,0,0,0,0,11,0,56,0.46,1.5,10,0.035,0.03,0.01,0.05,3
-8689.67,-0.0869,91310.33,10104.1,0.101,-0.754,-0.86,0.224,25,0.2,5,20,5.6,False,True,-0.0455,0.0171,6583.76,29432.94,3,0,15,4,3,0,0,0,0,0,0,0,0,63,0.46,1.5,10,0.035,0.03,0.02,0.03,1
-8689.67,-0.0869,91310.33,10104.1,0.101,-0.754,-0.86,0.224,25,0.2,5,20,5.6,False,True,-0.0455,0.0171,6583.76,29432.94,3,0,15,4,3,0,0,0,0,0,0,0,0,63,0.46,1.5,10,0.035,0.03,0.02,0.03,2
-8689.67,-0.0869,91310.33,10104.1,0.101,-0.754,-0.86,0.224,25,0.2,5,20,5.6,False,True,-0.0455,0.0171,6583.76,29432.94,3,0,15,4,3,0,0,0,0,0,0,0,0,63,0.46,1.5,10,0.035,0.03,0.02,0.03,3
-8173.76,-0.0817,91826.24,10515.01,0.1031,-0.544,-0.777,0.356,27,0.1481,4,23,4.8,False,True,-0.0455,0.0341,9457.95,26588.54,3,0,19,3,2,0,0,0,0,0,0,10,0,56,0.46,1.5,10,0.035,0.03,0.02,0.05,1
-8173.76,-0.0817,91826.24,10515.01,0.1031,-0.544,-0.777,0.356,27,0.1481,4,23,4.8,False,True,-0.0455,0.0341,9457.95,26588.54,3,0,19,3,2,0,0,0,0,0,0,10,0,56,0.46,1.5,10,0.035,0.03,0.02,0.05,2
-8173.76,-0.0817,91826.24,10515.01,0.1031,-0.544,-0.777,0.356,27,0.1481,4,23,4.8,False,True,-0.0455,0.0341,9457.95,26588.54,3,0,19,3,2,0,0,0,0,0,0,10,0,56,0.46,1.5,10,0.035,0.03,0.02,0.05,3
-9750.79,-0.0975,90249.21,10098.87,0.101,-0.822,-0.966,0.228,27,0.1481,4,23,4.8,False,True,-0.0455,0.0171,5472.46,24026.25,3,0,19,3,2,0,0,0,0,0,0,13,0,56,0.46,1.5,15,0.025,0.02,0.01,0.03,1
-9750.79,-0.0975,90249.21,10098.87,0.101,-0.822,-0.966,0.228,27,0.1481,4,23,4.8,False,True,-0.0455,0.0171,5472.46,24026.25,3,0,19,3,2,0,0,0,0,0,0,13,0,56,0.46,1.5,15,0.025,0.02,0.01,0.03,2
-9750.79,-0.0975,90249.21,10098.87,0.101,-0.822,-0.966,0.228,27,0.1481,4,23,4.8,False,True,-0.0455,0.0171,5472.46,24026.25,3,0,19,3,2,0,0,0,0,0,0,13,0,56,0.46,1.5,15,0.025,0.02,0.01,0.03,3
-5758.65,-0.0576,94241.35,10460.31,0.1005,-0.305,-0.551,0.631,22,0.2273,5,17,5.3,False,True,-0.0455,0.0403,13466.1,21341.47,4,0,12,4,2,0,0,0,0,0,0,1,0,51,0.46,1.5,15,0.025,0.02,0.01,0.05,1
-5758.65,-0.0576,94241.35,10460.31,0.1005,-0.305,-0.551,0.631,22,0.2273,5,17,5.3,False,True,-0.0455,0.0403,13466.1,21341.47,4,0,12,4,2,0,0,0,0,0,0,1,0,51,0.46,1.5,15,0.025,0.02,0.01,0.05,2
-5758.65,-0.0576,94241.35,10460.31,0.1005,-0.305,-0.551,0.631,22,0.2273,5,17,5.3,False,True,-0.0455,0.0403,13466.1,21341.47,4,0,12,4,2,0,0,0,0,0,0,1,0,51,0.46,1.5,15,0.025,0.02,0.01,0.05,3
-9606.91,-0.0961,90393.09,10036.97,0.1003,-0.738,-0.957,0.565,39,0.2564,10,29,6.2,False,True,-0.0455,0.0202,11661.0,20621.32,5,0,22,6,6,0,0,0,0,0,0,0,0,108,0.46,1.5,15,0.025,0.02,0.02,0.03,1
-9606.91,-0.0961,90393.09,10036.97,0.1003,-0.738,-0.957,0.565,39,0.2564,10,29,6.2,False,True,-0.0455,0.0202,11661.0,20621.32,5,0,22,6,6,0,0,0,0,0,0,0,0,108,0.46,1.5,15,0.025,0.02,0.02,0.03,2
-9606.91,-0.0961,90393.09,10036.97,0.1003,-0.738,-0.957,0.565,39,0.2564,10,29,6.2,False,True,-0.0455,0.0202,11661.0,20621.32,5,0,22,6,6,0,0,0,0,0,0,0,0,108,0.46,1.5,15,0.025,0.02,0.02,0.03,3
-6279.42,-0.0628,93720.58,10402.51,0.1005,-0.339,-0.604,0.616,23,0.2174,5,18,5.2,False,True,-0.0455,0.0403,13422.39,21806.84,4,0,13,4,2,0,0,0,0,0,0,0,0,51,0.46,1.5,15,0.025,0.02,0.02,0.05,1
-6279.42,-0.0628,93720.58,10402.51,0.1005,-0.339,-0.604,0.616,23,0.2174,5,18,5.2,False,True,-0.0455,0.0403,13422.39,21806.84,4,0,13,4,2,0,0,0,0,0,0,0,0,51,0.46,1.5,15,0.025,0.02,0.02,0.05,2
-6279.42,-0.0628,93720.58,10402.51,0.1005,-0.339,-0.604,0.616,23,0.2174,5,18,5.2,False,True,-0.0455,0.0403,13422.39,21806.84,4,0,13,4,2,0,0,0,0,0,0,0,0,51,0.46,1.5,15,0.025,0.02,0.02,0.05,3
-9750.79,-0.0975,90249.21,10098.87,0.101,-0.822,-0.966,0.228,27,0.1481,4,23,4.8,False,True,-0.0455,0.0171,5472.46,24026.25,3,0,19,3,2,0,0,0,0,0,0,13,0,56,0.46,1.5,15,0.025,0.03,0.01,0.03,1
-9750.79,-0.0975,90249.21,10098.87,0.101,-0.822,-0.966,0.228,27,0.1481,4,23,4.8,False,True,-0.0455,0.0171,5472.46,24026.25,3,0,19,3,2,0,0,0,0,0,0,13,0,56,0.46,1.5,15,0.025,0.03,0.01,0.03,2
-9750.79,-0.0975,90249.21,10098.87,0.101,-0.822,-0.966,0.228,27,0.1481,4,23,4.8,False,True,-0.0455,0.0171,5472.46,24026.25,3,0,19,3,2,0,0,0,0,0,0,13,0,56,0.46,1.5,15,0.025,0.03,0.01,0.03,3
-5758.65,-0.0576,94241.35,10460.31,0.1005,-0.305,-0.551,0.631,22,0.2273,5,17,5.3,False,True,-0.0455,0.0403,13466.1,21341.47,4,0,12,4,2,0,0,0,0,0,0,11,0,51,0.46,1.5,15,0.025,0.03,0.01,0.05,1
-5758.65,-0.0576,94241.35,10460.31,0.1005,-0.305,-0.551,0.631,22,0.2273,5,17,5.3,False,True,-0.0455,0.0403,13466.1,21341.47,4,0,12,4,2,0,0,0,0,0,0,11,0,51,0.46,1.5,15,0.025,0.03,0.01,0.05,2
-5758.65,-0.0576,94241.35,10460.31,0.1005,-0.305,-0.551,0.631,22,0.2273,5,17,5.3,False,True,-0.0455,0.0403,13466.1,21341.47,4,0,12,4,2,0,0,0,0,0,0,11,0,51,0.46,1.5,15,0.025,0.03,0.01,0.05,3
-9606.91,-0.0961,90393.09,10036.97,0.1003,-0.738,-0.957,0.565,39,0.2564,10,29,6.2,False,True,-0.0455,0.0202,11661.0,20621.32,5,0,22,6,6,0,0,0,0,0,0,9,0,108,0.46,1.5,15,0.025,0.03,0.02,0.03,1
-9606.91,-0.0961,90393.09,10036.97,0.1003,-0.738,-0.957,0.565,39,0.2564,10,29,6.2,False,True,-0.0455,0.0202,11661.0,20621.32,5,0,22,6,6,0,0,0,0,0,0,9,0,108,0.46,1.5,15,0.025,0.03,0.02,0.03,2
-9606.91,-0.0961,90393.09,10036.97,0.1003,-0.738,-0.957,0.565,39,0.2564,10,29,6.2,False,True,-0.0455,0.0202,11661.0,20621.32,5,0,22,6,6,0,0,0,0,0,0,9,0,108,0.46,1.5,15,0.025,0.03,0.02,0.03,3
-6279.42,-0.0628,93720.58,10402.51,0.1005,-0.339,-0.604,0.616,23,0.2174,5,18,5.2,False,True,-0.0455,0.0403,13422.39,21806.84,4,0,13,4,2,0,0,0,0,0,0,10,0,51,0.46,1.5,15,0.025,0.03,0.02,0.05,1
-6279.42,-0.0628,93720.58,10402.51,0.1005,-0.339,-0.604,0.616,23,0.2174,5,18,5.2,False,True,-0.0455,0.0403,13422.39,21806.84,4,0,13,4,2,0,0,0,0,0,0,10,0,51,0.46,1.5,15,0.025,0.03,0.02,0.05,2
-6279.42,-0.0628,93720.58,10402.51,0.1005,-0.339,-0.604,0.616,23,0.2174,5,18,5.2,False,True,-0.0455,0.0403,13422.39,21806.84,4,0,13,4,2,0,0,0,0,0,0,10,0,51,0.46,1.5,15,0.025,0.03,0.02,0.05,3
-9750.79,-0.0975,90249.21,10098.87,0.101,-0.822,-0.966,0.228,27,0.1481,4,23,4.8,False,True,-0.0455,0.0171,5472.46,24026.25,3,0,19,3,2,0,0,0,0,0,0,13,0,56,0.46,1.5,15,0.035,0.02,0.01,0.03,1
-9750.79,-0.0975,90249.21,10098.87,0.101,-0.822,-0.966,0.228,27,0.1481,4,23,4.8,False,True,-0.0455,0.0171,5472.46,24026.25,3,0,19,3,2,0,0,0,0,0,0,13,0,56,0.46,1.5,15,0.035,0.02,0.01,0.03,2
-9750.79,-0.0975,90249.21,10098.87,0.101,-0.822,-0.966,0.228,27,0.1481,4,23,4.8,False,True,-0.0455,0.0171,5472.46,24026.25,3,0,19,3,2,0,0,0,0,0,0,13,0,56,0.46,1.5,15,0.035,0.02,0.01,0.03,3
-7663.51,-0.0766,92336.49,10573.44,0.1031,-0.502,-0.725,0.363,26,0.1538,4,22,4.9,False,True,-0.0455,0.0341,9479.63,26149.74,3,0,18,3,2,0,0,0,0,0,0,1,0,56,0.46,1.5,15,0.035,0.02,0.01,0.05,1
-7663.51,-0.0766,92336.49,10573.44,0.1031,-0.502,-0.725,0.363,26,0.1538,4,22,4.9,False,True,-0.0455,0.0341,9479.63,26149.74,3,0,18,3,2,0,0,0,0,0,0,1,0,56,0.46,1.5,15,0.035,0.02,0.01,0.05,2
-7663.51,-0.0766,92336.49,10573.44,0.1031,-0.502,-0.725,0.363,26,0.1538,4,22,4.9,False,True,-0.0455,0.0341,9479.63,26149.74,3,0,18,3,2,0,0,0,0,0,0,1,0,56,0.46,1.5,15,0.035,0.02,0.01,0.05,3
-8689.67,-0.0869,91310.33,10104.1,0.101,-0.754,-0.86,0.224,25,0.2,5,20,5.6,False,True,-0.0455,0.0171,6583.76,29432.94,3,0,15,4,3,0,0,0,0,0,0,0,0,63,0.46,1.5,15,0.035,0.02,0.02,0.03,1
-8689.67,-0.0869,91310.33,10104.1,0.101,-0.754,-0.86,0.224,25,0.2,5,20,5.6,False,True,-0.0455,0.0171,6583.76,29432.94,3,0,15,4,3,0,0,0,0,0,0,0,0,63,0.46,1.5,15,0.035,0.02,0.02,0.03,2
-8689.67,-0.0869,91310.33,10104.1,0.101,-0.754,-0.86,0.224,25,0.2,5,20,5.6,False,True,-0.0455,0.0171,6583.76,29432.94,3,0,15,4,3,0,0,0,0,0,0,0,0,63,0.46,1.5,15,0.035,0.02,0.02,0.03,3
-8173.76,-0.0817,91826.24,10515.01,0.1031,-0.544,-0.777,0.356,27,0.1481,4,23,4.8,False,True,-0.0455,0.0341,9457.95,26588.54,3,0,19,3,2,0,0,0,0,0,0,0,0,56,0.46,1.5,15,0.035,0.02,0.02,0.05,1
-8173.76,-0.0817,91826.24,10515.01,0.1031,-0.544,-0.777,0.356,27,0.1481,4,23,4.8,False,True,-0.0455,0.0341,9457.95,26588.54,3,0,19,3,2,0,0,0,0,0,0,0,0,56,0.46,1.5,15,0.035,0.02,0.02,0.05,2
-8173.76,-0.0817,91826.24,10515.01,0.1031,-0.544,-0.777,0.356,27,0.1481,4,23,4.8,False,True,-0.0455,0.0341,9457.95,26588.54,3,0,19,3,2,0,0,0,0,0,0,0,0,56,0.46,1.5,15,0.035,0.02,0.02,0.05,3
-9750.79,-0.0975,90249.21,10098.87,0.101,-0.822,-0.966,0.228,27,0.1481,4,23,4.8,False,True,-0.0455,0.0171,5472.46,24026.25,3,0,19,3,2,0,0,0,0,0,0,13,0,56,0.46,1.5,15,0.035,0.03,0.01,0.03,1
-9750.79,-0.0975,90249.21,10098.87,0.101,-0.822,-0.966,0.228,27,0.1481,4,23,4.8,False,True,-0.0455,0.0171,5472.46,24026.25,3,0,19,3,2,0,0,0,0,0,0,13,0,56,0.46,1.5,15,0.035,0.03,0.01,0.03,2
-9750.79,-0.0975,90249.21,10098.87,0.101,-0.822,-0.966,0.228,27,0.1481,4,23,4.8,False,True,-0.0455,0.0171,5472.46,24026.25,3,0,19,3,2,0,0,0,0,0,0,13,0,56,0.46,1.5,15,0.035,0.03,0.01,0.03,3
-7663.51,-0.0766,92336.49,10573.44,0.1031,-0.502,-0.725,0.363,26,0.1538,4,22,4.9,False,True,-0.0455,0.0341,9479.63,26149.74,3,0,18,3,2,0,0,0,0,0,0,11,0,56,0.46,1.5,15,0.035,0.03,0.01,0.05,1
-7663.51,-0.0766,92336.49,10573.44,0.1031,-0.502,-0.725,0.363,26,0.1538,4,22,4.9,False,True,-0.0455,0.0341,9479.63,26149.74,3,0,18,3,2,0,0,0,0,0,0,11,0,56,0.46,1.5,15,0.035,0.03,0.01,0.05,2
-7663.51,-0.0766,92336.49,10573.44,0.1031,-0.502,-0.725,0.363,26,0.1538,4,22,4.9,False,True,-0.0455,0.0341,9479.63,26149.74,3,0,18,3,2,0,0,0,0,0,0,11,0,56,0.46,1.5,15,0.035,0.03,0.01,0.05,3
-8689.67,-0.0869,91310.33,10104.1,0.101,-0.754,-0.86,0.224,25,0.2,5,20,5.6,False,True,-0.0455,0.0171,6583.76,29432.94,3,0,15,4,3,0,0,0,0,0,0,0,0,63,0.46,1.5,15,0.035,0.03,0.02,0.03,1
-8689.67,-0.0869,91310.33,10104.1,0.101,-0.754,-0.86,0.224,25,0.2,5,20,5.6,False,True,-0.0455,0.0171,6583.76,29432.94,3,0,15,4,3,0,0,0,0,0,0,0,0,63,0.46,1.5,15,0.035,0.03,0.02,0.03,2
-8689.67,-0.0869,91310.33,10104.1,0.101,-0.754,-0.86,0.224,25,0.2,5,20,5.6,False,True,-0.0455,0.0171,6583.76,29432.94,3,0,15,4,3,0,0,0,0,0,0,0,0,63,0.46,1.5,15,0.035,0.03,0.02,0.03,3
-8173.76,-0.0817,91826.24,10515.01,0.1031,-0.544,-0.777,0.356,27,0.1481,4,23,4.8,False,True,-0.0455,0.0341,9457.95,26588.54,3,0,19,3,2,0,0,0,0,0,0,10,0,56,0.46,1.5,15,0.035,0.03,0.02,0.05,1
-8173.76,-0.0817,91826.24,10515.01,0.1031,-0.544,-0.777,0.356,27,0.1481,4,23,4.8,False,True,-0.0455,0.0341,9457.95,26588.54,3,0,19,3,2,0,0,0,0,0,0,10,0,56,0.46,1.5,15,0.035,0.03,0.02,0.05,2
-8173.76,-0.0817,91826.24,10515.01,0.1031,-0.544,-0.777,0.356,27,0.1481,4,23,4.8,False,True,-0.0455,0.0341,9457.95,26588.54,3,0,19,3,2,0,0,0,0,0,0,10,0,56,0.46,1.5,15,0.035,0.03,0.02,0.05,3
-9870.16,-0.0987,90129.84,10005.24,0.1,-1.181,-0.986,0.374,72,0.1806,13,59,5.0,False,True,-0.0307,0.0057,5650.83,15103.31,13,0,44,9,6,0,0,0,0,0,0,0,0,164,0.48,0.5,5,0.025,0.02,0.01,0.03,1
-9870.16,-0.0987,90129.84,10005.24,0.1,-1.181,-0.986,0.374,72,0.1806,13,59,5.0,False,True,-0.0307,0.0057,5650.83,15103.31,13,0,44,9,6,0,0,0,0,0,0,0,0,164,0.48,0.5,5,0.025,0.02,0.01,0.03,2
-9870.16,-0.0987,90129.84,10005.24,0.1,-1.181,-0.986,0.374,72,0.1806,13,59,5.0,False,True,-0.0307,0.0057,5650.83,15103.31,13,0,44,9,6,0,0,0,0,0,0,0,0,164,0.48,0.5,5,0.025,0.02,0.01,0.03,3
-9965.37,-0.0997,90034.63,10019.11,0.1002,-1.092,-0.995,0.34,56,0.1429,8,48,5.0,False,True,-0.0307,0.0114,5339.48,15691.64,10,0,36,5,5,0,0,0,0,0,0,3,0,125,0.48,0.5,5,0.025,0.02,0.01,0.05,1
-9965.37,-0.0997,90034.63,10019.11,0.1002,-1.092,-0.995,0.34,56,0.1429,8,48,5.0,False,True,-0.0307,0.0114,5339.48,15691.64,10,0,36,5,5,0,0,0,0,0,0,3,0,125,0.48,0.5,5,0.025,0.02,0.01,0.05,2
-9965.37,-0.0997,90034.63,10019.11,0.1002,-1.092,-0.995,0.34,56,0.1429,8,48,5.0,False,True,-0.0307,0.0114,5339.48,15691.64,10,0,36,5,5,0,0,0,0,0,0,3,0,125,0.48,0.5,5,0.025,0.02,0.01,0.05,3
-9870.16,-0.0987,90129.84,10005.24,0.1,-1.181,-0.986,0.374,72,0.1806,13,59,5.0,False,True,-0.0307,0.0057,5650.83,15103.31,13,0,44,9,6,0,0,0,0,0,0,0,0,164,0.48,0.5,5,0.025,0.02,0.02,0.03,1
-9870.16,-0.0987,90129.84,10005.24,0.1,-1.181,-0.986,0.374,72,0.1806,13,59,5.0,False,True,-0.0307,0.0057,5650.83,15103.31,13,0,44,9,6,0,0,0,0,0,0,0,0,164,0.48,0.5,5,0.025,0.02,0.02,0.03,2
-9870.16,-0.0987,90129.84,10005.24,0.1,-1.181,-0.986,0.374,72,0.1806,13,59,5.0,False,True,-0.0307,0.0057,5650.83,15103.31,13,0,44,9,6,0,0,0,0,0,0,0,0,164,0.48,0.5,5,0.025,0.02,0.02,0.03,3
-9888.78,-0.0989,90111.22,10180.68,0.1018,-1.086,-0.971,0.342,54,0.1481,8,46,5.3,False,True,-0.0307,0.0114,5340.19,15616.08,10,0,33,5,6,0,0,0,0,0,0,0,0,133,0.48,0.5,5,0.025,0.02,0.02,0.05,1
-9888.78,-0.0989,90111.22,10180.68,0.1018,-1.086,-0.971,0.342,54,0.1481,8,46,5.3,False,True,-0.0307,0.0114,5340.19,15616.08,10,0,33,5,6,0,0,0,0,0,0,0,0,133,0.48,0.5,5,0.025,0.02,0.02,0.05,2
-9888.78,-0.0989,90111.22,10180.68,0.1018,-1.086,-0.971,0.342,54,0.1481,8,46,5.3,False,True,-0.0307,0.0114,5340.19,15616.08,10,0,33,5,6,0,0,0,0,0,0,0,0,133,0.48,0.5,5,0.025,0.02,0.02,0.05,3
-9870.16,-0.0987,90129.84,10005.24,0.1,-1.181,-0.986,0.374,72,0.1806,13,59,5.0,False,True,-0.0307,0.0057,5650.83,15103.31,13,0,44,9,6,0,0,0,0,0,0,0,0,164,0.48,0.5,5,0.025,0.03,0.01,0.03,1
-9870.16,-0.0987,90129.84,10005.24,0.1,-1.181,-0.986,0.374,72,0.1806,13,59,5.0,False,True,-0.0307,0.0057,5650.83,15103.31,13,0,44,9,6,0,0,0,0,0,0,0,0,164,0.48,0.5,5,0.025,0.03,0.01,0.03,2
-9870.16,-0.0987,90129.84,10005.24,0.1,-1.181,-0.986,0.374,72,0.1806,13,59,5.0,False,True,-0.0307,0.0057,5650.83,15103.31,13,0,44,9,6,0,0,0,0,0,0,0,0,164,0.48,0.5,5,0.025,0.03,0.01,0.03,3
-9965.37,-0.0997,90034.63,10019.11,0.1002,-1.092,-0.995,0.34,56,0.1429,8,48,5.0,False,True,-0.0307,0.0114,5339.48,15691.64,10,0,36,5,5,0,0,0,0,0,0,3,0,125,0.48,0.5,5,0.025,0.03,0.01,0.05,1
-9965.37,-0.0997,90034.63,10019.11,0.1002,-1.092,-0.995,0.34,56,0.1429,8,48,5.0,False,True,-0.0307,0.0114,5339.48,15691.64,10,0,36,5,5,0,0,0,0,0,0,3,0,125,0.48,0.5,5,0.025,0.03,0.01,0.05,2
-9965.37,-0.0997,90034.63,10019.11,0.1002,-1.092,-0.995,0.34,56,0.1429,8,48,5.0,False,True,-0.0307,0.0114,5339.48,15691.64,10,0,36,5,5,0,0,0,0,0,0,3,0,125,0.48,0.5,5,0.025,0.03,0.01,0.05,3
-9870.16,-0.0987,90129.84,10005.24,0.1,-1.181,-0.986,0.374,72,0.1806,13,59,5.0,False,True,-0.0307,0.0057,5650.83,15103.31,13,0,44,9,6,0,0,0,0,0,0,0,0,164,0.48,0.5,5,0.025,0.03,0.02,0.03,1
-9870.16,-0.0987,90129.84,10005.24,0.1,-1.181,-0.986,0.374,72,0.1806,13,59,5.0,False,True,-0.0307,0.0057,5650.83,15103.31,13,0,44,9,6,0,0,0,0,0,0,0,0,164,0.48,0.5,5,0.025,0.03,0.02,0.03,2
-9870.16,-0.0987,90129.84,10005.24,0.1,-1.181,-0.986,0.374,72,0.1806,13,59,5.0,False,True,-0.0307,0.0057,5650.83,15103.31,13,0,44,9,6,0,0,0,0,0,0,0,0,164,0.48,0.5,5,0.025,0.03,0.02,0.03,3
-9888.78,-0.0989,90111.22,10180.68,0.1018,-1.086,-0.971,0.342,54,0.1481,8,46,5.3,False,True,-0.0307,0.0114,5340.19,15616.08,10,0,33,5,6,0,0,0,0,0,0,0,0,133,0.48,0.5,5,0.025,0.03,0.02,0.05,1
-9888.78,-0.0989,90111.22,10180.68,0.1018,-1.086,-0.971,0.342,54,0.1481,8,46,5.3,False,True,-0.0307,0.0114,5340.19,15616.08,10,0,33,5,6,0,0,0,0,0,0,0,0,133,0.48,0.5,5,0.025,0.03,0.02,0.05,2
-9888.78,-0.0989,90111.22,10180.68,0.1018,-1.086,-0.971,0.342,54,0.1481,8,46,5.3,False,True,-0.0307,0.0114,5340.19,15616.08,10,0,33,5,6,0,0,0,0,0,0,0,0,133,0.48,0.5,5,0.025,0.03,0.02,0.05,3
-9870.17,-0.0987,90129.83,10005.26,0.1,-1.178,-0.986,0.374,72,0.1806,13,59,5.2,False,True,-0.0309,0.0057,5653.43,15105.93,13,0,43,9,7,0,0,0,0,0,0,0,0,171,0.48,0.5,5,0.035,0.02,0.01,0.03,1
-9870.17,-0.0987,90129.83,10005.26,0.1,-1.178,-0.986,0.374,72,0.1806,13,59,5.2,False,True,-0.0309,0.0057,5653.43,15105.93,13,0,43,9,7,0,0,0,0,0,0,0,0,171,0.48,0.5,5,0.035,0.02,0.01,0.03,2
-9870.17,-0.0987,90129.83,10005.26,0.1,-1.178,-0.986,0.374,72,0.1806,13,59,5.2,False,True,-0.0309,0.0057,5653.43,15105.93,13,0,43,9,7,0,0,0,0,0,0,0,0,171,0.48,0.5,5,0.035,0.02,0.01,0.03,3
-9738.7,-0.0974,90261.3,10031.07,0.1003,-1.057,-0.971,0.346,56,0.1429,8,48,5.2,False,True,-0.0309,0.0114,5355.06,15481.52,10,0,35,5,6,0,0,0,0,0,0,3,0,135,0.48,0.5,5,0.035,0.02,0.01,0.05,1
-9738.7,-0.0974,90261.3,10031.07,0.1003,-1.057,-0.971,0.346,56,0.1429,8,48,5.2,False,True,-0.0309,0.0114,5355.06,15481.52,10,0,35,5,6,0,0,0,0,0,0,3,0,135,0.48,0.5,5,0.035,0.02,0.01,0.05,2
-9738.7,-0.0974,90261.3,10031.07,0.1003,-1.057,-0.971,0.346,56,0.1429,8,48,5.2,False,True,-0.0309,0.0114,5355.06,15481.52,10,0,35,5,6,0,0,0,0,0,0,3,0,135,0.48,0.5,5,0.035,0.02,0.01,0.05,3
-9870.17,-0.0987,90129.83,10005.26,0.1,-1.178,-0.986,0.374,72,0.1806,13,59,5.2,False,True,-0.0309,0.0057,5653.43,15105.93,13,0,43,9,7,0,0,0,0,0,0,0,0,171,0.48,0.5,5,0.035,0.02,0.02,0.03,1
-9870.17,-0.0987,90129.83,10005.26,0.1,-1.178,-0.986,0.374,72,0.1806,13,59,5.2,False,True,-0.0309,0.0057,5653.43,15105.93,13,0,43,9,7,0,0,0,0,0,0,0,0,171,0.48,0.5,5,0.035,0.02,0.02,0.03,2
-9870.17,-0.0987,90129.83,10005.26,0.1,-1.178,-0.986,0.374,72,0.1806,13,59,5.2,False,True,-0.0309,0.0057,5653.43,15105.93,13,0,43,9,7,0,0,0,0,0,0,0,0,171,0.48,0.5,5,0.035,0.02,0.02,0.03,3
-10220.96,-0.1022,89779.04,10232.85,0.1023,-1.061,-0.999,0.409,70,0.1714,12,58,5.3,False,True,-0.0309,0.0114,7076.14,17297.1,13,0,42,9,6,0,0,0,0,0,0,0,0,170,0.48,0.5,5,0.035,0.02,0.02,0.05,1
-10220.96,-0.1022,89779.04,10232.85,0.1023,-1.061,-0.999,0.409,70,0.1714,12,58,5.3,False,True,-0.0309,0.0114,7076.14,17297.1,13,0,42,9,6,0,0,0,0,0,0,0,0,170,0.48,0.5,5,0.035,0.02,0.02,0.05,2
-10220.96,-0.1022,89779.04,10232.85,0.1023,-1.061,-0.999,0.409,70,0.1714,12,58,5.3,False,True,-0.0309,0.0114,7076.14,17297.1,13,0,42,9,6,0,0,0,0,0,0,0,0,170,0.48,0.5,5,0.035,0.02,0.02,0.05,3
-9870.17,-0.0987,90129.83,10005.26,0.1,-1.178,-0.986,0.374,72,0.1806,13,59,5.2,False,True,-0.0309,0.0057,5653.43,15105.93,13,0,43,9,7,0,0,0,0,0,0,0,0,171,0.48,0.5,5,0.035,0.03,0.01,0.03,1
-9870.17,-0.0987,90129.83,10005.26,0.1,-1.178,-0.986,0.374,72,0.1806,13,59,5.2,False,True,-0.0309,0.0057,5653.43,15105.93,13,0,43,9,7,0,0,0,0,0,0,0,0,171,0.48,0.5,5,0.035,0.03,0.01,0.03,2
-9870.17,-0.0987,90129.83,10005.26,0.1,-1.178,-0.986,0.374,72,0.1806,13,59,5.2,False,True,-0.0309,0.0057,5653.43,15105.93,13,0,43,9,7,0,0,0,0,0,0,0,0,171,0.48,0.5,5,0.035,0.03,0.01,0.03,3
-9738.7,-0.0974,90261.3,10031.07,0.1003,-1.057,-0.971,0.346,56,0.1429,8,48,5.2,False,True,-0.0309,0.0114,5355.06,15481.52,10,0,35,5,6,0,0,0,0,0,0,3,0,135,0.48,0.5,5,0.035,0.03,0.01,0.05,1
-9738.7,-0.0974,90261.3,10031.07,0.1003,-1.057,-0.971,0.346,56,0.1429,8,48,5.2,False,True,-0.0309,0.0114,5355.06,15481.52,10,0,35,5,6,0,0,0,0,0,0,3,0,135,0.48,0.5,5,0.035,0.03,0.01,0.05,2
-9738.7,-0.0974,90261.3,10031.07,0.1003,-1.057,-0.971,0.346,56,0.1429,8,48,5.2,False,True,-0.0309,0.0114,5355.06,15481.52,10,0,35,5,6,0,0,0,0,0,0,3,0,135,0.48,0.5,5,0.035,0.03,0.01,0.05,3
-9870.17,-0.0987,90129.83,10005.26,0.1,-1.178,-0.986,0.374,72,0.1806,13,59,5.2,False,True,-0.0309,0.0057,5653.43,15105.93,13,0,43,9,7,0,0,0,0,0,0,0,0,171,0.48,0.5,5,0.035,0.03,0.02,0.03,1
-9870.17,-0.0987,90129.83,10005.26,0.1,-1.178,-0.986,0.374,72,0.1806,13,59,5.2,False,True,-0.0309,0.0057,5653.43,15105.93,13,0,43,9,7,0,0,0,0,0,0,0,0,171,0.48,0.5,5,0.035,0.03,0.02,0.03,2
-9870.17,-0.0987,90129.83,10005.26,0.1,-1.178,-0.986,0.374,72,0.1806,13,59,5.2,False,True,-0.0309,0.0057,5653.43,15105.93,13,0,43,9,7,0,0,0,0,0,0,0,0,171,0.48,0.5,5,0.035,0.03,0.02,0.03,3
-10220.96,-0.1022,89779.04,10232.85,0.1023,-1.061,-0.999,0.409,70,0.1714,12,58,5.3,False,True,-0.0309,0.0114,7076.14,17297.1,13,0,42,9,6,0,0,0,0,0,0,0,0,170,0.48,0.5,5,0.035,0.03,0.02,0.05,1
-10220.96,-0.1022,89779.04,10232.85,0.1023,-1.061,-0.999,0.409,70,0.1714,12,58,5.3,False,True,-0.0309,0.0114,7076.14,17297.1,13,0,42,9,6,0,0,0,0,0,0,0,0,170,0.48,0.5,5,0.035,0.03,0.02,0.05,2
-10220.96,-0.1022,89779.04,10232.85,0.1023,-1.061,-0.999,0.409,70,0.1714,12,58,5.3,False,True,-0.0309,0.0114,7076.14,17297.1,13,0,42,9,6,0,0,0,0,0,0,0,0,170,0.48,0.5,5,0.035,0.03,0.02,0.05,3
-9870.16,-0.0987,90129.84,10005.24,0.1,-1.181,-0.986,0.374,72,0.1806,13,59,5.0,False,True,-0.0307,0.0057,5650.83,15103.31,13,0,44,9,6,0,0,0,0,0,0,0,0,164,0.48,0.5,10,0.025,0.02,0.01,0.03,1
-9870.16,-0.0987,90129.84,10005.24,0.1,-1.181,-0.986,0.374,72,0.1806,13,59,5.0,False,True,-0.0307,0.0057,5650.83,15103.31,13,0,44,9,6,0,0,0,0,0,0,0,0,164,0.48,0.5,10,0.025,0.02,0.01,0.03,2
-9870.16,-0.0987,90129.84,10005.24,0.1,-1.181,-0.986,0.374,72,0.1806,13,59,5.0,False,True,-0.0307,0.0057,5650.83,15103.31,13,0,44,9,6,0,0,0,0,0,0,0,0,164,0.48,0.5,10,0.025,0.02,0.01,0.03,3
-9965.37,-0.0997,90034.63,10019.11,0.1002,-1.092,-0.995,0.34,56,0.1429,8,48,5.0,False,True,-0.0307,0.0114,5339.48,15691.64,10,0,36,5,5,0,0,0,0,0,0,3,0,125,0.48,0.5,10,0.025,0.02,0.01,0.05,1
-9965.37,-0.0997,90034.63,10019.11,0.1002,-1.092,-0.995,0.34,56,0.1429,8,48,5.0,False,True,-0.0307,0.0114,5339.48,15691.64,10,0,36,5,5,0,0,0,0,0,0,3,0,125,0.48,0.5,10,0.025,0.02,0.01,0.05,2
-9965.37,-0.0997,90034.63,10019.11,0.1002,-1.092,-0.995,0.34,56,0.1429,8,48,5.0,False,True,-0.0307,0.0114,5339.48,15691.64,10,0,36,5,5,0,0,0,0,0,0,3,0,125,0.48,0.5,10,0.025,0.02,0.01,0.05,3
-9870.16,-0.0987,90129.84,10005.24,0.1,-1.181,-0.986,0.374,72,0.1806,13,59,5.0,False,True,-0.0307,0.0057,5650.83,15103.31,13,0,44,9,6,0,0,0,0,0,0,0,0,164,0.48,0.5,10,0.025,0.02,0.02,0.03,1
-9870.16,-0.0987,90129.84,10005.24,0.1,-1.181,-0.986,0.374,72,0.1806,13,59,5.0,False,True,-0.0307,0.0057,5650.83,15103.31,13,0,44,9,6,0,0,0,0,0,0,0,0,164,0.48,0.5,10,0.025,0.02,0.02,0.03,2
-9870.16,-0.0987,90129.84,10005.24,0.1,-1.181,-0.986,0.374,72,0.1806,13,59,5.0,False,True,-0.0307,0.0057,5650.83,15103.31,13,0,44,9,6,0,0,0,0,0,0,0,0,164,0.48,0.5,10,0.025,0.02,0.02,0.03,3
-9888.78,-0.0989,90111.22,10180.68,0.1018,-1.086,-0.971,0.342,54,0.1481,8,46,5.3,False,True,-0.0307,0.0114,5340.19,15616.08,10,0,33,5,6,0,0,0,0,0,0,0,0,133,0.48,0.5,10,0.025,0.02,0.02,0.05,1
-9888.78,-0.0989,90111.22,10180.68,0.1018,-1.086,-0.971,0.342,54,0.1481,8,46,5.3,False,True,-0.0307,0.0114,5340.19,15616.08,10,0,33,5,6,0,0,0,0,0,0,0,0,133,0.48,0.5,10,0.025,0.02,0.02,0.05,2
-9888.78,-0.0989,90111.22,10180.68,0.1018,-1.086,-0.971,0.342,54,0.1481,8,46,5.3,False,True,-0.0307,0.0114,5340.19,15616.08,10,0,33,5,6,0,0,0,0,0,0,0,0,133,0.48,0.5,10,0.025,0.02,0.02,0.05,3
-9870.16,-0.0987,90129.84,10005.24,0.1,-1.181,-0.986,0.374,72,0.1806,13,59,5.0,False,True,-0.0307,0.0057,5650.83,15103.31,13,0,44,9,6,0,0,0,0,0,0,0,0,164,0.48,0.5,10,0.025,0.03,0.01,0.03,1
-9870.16,-0.0987,90129.84,10005.24,0.1,-1.181,-0.986,0.374,72,0.1806,13,59,5.0,False,True,-0.0307,0.0057,5650.83,15103.31,13,0,44,9,6,0,0,0,0,0,0,0,0,164,0.48,0.5,10,0.025,0.03,0.01,0.03,2
-9870.16,-0.0987,90129.84,10005.24,0.1,-1.181,-0.986,0.374,72,0.1806,13,59,5.0,False,True,-0.0307,0.0057,5650.83,15103.31,13,0,44,9,6,0,0,0,0,0,0,0,0,164,0.48,0.5,10,0.025,0.03,0.01,0.03,3
-9965.37,-0.0997,90034.63,10019.11,0.1002,-1.092,-0.995,0.34,56,0.1429,8,48,5.0,False,True,-0.0307,0.0114,5339.48,15691.64,10,0,36,5,5,0,0,0,0,0,0,3,0,125,0.48,0.5,10,0.025,0.03,0.01,0.05,1
-9965.37,-0.0997,90034.63,10019.11,0.1002,-1.092,-0.995,0.34,56,0.1429,8,48,5.0,False,True,-0.0307,0.0114,5339.48,15691.64,10,0,36,5,5,0,0,0,0,0,0,3,0,125,0.48,0.5,10,0.025,0.03,0.01,0.05,2
-9965.37,-0.0997,90034.63,10019.11,0.1002,-1.092,-0.995,0.34,56,0.1429,8,48,5.0,False,True,-0.0307,0.0114,5339.48,15691.64,10,0,36,5,5,0,0,0,0,0,0,3,0,125,0.48,0.5,10,0.025,0.03,0.01,0.05,3
-9870.16,-0.0987,90129.84,10005.24,0.1,-1.181,-0.986,0.374,72,0.1806,13,59,5.0,False,True,-0.0307,0.0057,5650.83,15103.31,13,0,44,9,6,0,0,0,0,0,0,0,0,164,0.48,0.5,10,0.025,0.03,0.02,0.03,1
-9870.16,-0.0987,90129.84,10005.24,0.1,-1.181,-0.986,0.374,72,0.1806,13,59,5.0,False,True,-0.0307,0.0057,5650.83,15103.31,13,0,44,9,6,0,0,0,0,0,0,0,0,164,0.48,0.5,10,0.025,0.03,0.02,0.03,2
-9870.16,-0.0987,90129.84,10005.24,0.1,-1.181,-0.986,0.374,72,0.1806,13,59,5.0,False,True,-0.0307,0.0057,5650.83,15103.31,13,0,44,9,6,0,0,0,0,0,0,0,0,164,0.48,0.5,10,0.025,0.03,0.02,0.03,3
-9888.78,-0.0989,90111.22,10180.68,0.1018,-1.086,-0.971,0.342,54,0.1481,8,46,5.3,False,True,-0.0307,0.0114,5340.19,15616.08,10,0,33,5,6,0,0,0,0,0,0,0,0,133,0.48,0.5,10,0.025,0.03,0.02,0.05,1
-9888.78,-0.0989,90111.22,10180.68,0.1018,-1.086,-0.971,0.342,54,0.1481,8,46,5.3,False,True,-0.0307,0.0114,5340.19,15616.08,10,0,33,5,6,0,0,0,0,0,0,0,0,133,0.48,0.5,10,0.025,0.03,0.02,0.05,2
-9888.78,-0.0989,90111.22,10180.68,0.1018,-1.086,-0.971,0.342,54,0.1481,8,46,5.3,False,True,-0.0307,0.0114,5340.19,15616.08,10,0,33,5,6,0,0,0,0,0,0,0,0,133,0.48,0.5,10,0.025,0.03,0.02,0.05,3
-9870.17,-0.0987,90129.83,10005.26,0.1,-1.178,-0.986,0.374,72,0.1806,13,59,5.2,False,True,-0.0309,0.0057,5653.43,15105.93,13,0,43,9,7,0,0,0,0,0,0,0,0,171,0.48,0.5,10,0.035,0.02,0.01,0.03,1
-9870.17,-0.0987,90129.83,10005.26,0.1,-1.178,-0.986,0.374,72,0.1806,13,59,5.2,False,True,-0.0309,0.0057,5653.43,15105.93,13,0,43,9,7,0,0,0,0,0,0,0,0,171,0.48,0.5,10,0.035,0.02,0.01,0.03,2
-9870.17,-0.0987,90129.83,10005.26,0.1,-1.178,-0.986,0.374,72,0.1806,13,59,5.2,False,True,-0.0309,0.0057,5653.43,15105.93,13,0,43,9,7,0,0,0,0,0,0,0,0,171,0.48,0.5,10,0.035,0.02,0.01,0.03,3
-9738.7,-0.0974,90261.3,10031.07,0.1003,-1.057,-0.971,0.346,56,0.1429,8,48,5.2,False,True,-0.0309,0.0114,5355.06,15481.52,10,0,35,5,6,0,0,0,0,0,0,3,0,135,0.48,0.5,10,0.035,0.02,0.01,0.05,1
-9738.7,-0.0974,90261.3,10031.07,0.1003,-1.057,-0.971,0.346,56,0.1429,8,48,5.2,False,True,-0.0309,0.0114,5355.06,15481.52,10,0,35,5,6,0,0,0,0,0,0,3,0,135,0.48,0.5,10,0.035,0.02,0.01,0.05,2
-9738.7,-0.0974,90261.3,10031.07,0.1003,-1.057,-0.971,0.346,56,0.1429,8,48,5.2,False,True,-0.0309,0.0114,5355.06,15481.52,10,0,35,5,6,0,0,0,0,0,0,3,0,135,0.48,0.5,10,0.035,0.02,0.01,0.05,3
-9870.17,-0.0987,90129.83,10005.26,0.1,-1.178,-0.986,0.374,72,0.1806,13,59,5.2,False,True,-0.0309,0.0057,5653.43,15105.93,13,0,43,9,7,0,0,0,0,0,0,0,0,171,0.48,0.5,10,0.035,0.02,0.02,0.03,1
-9870.17,-0.0987,90129.83,10005.26,0.1,-1.178,-0.986,0.374,72,0.1806,13,59,5.2,False,True,-0.0309,0.0057,5653.43,15105.93,13,0,43,9,7,0,0,0,0,0,0,0,0,171,0.48,0.5,10,0.035,0.02,0.02,0.03,2
-9870.17,-0.0987,90129.83,10005.26,0.1,-1.178,-0.986,0.374,72,0.1806,13,59,5.2,False,True,-0.0309,0.0057,5653.43,15105.93,13,0,43,9,7,0,0,0,0,0,0,0,0,171,0.48,0.5,10,0.035,0.02,0.02,0.03,3
-10220.96,-0.1022,89779.04,10232.85,0.1023,-1.061,-0.999,0.409,70,0.1714,12,58,5.3,False,True,-0.0309,0.0114,7076.14,17297.1,13,0,42,9,6,0,0,0,0,0,0,0,0,170,0.48,0.5,10,0.035,0.02,0.02,0.05,1
-10220.96,-0.1022,89779.04,10232.85,0.1023,-1.061,-0.999,0.409,70,0.1714,12,58,5.3,False,True,-0.0309,0.0114,7076.14,17297.1,13,0,42,9,6,0,0,0,0,0,0,0,0,170,0.48,0.5,10,0.035,0.02,0.02,0.05,2
-10220.96,-0.1022,89779.04,10232.85,0.1023,-1.061,-0.999,0.409,70,0.1714,12,58,5.3,False,True,-0.0309,0.0114,7076.14,17297.1,13,0,42,9,6,0,0,0,0,0,0,0,0,170,0.48,0.5,10,0.035,0.02,0.02,0.05,3
-9870.17,-0.0987,90129.83,10005.26,0.1,-1.178,-0.986,0.374,72,0.1806,13,59,5.2,False,True,-0.0309,0.0057,5653.43,15105.93,13,0,43,9,7,0,0,0,0,0,0,0,0,171,0.48,0.5,10,0.035,0.03,0.01,0.03,1
-9870.17,-0.0987,90129.83,10005.26,0.1,-1.178,-0.986,0.374,72,0.1806,13,59,5.2,False,True,-0.0309,0.0057,5653.43,15105.93,13,0,43,9,7,0,0,0,0,0,0,0,0,171,0.48,0.5,10,0.035,0.03,0.01,0.03,2
-9870.17,-0.0987,90129.83,10005.26,0.1,-1.178,-0.986,0.374,72,0.1806,13,59,5.2,False,True,-0.0309,0.0057,5653.43,15105.93,13,0,43,9,7,0,0,0,0,0,0,0,0,171,0.48,0.5,10,0.035,0.03,0.01,0.03,3
-9738.7,-0.0974,90261.3,10031.07,0.1003,-1.057,-0.971,0.346,56,0.1429,8,48,5.2,False,True,-0.0309,0.0114,5355.06,15481.52,10,0,35,5,6,0,0,0,0,0,0,3,0,135,0.48,0.5,10,0.035,0.03,0.01,0.05,1
-9738.7,-0.0974,90261.3,10031.07,0.1003,-1.057,-0.971,0.346,56,0.1429,8,48,5.2,False,True,-0.0309,0.0114,5355.06,15481.52,10,0,35,5,6,0,0,0,0,0,0,3,0,135,0.48,0.5,10,0.035,0.03,0.01,0.05,2
-9738.7,-0.0974,90261.3,10031.07,0.1003,-1.057,-0.971,0.346,56,0.1429,8,48,5.2,False,True,-0.0309,0.0114,5355.06,15481.52,10,0,35,5,6,0,0,0,0,0,0,3,0,135,0.48,0.5,10,0.035,0.03,0.01,0.05,3
-9870.17,-0.0987,90129.83,10005.26,0.1,-1.178,-0.986,0.374,72,0.1806,13,59,5.2,False,True,-0.0309,0.0057,5653.43,15105.93,13,0,43,9,7,0,0,0,0,0,0,0,0,171,0.48,0.5,10,0.035,0.03,0.02,0.03,1
-9870.17,-0.0987,90129.83,10005.26,0.1,-1.178,-0.986,0.374,72,0.1806,13,59,5.2,False,True,-0.0309,0.0057,5653.43,15105.93,13,0,43,9,7,0,0,0,0,0,0,0,0,171,0.48,0.5,10,0.035,0.03,0.02,0.03,2
-9870.17,-0.0987,90129.83,10005.26,0.1,-1.178,-0.986,0.374,72,0.1806,13,59,5.2,False,True,-0.0309,0.0057,5653.43,15105.93,13,0,43,9,7,0,0,0,0,0,0,0,0,171,0.48,0.5,10,0.035,0.03,0.02,0.03,3
-10220.96,-0.1022,89779.04,10232.85,0.1023,-1.061,-0.999,0.409,70,0.1714,12,58,5.3,False,True,-0.0309,0.0114,7076.14,17297.1,13,0,42,9,6,0,0,0,0,0,0,0,0,170,0.48,0.5,10,0.035,0.03,0.02,0.05,1
-10220.96,-0.1022,89779.04,10232.85,0.1023,-1.061,-0.999,0.409,70,0.1714,12,58,5.3,False,True,-0.0309,0.0114,7076.14,17297.1,13,0,42,9,6,0,0,0,0,0,0,0,0,170,0.48,0.5,10,0.035,0.03,0.02,0.05,2
-10220.96,-0.1022,89779.04,10232.85,0.1023,-1.061,-0.999,0.409,70,0.1714,12,58,5.3,False,True,-0.0309,0.0114,7076.14,17297.1,13,0,42,9,6,0,0,0,0,0,0,0,0,170,0.48,0.5,10,0.035,0.03,0.02,0.05,3
-9870.16,-0.0987,90129.84,10005.24,0.1,-1.181,-0.986,0.374,72,0.1806,13,59,5.0,False,True,-0.0307,0.0057,5650.83,15103.31,13,0,44,9,6,0,0,0,0,0,0,0,0,164,0.48,0.5,15,0.025,0.02,0.01,0.03,1
-9870.16,-0.0987,90129.84,10005.24,0.1,-1.181,-0.986,0.374,72,0.1806,13,59,5.0,False,True,-0.0307,0.0057,5650.83,15103.31,13,0,44,9,6,0,0,0,0,0,0,0,0,164,0.48,0.5,15,0.025,0.02,0.01,0.03,2
-9870.16,-0.0987,90129.84,10005.24,0.1,-1.181,-0.986,0.374,72,0.1806,13,59,5.0,False,True,-0.0307,0.0057,5650.83,15103.31,13,0,44,9,6,0,0,0,0,0,0,0,0,164,0.48,0.5,15,0.025,0.02,0.01,0.03,3
-9965.37,-0.0997,90034.63,10019.11,0.1002,-1.092,-0.995,0.34,56,0.1429,8,48,5.0,False,True,-0.0307,0.0114,5339.48,15691.64,10,0,36,5,5,0,0,0,0,0,0,3,0,125,0.48,0.5,15,0.025,0.02,0.01,0.05,1
-9965.37,-0.0997,90034.63,10019.11,0.1002,-1.092,-0.995,0.34,56,0.1429,8,48,5.0,False,True,-0.0307,0.0114,5339.48,15691.64,10,0,36,5,5,0,0,0,0,0,0,3,0,125,0.48,0.5,15,0.025,0.02,0.01,0.05,2
-9965.37,-0.0997,90034.63,10019.11,0.1002,-1.092,-0.995,0.34,56,0.1429,8,48,5.0,False,True,-0.0307,0.0114,5339.48,15691.64,10,0,36,5,5,0,0,0,0,0,0,3,0,125,0.48,0.5,15,0.025,0.02,0.01,0.05,3
-9870.16,-0.0987,90129.84,10005.24,0.1,-1.181,-0.986,0.374,72,0.1806,13,59,5.0,False,True,-0.0307,0.0057,5650.83,15103.31,13,0,44,9,6,0,0,0,0,0,0,0,0,164,0.48,0.5,15,0.025,0.02,0.02,0.03,1
-9870.16,-0.0987,90129.84,10005.24,0.1,-1.181,-0.986,0.374,72,0.1806,13,59,5.0,False,True,-0.0307,0.0057,5650.83,15103.31,13,0,44,9,6,0,0,0,0,0,0,0,0,164,0.48,0.5,15,0.025,0.02,0.02,0.03,2
-9870.16,-0.0987,90129.84,10005.24,0.1,-1.181,-0.986,0.374,72,0.1806,13,59,5.0,False,True,-0.0307,0.0057,5650.83,15103.31,13,0,44,9,6,0,0,0,0,0,0,0,0,164,0.48,0.5,15,0.025,0.02,0.02,0.03,3
-9888.78,-0.0989,90111.22,10180.68,0.1018,-1.086,-0.971,0.342,54,0.1481,8,46,5.3,False,True,-0.0307,0.0114,5340.19,15616.08,10,0,33,5,6,0,0,0,0,0,0,0,0,133,0.48,0.5,15,0.025,0.02,0.02,0.05,1
-9888.78,-0.0989,90111.22,10180.68,0.1018,-1.086,-0.971,0.342,54,0.1481,8,46,5.3,False,True,-0.0307,0.0114,5340.19,15616.08,10,0,33,5,6,0,0,0,0,0,0,0,0,133,0.48,0.5,15,0.025,0.02,0.02,0.05,2
-9888.78,-0.0989,90111.22,10180.68,0.1018,-1.086,-0.971,0.342,54,0.1481,8,46,5.3,False,True,-0.0307,0.0114,5340.19,15616.08,10,0,33,5,6,0,0,0,0,0,0,0,0,133,0.48,0.5,15,0.025,0.02,0.02,0.05,3
-9870.16,-0.0987,90129.84,10005.24,0.1,-1.181,-0.986,0.374,72,0.1806,13,59,5.0,False,True,-0.0307,0.0057,5650.83,15103.31,13,0,44,9,6,0,0,0,0,0,0,0,0,164,0.48,0.5,15,0.025,0.03,0.01,0.03,1
-9870.16,-0.0987,90129.84,10005.24,0.1,-1.181,-0.986,0.374,72,0.1806,13,59,5.0,False,True,-0.0307,0.0057,5650.83,15103.31,13,0,44,9,6,0,0,0,0,0,0,0,0,164,0.48,0.5,15,0.025,0.03,0.01,0.03,2
-9870.16,-0.0987,90129.84,10005.24,0.1,-1.181,-0.986,0.374,72,0.1806,13,59,5.0,False,True,-0.0307,0.0057,5650.83,15103.31,13,0,44,9,6,0,0,0,0,0,0,0,0,164,0.48,0.5,15,0.025,0.03,0.01,0.03,3
-9965.37,-0.0997,90034.63,10019.11,0.1002,-1.092,-0.995,0.34,56,0.1429,8,48,5.0,False,True,-0.0307,0.0114,5339.48,15691.64,10,0,36,5,5,0,0,0,0,0,0,3,0,125,0.48,0.5,15,0.025,0.03,0.01,0.05,1
-9965.37,-0.0997,90034.63,10019.11,0.1002,-1.092,-0.995,0.34,56,0.1429,8,48,5.0,False,True,-0.0307,0.0114,5339.48,15691.64,10,0,36,5,5,0,0,0,0,0,0,3,0,125,0.48,0.5,15,0.025,0.03,0.01,0.05,2
-9965.37,-0.0997,90034.63,10019.11,0.1002,-1.092,-0.995,0.34,56,0.1429,8,48,5.0,False,True,-0.0307,0.0114,5339.48,15691.64,10,0,36,5,5,0,0,0,0,0,0,3,0,125,0.48,0.5,15,0.025,0.03,0.01,0.05,3
-9870.16,-0.0987,90129.84,10005.24,0.1,-1.181,-0.986,0.374,72,0.1806,13,59,5.0,False,True,-0.0307,0.0057,5650.83,15103.31,13,0,44,9,6,0,0,0,0,0,0,0,0,164,0.48,0.5,15,0.025,0.03,0.02,0.03,1
-9870.16,-0.0987,90129.84,10005.24,0.1,-1.181,-0.986,0.374,72,0.1806,13,59,5.0,False,True,-0.0307,0.0057,5650.83,15103.31,13,0,44,9,6,0,0,0,0,0,0,0,0,164,0.48,0.5,15,0.025,0.03,0.02,0.03,2
-9870.16,-0.0987,90129.84,10005.24,0.1,-1.181,-0.986,0.374,72,0.1806,13,59,5.0,False,True,-0.0307,0.0057,5650.83,15103.31,13,0,44,9,6,0,0,0,0,0,0,0,0,164,0.48,0.5,15,0.025,0.03,0.02,0.03,3
-9888.78,-0.0989,90111.22,10180.68,0.1018,-1.086,-0.971,0.342,54,0.1481,8,46,5.3,False,True,-0.0307,0.0114,5340.19,15616.08,10,0,33,5,6,0,0,0,0,0,0,0,0,133,0.48,0.5,15,0.025,0.03,0.02,0.05,1
-9888.78,-0.0989,90111.22,10180.68,0.1018,-1.086,-0.971,0.342,54,0.1481,8,46,5.3,False,True,-0.0307,0.0114,5340.19,15616.08,10,0,33,5,6,0,0,0,0,0,0,0,0,133,0.48,0.5,15,0.025,0.03,0.02,0.05,2
-9888.78,-0.0989,90111.22,10180.68,0.1018,-1.086,-0.971,0.342,54,0.1481,8,46,5.3,False,True,-0.0307,0.0114,5340.19,15616.08,10,0,33,5,6,0,0,0,0,0,0,0,0,133,0.48,0.5,15,0.025,0.03,0.02,0.05,3
-9870.17,-0.0987,90129.83,10005.26,0.1,-1.178,-0.986,0.374,72,0.1806,13,59,5.2,False,True,-0.0309,0.0057,5653.43,15105.93,13,0,43,9,7,0,0,0,0,0,0,0,0,171,0.48,0.5,15,0.035,0.02,0.01,0.03,1
-9870.17,-0.0987,90129.83,10005.26,0.1,-1.178,-0.986,0.374,72,0.1806,13,59,5.2,False,True,-0.0309,0.0057,5653.43,15105.93,13,0,43,9,7,0,0,0,0,0,0,0,0,171,0.48,0.5,15,0.035,0.02,0.01,0.03,2
-9870.17,-0.0987,90129.83,10005.26,0.1,-1.178,-0.986,0.374,72,0.1806,13,59,5.2,False,True,-0.0309,0.0057,5653.43,15105.93,13,0,43,9,7,0,0,0,0,0,0,0,0,171,0.48,0.5,15,0.035,0.02,0.01,0.03,3
-9738.7,-0.0974,90261.3,10031.07,0.1003,-1.057,-0.971,0.346,56,0.1429,8,48,5.2,False,True,-0.0309,0.0114,5355.06,15481.52,10,0,35,5,6,0,0,0,0,0,0,3,0,135,0.48,0.5,15,0.035,0.02,0.01,0.05,1
-9738.7,-0.0974,90261.3,10031.07,0.1003,-1.057,-0.971,0.346,56,0.1429,8,48,5.2,False,True,-0.0309,0.0114,5355.06,15481.52,10,0,35,5,6,0,0,0,0,0,0,3,0,135,0.48,0.5,15,0.035,0.02,0.01,0.05,2
-9738.7,-0.0974,90261.3,10031.07,0.1003,-1.057,-0.971,0.346,56,0.1429,8,48,5.2,False,True,-0.0309,0.0114,5355.06,15481.52,10,0,35,5,6,0,0,0,0,0,0,3,0,135,0.48,0.5,15,0.035,0.02,0.01,0.05,3
-9870.17,-0.0987,90129.83,10005.26,0.1,-1.178,-0.986,0.374,72,0.1806,13,59,5.2,False,True,-0.0309,0.0057,5653.43,15105.93,13,0,43,9,7,0,0,0,0,0,0,0,0,171,0.48,0.5,15,0.035,0.02,0.02,0.03,1
-9870.17,-0.0987,90129.83,10005.26,0.1,-1.178,-0.986,0.374,72,0.1806,13,59,5.2,False,True,-0.0309,0.0057,5653.43,15105.93,13,0,43,9,7,0,0,0,0,0,0,0,0,171,0.48,0.5,15,0.035,0.02,0.02,0.03,2
-9870.17,-0.0987,90129.83,10005.26,0.1,-1.178,-0.986,0.374,72,0.1806,13,59,5.2,False,True,-0.0309,0.0057,5653.43,15105.93,13,0,43,9,7,0,0,0,0,0,0,0,0,171,0.48,0.5,15,0.035,0.02,0.02,0.03,3
-10220.96,-0.1022,89779.04,10232.85,0.1023,-1.061,-0.999,0.409,70,0.1714,12,58,5.3,False,True,-0.0309,0.0114,7076.14,17297.1,13,0,42,9,6,0,0,0,0,0,0,0,0,170,0.48,0.5,15,0.035,0.02,0.02,0.05,1
-10220.96,-0.1022,89779.04,10232.85,0.1023,-1.061,-0.999,0.409,70,0.1714,12,58,5.3,False,True,-0.0309,0.0114,7076.14,17297.1,13,0,42,9,6,0,0,0,0,0,0,0,0,170,0.48,0.5,15,0.035,0.02,0.02,0.05,2
-10220.96,-0.1022,89779.04,10232.85,0.1023,-1.061,-0.999,0.409,70,0.1714,12,58,5.3,False,True,-0.0309,0.0114,7076.14,17297.1,13,0,42,9,6,0,0,0,0,0,0,0,0,170,0.48,0.5,15,0.035,0.02,0.02,0.05,3
-9870.17,-0.0987,90129.83,10005.26,0.1,-1.178,-0.986,0.374,72,0.1806,13,59,5.2,False,True,-0.0309,0.0057,5653.43,15105.93,13,0,43,9,7,0,0,0,0,0,0,0,0,171,0.48,0.5,15,0.035,0.03,0.01,0.03,1
-9870.17,-0.0987,90129.83,10005.26,0.1,-1.178,-0.986,0.374,72,0.1806,13,59,5.2,False,True,-0.0309,0.0057,5653.43,15105.93,13,0,43,9,7,0,0,0,0,0,0,0,0,171,0.48,0.5,15,0.035,0.03,0.01,0.03,2
-9870.17,-0.0987,90129.83,10005.26,0.1,-1.178,-0.986,0.374,72,0.1806,13,59,5.2,False,True,-0.0309,0.0057,5653.43,15105.93,13,0,43,9,7,0,0,0,0,0,0,0,0,171,0.48,0.5,15,0.035,0.03,0.01,0.03,3
-9738.7,-0.0974,90261.3,10031.07,0.1003,-1.057,-0.971,0.346,56,0.1429,8,48,5.2,False,True,-0.0309,0.0114,5355.06,15481.52,10,0,35,5,6,0,0,0,0,0,0,3,0,135,0.48,0.5,15,0.035,0.03,0.01,0.05,1
-9738.7,-0.0974,90261.3,10031.07,0.1003,-1.057,-0.971,0.346,56,0.1429,8,48,5.2,False,True,-0.0309,0.0114,5355.06,15481.52,10,0,35,5,6,0,0,0,0,0,0,3,0,135,0.48,0.5,15,0.035,0.03,0.01,0.05,2
-9738.7,-0.0974,90261.3,10031.07,0.1003,-1.057,-0.971,0.346,56,0.1429,8,48,5.2,False,True,-0.0309,0.0114,5355.06,15481.52,10,0,35,5,6,0,0,0,0,0,0,3,0,135,0.48,0.5,15,0.035,0.03,0.01,0.05,3
-9870.17,-0.0987,90129.83,10005.26,0.1,-1.178,-0.986,0.374,72,0.1806,13,59,5.2,False,True,-0.0309,0.0057,5653.43,15105.93,13,0,43,9,7,0,0,0,0,0,0,0,0,171,0.48,0.5,15,0.035,0.03,0.02,0.03,1
-9870.17,-0.0987,90129.83,10005.26,0.1,-1.178,-0.986,0.374,72,0.1806,13,59,5.2,False,True,-0.0309,0.0057,5653.43,15105.93,13,0,43,9,7,0,0,0,0,0,0,0,0,171,0.48,0.5,15,0.035,0.03,0.02,0.03,2
-9870.17,-0.0987,90129.83,10005.26,0.1,-1.178,-0.986,0.374,72,0.1806,13,59,5.2,False,True,-0.0309,0.0057,5653.43,15105.93,13,0,43,9,7,0,0,0,0,0,0,0,0,171,0.48,0.5,15,0.035,0.03,0.02,0.03,3
-10220.96,-0.1022,89779.04,10232.85,0.1023,-1.061,-0.999,0.409,70,0.1714,12,58,5.3,False,True,-0.0309,0.0114,7076.14,17297.1,13,0,42,9,6,0,0,0,0,0,0,0,0,170,0.48,0.5,15,0.035,0.03,0.02,0.05,1
-10220.96,-0.1022,89779.04,10232.85,0.1023,-1.061,-0.999,0.409,70,0.1714,12,58,5.3,False,True,-0.0309,0.0114,7076.14,17297.1,13,0,42,9,6,0,0,0,0,0,0,0,0,170,0.48,0.5,15,0.035,0.03,0.02,0.05,2
-10220.96,-0.1022,89779.04,10232.85,0.1023,-1.061,-0.999,0.409,70,0.1714,12,58,5.3,False,True,-0.0309,0.0114,7076.14,17297.1,13,0,42,9,6,0,0,0,0,0,0,0,0,170,0.48,0.5,15,0.035,0.03,0.02,0.05,3
-9839.94,-0.0984,90160.06,10972.83,0.1097,-1.085,-0.897,0.202,32,0.1562,5,27,5.2,False,True,-0.0304,0.0114,4431.25,21934.36,5,0,20,4,3,0,0,0,0,0,0,3,0,74,0.48,1.0,5,0.025,0.02,0.01,0.03,1
-9839.94,-0.0984,90160.06,10972.83,0.1097,-1.085,-0.897,0.202,32,0.1562,5,27,5.2,False,True,-0.0304,0.0114,4431.25,21934.36,5,0,20,4,3,0,0,0,0,0,0,3,0,74,0.48,1.0,5,0.025,0.02,0.01,0.03,2
-9839.94,-0.0984,90160.06,10972.83,0.1097,-1.085,-0.897,0.202,32,0.1562,5,27,5.2,False,True,-0.0304,0.0114,4431.25,21934.36,5,0,20,4,3,0,0,0,0,0,0,3,0,74,0.48,1.0,5,0.025,0.02,0.01,0.03,3
-8273.38,-0.0827,91726.62,10434.67,0.1021,-0.673,-0.793,0.474,27,0.1481,4,23,5.4,False,True,-0.0473,0.0228,7459.38,15732.75,4,0,18,3,2,0,0,0,0,0,0,11,0,66,0.48,1.0,5,0.025,0.02,0.01,0.05,1
-8273.38,-0.0827,91726.62,10434.67,0.1021,-0.673,-0.793,0.474,27,0.1481,4,23,5.4,False,True,-0.0473,0.0228,7459.38,15732.75,4,0,18,3,2,0,0,0,0,0,0,11,0,66,0.48,1.0,5,0.025,0.02,0.01,0.05,2
-8273.38,-0.0827,91726.62,10434.67,0.1021,-0.673,-0.793,0.474,27,0.1481,4,23,5.4,False,True,-0.0473,0.0228,7459.38,15732.75,4,0,18,3,2,0,0,0,0,0,0,11,0,66,0.48,1.0,5,0.025,0.02,0.01,0.05,3
-9763.24,-0.0976,90236.76,10897.08,0.1089,-1.08,-0.896,0.203,30,0.1667,5,25,5.7,False,True,-0.0304,0.0114,4431.25,21864.18,5,0,17,4,4,0,0,0,0,0,0,0,0,79,0.48,1.0,5,0.025,0.02,0.02,0.03,1
-9763.24,-0.0976,90236.76,10897.08,0.1089,-1.08,-0.896,0.203,30,0.1667,5,25,5.7,False,True,-0.0304,0.0114,4431.25,21864.18,5,0,17,4,4,0,0,0,0,0,0,0,0,79,0.48,1.0,5,0.025,0.02,0.02,0.03,2
-9763.24,-0.0976,90236.76,10897.08,0.1089,-1.08,-0.896,0.203,30,0.1667,5,25,5.7,False,True,-0.0304,0.0114,4431.25,21864.18,5,0,17,4,4,0,0,0,0,0,0,0,0,79,0.48,1.0,5,0.025,0.02,0.02,0.03,3
-10275.79,-0.1028,89724.21,10299.57,0.103,-0.839,-0.998,0.465,31,0.1613,5,26,5.3,False,True,-0.0473,0.0228,8928.58,19204.37,5,0,20,4,2,0,0,0,0,0,0,0,0,73,0.48,1.0,5,0.025,0.02,0.02,0.05,1
-10275.79,-0.1028,89724.21,10299.57,0.103,-0.839,-0.998,0.465,31,0.1613,5,26,5.3,False,True,-0.0473,0.0228,8928.58,19204.37,5,0,20,4,2,0,0,0,0,0,0,0,0,73,0.48,1.0,5,0.025,0.02,0.02,0.05,2
-10275.79,-0.1028,89724.21,10299.57,0.103,-0.839,-0.998,0.465,31,0.1613,5,26,5.3,False,True,-0.0473,0.0228,8928.58,19204.37,5,0,20,4,2,0,0,0,0,0,0,0,0,73,0.48,1.0,5,0.025,0.02,0.02,0.05,3
-9839.94,-0.0984,90160.06,10972.83,0.1097,-1.085,-0.897,0.202,32,0.1562,5,27,5.2,False,True,-0.0304,0.0114,4431.25,21934.36,5,0,20,4,3,0,0,0,0,0,0,3,0,74,0.48,1.0,5,0.025,0.03,0.01,0.03,1
-9839.94,-0.0984,90160.06,10972.83,0.1097,-1.085,-0.897,0.202,32,0.1562,5,27,5.2,False,True,-0.0304,0.0114,4431.25,21934.36,5,0,20,4,3,0,0,0,0,0,0,3,0,74,0.48,1.0,5,0.025,0.03,0.01,0.03,2
-9839.94,-0.0984,90160.06,10972.83,0.1097,-1.085,-0.897,0.202,32,0.1562,5,27,5.2,False,True,-0.0304,0.0114,4431.25,21934.36,5,0,20,4,3,0,0,0,0,0,0,3,0,74,0.48,1.0,5,0.025,0.03,0.01,0.03,3
-8273.38,-0.0827,91726.62,10434.67,0.1021,-0.673,-0.793,0.474,27,0.1481,4,23,5.4,False,True,-0.0473,0.0228,7459.38,15732.75,4,0,18,3,2,0,0,0,0,0,0,14,0,66,0.48,1.0,5,0.025,0.03,0.01,0.05,1
-8273.38,-0.0827,91726.62,10434.67,0.1021,-0.673,-0.793,0.474,27,0.1481,4,23,5.4,False,True,-0.0473,0.0228,7459.38,15732.75,4,0,18,3,2,0,0,0,0,0,0,14,0,66,0.48,1.0,5,0.025,0.03,0.01,0.05,2
-8273.38,-0.0827,91726.62,10434.67,0.1021,-0.673,-0.793,0.474,27,0.1481,4,23,5.4,False,True,-0.0473,0.0228,7459.38,15732.75,4,0,18,3,2,0,0,0,0,0,0,14,0,66,0.48,1.0,5,0.025,0.03,0.01,0.05,3
-9763.24,-0.0976,90236.76,10897.08,0.1089,-1.08,-0.896,0.203,30,0.1667,5,25,5.7,False,True,-0.0304,0.0114,4431.25,21864.18,5,0,17,4,4,0,0,0,0,0,0,0,0,79,0.48,1.0,5,0.025,0.03,0.02,0.03,1
-9763.24,-0.0976,90236.76,10897.08,0.1089,-1.08,-0.896,0.203,30,0.1667,5,25,5.7,False,True,-0.0304,0.0114,4431.25,21864.18,5,0,17,4,4,0,0,0,0,0,0,0,0,79,0.48,1.0,5,0.025,0.03,0.02,0.03,2
-9763.24,-0.0976,90236.76,10897.08,0.1089,-1.08,-0.896,0.203,30,0.1667,5,25,5.7,False,True,-0.0304,0.0114,4431.25,21864.18,5,0,17,4,4,0,0,0,0,0,0,0,0,79,0.48,1.0,5,0.025,0.03,0.02,0.03,3
-10275.79,-0.1028,89724.21,10299.57,0.103,-0.839,-0.998,0.465,31,0.1613,5,26,5.3,False,True,-0.0473,0.0228,8928.58,19204.37,5,0,20,4,2,0,0,0,0,0,0,3,0,73,0.48,1.0,5,0.025,0.03,0.02,0.05,1
-10275.79,-0.1028,89724.21,10299.57,0.103,-0.839,-0.998,0.465,31,0.1613,5,26,5.3,False,True,-0.0473,0.0228,8928.58,19204.37,5,0,20,4,2,0,0,0,0,0,0,3,0,73,0.48,1.0,5,0.025,0.03,0.02,0.05,2
-10275.79,-0.1028,89724.21,10299.57,0.103,-0.839,-0.998,0.465,31,0.1613,5,26,5.3,False,True,-0.0473,0.0228,8928.58,19204.37,5,0,20,4,2,0,0,0,0,0,0,3,0,73,0.48,1.0,5,0.025,0.03,0.02,0.05,3
-10394.6,-0.1039,89605.4,10418.37,0.1042,-1.08,-0.998,0.298,34,0.1471,5,29,5.1,False,True,-0.0363,0.0114,4403.99,14798.59,5,0,23,4,2,0,0,0,0,0,0,3,0,77,0.48,1.0,5,0.035,0.02,0.01,0.03,1
-10394.6,-0.1039,89605.4,10418.37,0.1042,-1.08,-0.998,0.298,34,0.1471,5,29,5.1,False,True,-0.0363,0.0114,4403.99,14798.59,5,0,23,4,2,0,0,0,0,0,0,3,0,77,0.48,1.0,5,0.035,0.02,0.01,0.03,2
-10394.6,-0.1039,89605.4,10418.37,0.1042,-1.08,-0.998,0.298,34,0.1471,5,29,5.1,False,True,-0.0363,0.0114,4403.99,14798.59,5,0,23,4,2,0,0,0,0,0,0,3,0,77,0.48,1.0,5,0.035,0.02,0.01,0.03,3
-9843.35,-0.0984,90156.65,10256.07,0.1021,-0.775,-0.96,0.391,29,0.1379,4,25,5.2,False,True,-0.0473,0.0228,6309.32,16152.68,4,0,20,3,2,0,0,0,0,0,0,11,0,68,0.48,1.0,5,0.035,0.02,0.01,0.05,1
-9843.35,-0.0984,90156.65,10256.07,0.1021,-0.775,-0.96,0.391,29,0.1379,4,25,5.2,False,True,-0.0473,0.0228,6309.32,16152.68,4,0,20,3,2,0,0,0,0,0,0,11,0,68,0.48,1.0,5,0.035,0.02,0.01,0.05,2
-9843.35,-0.0984,90156.65,10256.07,0.1021,-0.775,-0.96,0.391,29,0.1379,4,25,5.2,False,True,-0.0473,0.0228,6309.32,16152.68,4,0,20,3,2,0,0,0,0,0,0,11,0,68,0.48,1.0,5,0.035,0.02,0.01,0.05,3
-10318.37,-0.1032,89681.63,10342.14,0.1034,-1.074,-0.998,0.299,32,0.1562,5,27,5.5,False,True,-0.0363,0.0114,4403.99,14722.36,5,0,20,4,3,0,0,0,0,0,0,0,0,82,0.48,1.0,5,0.035,0.02,0.02,0.03,1
-10318.37,-0.1032,89681.63,10342.14,0.1034,-1.074,-0.998,0.299,32,0.1562,5,27,5.5,False,True,-0.0363,0.0114,4403.99,14722.36,5,0,20,4,3,0,0,0,0,0,0,0,0,82,0.48,1.0,5,0.035,0.02,0.02,0.03,2
-10318.37,-0.1032,89681.63,10342.14,0.1034,-1.074,-0.998,0.299,32,0.1562,5,27,5.5,False,True,-0.0363,0.0114,4403.99,14722.36,5,0,20,4,3,0,0,0,0,0,0,0,0,82,0.48,1.0,5,0.035,0.02,0.02,0.03,3
-11016.45,-0.1102,88983.55,11040.22,0.1104,-1.156,-0.998,0.321,31,0.1613,5,26,5.6,False,True,-0.0383,0.0114,5213.65,16230.1,5,0,19,4,3,0,0,0,0,0,0,0,0,81,0.48,1.0,5,0.035,0.02,0.02,0.05,1
-11016.45,-0.1102,88983.55,11040.22,0.1104,-1.156,-0.998,0.321,31,0.1613,5,26,5.6,False,True,-0.0383,0.0114,5213.65,16230.1,5,0,19,4,3,0,0,0,0,0,0,0,0,81,0.48,1.0,5,0.035,0.02,0.02,0.05,2
-11016.45,-0.1102,88983.55,11040.22,0.1104,-1.156,-0.998,0.321,31,0.1613,5,26,5.6,False,True,-0.0383,0.0114,5213.65,16230.1,5,0,19,4,3,0,0,0,0,0,0,0,0,81,0.48,1.0,5,0.035,0.02,0.02,0.05,3
-10394.6,-0.1039,89605.4,10418.37,0.1042,-1.08,-0.998,0.298,34,0.1471,5,29,5.1,False,True,-0.0363,0.0114,4403.99,14798.59,5,0,23,4,2,0,0,0,0,0,0,3,0,77,0.48,1.0,5,0.035,0.03,0.01,0.03,1
-10394.6,-0.1039,89605.4,10418.37,0.1042,-1.08,-0.998,0.298,34,0.1471,5,29,5.1,False,True,-0.0363,0.0114,4403.99,14798.59,5,0,23,4,2,0,0,0,0,0,0,3,0,77,0.48,1.0,5,0.035,0.03,0.01,0.03,2
-10394.6,-0.1039,89605.4,10418.37,0.1042,-1.08,-0.998,0.298,34,0.1471,5,29,5.1,False,True,-0.0363,0.0114,4403.99,14798.59,5,0,23,4,2,0,0,0,0,0,0,3,0,77,0.48,1.0,5,0.035,0.03,0.01,0.03,3
-9843.35,-0.0984,90156.65,10256.07,0.1021,-0.775,-0.96,0.391,29,0.1379,4,25,5.2,False,True,-0.0473,0.0228,6309.32,16152.68,4,0,20,3,2,0,0,0,0,0,0,14,0,68,0.48,1.0,5,0.035,0.03,0.01,0.05,1
-9843.35,-0.0984,90156.65,10256.07,0.1021,-0.775,-0.96,0.391,29,0.1379,4,25,5.2,False,True,-0.0473,0.0228,6309.32,16152.68,4,0,20,3,2,0,0,0,0,0,0,14,0,68,0.48,1.0,5,0.035,0.03,0.01,0.05,2
-9843.35,-0.0984,90156.65,10256.07,0.1021,-0.775,-0.96,0.391,29,0.1379,4,25,5.2,False,True,-0.0473,0.0228,6309.32,16152.68,4,0,20,3,2,0,0,0,0,0,0,14,0,68,0.48,1.0,5,0.035,0.03,0.01,0.05,3
-10318.37,-0.1032,89681.63,10342.14,0.1034,-1.074,-0.998,0.299,32,0.1562,5,27,5.5,False,True,-0.0363,0.0114,4403.99,14722.36,5,0,20,4,3,0,0,0,0,0,0,0,0,82,0.48,1.0,5,0.035,0.03,0.02,0.03,1
-10318.37,-0.1032,89681.63,10342.14,0.1034,-1.074,-0.998,0.299,32,0.1562,5,27,5.5,False,True,-0.0363,0.0114,4403.99,14722.36,5,0,20,4,3,0,0,0,0,0,0,0,0,82,0.48,1.0,5,0.035,0.03,0.02,0.03,2
-10318.37,-0.1032,89681.63,10342.14,0.1034,-1.074,-0.998,0.299,32,0.1562,5,27,5.5,False,True,-0.0363,0.0114,4403.99,14722.36,5,0,20,4,3,0,0,0,0,0,0,0,0,82,0.48,1.0,5,0.035,0.03,0.02,0.03,3
-11016.45,-0.1102,88983.55,11040.22,0.1104,-1.156,-0.998,0.321,31,0.1613,5,26,5.6,False,True,-0.0383,0.0114,5213.65,16230.1,5,0,19,4,3,0,0,0,0,0,0,0,0,81,0.48,1.0,5,0.035,0.03,0.02,0.05,1
-11016.45,-0.1102,88983.55,11040.22,0.1104,-1.156,-0.998,0.321,31,0.1613,5,26,5.6,False,True,-0.0383,0.0114,5213.65,16230.1,5,0,19,4,3,0,0,0,0,0,0,0,0,81,0.48,1.0,5,0.035,0.03,0.02,0.05,2
-11016.45,-0.1102,88983.55,11040.22,0.1104,-1.156,-0.998,0.321,31,0.1613,5,26,5.6,False,True,-0.0383,0.0114,5213.65,16230.1,5,0,19,4,3,0,0,0,0,0,0,0,0,81,0.48,1.0,5,0.035,0.03,0.02,0.05,3
-9839.94,-0.0984,90160.06,10972.83,0.1097,-1.085,-0.897,0.202,32,0.1562,5,27,5.2,False,True,-0.0304,0.0114,4431.25,21934.36,5,0,20,4,3,0,0,0,0,0,0,3,0,74,0.48,1.0,10,0.025,0.02,0.01,0.03,1
-9839.94,-0.0984,90160.06,10972.83,0.1097,-1.085,-0.897,0.202,32,0.1562,5,27,5.2,False,True,-0.0304,0.0114,4431.25,21934.36,5,0,20,4,3,0,0,0,0,0,0,3,0,74,0.48,1.0,10,0.025,0.02,0.01,0.03,2
-9839.94,-0.0984,90160.06,10972.83,0.1097,-1.085,-0.897,0.202,32,0.1562,5,27,5.2,False,True,-0.0304,0.0114,4431.25,21934.36,5,0,20,4,3,0,0,0,0,0,0,3,0,74,0.48,1.0,10,0.025,0.02,0.01,0.03,3
-8273.38,-0.0827,91726.62,10434.67,0.1021,-0.673,-0.793,0.474,27,0.1481,4,23,5.4,False,True,-0.0473,0.0228,7459.38,15732.75,4,0,18,3,2,0,0,0,0,0,0,11,0,66,0.48,1.0,10,0.025,0.02,0.01,0.05,1
-8273.38,-0.0827,91726.62,10434.67,0.1021,-0.673,-0.793,0.474,27,0.1481,4,23,5.4,False,True,-0.0473,0.0228,7459.38,15732.75,4,0,18,3,2,0,0,0,0,0,0,11,0,66,0.48,1.0,10,0.025,0.02,0.01,0.05,2
-8273.38,-0.0827,91726.62,10434.67,0.1021,-0.673,-0.793,0.474,27,0.1481,4,23,5.4,False,True,-0.0473,0.0228,7459.38,15732.75,4,0,18,3,2,0,0,0,0,0,0,11,0,66,0.48,1.0,10,0.025,0.02,0.01,0.05,3
-9763.24,-0.0976,90236.76,10897.08,0.1089,-1.08,-0.896,0.203,30,0.1667,5,25,5.7,False,True,-0.0304,0.0114,4431.25,21864.18,5,0,17,4,4,0,0,0,0,0,0,0,0,79,0.48,1.0,10,0.025,0.02,0.02,0.03,1
-9763.24,-0.0976,90236.76,10897.08,0.1089,-1.08,-0.896,0.203,30,0.1667,5,25,5.7,False,True,-0.0304,0.0114,4431.25,21864.18,5,0,17,4,4,0,0,0,0,0,0,0,0,79,0.48,1.0,10,0.025,0.02,0.02,0.03,2
-9763.24,-0.0976,90236.76,10897.08,0.1089,-1.08,-0.896,0.203,30,0.1667,5,25,5.7,False,True,-0.0304,0.0114,4431.25,21864.18,5,0,17,4,4,0,0,0,0,0,0,0,0,79,0.48,1.0,10,0.025,0.02,0.02,0.03,3
-10275.79,-0.1028,89724.21,10299.57,0.103,-0.839,-0.998,0.465,31,0.1613,5,26,5.3,False,True,-0.0473,0.0228,8928.58,19204.37,5,0,20,4,2,0,0,0,0,0,0,0,0,73,0.48,1.0,10,0.025,0.02,0.02,0.05,1
-10275.79,-0.1028,89724.21,10299.57,0.103,-0.839,-0.998,0.465,31,0.1613,5,26,5.3,False,True,-0.0473,0.0228,8928.58,19204.37,5,0,20,4,2,0,0,0,0,0,0,0,0,73,0.48,1.0,10,0.025,0.02,0.02,0.05,2
-10275.79,-0.1028,89724.21,10299.57,0.103,-0.839,-0.998,0.465,31,0.1613,5,26,5.3,False,True,-0.0473,0.0228,8928.58,19204.37,5,0,20,4,2,0,0,0,0,0,0,0,0,73,0.48,1.0,10,0.025,0.02,0.02,0.05,3
-9839.94,-0.0984,90160.06,10972.83,0.1097,-1.085,-0.897,0.202,32,0.1562,5,27,5.2,False,True,-0.0304,0.0114,4431.25,21934.36,5,0,20,4,3,0,0,0,0,0,0,3,0,74,0.48,1.0,10,0.025,0.03,0.01,0.03,1
-9839.94,-0.0984,90160.06,10972.83,0.1097,-1.085,-0.897,0.202,32,0.1562,5,27,5.2,False,True,-0.0304,0.0114,4431.25,21934.36,5,0,20,4,3,0,0,0,0,0,0,3,0,74,0.48,1.0,10,0.025,0.03,0.01,0.03,2
-9839.94,-0.0984,90160.06,10972.83,0.1097,-1.085,-0.897,0.202,32,0.1562,5,27,5.2,False,True,-0.0304,0.0114,4431.25,21934.36,5,0,20,4,3,0,0,0,0,0,0,3,0,74,0.48,1.0,10,0.025,0.03,0.01,0.03,3
-8273.38,-0.0827,91726.62,10434.67,0.1021,-0.673,-0.793,0.474,27,0.1481,4,23,5.4,False,True,-0.0473,0.0228,7459.38,15732.75,4,0,18,3,2,0,0,0,0,0,0,14,0,66,0.48,1.0,10,0.025,0.03,0.01,0.05,1
-8273.38,-0.0827,91726.62,10434.67,0.1021,-0.673,-0.793,0.474,27,0.1481,4,23,5.4,False,True,-0.0473,0.0228,7459.38,15732.75,4,0,18,3,2,0,0,0,0,0,0,14,0,66,0.48,1.0,10,0.025,0.03,0.01,0.05,2
-8273.38,-0.0827,91726.62,10434.67,0.1021,-0.673,-0.793,0.474,27,0.1481,4,23,5.4,False,True,-0.0473,0.0228,7459.38,15732.75,4,0,18,3,2,0,0,0,0,0,0,14,0,66,0.48,1.0,10,0.025,0.03,0.01,0.05,3
-9763.24,-0.0976,90236.76,10897.08,0.1089,-1.08,-0.896,0.203,30,0.1667,5,25,5.7,False,True,-0.0304,0.0114,4431.25,21864.18,5,0,17,4,4,0,0,0,0,0,0,0,0,79,0.48,1.0,10,0.025,0.03,0.02,0.03,1
-9763.24,-0.0976,90236.76,10897.08,0.1089,-1.08,-0.896,0.203,30,0.1667,5,25,5.7,False,True,-0.0304,0.0114,4431.25,21864.18,5,0,17,4,4,0,0,0,0,0,0,0,0,79,0.48,1.0,10,0.025,0.03,0.02,0.03,2
-9763.24,-0.0976,90236.76,10897.08,0.1089,-1.08,-0.896,0.203,30,0.1667,5,25,5.7,False,True,-0.0304,0.0114,4431.25,21864.18,5,0,17,4,4,0,0,0,0,0,0,0,0,79,0.48,1.0,10,0.025,0.03,0.02,0.03,3
-10275.79,-0.1028,89724.21,10299.57,0.103,-0.839,-0.998,0.465,31,0.1613,5,26,5.3,False,True,-0.0473,0.0228,8928.58,19204.37,5,0,20,4,2,0,0,0,0,0,0,3,0,73,0.48,1.0,10,0.025,0.03,0.02,0.05,1
-10275.79,-0.1028,89724.21,10299.57,0.103,-0.839,-0.998,0.465,31,0.1613,5,26,5.3,False,True,-0.0473,0.0228,8928.58,19204.37,5,0,20,4,2,0,0,0,0,0,0,3,0,73,0.48,1.0,10,0.025,0.03,0.02,0.05,2
-10275.79,-0.1028,89724.21,10299.57,0.103,-0.839,-0.998,0.465,31,0.1613,5,26,5.3,False,True,-0.0473,0.0228,8928.58,19204.37,5,0,20,4,2,0,0,0,0,0,0,3,0,73,0.48,1.0,10,0.025,0.03,0.02,0.05,3
-10394.6,-0.1039,89605.4,10418.37,0.1042,-1.08,-0.998,0.298,34,0.1471,5,29,5.1,False,True,-0.0363,0.0114,4403.99,14798.59,5,0,23,4,2,0,0,0,0,0,0,3,0,77,0.48,1.0,10,0.035,0.02,0.01,0.03,1
-10394.6,-0.1039,89605.4,10418.37,0.1042,-1.08,-0.998,0.298,34,0.1471,5,29,5.1,False,True,-0.0363,0.0114,4403.99,14798.59,5,0,23,4,2,0,0,0,0,0,0,3,0,77,0.48,1.0,10,0.035,0.02,0.01,0.03,2
-10394.6,-0.1039,89605.4,10418.37,0.1042,-1.08,-0.998,0.298,34,0.1471,5,29,5.1,False,True,-0.0363,0.0114,4403.99,14798.59,5,0,23,4,2,0,0,0,0,0,0,3,0,77,0.48,1.0,10,0.035,0.02,0.01,0.03,3
-9843.35,-0.0984,90156.65,10256.07,0.1021,-0.775,-0.96,0.391,29,0.1379,4,25,5.2,False,True,-0.0473,0.0228,6309.32,16152.68,4,0,20,3,2,0,0,0,0,0,0,11,0,68,0.48,1.0,10,0.035,0.02,0.01,0.05,1
-9843.35,-0.0984,90156.65,10256.07,0.1021,-0.775,-0.96,0.391,29,0.1379,4,25,5.2,False,True,-0.0473,0.0228,6309.32,16152.68,4,0,20,3,2,0,0,0,0,0,0,11,0,68,0.48,1.0,10,0.035,0.02,0.01,0.05,2
-9843.35,-0.0984,90156.65,10256.07,0.1021,-0.775,-0.96,0.391,29,0.1379,4,25,5.2,False,True,-0.0473,0.0228,6309.32,16152.68,4,0,20,3,2,0,0,0,0,0,0,11,0,68,0.48,1.0,10,0.035,0.02,0.01,0.05,3
-10318.37,-0.1032,89681.63,10342.14,0.1034,-1.074,-0.998,0.299,32,0.1562,5,27,5.5,False,True,-0.0363,0.0114,4403.99,14722.36,5,0,20,4,3,0,0,0,0,0,0,0,0,82,0.48,1.0,10,0.035,0.02,0.02,0.03,1
-10318.37,-0.1032,89681.63,10342.14,0.1034,-1.074,-0.998,0.299,32,0.1562,5,27,5.5,False,True,-0.0363,0.0114,4403.99,14722.36,5,0,20,4,3,0,0,0,0,0,0,0,0,82,0.48,1.0,10,0.035,0.02,0.02,0.03,2
-10318.37,-0.1032,89681.63,10342.14,0.1034,-1.074,-0.998,0.299,32,0.1562,5,27,5.5,False,True,-0.0363,0.0114,4403.99,14722.36,5,0,20,4,3,0,0,0,0,0,0,0,0,82,0.48,1.0,10,0.035,0.02,0.02,0.03,3
-11016.45,-0.1102,88983.55,11040.22,0.1104,-1.156,-0.998,0.321,31,0.1613,5,26,5.6,False,True,-0.0383,0.0114,5213.65,16230.1,5,0,19,4,3,0,0,0,0,0,0,0,0,81,0.48,1.0,10,0.035,0.02,0.02,0.05,1
-11016.45,-0.1102,88983.55,11040.22,0.1104,-1.156,-0.998,0.321,31,0.1613,5,26,5.6,False,True,-0.0383,0.0114,5213.65,16230.1,5,0,19,4,3,0,0,0,0,0,0,0,0,81,0.48,1.0,10,0.035,0.02,0.02,0.05,2
-11016.45,-0.1102,88983.55,11040.22,0.1104,-1.156,-0.998,0.321,31,0.1613,5,26,5.6,False,True,-0.0383,0.0114,5213.65,16230.1,5,0,19,4,3,0,0,0,0,0,0,0,0,81,0.48,1.0,10,0.035,0.02,0.02,0.05,3
-10394.6,-0.1039,89605.4,10418.37,0.1042,-1.08,-0.998,0.298,34,0.1471,5,29,5.1,False,True,-0.0363,0.0114,4403.99,14798.59,5,0,23,4,2,0,0,0,0,0,0,3,0,77,0.48,1.0,10,0.035,0.03,0.01,0.03,1
-10394.6,-0.1039,89605.4,10418.37,0.1042,-1.08,-0.998,0.298,34,0.1471,5,29,5.1,False,True,-0.0363,0.0114,4403.99,14798.59,5,0,23,4,2,0,0,0,0,0,0,3,0,77,0.48,1.0,10,0.035,0.03,0.01,0.03,2
-10394.6,-0.1039,89605.4,10418.37,0.1042,-1.08,-0.998,0.298,34,0.1471,5,29,5.1,False,True,-0.0363,0.0114,4403.99,14798.59,5,0,23,4,2,0,0,0,0,0,0,3,0,77,0.48,1.0,10,0.035,0.03,0.01,0.03,3
-9843.35,-0.0984,90156.65,10256.07,0.1021,-0.775,-0.96,0.391,29,0.1379,4,25,5.2,False,True,-0.0473,0.0228,6309.32,16152.68,4,0,20,3,2,0,0,0,0,0,0,14,0,68,0.48,1.0,10,0.035,0.03,0.01,0.05,1
-9843.35,-0.0984,90156.65,10256.07,0.1021,-0.775,-0.96,0.391,29,0.1379,4,25,5.2,False,True,-0.0473,0.0228,6309.32,16152.68,4,0,20,3,2,0,0,0,0,0,0,14,0,68,0.48,1.0,10,0.035,0.03,0.01,0.05,2
-9843.35,-0.0984,90156.65,10256.07,0.1021,-0.775,-0.96,0.391,29,0.1379,4,25,5.2,False,True,-0.0473,0.0228,6309.32,16152.68,4,0,20,3,2,0,0,0,0,0,0,14,0,68,0.48,1.0,10,0.035,0.03,0.01,0.05,3
-10318.37,-0.1032,89681.63,10342.14,0.1034,-1.074,-0.998,0.299,32,0.1562,5,27,5.5,False,True,-0.0363,0.0114,4403.99,14722.36,5,0,20,4,3,0,0,0,0,0,0,0,0,82,0.48,1.0,10,0.035,0.03,0.02,0.03,1
-10318.37,-0.1032,89681.63,10342.14,0.1034,-1.074,-0.998,0.299,32,0.1562,5,27,5.5,False,True,-0.0363,0.0114,4403.99,14722.36,5,0,20,4,3,0,0,0,0,0,0,0,0,82,0.48,1.0,10,0.035,0.03,0.02,0.03,2
-10318.37,-0.1032,89681.63,10342.14,0.1034,-1.074,-0.998,0.299,32,0.1562,5,27,5.5,False,True,-0.0363,0.0114,4403.99,14722.36,5,0,20,4,3,0,0,0,0,0,0,0,0,82,0.48,1.0,10,0.035,0.03,0.02,0.03,3
-11016.45,-0.1102,88983.55,11040.22,0.1104,-1.156,-0.998,0.321,31,0.1613,5,26,5.6,False,True,-0.0383,0.0114,5213.65,16230.1,5,0,19,4,3,0,0,0,0,0,0,0,0,81,0.48,1.0,10,0.035,0.03,0.02,0.05,1
-11016.45,-0.1102,88983.55,11040.22,0.1104,-1.156,-0.998,0.321,31,0.1613,5,26,5.6,False,True,-0.0383,0.0114,5213.65,16230.1,5,0,19,4,3,0,0,0,0,0,0,0,0,81,0.48,1.0,10,0.035,0.03,0.02,0.05,2
-11016.45,-0.1102,88983.55,11040.22,0.1104,-1.156,-0.998,0.321,31,0.1613,5,26,5.6,False,True,-0.0383,0.0114,5213.65,16230.1,5,0,19,4,3,0,0,0,0,0,0,0,0,81,0.48,1.0,10,0.035,0.03,0.02,0.05,3
-9839.94,-0.0984,90160.06,10972.83,0.1097,-1.085,-0.897,0.202,32,0.1562,5,27,5.2,False,True,-0.0304,0.0114,4431.25,21934.36,5,0,20,4,3,0,0,0,0,0,0,3,0,74,0.48,1.0,15,0.025,0.02,0.01,0.03,1
-9839.94,-0.0984,90160.06,10972.83,0.1097,-1.085,-0.897,0.202,32,0.1562,5,27,5.2,False,True,-0.0304,0.0114,4431.25,21934.36,5,0,20,4,3,0,0,0,0,0,0,3,0,74,0.48,1.0,15,0.025,0.02,0.01,0.03,2
-9839.94,-0.0984,90160.06,10972.83,0.1097,-1.085,-0.897,0.202,32,0.1562,5,27,5.2,False,True,-0.0304,0.0114,4431.25,21934.36,5,0,20,4,3,0,0,0,0,0,0,3,0,74,0.48,1.0,15,0.025,0.02,0.01,0.03,3
-8273.38,-0.0827,91726.62,10434.67,0.1021,-0.673,-0.793,0.474,27,0.1481,4,23,5.4,False,True,-0.0473,0.0228,7459.38,15732.75,4,0,18,3,2,0,0,0,0,0,0,11,0,66,0.48,1.0,15,0.025,0.02,0.01,0.05,1
-8273.38,-0.0827,91726.62,10434.67,0.1021,-0.673,-0.793,0.474,27,0.1481,4,23,5.4,False,True,-0.0473,0.0228,7459.38,15732.75,4,0,18,3,2,0,0,0,0,0,0,11,0,66,0.48,1.0,15,0.025,0.02,0.01,0.05,2
-8273.38,-0.0827,91726.62,10434.67,0.1021,-0.673,-0.793,0.474,27,0.1481,4,23,5.4,False,True,-0.0473,0.0228,7459.38,15732.75,4,0,18,3,2,0,0,0,0,0,0,11,0,66,0.48,1.0,15,0.025,0.02,0.01,0.05,3
-9763.24,-0.0976,90236.76,10897.08,0.1089,-1.08,-0.896,0.203,30,0.1667,5,25,5.7,False,True,-0.0304,0.0114,4431.25,21864.18,5,0,17,4,4,0,0,0,0,0,0,0,0,79,0.48,1.0,15,0.025,0.02,0.02,0.03,1
-9763.24,-0.0976,90236.76,10897.08,0.1089,-1.08,-0.896,0.203,30,0.1667,5,25,5.7,False,True,-0.0304,0.0114,4431.25,21864.18,5,0,17,4,4,0,0,0,0,0,0,0,0,79,0.48,1.0,15,0.025,0.02,0.02,0.03,2
-9763.24,-0.0976,90236.76,10897.08,0.1089,-1.08,-0.896,0.203,30,0.1667,5,25,5.7,False,True,-0.0304,0.0114,4431.25,21864.18,5,0,17,4,4,0,0,0,0,0,0,0,0,79,0.48,1.0,15,0.025,0.02,0.02,0.03,3
-10275.79,-0.1028,89724.21,10299.57,0.103,-0.839,-0.998,0.465,31,0.1613,5,26,5.3,False,True,-0.0473,0.0228,8928.58,19204.37,5,0,20,4,2,0,0,0,0,0,0,0,0,73,0.48,1.0,15,0.025,0.02,0.02,0.05,1
-10275.79,-0.1028,89724.21,10299.57,0.103,-0.839,-0.998,0.465,31,0.1613,5,26,5.3,False,True,-0.0473,0.0228,8928.58,19204.37,5,0,20,4,2,0,0,0,0,0,0,0,0,73,0.48,1.0,15,0.025,0.02,0.02,0.05,2
-10275.79,-0.1028,89724.21,10299.57,0.103,-0.839,-0.998,0.465,31,0.1613,5,26,5.3,False,True,-0.0473,0.0228,8928.58,19204.37,5,0,20,4,2,0,0,0,0,0,0,0,0,73,0.48,1.0,15,0.025,0.02,0.02,0.05,3
-9839.94,-0.0984,90160.06,10972.83,0.1097,-1.085,-0.897,0.202,32,0.1562,5,27,5.2,False,True,-0.0304,0.0114,4431.25,21934.36,5,0,20,4,3,0,0,0,0,0,0,3,0,74,0.48,1.0,15,0.025,0.03,0.01,0.03,1
-9839.94,-0.0984,90160.06,10972.83,0.1097,-1.085,-0.897,0.202,32,0.1562,5,27,5.2,False,True,-0.0304,0.0114,4431.25,21934.36,5,0,20,4,3,0,0,0,0,0,0,3,0,74,0.48,1.0,15,0.025,0.03,0.01,0.03,2
-9839.94,-0.0984,90160.06,10972.83,0.1097,-1.085,-0.897,0.202,32,0.1562,5,27,5.2,False,True,-0.0304,0.0114,4431.25,21934.36,5,0,20,4,3,0,0,0,0,0,0,3,0,74,0.48,1.0,15,0.025,0.03,0.01,0.03,3
-8273.38,-0.0827,91726.62,10434.67,0.1021,-0.673,-0.793,0.474,27,0.1481,4,23,5.4,False,True,-0.0473,0.0228,7459.38,15732.75,4,0,18,3,2,0,0,0,0,0,0,14,0,66,0.48,1.0,15,0.025,0.03,0.01,0.05,1
-8273.38,-0.0827,91726.62,10434.67,0.1021,-0.673,-0.793,0.474,27,0.1481,4,23,5.4,False,True,-0.0473,0.0228,7459.38,15732.75,4,0,18,3,2,0,0,0,0,0,0,14,0,66,0.48,1.0,15,0.025,0.03,0.01,0.05,2
-8273.38,-0.0827,91726.62,10434.67,0.1021,-0.673,-0.793,0.474,27,0.1481,4,23,5.4,False,True,-0.0473,0.0228,7459.38,15732.75,4,0,18,3,2,0,0,0,0,0,0,14,0,66,0.48,1.0,15,0.025,0.03,0.01,0.05,3
-9763.24,-0.0976,90236.76,10897.08,0.1089,-1.08,-0.896,0.203,30,0.1667,5,25,5.7,False,True,-0.0304,0.0114,4431.25,21864.18,5,0,17,4,4,0,0,0,0,0,0,0,0,79,0.48,1.0,15,0.025,0.03,0.02,0.03,1
-9763.24,-0.0976,90236.76,10897.08,0.1089,-1.08,-0.896,0.203,30,0.1667,5,25,5.7,False,True,-0.0304,0.0114,4431.25,21864.18,5,0,17,4,4,0,0,0,0,0,0,0,0,79,0.48,1.0,15,0.025,0.03,0.02,0.03,2
-9763.24,-0.0976,90236.76,10897.08,0.1089,-1.08,-0.896,0.203,30,0.1667,5,25,5.7,False,True,-0.0304,0.0114,4431.25,21864.18,5,0,17,4,4,0,0,0,0,0,0,0,0,79,0.48,1.0,15,0.025,0.03,0.02,0.03,3
-10275.79,-0.1028,89724.21,10299.57,0.103,-0.839,-0.998,0.465,31,0.1613,5,26,5.3,False,True,-0.0473,0.0228,8928.58,19204.37,5,0,20,4,2,0,0,0,0,0,0,3,0,73,0.48,1.0,15,0.025,0.03,0.02,0.05,1
-10275.79,-0.1028,89724.21,10299.57,0.103,-0.839,-0.998,0.465,31,0.1613,5,26,5.3,False,True,-0.0473,0.0228,8928.58,19204.37,5,0,20,4,2,0,0,0,0,0,0,3,0,73,0.48,1.0,15,0.025,0.03,0.02,0.05,2
-10275.79,-0.1028,89724.21,10299.57,0.103,-0.839,-0.998,0.465,31,0.1613,5,26,5.3,False,True,-0.0473,0.0228,8928.58,19204.37,5,0,20,4,2,0,0,0,0,0,0,3,0,73,0.48,1.0,15,0.025,0.03,0.02,0.05,3
-10394.6,-0.1039,89605.4,10418.37,0.1042,-1.08,-0.998,0.298,34,0.1471,5,29,5.1,False,True,-0.0363,0.0114,4403.99,14798.59,5,0,23,4,2,0,0,0,0,0,0,3,0,77,0.48,1.0,15,0.035,0.02,0.01,0.03,1
-10394.6,-0.1039,89605.4,10418.37,0.1042,-1.08,-0.998,0.298,34,0.1471,5,29,5.1,False,True,-0.0363,0.0114,4403.99,14798.59,5,0,23,4,2,0,0,0,0,0,0,3,0,77,0.48,1.0,15,0.035,0.02,0.01,0.03,2
-10394.6,-0.1039,89605.4,10418.37,0.1042,-1.08,-0.998,0.298,34,0.1471,5,29,5.1,False,True,-0.0363,0.0114,4403.99,14798.59,5,0,23,4,2,0,0,0,0,0,0,3,0,77,0.48,1.0,15,0.035,0.02,0.01,0.03,3
-9843.35,-0.0984,90156.65,10256.07,0.1021,-0.775,-0.96,0.391,29,0.1379,4,25,5.2,False,True,-0.0473,0.0228,6309.32,16152.68,4,0,20,3,2,0,0,0,0,0,0,11,0,68,0.48,1.0,15,0.035,0.02,0.01,0.05,1
-9843.35,-0.0984,90156.65,10256.07,0.1021,-0.775,-0.96,0.391,29,0.1379,4,25,5.2,False,True,-0.0473,0.0228,6309.32,16152.68,4,0,20,3,2,0,0,0,0,0,0,11,0,68,0.48,1.0,15,0.035,0.02,0.01,0.05,2
-9843.35,-0.0984,90156.65,10256.07,0.1021,-0.775,-0.96,0.391,29,0.1379,4,25,5.2,False,True,-0.0473,0.0228,6309.32,16152.68,4,0,20,3,2,0,0,0,0,0,0,11,0,68,0.48,1.0,15,0.035,0.02,0.01,0.05,3
-10318.37,-0.1032,89681.63,10342.14,0.1034,-1.074,-0.998,0.299,32,0.1562,5,27,5.5,False,True,-0.0363,0.0114,4403.99,14722.36,5,0,20,4,3,0,0,0,0,0,0,0,0,82,0.48,1.0,15,0.035,0.02,0.02,0.03,1
-10318.37,-0.1032,89681.63,10342.14,0.1034,-1.074,-0.998,0.299,32,0.1562,5,27,5.5,False,True,-0.0363,0.0114,4403.99,14722.36,5,0,20,4,3,0,0,0,0,0,0,0,0,82,0.48,1.0,15,0.035,0.02,0.02,0.03,2
-10318.37,-0.1032,89681.63,10342.14,0.1034,-1.074,-0.998,0.299,32,0.1562,5,27,5.5,False,True,-0.0363,0.0114,4403.99,14722.36,5,0,20,4,3,0,0,0,0,0,0,0,0,82,0.48,1.0,15,0.035,0.02,0.02,0.03,3
-11016.45,-0.1102,88983.55,11040.22,0.1104,-1.156,-0.998,0.321,31,0.1613,5,26,5.6,False,True,-0.0383,0.0114,5213.65,16230.1,5,0,19,4,3,0,0,0,0,0,0,0,0,81,0.48,1.0,15,0.035,0.02,0.02,0.05,1
-11016.45,-0.1102,88983.55,11040.22,0.1104,-1.156,-0.998,0.321,31,0.1613,5,26,5.6,False,True,-0.0383,0.0114,5213.65,16230.1,5,0,19,4,3,0,0,0,0,0,0,0,0,81,0.48,1.0,15,0.035,0.02,0.02,0.05,2
-11016.45,-0.1102,88983.55,11040.22,0.1104,-1.156,-0.998,0.321,31,0.1613,5,26,5.6,False,True,-0.0383,0.0114,5213.65,16230.1,5,0,19,4,3,0,0,0,0,0,0,0,0,81,0.48,1.0,15,0.035,0.02,0.02,0.05,3
-10394.6,-0.1039,89605.4,10418.37,0.1042,-1.08,-0.998,0.298,34,0.1471,5,29,5.1,False,True,-0.0363,0.0114,4403.99,14798.59,5,0,23,4,2,0,0,0,0,0,0,3,0,77,0.48,1.0,15,0.035,0.03,0.01,0.03,1
-10394.6,-0.1039,89605.4,10418.37,0.1042,-1.08,-0.998,0.298,34,0.1471,5,29,5.1,False,True,-0.0363,0.0114,4403.99,14798.59,5,0,23,4,2,0,0,0,0,0,0,3,0,77,0.48,1.0,15,0.035,0.03,0.01,0.03,2
-10394.6,-0.1039,89605.4,10418.37,0.1042,-1.08,-0.998,0.298,34,0.1471,5,29,5.1,False,True,-0.0363,0.0114,4403.99,14798.59,5,0,23,4,2,0,0,0,0,0,0,3,0,77,0.48,1.0,15,0.035,0.03,0.01,0.03,3
-9843.35,-0.0984,90156.65,10256.07,0.1021,-0.775,-0.96,0.391,29,0.1379,4,25,5.2,False,True,-0.0473,0.0228,6309.32,16152.68,4,0,20,3,2,0,0,0,0,0,0,14,0,68,0.48,1.0,15,0.035,0.03,0.01,0.05,1
-9843.35,-0.0984,90156.65,10256.07,0.1021,-0.775,-0.96,0.391,29,0.1379,4,25,5.2,False,True,-0.0473,0.0228,6309.32,16152.68,4,0,20,3,2,0,0,0,0,0,0,14,0,68,0.48,1.0,15,0.035,0.03,0.01,0.05,2
-9843.35,-0.0984,90156.65,10256.07,0.1021,-0.775,-0.96,0.391,29,0.1379,4,25,5.2,False,True,-0.0473,0.0228,6309.32,16152.68,4,0,20,3,2,0,0,0,0,0,0,14,0,68,0.48,1.0,15,0.035,0.03,0.01,0.05,3
-10318.37,-0.1032,89681.63,10342.14,0.1034,-1.074,-0.998,0.299,32,0.1562,5,27,5.5,False,True,-0.0363,0.0114,4403.99,14722.36,5,0,20,4,3,0,0,0,0,0,0,0,0,82,0.48,1.0,15,0.035,0.03,0.02,0.03,1
-10318.37,-0.1032,89681.63,10342.14,0.1034,-1.074,-0.998,0.299,32,0.1562,5,27,5.5,False,True,-0.0363,0.0114,4403.99,14722.36,5,0,20,4,3,0,0,0,0,0,0,0,0,82,0.48,1.0,15,0.035,0.03,0.02,0.03,2
-10318.37,-0.1032,89681.63,10342.14,0.1034,-1.074,-0.998,0.299,32,0.1562,5,27,5.5,False,True,-0.0363,0.0114,4403.99,14722.36,5,0,20,4,3,0,0,0,0,0,0,0,0,82,0.48,1.0,15,0.035,0.03,0.02,0.03,3
-11016.45,-0.1102,88983.55,11040.22,0.1104,-1.156,-0.998,0.321,31,0.1613,5,26,5.6,False,True,-0.0383,0.0114,5213.65,16230.1,5,0,19,4,3,0,0,0,0,0,0,0,0,81,0.48,1.0,15,0.035,0.03,0.02,0.05,1
-11016.45,-0.1102,88983.55,11040.22,0.1104,-1.156,-0.998,0.321,31,0.1613,5,26,5.6,False,True,-0.0383,0.0114,5213.65,16230.1,5,0,19,4,3,0,0,0,0,0,0,0,0,81,0.48,1.0,15,0.035,0.03,0.02,0.05,2
-11016.45,-0.1102,88983.55,11040.22,0.1104,-1.156,-0.998,0.321,31,0.1613,5,26,5.6,False,True,-0.0383,0.0114,5213.65,16230.1,5,0,19,4,3,0,0,0,0,0,0,0,0,81,0.48,1.0,15,0.035,0.03,0.02,0.05,3
-9750.79,-0.0975,90249.21,10098.87,0.101,-0.822,-0.966,0.228,27,0.1481,4,23,4.8,False,True,-0.0455,0.0171,5472.46,24026.25,3,0,19,3,2,0,0,0,0,0,0,13,0,56,0.48,1.5,5,0.025,0.02,0.01,0.03,1
-9750.79,-0.0975,90249.21,10098.87,0.101,-0.822,-0.966,0.228,27,0.1481,4,23,4.8,False,True,-0.0455,0.0171,5472.46,24026.25,3,0,19,3,2,0,0,0,0,0,0,13,0,56,0.48,1.5,5,0.025,0.02,0.01,0.03,2
-9750.79,-0.0975,90249.21,10098.87,0.101,-0.822,-0.966,0.228,27,0.1481,4,23,4.8,False,True,-0.0455,0.0171,5472.46,24026.25,3,0,19,3,2,0,0,0,0,0,0,13,0,56,0.48,1.5,5,0.025,0.02,0.01,0.03,3
-5758.65,-0.0576,94241.35,10460.31,0.1005,-0.305,-0.551,0.631,22,0.2273,5,17,5.3,False,True,-0.0455,0.0403,13466.1,21341.47,4,0,12,4,2,0,0,0,0,0,0,1,0,51,0.48,1.5,5,0.025,0.02,0.01,0.05,1
-5758.65,-0.0576,94241.35,10460.31,0.1005,-0.305,-0.551,0.631,22,0.2273,5,17,5.3,False,True,-0.0455,0.0403,13466.1,21341.47,4,0,12,4,2,0,0,0,0,0,0,1,0,51,0.48,1.5,5,0.025,0.02,0.01,0.05,2
-5758.65,-0.0576,94241.35,10460.31,0.1005,-0.305,-0.551,0.631,22,0.2273,5,17,5.3,False,True,-0.0455,0.0403,13466.1,21341.47,4,0,12,4,2,0,0,0,0,0,0,1,0,51,0.48,1.5,5,0.025,0.02,0.01,0.05,3
-9606.91,-0.0961,90393.09,10036.97,0.1003,-0.738,-0.957,0.565,39,0.2564,10,29,6.2,False,True,-0.0455,0.0202,11661.0,20621.32,5,0,22,6,6,0,0,0,0,0,0,0,0,108,0.48,1.5,5,0.025,0.02,0.02,0.03,1
-9606.91,-0.0961,90393.09,10036.97,0.1003,-0.738,-0.957,0.565,39,0.2564,10,29,6.2,False,True,-0.0455,0.0202,11661.0,20621.32,5,0,22,6,6,0,0,0,0,0,0,0,0,108,0.48,1.5,5,0.025,0.02,0.02,0.03,2
-9606.91,-0.0961,90393.09,10036.97,0.1003,-0.738,-0.957,0.565,39,0.2564,10,29,6.2,False,True,-0.0455,0.0202,11661.0,20621.32,5,0,22,6,6,0,0,0,0,0,0,0,0,108,0.48,1.5,5,0.025,0.02,0.02,0.03,3
-6279.42,-0.0628,93720.58,10402.51,0.1005,-0.339,-0.604,0.616,23,0.2174,5,18,5.2,False,True,-0.0455,0.0403,13422.39,21806.84,4,0,13,4,2,0,0,0,0,0,0,0,0,51,0.48,1.5,5,0.025,0.02,0.02,0.05,1
-6279.42,-0.0628,93720.58,10402.51,0.1005,-0.339,-0.604,0.616,23,0.2174,5,18,5.2,False,True,-0.0455,0.0403,13422.39,21806.84,4,0,13,4,2,0,0,0,0,0,0,0,0,51,0.48,1.5,5,0.025,0.02,0.02,0.05,2
-6279.42,-0.0628,93720.58,10402.51,0.1005,-0.339,-0.604,0.616,23,0.2174,5,18,5.2,False,True,-0.0455,0.0403,13422.39,21806.84,4,0,13,4,2,0,0,0,0,0,0,0,0,51,0.48,1.5,5,0.025,0.02,0.02,0.05,3
-9750.79,-0.0975,90249.21,10098.87,0.101,-0.822,-0.966,0.228,27,0.1481,4,23,4.8,False,True,-0.0455,0.0171,5472.46,24026.25,3,0,19,3,2,0,0,0,0,0,0,13,0,56,0.48,1.5,5,0.025,0.03,0.01,0.03,1
-9750.79,-0.0975,90249.21,10098.87,0.101,-0.822,-0.966,0.228,27,0.1481,4,23,4.8,False,True,-0.0455,0.0171,5472.46,24026.25,3,0,19,3,2,0,0,0,0,0,0,13,0,56,0.48,1.5,5,0.025,0.03,0.01,0.03,2
-9750.79,-0.0975,90249.21,10098.87,0.101,-0.822,-0.966,0.228,27,0.1481,4,23,4.8,False,True,-0.0455,0.0171,5472.46,24026.25,3,0,19,3,2,0,0,0,0,0,0,13,0,56,0.48,1.5,5,0.025,0.03,0.01,0.03,3
-5758.65,-0.0576,94241.35,10460.31,0.1005,-0.305,-0.551,0.631,22,0.2273,5,17,5.3,False,True,-0.0455,0.0403,13466.1,21341.47,4,0,12,4,2,0,0,0,0,0,0,11,0,51,0.48,1.5,5,0.025,0.03,0.01,0.05,1
-5758.65,-0.0576,94241.35,10460.31,0.1005,-0.305,-0.551,0.631,22,0.2273,5,17,5.3,False,True,-0.0455,0.0403,13466.1,21341.47,4,0,12,4,2,0,0,0,0,0,0,11,0,51,0.48,1.5,5,0.025,0.03,0.01,0.05,2
-5758.65,-0.0576,94241.35,10460.31,0.1005,-0.305,-0.551,0.631,22,0.2273,5,17,5.3,False,True,-0.0455,0.0403,13466.1,21341.47,4,0,12,4,2,0,0,0,0,0,0,11,0,51,0.48,1.5,5,0.025,0.03,0.01,0.05,3
-9606.91,-0.0961,90393.09,10036.97,0.1003,-0.738,-0.957,0.565,39,0.2564,10,29,6.2,False,True,-0.0455,0.0202,11661.0,20621.32,5,0,22,6,6,0,0,0,0,0,0,9,0,108,0.48,1.5,5,0.025,0.03,0.02,0.03,1
-9606.91,-0.0961,90393.09,10036.97,0.1003,-0.738,-0.957,0.565,39,0.2564,10,29,6.2,False,True,-0.0455,0.0202,11661.0,20621.32,5,0,22,6,6,0,0,0,0,0,0,9,0,108,0.48,1.5,5,0.025,0.03,0.02,0.03,2
-9606.91,-0.0961,90393.09,10036.97,0.1003,-0.738,-0.957,0.565,39,0.2564,10,29,6.2,False,True,-0.0455,0.0202,11661.0,20621.32,5,0,22,6,6,0,0,0,0,0,0,9,0,108,0.48,1.5,5,0.025,0.03,0.02,0.03,3
-6279.42,-0.0628,93720.58,10402.51,0.1005,-0.339,-0.604,0.616,23,0.2174,5,18,5.2,False,True,-0.0455,0.0403,13422.39,21806.84,4,0,13,4,2,0,0,0,0,0,0,10,0,51,0.48,1.5,5,0.025,0.03,0.02,0.05,1
-6279.42,-0.0628,93720.58,10402.51,0.1005,-0.339,-0.604,0.616,23,0.2174,5,18,5.2,False,True,-0.0455,0.0403,13422.39,21806.84,4,0,13,4,2,0,0,0,0,0,0,10,0,51,0.48,1.5,5,0.025,0.03,0.02,0.05,2
-6279.42,-0.0628,93720.58,10402.51,0.1005,-0.339,-0.604,0.616,23,0.2174,5,18,5.2,False,True,-0.0455,0.0403,13422.39,21806.84,4,0,13,4,2,0,0,0,0,0,0,10,0,51,0.48,1.5,5,0.025,0.03,0.02,0.05,3
-9750.79,-0.0975,90249.21,10098.87,0.101,-0.822,-0.966,0.228,27,0.1481,4,23,4.8,False,True,-0.0455,0.0171,5472.46,24026.25,3,0,19,3,2,0,0,0,0,0,0,13,0,56,0.48,1.5,5,0.035,0.02,0.01,0.03,1
-9750.79,-0.0975,90249.21,10098.87,0.101,-0.822,-0.966,0.228,27,0.1481,4,23,4.8,False,True,-0.0455,0.0171,5472.46,24026.25,3,0,19,3,2,0,0,0,0,0,0,13,0,56,0.48,1.5,5,0.035,0.02,0.01,0.03,2
-9750.79,-0.0975,90249.21,10098.87,0.101,-0.822,-0.966,0.228,27,0.1481,4,23,4.8,False,True,-0.0455,0.0171,5472.46,24026.25,3,0,19,3,2,0,0,0,0,0,0,13,0,56,0.48,1.5,5,0.035,0.02,0.01,0.03,3
-7663.51,-0.0766,92336.49,10573.44,0.1031,-0.502,-0.725,0.363,26,0.1538,4,22,4.9,False,True,-0.0455,0.0341,9479.63,26149.74,3,0,18,3,2,0,0,0,0,0,0,1,0,56,0.48,1.5,5,0.035,0.02,0.01,0.05,1
-7663.51,-0.0766,92336.49,10573.44,0.1031,-0.502,-0.725,0.363,26,0.1538,4,22,4.9,False,True,-0.0455,0.0341,9479.63,26149.74,3,0,18,3,2,0,0,0,0,0,0,1,0,56,0.48,1.5,5,0.035,0.02,0.01,0.05,2
-7663.51,-0.0766,92336.49,10573.44,0.1031,-0.502,-0.725,0.363,26,0.1538,4,22,4.9,False,True,-0.0455,0.0341,9479.63,26149.74,3,0,18,3,2,0,0,0,0,0,0,1,0,56,0.48,1.5,5,0.035,0.02,0.01,0.05,3
-8689.67,-0.0869,91310.33,10104.1,0.101,-0.754,-0.86,0.224,25,0.2,5,20,5.6,False,True,-0.0455,0.0171,6583.76,29432.94,3,0,15,4,3,0,0,0,0,0,0,0,0,63,0.48,1.5,5,0.035,0.02,0.02,0.03,1
-8689.67,-0.0869,91310.33,10104.1,0.101,-0.754,-0.86,0.224,25,0.2,5,20,5.6,False,True,-0.0455,0.0171,6583.76,29432.94,3,0,15,4,3,0,0,0,0,0,0,0,0,63,0.48,1.5,5,0.035,0.02,0.02,0.03,2
-8689.67,-0.0869,91310.33,10104.1,0.101,-0.754,-0.86,0.224,25,0.2,5,20,5.6,False,True,-0.0455,0.0171,6583.76,29432.94,3,0,15,4,3,0,0,0,0,0,0,0,0,63,0.48,1.5,5,0.035,0.02,0.02,0.03,3
-8173.76,-0.0817,91826.24,10515.01,0.1031,-0.544,-0.777,0.356,27,0.1481,4,23,4.8,False,True,-0.0455,0.0341,9457.95,26588.54,3,0,19,3,2,0,0,0,0,0,0,0,0,56,0.48,1.5,5,0.035,0.02,0.02,0.05,1
-8173.76,-0.0817,91826.24,10515.01,0.1031,-0.544,-0.777,0.356,27,0.1481,4,23,4.8,False,True,-0.0455,0.0341,9457.95,26588.54,3,0,19,3,2,0,0,0,0,0,0,0,0,56,0.48,1.5,5,0.035,0.02,0.02,0.05,2
-8173.76,-0.0817,91826.24,10515.01,0.1031,-0.544,-0.777,0.356,27,0.1481,4,23,4.8,False,True,-0.0455,0.0341,9457.95,26588.54,3,0,19,3,2,0,0,0,0,0,0,0,0,56,0.48,1.5,5,0.035,0.02,0.02,0.05,3
-9750.79,-0.0975,90249.21,10098.87,0.101,-0.822,-0.966,0.228,27,0.1481,4,23,4.8,False,True,-0.0455,0.0171,5472.46,24026.25,3,0,19,3,2,0,0,0,0,0,0,13,0,56,0.48,1.5,5,0.035,0.03,0.01,0.03,1
-9750.79,-0.0975,90249.21,10098.87,0.101,-0.822,-0.966,0.228,27,0.1481,4,23,4.8,False,True,-0.0455,0.0171,5472.46,24026.25,3,0,19,3,2,0,0,0,0,0,0,13,0,56,0.48,1.5,5,0.035,0.03,0.01,0.03,2
-9750.79,-0.0975,90249.21,10098.87,0.101,-0.822,-0.966,0.228,27,0.1481,4,23,4.8,False,True,-0.0455,0.0171,5472.46,24026.25,3,0,19,3,2,0,0,0,0,0,0,13,0,56,0.48,1.5,5,0.035,0.03,0.01,0.03,3
-7663.51,-0.0766,92336.49,10573.44,0.1031,-0.502,-0.725,0.363,26,0.1538,4,22,4.9,False,True,-0.0455,0.0341,9479.63,26149.74,3,0,18,3,2,0,0,0,0,0,0,11,0,56,0.48,1.5,5,0.035,0.03,0.01,0.05,1
-7663.51,-0.0766,92336.49,10573.44,0.1031,-0.502,-0.725,0.363,26,0.1538,4,22,4.9,False,True,-0.0455,0.0341,9479.63,26149.74,3,0,18,3,2,0,0,0,0,0,0,11,0,56,0.48,1.5,5,0.035,0.03,0.01,0.05,2
-7663.51,-0.0766,92336.49,10573.44,0.1031,-0.502,-0.725,0.363,26,0.1538,4,22,4.9,False,True,-0.0455,0.0341,9479.63,26149.74,3,0,18,3,2,0,0,0,0,0,0,11,0,56,0.48,1.5,5,0.035,0.03,0.01,0.05,3
-8689.67,-0.0869,91310.33,10104.1,0.101,-0.754,-0.86,0.224,25,0.2,5,20,5.6,False,True,-0.0455,0.0171,6583.76,29432.94,3,0,15,4,3,0,0,0,0,0,0,0,0,63,0.48,1.5,5,0.035,0.03,0.02,0.03,1
-8689.67,-0.0869,91310.33,10104.1,0.101,-0.754,-0.86,0.224,25,0.2,5,20,5.6,False,True,-0.0455,0.0171,6583.76,29432.94,3,0,15,4,3,0,0,0,0,0,0,0,0,63,0.48,1.5,5,0.035,0.03,0.02,0.03,2
-8689.67,-0.0869,91310.33,10104.1,0.101,-0.754,-0.86,0.224,25,0.2,5,20,5.6,False,True,-0.0455,0.0171,6583.76,29432.94,3,0,15,4,3,0,0,0,0,0,0,0,0,63,0.48,1.5,5,0.035,0.03,0.02,0.03,3
-8173.76,-0.0817,91826.24,10515.01,0.1031,-0.544,-0.777,0.356,27,0.1481,4,23,4.8,False,True,-0.0455,0.0341,9457.95,26588.54,3,0,19,3,2,0,0,0,0,0,0,10,0,56,0.48,1.5,5,0.035,0.03,0.02,0.05,1
-8173.76,-0.0817,91826.24,10515.01,0.1031,-0.544,-0.777,0.356,27,0.1481,4,23,4.8,False,True,-0.0455,0.0341,9457.95,26588.54,3,0,19,3,2,0,0,0,0,0,0,10,0,56,0.48,1.5,5,0.035,0.03,0.02,0.05,2
-8173.76,-0.0817,91826.24,10515.01,0.1031,-0.544,-0.777,0.356,27,0.1481,4,23,4.8,False,True,-0.0455,0.0341,9457.95,26588.54,3,0,19,3,2,0,0,0,0,0,0,10,0,56,0.48,1.5,5,0.035,0.03,0.02,0.05,3
-9750.79,-0.0975,90249.21,10098.87,0.101,-0.822,-0.966,0.228,27,0.1481,4,23,4.8,False,True,-0.0455,0.0171,5472.46,24026.25,3,0,19,3,2,0,0,0,0,0,0,13,0,56,0.48,1.5,10,0.025,0.02,0.01,0.03,1
-9750.79,-0.0975,90249.21,10098.87,0.101,-0.822,-0.966,0.228,27,0.1481,4,23,4.8,False,True,-0.0455,0.0171,5472.46,24026.25,3,0,19,3,2,0,0,0,0,0,0,13,0,56,0.48,1.5,10,0.025,0.02,0.01,0.03,2
-9750.79,-0.0975,90249.21,10098.87,0.101,-0.822,-0.966,0.228,27,0.1481,4,23,4.8,False,True,-0.0455,0.0171,5472.46,24026.25,3,0,19,3,2,0,0,0,0,0,0,13,0,56,0.48,1.5,10,0.025,0.02,0.01,0.03,3
-5758.65,-0.0576,94241.35,10460.31,0.1005,-0.305,-0.551,0.631,22,0.2273,5,17,5.3,False,True,-0.0455,0.0403,13466.1,21341.47,4,0,12,4,2,0,0,0,0,0,0,1,0,51,0.48,1.5,10,0.025,0.02,0.01,0.05,1
-5758.65,-0.0576,94241.35,10460.31,0.1005,-0.305,-0.551,0.631,22,0.2273,5,17,5.3,False,True,-0.0455,0.0403,13466.1,21341.47,4,0,12,4,2,0,0,0,0,0,0,1,0,51,0.48,1.5,10,0.025,0.02,0.01,0.05,2
-5758.65,-0.0576,94241.35,10460.31,0.1005,-0.305,-0.551,0.631,22,0.2273,5,17,5.3,False,True,-0.0455,0.0403,13466.1,21341.47,4,0,12,4,2,0,0,0,0,0,0,1,0,51,0.48,1.5,10,0.025,0.02,0.01,0.05,3
-9606.91,-0.0961,90393.09,10036.97,0.1003,-0.738,-0.957,0.565,39,0.2564,10,29,6.2,False,True,-0.0455,0.0202,11661.0,20621.32,5,0,22,6,6,0,0,0,0,0,0,0,0,108,0.48,1.5,10,0.025,0.02,0.02,0.03,1
-9606.91,-0.0961,90393.09,10036.97,0.1003,-0.738,-0.957,0.565,39,0.2564,10,29,6.2,False,True,-0.0455,0.0202,11661.0,20621.32,5,0,22,6,6,0,0,0,0,0,0,0,0,108,0.48,1.5,10,0.025,0.02,0.02,0.03,2
-9606.91,-0.0961,90393.09,10036.97,0.1003,-0.738,-0.957,0.565,39,0.2564,10,29,6.2,False,True,-0.0455,0.0202,11661.0,20621.32,5,0,22,6,6,0,0,0,0,0,0,0,0,108,0.48,1.5,10,0.025,0.02,0.02,0.03,3
-6279.42,-0.0628,93720.58,10402.51,0.1005,-0.339,-0.604,0.616,23,0.2174,5,18,5.2,False,True,-0.0455,0.0403,13422.39,21806.84,4,0,13,4,2,0,0,0,0,0,0,0,0,51,0.48,1.5,10,0.025,0.02,0.02,0.05,1
-6279.42,-0.0628,93720.58,10402.51,0.1005,-0.339,-0.604,0.616,23,0.2174,5,18,5.2,False,True,-0.0455,0.0403,13422.39,21806.84,4,0,13,4,2,0,0,0,0,0,0,0,0,51,0.48,1.5,10,0.025,0.02,0.02,0.05,2
-6279.42,-0.0628,93720.58,10402.51,0.1005,-0.339,-0.604,0.616,23,0.2174,5,18,5.2,False,True,-0.0455,0.0403,13422.39,21806.84,4,0,13,4,2,0,0,0,0,0,0,0,0,51,0.48,1.5,10,0.025,0.02,0.02,0.05,3
-9750.79,-0.0975,90249.21,10098.87,0.101,-0.822,-0.966,0.228,27,0.1481,4,23,4.8,False,True,-0.0455,0.0171,5472.46,24026.25,3,0,19,3,2,0,0,0,0,0,0,13,0,56,0.48,1.5,10,0.025,0.03,0.01,0.03,1
-9750.79,-0.0975,90249.21,10098.87,0.101,-0.822,-0.966,0.228,27,0.1481,4,23,4.8,False,True,-0.0455,0.0171,5472.46,24026.25,3,0,19,3,2,0,0,0,0,0,0,13,0,56,0.48,1.5,10,0.025,0.03,0.01,0.03,2
-9750.79,-0.0975,90249.21,10098.87,0.101,-0.822,-0.966,0.228,27,0.1481,4,23,4.8,False,True,-0.0455,0.0171,5472.46,24026.25,3,0,19,3,2,0,0,0,0,0,0,13,0,56,0.48,1.5,10,0.025,0.03,0.01,0.03,3
-5758.65,-0.0576,94241.35,10460.31,0.1005,-0.305,-0.551,0.631,22,0.2273,5,17,5.3,False,True,-0.0455,0.0403,13466.1,21341.47,4,0,12,4,2,0,0,0,0,0,0,11,0,51,0.48,1.5,10,0.025,0.03,0.01,0.05,1
-5758.65,-0.0576,94241.35,10460.31,0.1005,-0.305,-0.551,0.631,22,0.2273,5,17,5.3,False,True,-0.0455,0.0403,13466.1,21341.47,4,0,12,4,2,0,0,0,0,0,0,11,0,51,0.48,1.5,10,0.025,0.03,0.01,0.05,2
-5758.65,-0.0576,94241.35,10460.31,0.1005,-0.305,-0.551,0.631,22,0.2273,5,17,5.3,False,True,-0.0455,0.0403,13466.1,21341.47,4,0,12,4,2,0,0,0,0,0,0,11,0,51,0.48,1.5,10,0.025,0.03,0.01,0.05,3
-9606.91,-0.0961,90393.09,10036.97,0.1003,-0.738,-0.957,0.565,39,0.2564,10,29,6.2,False,True,-0.0455,0.0202,11661.0,20621.32,5,0,22,6,6,0,0,0,0,0,0,9,0,108,0.48,1.5,10,0.025,0.03,0.02,0.03,1
-9606.91,-0.0961,90393.09,10036.97,0.1003,-0.738,-0.957,0.565,39,0.2564,10,29,6.2,False,True,-0.0455,0.0202,11661.0,20621.32,5,0,22,6,6,0,0,0,0,0,0,9,0,108,0.48,1.5,10,0.025,0.03,0.02,0.03,2
-9606.91,-0.0961,90393.09,10036.97,0.1003,-0.738,-0.957,0.565,39,0.2564,10,29,6.2,False,True,-0.0455,0.0202,11661.0,20621.32,5,0,22,6,6,0,0,0,0,0,0,9,0,108,0.48,1.5,10,0.025,0.03,0.02,0.03,3
-6279.42,-0.0628,93720.58,10402.51,0.1005,-0.339,-0.604,0.616,23,0.2174,5,18,5.2,False,True,-0.0455,0.0403,13422.39,21806.84,4,0,13,4,2,0,0,0,0,0,0,10,0,51,0.48,1.5,10,0.025,0.03,0.02,0.05,1
-6279.42,-0.0628,93720.58,10402.51,0.1005,-0.339,-0.604,0.616,23,0.2174,5,18,5.2,False,True,-0.0455,0.0403,13422.39,21806.84,4,0,13,4,2,0,0,0,0,0,0,10,0,51,0.48,1.5,10,0.025,0.03,0.02,0.05,2
-6279.42,-0.0628,93720.58,10402.51,0.1005,-0.339,-0.604,0.616,23,0.2174,5,18,5.2,False,True,-0.0455,0.0403,13422.39,21806.84,4,0,13,4,2,0,0,0,0,0,0,10,0,51,0.48,1.5,10,0.025,0.03,0.02,0.05,3
-9750.79,-0.0975,90249.21,10098.87,0.101,-0.822,-0.966,0.228,27,0.1481,4,23,4.8,False,True,-0.0455,0.0171,5472.46,24026.25,3,0,19,3,2,0,0,0,0,0,0,13,0,56,0.48,1.5,10,0.035,0.02,0.01,0.03,1
-9750.79,-0.0975,90249.21,10098.87,0.101,-0.822,-0.966,0.228,27,0.1481,4,23,4.8,False,True,-0.0455,0.0171,5472.46,24026.25,3,0,19,3,2,0,0,0,0,0,0,13,0,56,0.48,1.5,10,0.035,0.02,0.01,0.03,2
-9750.79,-0.0975,90249.21,10098.87,0.101,-0.822,-0.966,0.228,27,0.1481,4,23,4.8,False,True,-0.0455,0.0171,5472.46,24026.25,3,0,19,3,2,0,0,0,0,0,0,13,0,56,0.48,1.5,10,0.035,0.02,0.01,0.03,3
-7663.51,-0.0766,92336.49,10573.44,0.1031,-0.502,-0.725,0.363,26,0.1538,4,22,4.9,False,True,-0.0455,0.0341,9479.63,26149.74,3,0,18,3,2,0,0,0,0,0,0,1,0,56,0.48,1.5,10,0.035,0.02,0.01,0.05,1
-7663.51,-0.0766,92336.49,10573.44,0.1031,-0.502,-0.725,0.363,26,0.1538,4,22,4.9,False,True,-0.0455,0.0341,9479.63,26149.74,3,0,18,3,2,0,0,0,0,0,0,1,0,56,0.48,1.5,10,0.035,0.02,0.01,0.05,2
-7663.51,-0.0766,92336.49,10573.44,0.1031,-0.502,-0.725,0.363,26,0.1538,4,22,4.9,False,True,-0.0455,0.0341,9479.63,26149.74,3,0,18,3,2,0,0,0,0,0,0,1,0,56,0.48,1.5,10,0.035,0.02,0.01,0.05,3
-8689.67,-0.0869,91310.33,10104.1,0.101,-0.754,-0.86,0.224,25,0.2,5,20,5.6,False,True,-0.0455,0.0171,6583.76,29432.94,3,0,15,4,3,0,0,0,0,0,0,0,0,63,0.48,1.5,10,0.035,0.02,0.02,0.03,1
-8689.67,-0.0869,91310.33,10104.1,0.101,-0.754,-0.86,0.224,25,0.2,5,20,5.6,False,True,-0.0455,0.0171,6583.76,29432.94,3,0,15,4,3,0,0,0,0,0,0,0,0,63,0.48,1.5,10,0.035,0.02,0.02,0.03,2
-8689.67,-0.0869,91310.33,10104.1,0.101,-0.754,-0.86,0.224,25,0.2,5,20,5.6,False,True,-0.0455,0.0171,6583.76,29432.94,3,0,15,4,3,0,0,0,0,0,0,0,0,63,0.48,1.5,10,0.035,0.02,0.02,0.03,3
-8173.76,-0.0817,91826.24,10515.01,0.1031,-0.544,-0.777,0.356,27,0.1481,4,23,4.8,False,True,-0.0455,0.0341,9457.95,26588.54,3,0,19,3,2,0,0,0,0,0,0,0,0,56,0.48,1.5,10,0.035,0.02,0.02,0.05,1
-8173.76,-0.0817,91826.24,10515.01,0.1031,-0.544,-0.777,0.356,27,0.1481,4,23,4.8,False,True,-0.0455,0.0341,9457.95,26588.54,3,0,19,3,2,0,0,0,0,0,0,0,0,56,0.48,1.5,10,0.035,0.02,0.02,0.05,2
-8173.76,-0.0817,91826.24,10515.01,0.1031,-0.544,-0.777,0.356,27,0.1481,4,23,4.8,False,True,-0.0455,0.0341,9457.95,26588.54,3,0,19,3,2,0,0,0,0,0,0,0,0,56,0.48,1.5,10,0.035,0.02,0.02,0.05,3
-9750.79,-0.0975,90249.21,10098.87,0.101,-0.822,-0.966,0.228,27,0.1481,4,23,4.8,False,True,-0.0455,0.0171,5472.46,24026.25,3,0,19,3,2,0,0,0,0,0,0,13,0,56,0.48,1.5,10,0.035,0.03,0.01,0.03,1
-9750.79,-0.0975,90249.21,10098.87,0.101,-0.822,-0.966,0.228,27,0.1481,4,23,4.8,False,True,-0.0455,0.0171,5472.46,24026.25,3,0,19,3,2,0,0,0,0,0,0,13,0,56,0.48,1.5,10,0.035,0.03,0.01,0.03,2
-9750.79,-0.0975,90249.21,10098.87,0.101,-0.822,-0.966,0.228,27,0.1481,4,23,4.8,False,True,-0.0455,0.0171,5472.46,24026.25,3,0,19,3,2,0,0,0,0,0,0,13,0,56,0.48,1.5,10,0.035,0.03,0.01,0.03,3
-7663.51,-0.0766,92336.49,10573.44,0.1031,-0.502,-0.725,0.363,26,0.1538,4,22,4.9,False,True,-0.0455,0.0341,9479.63,26149.74,3,0,18,3,2,0,0,0,0,0,0,11,0,56,0.48,1.5,10,0.035,0.03,0.01,0.05,1
-7663.51,-0.0766,92336.49,10573.44,0.1031,-0.502,-0.725,0.363,26,0.1538,4,22,4.9,False,True,-0.0455,0.0341,9479.63,26149.74,3,0,18,3,2,0,0,0,0,0,0,11,0,56,0.48,1.5,10,0.035,0.03,0.01,0.05,2
-7663.51,-0.0766,92336.49,10573.44,0.1031,-0.502,-0.725,0.363,26,0.1538,4,22,4.9,False,True,-0.0455,0.0341,9479.63,26149.74,3,0,18,3,2,0,0,0,0,0,0,11,0,56,0.48,1.5,10,0.035,0.03,0.01,0.05,3
-8689.67,-0.0869,91310.33,10104.1,0.101,-0.754,-0.86,0.224,25,0.2,5,20,5.6,False,True,-0.0455,0.0171,6583.76,29432.94,3,0,15,4,3,0,0,0,0,0,0,0,0,63,0.48,1.5,10,0.035,0.03,0.02,0.03,1
-8689.67,-0.0869,91310.33,10104.1,0.101,-0.754,-0.86,0.224,25,0.2,5,20,5.6,False,True,-0.0455,0.0171,6583.76,29432.94,3,0,15,4,3,0,0,0,0,0,0,0,0,63,0.48,1.5,10,0.035,0.03,0.02,0.03,2
-8689.67,-0.0869,91310.33,10104.1,0.101,-0.754,-0.86,0.224,25,0.2,5,20,5.6,False,True,-0.0455,0.0171,6583.76,29432.94,3,0,15,4,3,0,0,0,0,0,0,0,0,63,0.48,1.5,10,0.035,0.03,0.02,0.03,3
-8173.76,-0.0817,91826.24,10515.01,0.1031,-0.544,-0.777,0.356,27,0.1481,4,23,4.8,False,True,-0.0455,0.0341,9457.95,26588.54,3,0,19,3,2,0,0,0,0,0,0,10,0,56,0.48,1.5,10,0.035,0.03,0.02,0.05,1
-8173.76,-0.0817,91826.24,10515.01,0.1031,-0.544,-0.777,0.356,27,0.1481,4,23,4.8,False,True,-0.0455,0.0341,9457.95,26588.54,3,0,19,3,2,0,0,0,0,0,0,10,0,56,0.48,1.5,10,0.035,0.03,0.02,0.05,2
-8173.76,-0.0817,91826.24,10515.01,0.1031,-0.544,-0.777,0.356,27,0.1481,4,23,4.8,False,True,-0.0455,0.0341,9457.95,26588.54,3,0,19,3,2,0,0,0,0,0,0,10,0,56,0.48,1.5,10,0.035,0.03,0.02,0.05,3
-9750.79,-0.0975,90249.21,10098.87,0.101,-0.822,-0.966,0.228,27,0.1481,4,23,4.8,False,True,-0.0455,0.0171,5472.46,24026.25,3,0,19,3,2,0,0,0,0,0,0,13,0,56,0.48,1.5,15,0.025,0.02,0.01,0.03,1
-9750.79,-0.0975,90249.21,10098.87,0.101,-0.822,-0.966,0.228,27,0.1481,4,23,4.8,False,True,-0.0455,0.0171,5472.46,24026.25,3,0,19,3,2,0,0,0,0,0,0,13,0,56,0.48,1.5,15,0.025,0.02,0.01,0.03,2
-9750.79,-0.0975,90249.21,10098.87,0.101,-0.822,-0.966,0.228,27,0.1481,4,23,4.8,False,True,-0.0455,0.0171,5472.46,24026.25,3,0,19,3,2,0,0,0,0,0,0,13,0,56,0.48,1.5,15,0.025,0.02,0.01,0.03,3
-5758.65,-0.0576,94241.35,10460.31,0.1005,-0.305,-0.551,0.631,22,0.2273,5,17,5.3,False,True,-0.0455,0.0403,13466.1,21341.47,4,0,12,4,2,0,0,0,0,0,0,1,0,51,0.48,1.5,15,0.025,0.02,0.01,0.05,1
-5758.65,-0.0576,94241.35,10460.31,0.1005,-0.305,-0.551,0.631,22,0.2273,5,17,5.3,False,True,-0.0455,0.0403,13466.1,21341.47,4,0,12,4,2,0,0,0,0,0,0,1,0,51,0.48,1.5,15,0.025,0.02,0.01,0.05,2
-5758.65,-0.0576,94241.35,10460.31,0.1005,-0.305,-0.551,0.631,22,0.2273,5,17,5.3,False,True,-0.0455,0.0403,13466.1,21341.47,4,0,12,4,2,0,0,0,0,0,0,1,0,51,0.48,1.5,15,0.025,0.02,0.01,0.05,3
-9606.91,-0.0961,90393.09,10036.97,0.1003,-0.738,-0.957,0.565,39,0.2564,10,29,6.2,False,True,-0.0455,0.0202,11661.0,20621.32,5,0,22,6,6,0,0,0,0,0,0,0,0,108,0.48,1.5,15,0.025,0.02,0.02,0.03,1
-9606.91,-0.0961,90393.09,10036.97,0.1003,-0.738,-0.957,0.565,39,0.2564,10,29,6.2,False,True,-0.0455,0.0202,11661.0,20621.32,5,0,22,6,6,0,0,0,0,0,0,0,0,108,0.48,1.5,15,0.025,0.02,0.02,0.03,2
-9606.91,-0.0961,90393.09,10036.97,0.1003,-0.738,-0.957,0.565,39,0.2564,10,29,6.2,False,True,-0.0455,0.0202,11661.0,20621.32,5,0,22,6,6,0,0,0,0,0,0,0,0,108,0.48,1.5,15,0.025,0.02,0.02,0.03,3
-6279.42,-0.0628,93720.58,10402.51,0.1005,-0.339,-0.604,0.616,23,0.2174,5,18,5.2,False,True,-0.0455,0.0403,13422.39,21806.84,4,0,13,4,2,0,0,0,0,0,0,0,0,51,0.48,1.5,15,0.025,0.02,0.02,0.05,1
-6279.42,-0.0628,93720.58,10402.51,0.1005,-0.339,-0.604,0.616,23,0.2174,5,18,5.2,False,True,-0.0455,0.0403,13422.39,21806.84,4,0,13,4,2,0,0,0,0,0,0,0,0,51,0.48,1.5,15,0.025,0.02,0.02,0.05,2
-6279.42,-0.0628,93720.58,10402.51,0.1005,-0.339,-0.604,0.616,23,0.2174,5,18,5.2,False,True,-0.0455,0.0403,13422.39,21806.84,4,0,13,4,2,0,0,0,0,0,0,0,0,51,0.48,1.5,15,0.025,0.02,0.02,0.05,3
-9750.79,-0.0975,90249.21,10098.87,0.101,-0.822,-0.966,0.228,27,0.1481,4,23,4.8,False,True,-0.0455,0.0171,5472.46,24026.25,3,0,19,3,2,0,0,0,0,0,0,13,0,56,0.48,1.5,15,0.025,0.03,0.01,0.03,1
-9750.79,-0.0975,90249.21,10098.87,0.101,-0.822,-0.966,0.228,27,0.1481,4,23,4.8,False,True,-0.0455,0.0171,5472.46,24026.25,3,0,19,3,2,0,0,0,0,0,0,13,0,56,0.48,1.5,15,0.025,0.03,0.01,0.03,2
-9750.79,-0.0975,90249.21,10098.87,0.101,-0.822,-0.966,0.228,27,0.1481,4,23,4.8,False,True,-0.0455,0.0171,5472.46,24026.25,3,0,19,3,2,0,0,0,0,0,0,13,0,56,0.48,1.5,15,0.025,0.03,0.01,0.03,3
-5758.65,-0.0576,94241.35,10460.31,0.1005,-0.305,-0.551,0.631,22,0.2273,5,17,5.3,False,True,-0.0455,0.0403,13466.1,21341.47,4,0,12,4,2,0,0,0,0,0,0,11,0,51,0.48,1.5,15,0.025,0.03,0.01,0.05,1
-5758.65,-0.0576,94241.35,10460.31,0.1005,-0.305,-0.551,0.631,22,0.2273,5,17,5.3,False,True,-0.0455,0.0403,13466.1,21341.47,4,0,12,4,2,0,0,0,0,0,0,11,0,51,0.48,1.5,15,0.025,0.03,0.01,0.05,2
-5758.65,-0.0576,94241.35,10460.31,0.1005,-0.305,-0.551,0.631,22,0.2273,5,17,5.3,False,True,-0.0455,0.0403,13466.1,21341.47,4,0,12,4,2,0,0,0,0,0,0,11,0,51,0.48,1.5,15,0.025,0.03,0.01,0.05,3
-9606.91,-0.0961,90393.09,10036.97,0.1003,-0.738,-0.957,0.565,39,0.2564,10,29,6.2,False,True,-0.0455,0.0202,11661.0,20621.32,5,0,22,6,6,0,0,0,0,0,0,9,0,108,0.48,1.5,15,0.025,0.03,0.02,0.03,1
-9606.91,-0.0961,90393.09,10036.97,0.1003,-0.738,-0.957,0.565,39,0.2564,10,29,6.2,False,True,-0.0455,0.0202,11661.0,20621.32,5,0,22,6,6,0,0,0,0,0,0,9,0,108,0.48,1.5,15,0.025,0.03,0.02,0.03,2
-9606.91,-0.0961,90393.09,10036.97,0.1003,-0.738,-0.957,0.565,39,0.2564,10,29,6.2,False,True,-0.0455,0.0202,11661.0,20621.32,5,0,22,6,6,0,0,0,0,0,0,9,0,108,0.48,1.5,15,0.025,0.03,0.02,0.03,3
-6279.42,-0.0628,93720.58,10402.51,0.1005,-0.339,-0.604,0.616,23,0.2174,5,18,5.2,False,True,-0.0455,0.0403,13422.39,21806.84,4,0,13,4,2,0,0,0,0,0,0,10,0,51,0.48,1.5,15,0.025,0.03,0.02,0.05,1
-6279.42,-0.0628,93720.58,10402.51,0.1005,-0.339,-0.604,0.616,23,0.2174,5,18,5.2,False,True,-0.0455,0.0403,13422.39,21806.84,4,0,13,4,2,0,0,0,0,0,0,10,0,51,0.48,1.5,15,0.025,0.03,0.02,0.05,2
-6279.42,-0.0628,93720.58,10402.51,0.1005,-0.339,-0.604,0.616,23,0.2174,5,18,5.2,False,True,-0.0455,0.0403,13422.39,21806.84,4,0,13,4,2,0,0,0,0,0,0,10,0,51,0.48,1.5,15,0.025,0.03,0.02,0.05,3
-9750.79,-0.0975,90249.21,10098.87,0.101,-0.822,-0.966,0.228,27,0.1481,4,23,4.8,False,True,-0.0455,0.0171,5472.46,24026.25,3,0,19,3,2,0,0,0,0,0,0,13,0,56,0.48,1.5,15,0.035,0.02,0.01,0.03,1
-9750.79,-0.0975,90249.21,10098.87,0.101,-0.822,-0.966,0.228,27,0.1481,4,23,4.8,False,True,-0.0455,0.0171,5472.46,24026.25,3,0,19,3,2,0,0,0,0,0,0,13,0,56,0.48,1.5,15,0.035,0.02,0.01,0.03,2
-9750.79,-0.0975,90249.21,10098.87,0.101,-0.822,-0.966,0.228,27,0.1481,4,23,4.8,False,True,-0.0455,0.0171,5472.46,24026.25,3,0,19,3,2,0,0,0,0,0,0,13,0,56,0.48,1.5,15,0.035,0.02,0.01,0.03,3
-7663.51,-0.0766,92336.49,10573.44,0.1031,-0.502,-0.725,0.363,26,0.1538,4,22,4.9,False,True,-0.0455,0.0341,9479.63,26149.74,3,0,18,3,2,0,0,0,0,0,0,1,0,56,0.48,1.5,15,0.035,0.02,0.01,0.05,1
-7663.51,-0.0766,92336.49,10573.44,0.1031,-0.502,-0.725,0.363,26,0.1538,4,22,4.9,False,True,-0.0455,0.0341,9479.63,26149.74,3,0,18,3,2,0,0,0,0,0,0,1,0,56,0.48,1.5,15,0.035,0.02,0.01,0.05,2
-7663.51,-0.0766,92336.49,10573.44,0.1031,-0.502,-0.725,0.363,26,0.1538,4,22,4.9,False,True,-0.0455,0.0341,9479.63,26149.74,3,0,18,3,2,0,0,0,0,0,0,1,0,56,0.48,1.5,15,0.035,0.02,0.01,0.05,3
-8689.67,-0.0869,91310.33,10104.1,0.101,-0.754,-0.86,0.224,25,0.2,5,20,5.6,False,True,-0.0455,0.0171,6583.76,29432.94,3,0,15,4,3,0,0,0,0,0,0,0,0,63,0.48,1.5,15,0.035,0.02,0.02,0.03,1
-8689.67,-0.0869,91310.33,10104.1,0.101,-0.754,-0.86,0.224,25,0.2,5,20,5.6,False,True,-0.0455,0.0171,6583.76,29432.94,3,0,15,4,3,0,0,0,0,0,0,0,0,63,0.48,1.5,15,0.035,0.02,0.02,0.03,2
-8689.67,-0.0869,91310.33,10104.1,0.101,-0.754,-0.86,0.224,25,0.2,5,20,5.6,False,True,-0.0455,0.0171,6583.76,29432.94,3,0,15,4,3,0,0,0,0,0,0,0,0,63,0.48,1.5,15,0.035,0.02,0.02,0.03,3
-8173.76,-0.0817,91826.24,10515.01,0.1031,-0.544,-0.777,0.356,27,0.1481,4,23,4.8,False,True,-0.0455,0.0341,9457.95,26588.54,3,0,19,3,2,0,0,0,0,0,0,0,0,56,0.48,1.5,15,0.035,0.02,0.02,0.05,1
-8173.76,-0.0817,91826.24,10515.01,0.1031,-0.544,-0.777,0.356,27,0.1481,4,23,4.8,False,True,-0.0455,0.0341,9457.95,26588.54,3,0,19,3,2,0,0,0,0,0,0,0,0,56,0.48,1.5,15,0.035,0.02,0.02,0.05,2
-8173.76,-0.0817,91826.24,10515.01,0.1031,-0.544,-0.777,0.356,27,0.1481,4,23,4.8,False,True,-0.0455,0.0341,9457.95,26588.54,3,0,19,3,2,0,0,0,0,0,0,0,0,56,0.48,1.5,15,0.035,0.02,0.02,0.05,3
-9750.79,-0.0975,90249.21,10098.87,0.101,-0.822,-0.966,0.228,27,0.1481,4,23,4.8,False,True,-0.0455,0.0171,5472.46,24026.25,3,0,19,3,2,0,0,0,0,0,0,13,0,56,0.48,1.5,15,0.035,0.03,0.01,0.03,1
-9750.79,-0.0975,90249.21,10098.87,0.101,-0.822,-0.966,0.228,27,0.1481,4,23,4.8,False,True,-0.0455,0.0171,5472.46,24026.25,3,0,19,3,2,0,0,0,0,0,0,13,0,56,0.48,1.5,15,0.035,0.03,0.01,0.03,2
-9750.79,-0.0975,90249.21,10098.87,0.101,-0.822,-0.966,0.228,27,0.1481,4,23,4.8,False,True,-0.0455,0.0171,5472.46,24026.25,3,0,19,3,2,0,0,0,0,0,0,13,0,56,0.48,1.5,15,0.035,0.03,0.01,0.03,3
-7663.51,-0.0766,92336.49,10573.44,0.1031,-0.502,-0.725,0.363,26,0.1538,4,22,4.9,False,True,-0.0455,0.0341,9479.63,26149.74,3,0,18,3,2,0,0,0,0,0,0,11,0,56,0.48,1.5,15,0.035,0.03,0.01,0.05,1
-7663.51,-0.0766,92336.49,10573.44,0.1031,-0.502,-0.725,0.363,26,0.1538,4,22,4.9,False,True,-0.0455,0.0341,9479.63,26149.74,3,0,18,3,2,0,0,0,0,0,0,11,0,56,0.48,1.5,15,0.035,0.03,0.01,0.05,2
-7663.51,-0.0766,92336.49,10573.44,0.1031,-0.502,-0.725,0.363,26,0.1538,4,22,4.9,False,True,-0.0455,0.0341,9479.63,26149.74,3,0,18,3,2,0,0,0,0,0,0,11,0,56,0.48,1.5,15,0.035,0.03,0.01,0.05,3
-8689.67,-0.0869,91310.33,10104.1,0.101,-0.754,-0.86,0.224,25,0.2,5,20,5.6,False,True,-0.0455,0.0171,6583.76,29432.94,3,0,15,4,3,0,0,0,0,0,0,0,0,63,0.48,1.5,15,0.035,0.03,0.02,0.03,1
-8689.67,-0.0869,91310.33,10104.1,0.101,-0.754,-0.86,0.224,25,0.2,5,20,5.6,False,True,-0.0455,0.0171,6583.76,29432.94,3,0,15,4,3,0,0,0,0,0,0,0,0,63,0.48,1.5,15,0.035,0.03,0.02,0.03,2
-8689.67,-0.0869,91310.33,10104.1,0.101,-0.754,-0.86,0.224,25,0.2,5,20,5.6,False,True,-0.0455,0.0171,6583.76,29432.94,3,0,15,4,3,0,0,0,0,0,0,0,0,63,0.48,1.5,15,0.035,0.03,0.02,0.03,3
-8173.76,-0.0817,91826.24,10515.01,0.1031,-0.544,-0.777,0.356,27,0.1481,4,23,4.8,False,True,-0.0455,0.0341,9457.95,26588.54,3,0,19,3,2,0,0,0,0,0,0,10,0,56,0.48,1.5,15,0.035,0.03,0.02,0.05,1
-8173.76,-0.0817,91826.24,10515.01,0.1031,-0.544,-0.777,0.356,27,0.1481,4,23,4.8,False,True,-0.0455,0.0341,9457.95,26588.54,3,0,19,3,2,0,0,0,0,0,0,10,0,56,0.48,1.5,15,0.035,0.03,0.02,0.05,2
-8173.76,-0.0817,91826.24,10515.01,0.1031,-0.544,-0.777,0.356,27,0.1481,4,23,4.8,False,True,-0.0455,0.0341,9457.95,26588.54,3,0,19,3,2,0,0,0,0,0,0,10,0,56,0.48,1.5,15,0.035,0.03,0.02,0.05,3
-9870.16,-0.0987,90129.84,10005.24,0.1,-1.181,-0.986,0.374,72,0.1806,13,59,5.0,False,True,-0.0307,0.0057,5650.83,15103.31,13,0,44,9,6,0,0,0,0,0,0,0,0,164,0.5,0.5,5,0.025,0.02,0.01,0.03,1
-9870.16,-0.0987,90129.84,10005.24,0.1,-1.181,-0.986,0.374,72,0.1806,13,59,5.0,False,True,-0.0307,0.0057,5650.83,15103.31,13,0,44,9,6,0,0,0,0,0,0,0,0,164,0.5,0.5,5,0.025,0.02,0.01,0.03,2
-9870.16,-0.0987,90129.84,10005.24,0.1,-1.181,-0.986,0.374,72,0.1806,13,59,5.0,False,True,-0.0307,0.0057,5650.83,15103.31,13,0,44,9,6,0,0,0,0,0,0,0,0,164,0.5,0.5,5,0.025,0.02,0.01,0.03,3
-9965.37,-0.0997,90034.63,10019.11,0.1002,-1.092,-0.995,0.34,56,0.1429,8,48,5.0,False,True,-0.0307,0.0114,5339.48,15691.64,10,0,36,5,5,0,0,0,0,0,0,3,0,125,0.5,0.5,5,0.025,0.02,0.01,0.05,1
-9965.37,-0.0997,90034.63,10019.11,0.1002,-1.092,-0.995,0.34,56,0.1429,8,48,5.0,False,True,-0.0307,0.0114,5339.48,15691.64,10,0,36,5,5,0,0,0,0,0,0,3,0,125,0.5,0.5,5,0.025,0.02,0.01,0.05,2
-9965.37,-0.0997,90034.63,10019.11,0.1002,-1.092,-0.995,0.34,56,0.1429,8,48,5.0,False,True,-0.0307,0.0114,5339.48,15691.64,10,0,36,5,5,0,0,0,0,0,0,3,0,125,0.5,0.5,5,0.025,0.02,0.01,0.05,3
-9870.16,-0.0987,90129.84,10005.24,0.1,-1.181,-0.986,0.374,72,0.1806,13,59,5.0,False,True,-0.0307,0.0057,5650.83,15103.31,13,0,44,9,6,0,0,0,0,0,0,0,0,164,0.5,0.5,5,0.025,0.02,0.02,0.03,1
-9870.16,-0.0987,90129.84,10005.24,0.1,-1.181,-0.986,0.374,72,0.1806,13,59,5.0,False,True,-0.0307,0.0057,5650.83,15103.31,13,0,44,9,6,0,0,0,0,0,0,0,0,164,0.5,0.5,5,0.025,0.02,0.02,0.03,2
-9870.16,-0.0987,90129.84,10005.24,0.1,-1.181,-0.986,0.374,72,0.1806,13,59,5.0,False,True,-0.0307,0.0057,5650.83,15103.31,13,0,44,9,6,0,0,0,0,0,0,0,0,164,0.5,0.5,5,0.025,0.02,0.02,0.03,3
-9888.78,-0.0989,90111.22,10180.68,0.1018,-1.086,-0.971,0.342,54,0.1481,8,46,5.3,False,True,-0.0307,0.0114,5340.19,15616.08,10,0,33,5,6,0,0,0,0,0,0,0,0,133,0.5,0.5,5,0.025,0.02,0.02,0.05,1
-9888.78,-0.0989,90111.22,10180.68,0.1018,-1.086,-0.971,0.342,54,0.1481,8,46,5.3,False,True,-0.0307,0.0114,5340.19,15616.08,10,0,33,5,6,0,0,0,0,0,0,0,0,133,0.5,0.5,5,0.025,0.02,0.02,0.05,2
-9888.78,-0.0989,90111.22,10180.68,0.1018,-1.086,-0.971,0.342,54,0.1481,8,46,5.3,False,True,-0.0307,0.0114,5340.19,15616.08,10,0,33,5,6,0,0,0,0,0,0,0,0,133,0.5,0.5,5,0.025,0.02,0.02,0.05,3
-9870.16,-0.0987,90129.84,10005.24,0.1,-1.181,-0.986,0.374,72,0.1806,13,59,5.0,False,True,-0.0307,0.0057,5650.83,15103.31,13,0,44,9,6,0,0,0,0,0,0,0,0,164,0.5,0.5,5,0.025,0.03,0.01,0.03,1
-9870.16,-0.0987,90129.84,10005.24,0.1,-1.181,-0.986,0.374,72,0.1806,13,59,5.0,False,True,-0.0307,0.0057,5650.83,15103.31,13,0,44,9,6,0,0,0,0,0,0,0,0,164,0.5,0.5,5,0.025,0.03,0.01,0.03,2
-9870.16,-0.0987,90129.84,10005.24,0.1,-1.181,-0.986,0.374,72,0.1806,13,59,5.0,False,True,-0.0307,0.0057,5650.83,15103.31,13,0,44,9,6,0,0,0,0,0,0,0,0,164,0.5,0.5,5,0.025,0.03,0.01,0.03,3
-9965.37,-0.0997,90034.63,10019.11,0.1002,-1.092,-0.995,0.34,56,0.1429,8,48,5.0,False,True,-0.0307,0.0114,5339.48,15691.64,10,0,36,5,5,0,0,0,0,0,0,3,0,125,0.5,0.5,5,0.025,0.03,0.01,0.05,1
-9965.37,-0.0997,90034.63,10019.11,0.1002,-1.092,-0.995,0.34,56,0.1429,8,48,5.0,False,True,-0.0307,0.0114,5339.48,15691.64,10,0,36,5,5,0,0,0,0,0,0,3,0,125,0.5,0.5,5,0.025,0.03,0.01,0.05,2
-9965.37,-0.0997,90034.63,10019.11,0.1002,-1.092,-0.995,0.34,56,0.1429,8,48,5.0,False,True,-0.0307,0.0114,5339.48,15691.64,10,0,36,5,5,0,0,0,0,0,0,3,0,125,0.5,0.5,5,0.025,0.03,0.01,0.05,3
-9870.16,-0.0987,90129.84,10005.24,0.1,-1.181,-0.986,0.374,72,0.1806,13,59,5.0,False,True,-0.0307,0.0057,5650.83,15103.31,13,0,44,9,6,0,0,0,0,0,0,0,0,164,0.5,0.5,5,0.025,0.03,0.02,0.03,1
-9870.16,-0.0987,90129.84,10005.24,0.1,-1.181,-0.986,0.374,72,0.1806,13,59,5.0,False,True,-0.0307,0.0057,5650.83,15103.31,13,0,44,9,6,0,0,0,0,0,0,0,0,164,0.5,0.5,5,0.025,0.03,0.02,0.03,2
-9870.16,-0.0987,90129.84,10005.24,0.1,-1.181,-0.986,0.374,72,0.1806,13,59,5.0,False,True,-0.0307,0.0057,5650.83,15103.31,13,0,44,9,6,0,0,0,0,0,0,0,0,164,0.5,0.5,5,0.025,0.03,0.02,0.03,3
-9888.78,-0.0989,90111.22,10180.68,0.1018,-1.086,-0.971,0.342,54,0.1481,8,46,5.3,False,True,-0.0307,0.0114,5340.19,15616.08,10,0,33,5,6,0,0,0,0,0,0,0,0,133,0.5,0.5,5,0.025,0.03,0.02,0.05,1
-9888.78,-0.0989,90111.22,10180.68,0.1018,-1.086,-0.971,0.342,54,0.1481,8,46,5.3,False,True,-0.0307,0.0114,5340.19,15616.08,10,0,33,5,6,0,0,0,0,0,0,0,0,133,0.5,0.5,5,0.025,0.03,0.02,0.05,2
-9888.78,-0.0989,90111.22,10180.68,0.1018,-1.086,-0.971,0.342,54,0.1481,8,46,5.3,False,True,-0.0307,0.0114,5340.19,15616.08,10,0,33,5,6,0,0,0,0,0,0,0,0,133,0.5,0.5,5,0.025,0.03,0.02,0.05,3
-9870.17,-0.0987,90129.83,10005.26,0.1,-1.178,-0.986,0.374,72,0.1806,13,59,5.2,False,True,-0.0309,0.0057,5653.43,15105.93,13,0,43,9,7,0,0,0,0,0,0,0,0,171,0.5,0.5,5,0.035,0.02,0.01,0.03,1
-9870.17,-0.0987,90129.83,10005.26,0.1,-1.178,-0.986,0.374,72,0.1806,13,59,5.2,False,True,-0.0309,0.0057,5653.43,15105.93,13,0,43,9,7,0,0,0,0,0,0,0,0,171,0.5,0.5,5,0.035,0.02,0.01,0.03,2
-9870.17,-0.0987,90129.83,10005.26,0.1,-1.178,-0.986,0.374,72,0.1806,13,59,5.2,False,True,-0.0309,0.0057,5653.43,15105.93,13,0,43,9,7,0,0,0,0,0,0,0,0,171,0.5,0.5,5,0.035,0.02,0.01,0.03,3
-9738.7,-0.0974,90261.3,10031.07,0.1003,-1.057,-0.971,0.346,56,0.1429,8,48,5.2,False,True,-0.0309,0.0114,5355.06,15481.52,10,0,35,5,6,0,0,0,0,0,0,3,0,135,0.5,0.5,5,0.035,0.02,0.01,0.05,1
-9738.7,-0.0974,90261.3,10031.07,0.1003,-1.057,-0.971,0.346,56,0.1429,8,48,5.2,False,True,-0.0309,0.0114,5355.06,15481.52,10,0,35,5,6,0,0,0,0,0,0,3,0,135,0.5,0.5,5,0.035,0.02,0.01,0.05,2
-9738.7,-0.0974,90261.3,10031.07,0.1003,-1.057,-0.971,0.346,56,0.1429,8,48,5.2,False,True,-0.0309,0.0114,5355.06,15481.52,10,0,35,5,6,0,0,0,0,0,0,3,0,135,0.5,0.5,5,0.035,0.02,0.01,0.05,3
-9870.17,-0.0987,90129.83,10005.26,0.1,-1.178,-0.986,0.374,72,0.1806,13,59,5.2,False,True,-0.0309,0.0057,5653.43,15105.93,13,0,43,9,7,0,0,0,0,0,0,0,0,171,0.5,0.5,5,0.035,0.02,0.02,0.03,1
-9870.17,-0.0987,90129.83,10005.26,0.1,-1.178,-0.986,0.374,72,0.1806,13,59,5.2,False,True,-0.0309,0.0057,5653.43,15105.93,13,0,43,9,7,0,0,0,0,0,0,0,0,171,0.5,0.5,5,0.035,0.02,0.02,0.03,2
-9870.17,-0.0987,90129.83,10005.26,0.1,-1.178,-0.986,0.374,72,0.1806,13,59,5.2,False,True,-0.0309,0.0057,5653.43,15105.93,13,0,43,9,7,0,0,0,0,0,0,0,0,171,0.5,0.5,5,0.035,0.02,0.02,0.03,3
-10220.96,-0.1022,89779.04,10232.85,0.1023,-1.061,-0.999,0.409,70,0.1714,12,58,5.3,False,True,-0.0309,0.0114,7076.14,17297.1,13,0,42,9,6,0,0,0,0,0,0,0,0,170,0.5,0.5,5,0.035,0.02,0.02,0.05,1
-10220.96,-0.1022,89779.04,10232.85,0.1023,-1.061,-0.999,0.409,70,0.1714,12,58,5.3,False,True,-0.0309,0.0114,7076.14,17297.1,13,0,42,9,6,0,0,0,0,0,0,0,0,170,0.5,0.5,5,0.035,0.02,0.02,0.05,2
-10220.96,-0.1022,89779.04,10232.85,0.1023,-1.061,-0.999,0.409,70,0.1714,12,58,5.3,False,True,-0.0309,0.0114,7076.14,17297.1,13,0,42,9,6,0,0,0,0,0,0,0,0,170,0.5,0.5,5,0.035,0.02,0.02,0.05,3
-9870.17,-0.0987,90129.83,10005.26,0.1,-1.178,-0.986,0.374,72,0.1806,13,59,5.2,False,True,-0.0309,0.0057,5653.43,15105.93,13,0,43,9,7,0,0,0,0,0,0,0,0,171,0.5,0.5,5,0.035,0.03,0.01,0.03,1
-9870.17,-0.0987,90129.83,10005.26,0.1,-1.178,-0.986,0.374,72,0.1806,13,59,5.2,False,True,-0.0309,0.0057,5653.43,15105.93,13,0,43,9,7,0,0,0,0,0,0,0,0,171,0.5,0.5,5,0.035,0.03,0.01,0.03,2
-9870.17,-0.0987,90129.83,10005.26,0.1,-1.178,-0.986,0.374,72,0.1806,13,59,5.2,False,True,-0.0309,0.0057,5653.43,15105.93,13,0,43,9,7,0,0,0,0,0,0,0,0,171,0.5,0.5,5,0.035,0.03,0.01,0.03,3
-9738.7,-0.0974,90261.3,10031.07,0.1003,-1.057,-0.971,0.346,56,0.1429,8,48,5.2,False,True,-0.0309,0.0114,5355.06,15481.52,10,0,35,5,6,0,0,0,0,0,0,3,0,135,0.5,0.5,5,0.035,0.03,0.01,0.05,1
-9738.7,-0.0974,90261.3,10031.07,0.1003,-1.057,-0.971,0.346,56,0.1429,8,48,5.2,False,True,-0.0309,0.0114,5355.06,15481.52,10,0,35,5,6,0,0,0,0,0,0,3,0,135,0.5,0.5,5,0.035,0.03,0.01,0.05,2
-9738.7,-0.0974,90261.3,10031.07,0.1003,-1.057,-0.971,0.346,56,0.1429,8,48,5.2,False,True,-0.0309,0.0114,5355.06,15481.52,10,0,35,5,6,0,0,0,0,0,0,3,0,135,0.5,0.5,5,0.035,0.03,0.01,0.05,3
-9870.17,-0.0987,90129.83,10005.26,0.1,-1.178,-0.986,0.374,72,0.1806,13,59,5.2,False,True,-0.0309,0.0057,5653.43,15105.93,13,0,43,9,7,0,0,0,0,0,0,0,0,171,0.5,0.5,5,0.035,0.03,0.02,0.03,1
-9870.17,-0.0987,90129.83,10005.26,0.1,-1.178,-0.986,0.374,72,0.1806,13,59,5.2,False,True,-0.0309,0.0057,5653.43,15105.93,13,0,43,9,7,0,0,0,0,0,0,0,0,171,0.5,0.5,5,0.035,0.03,0.02,0.03,2
-9870.17,-0.0987,90129.83,10005.26,0.1,-1.178,-0.986,0.374,72,0.1806,13,59,5.2,False,True,-0.0309,0.0057,5653.43,15105.93,13,0,43,9,7,0,0,0,0,0,0,0,0,171,0.5,0.5,5,0.035,0.03,0.02,0.03,3
-10220.96,-0.1022,89779.04,10232.85,0.1023,-1.061,-0.999,0.409,70,0.1714,12,58,5.3,False,True,-0.0309,0.0114,7076.14,17297.1,13,0,42,9,6,0,0,0,0,0,0,0,0,170,0.5,0.5,5,0.035,0.03,0.02,0.05,1
-10220.96,-0.1022,89779.04,10232.85,0.1023,-1.061,-0.999,0.409,70,0.1714,12,58,5.3,False,True,-0.0309,0.0114,7076.14,17297.1,13,0,42,9,6,0,0,0,0,0,0,0,0,170,0.5,0.5,5,0.035,0.03,0.02,0.05,2
-10220.96,-0.1022,89779.04,10232.85,0.1023,-1.061,-0.999,0.409,70,0.1714,12,58,5.3,False,True,-0.0309,0.0114,7076.14,17297.1,13,0,42,9,6,0,0,0,0,0,0,0,0,170,0.5,0.5,5,0.035,0.03,0.02,0.05,3
-9870.16,-0.0987,90129.84,10005.24,0.1,-1.181,-0.986,0.374,72,0.1806,13,59,5.0,False,True,-0.0307,0.0057,5650.83,15103.31,13,0,44,9,6,0,0,0,0,0,0,0,0,164,0.5,0.5,10,0.025,0.02,0.01,0.03,1
-9870.16,-0.0987,90129.84,10005.24,0.1,-1.181,-0.986,0.374,72,0.1806,13,59,5.0,False,True,-0.0307,0.0057,5650.83,15103.31,13,0,44,9,6,0,0,0,0,0,0,0,0,164,0.5,0.5,10,0.025,0.02,0.01,0.03,2
-9870.16,-0.0987,90129.84,10005.24,0.1,-1.181,-0.986,0.374,72,0.1806,13,59,5.0,False,True,-0.0307,0.0057,5650.83,15103.31,13,0,44,9,6,0,0,0,0,0,0,0,0,164,0.5,0.5,10,0.025,0.02,0.01,0.03,3
-9965.37,-0.0997,90034.63,10019.11,0.1002,-1.092,-0.995,0.34,56,0.1429,8,48,5.0,False,True,-0.0307,0.0114,5339.48,15691.64,10,0,36,5,5,0,0,0,0,0,0,3,0,125,0.5,0.5,10,0.025,0.02,0.01,0.05,1
-9965.37,-0.0997,90034.63,10019.11,0.1002,-1.092,-0.995,0.34,56,0.1429,8,48,5.0,False,True,-0.0307,0.0114,5339.48,15691.64,10,0,36,5,5,0,0,0,0,0,0,3,0,125,0.5,0.5,10,0.025,0.02,0.01,0.05,2
-9965.37,-0.0997,90034.63,10019.11,0.1002,-1.092,-0.995,0.34,56,0.1429,8,48,5.0,False,True,-0.0307,0.0114,5339.48,15691.64,10,0,36,5,5,0,0,0,0,0,0,3,0,125,0.5,0.5,10,0.025,0.02,0.01,0.05,3
-9870.16,-0.0987,90129.84,10005.24,0.1,-1.181,-0.986,0.374,72,0.1806,13,59,5.0,False,True,-0.0307,0.0057,5650.83,15103.31,13,0,44,9,6,0,0,0,0,0,0,0,0,164,0.5,0.5,10,0.025,0.02,0.02,0.03,1
-9870.16,-0.0987,90129.84,10005.24,0.1,-1.181,-0.986,0.374,72,0.1806,13,59,5.0,False,True,-0.0307,0.0057,5650.83,15103.31,13,0,44,9,6,0,0,0,0,0,0,0,0,164,0.5,0.5,10,0.025,0.02,0.02,0.03,2
-9870.16,-0.0987,90129.84,10005.24,0.1,-1.181,-0.986,0.374,72,0.1806,13,59,5.0,False,True,-0.0307,0.0057,5650.83,15103.31,13,0,44,9,6,0,0,0,0,0,0,0,0,164,0.5,0.5,10,0.025,0.02,0.02,0.03,3
-9888.78,-0.0989,90111.22,10180.68,0.1018,-1.086,-0.971,0.342,54,0.1481,8,46,5.3,False,True,-0.0307,0.0114,5340.19,15616.08,10,0,33,5,6,0,0,0,0,0,0,0,0,133,0.5,0.5,10,0.025,0.02,0.02,0.05,1
-9888.78,-0.0989,90111.22,10180.68,0.1018,-1.086,-0.971,0.342,54,0.1481,8,46,5.3,False,True,-0.0307,0.0114,5340.19,15616.08,10,0,33,5,6,0,0,0,0,0,0,0,0,133,0.5,0.5,10,0.025,0.02,0.02,0.05,2
-9888.78,-0.0989,90111.22,10180.68,0.1018,-1.086,-0.971,0.342,54,0.1481,8,46,5.3,False,True,-0.0307,0.0114,5340.19,15616.08,10,0,33,5,6,0,0,0,0,0,0,0,0,133,0.5,0.5,10,0.025,0.02,0.02,0.05,3
-9870.16,-0.0987,90129.84,10005.24,0.1,-1.181,-0.986,0.374,72,0.1806,13,59,5.0,False,True,-0.0307,0.0057,5650.83,15103.31,13,0,44,9,6,0,0,0,0,0,0,0,0,164,0.5,0.5,10,0.025,0.03,0.01,0.03,1
-9870.16,-0.0987,90129.84,10005.24,0.1,-1.181,-0.986,0.374,72,0.1806,13,59,5.0,False,True,-0.0307,0.0057,5650.83,15103.31,13,0,44,9,6,0,0,0,0,0,0,0,0,164,0.5,0.5,10,0.025,0.03,0.01,0.03,2
-9870.16,-0.0987,90129.84,10005.24,0.1,-1.181,-0.986,0.374,72,0.1806,13,59,5.0,False,True,-0.0307,0.0057,5650.83,15103.31,13,0,44,9,6,0,0,0,0,0,0,0,0,164,0.5,0.5,10,0.025,0.03,0.01,0.03,3
-9965.37,-0.0997,90034.63,10019.11,0.1002,-1.092,-0.995,0.34,56,0.1429,8,48,5.0,False,True,-0.0307,0.0114,5339.48,15691.64,10,0,36,5,5,0,0,0,0,0,0,3,0,125,0.5,0.5,10,0.025,0.03,0.01,0.05,1
-9965.37,-0.0997,90034.63,10019.11,0.1002,-1.092,-0.995,0.34,56,0.1429,8,48,5.0,False,True,-0.0307,0.0114,5339.48,15691.64,10,0,36,5,5,0,0,0,0,0,0,3,0,125,0.5,0.5,10,0.025,0.03,0.01,0.05,2
-9965.37,-0.0997,90034.63,10019.11,0.1002,-1.092,-0.995,0.34,56,0.1429,8,48,5.0,False,True,-0.0307,0.0114,5339.48,15691.64,10,0,36,5,5,0,0,0,0,0,0,3,0,125,0.5,0.5,10,0.025,0.03,0.01,0.05,3
-9870.16,-0.0987,90129.84,10005.24,0.1,-1.181,-0.986,0.374,72,0.1806,13,59,5.0,False,True,-0.0307,0.0057,5650.83,15103.31,13,0,44,9,6,0,0,0,0,0,0,0,0,164,0.5,0.5,10,0.025,0.03,0.02,0.03,1
-9870.16,-0.0987,90129.84,10005.24,0.1,-1.181,-0.986,0.374,72,0.1806,13,59,5.0,False,True,-0.0307,0.0057,5650.83,15103.31,13,0,44,9,6,0,0,0,0,0,0,0,0,164,0.5,0.5,10,0.025,0.03,0.02,0.03,2
-9870.16,-0.0987,90129.84,10005.24,0.1,-1.181,-0.986,0.374,72,0.1806,13,59,5.0,False,True,-0.0307,0.0057,5650.83,15103.31,13,0,44,9,6,0,0,0,0,0,0,0,0,164,0.5,0.5,10,0.025,0.03,0.02,0.03,3
-9888.78,-0.0989,90111.22,10180.68,0.1018,-1.086,-0.971,0.342,54,0.1481,8,46,5.3,False,True,-0.0307,0.0114,5340.19,15616.08,10,0,33,5,6,0,0,0,0,0,0,0,0,133,0.5,0.5,10,0.025,0.03,0.02,0.05,1
-9888.78,-0.0989,90111.22,10180.68,0.1018,-1.086,-0.971,0.342,54,0.1481,8,46,5.3,False,True,-0.0307,0.0114,5340.19,15616.08,10,0,33,5,6,0,0,0,0,0,0,0,0,133,0.5,0.5,10,0.025,0.03,0.02,0.05,2
-9888.78,-0.0989,90111.22,10180.68,0.1018,-1.086,-0.971,0.342,54,0.1481,8,46,5.3,False,True,-0.0307,0.0114,5340.19,15616.08,10,0,33,5,6,0,0,0,0,0,0,0,0,133,0.5,0.5,10,0.025,0.03,0.02,0.05,3
-9870.17,-0.0987,90129.83,10005.26,0.1,-1.178,-0.986,0.374,72,0.1806,13,59,5.2,False,True,-0.0309,0.0057,5653.43,15105.93,13,0,43,9,7,0,0,0,0,0,0,0,0,171,0.5,0.5,10,0.035,0.02,0.01,0.03,1
-9870.17,-0.0987,90129.83,10005.26,0.1,-1.178,-0.986,0.374,72,0.1806,13,59,5.2,False,True,-0.0309,0.0057,5653.43,15105.93,13,0,43,9,7,0,0,0,0,0,0,0,0,171,0.5,0.5,10,0.035,0.02,0.01,0.03,2
-9870.17,-0.0987,90129.83,10005.26,0.1,-1.178,-0.986,0.374,72,0.1806,13,59,5.2,False,True,-0.0309,0.0057,5653.43,15105.93,13,0,43,9,7,0,0,0,0,0,0,0,0,171,0.5,0.5,10,0.035,0.02,0.01,0.03,3
-9738.7,-0.0974,90261.3,10031.07,0.1003,-1.057,-0.971,0.346,56,0.1429,8,48,5.2,False,True,-0.0309,0.0114,5355.06,15481.52,10,0,35,5,6,0,0,0,0,0,0,3,0,135,0.5,0.5,10,0.035,0.02,0.01,0.05,1
-9738.7,-0.0974,90261.3,10031.07,0.1003,-1.057,-0.971,0.346,56,0.1429,8,48,5.2,False,True,-0.0309,0.0114,5355.06,15481.52,10,0,35,5,6,0,0,0,0,0,0,3,0,135,0.5,0.5,10,0.035,0.02,0.01,0.05,2
-9738.7,-0.0974,90261.3,10031.07,0.1003,-1.057,-0.971,0.346,56,0.1429,8,48,5.2,False,True,-0.0309,0.0114,5355.06,15481.52,10,0,35,5,6,0,0,0,0,0,0,3,0,135,0.5,0.5,10,0.035,0.02,0.01,0.05,3
-9870.17,-0.0987,90129.83,10005.26,0.1,-1.178,-0.986,0.374,72,0.1806,13,59,5.2,False,True,-0.0309,0.0057,5653.43,15105.93,13,0,43,9,7,0,0,0,0,0,0,0,0,171,0.5,0.5,10,0.035,0.02,0.02,0.03,1
-9870.17,-0.0987,90129.83,10005.26,0.1,-1.178,-0.986,0.374,72,0.1806,13,59,5.2,False,True,-0.0309,0.0057,5653.43,15105.93,13,0,43,9,7,0,0,0,0,0,0,0,0,171,0.5,0.5,10,0.035,0.02,0.02,0.03,2
-9870.17,-0.0987,90129.83,10005.26,0.1,-1.178,-0.986,0.374,72,0.1806,13,59,5.2,False,True,-0.0309,0.0057,5653.43,15105.93,13,0,43,9,7,0,0,0,0,0,0,0,0,171,0.5,0.5,10,0.035,0.02,0.02,0.03,3
-10220.96,-0.1022,89779.04,10232.85,0.1023,-1.061,-0.999,0.409,70,0.1714,12,58,5.3,False,True,-0.0309,0.0114,7076.14,17297.1,13,0,42,9,6,0,0,0,0,0,0,0,0,170,0.5,0.5,10,0.035,0.02,0.02,0.05,1
-10220.96,-0.1022,89779.04,10232.85,0.1023,-1.061,-0.999,0.409,70,0.1714,12,58,5.3,False,True,-0.0309,0.0114,7076.14,17297.1,13,0,42,9,6,0,0,0,0,0,0,0,0,170,0.5,0.5,10,0.035,0.02,0.02,0.05,2
-10220.96,-0.1022,89779.04,10232.85,0.1023,-1.061,-0.999,0.409,70,0.1714,12,58,5.3,False,True,-0.0309,0.0114,7076.14,17297.1,13,0,42,9,6,0,0,0,0,0,0,0,0,170,0.5,0.5,10,0.035,0.02,0.02,0.05,3
-9870.17,-0.0987,90129.83,10005.26,0.1,-1.178,-0.986,0.374,72,0.1806,13,59,5.2,False,True,-0.0309,0.0057,5653.43,15105.93,13,0,43,9,7,0,0,0,0,0,0,0,0,171,0.5,0.5,10,0.035,0.03,0.01,0.03,1
-9870.17,-0.0987,90129.83,10005.26,0.1,-1.178,-0.986,0.374,72,0.1806,13,59,5.2,False,True,-0.0309,0.0057,5653.43,15105.93,13,0,43,9,7,0,0,0,0,0,0,0,0,171,0.5,0.5,10,0.035,0.03,0.01,0.03,2
-9870.17,-0.0987,90129.83,10005.26,0.1,-1.178,-0.986,0.374,72,0.1806,13,59,5.2,False,True,-0.0309,0.0057,5653.43,15105.93,13,0,43,9,7,0,0,0,0,0,0,0,0,171,0.5,0.5,10,0.035,0.03,0.01,0.03,3
-9738.7,-0.0974,90261.3,10031.07,0.1003,-1.057,-0.971,0.346,56,0.1429,8,48,5.2,False,True,-0.0309,0.0114,5355.06,15481.52,10,0,35,5,6,0,0,0,0,0,0,3,0,135,0.5,0.5,10,0.035,0.03,0.01,0.05,1
-9738.7,-0.0974,90261.3,10031.07,0.1003,-1.057,-0.971,0.346,56,0.1429,8,48,5.2,False,True,-0.0309,0.0114,5355.06,15481.52,10,0,35,5,6,0,0,0,0,0,0,3,0,135,0.5,0.5,10,0.035,0.03,0.01,0.05,2
-9738.7,-0.0974,90261.3,10031.07,0.1003,-1.057,-0.971,0.346,56,0.1429,8,48,5.2,False,True,-0.0309,0.0114,5355.06,15481.52,10,0,35,5,6,0,0,0,0,0,0,3,0,135,0.5,0.5,10,0.035,0.03,0.01,0.05,3
-9870.17,-0.0987,90129.83,10005.26,0.1,-1.178,-0.986,0.374,72,0.1806,13,59,5.2,False,True,-0.0309,0.0057,5653.43,15105.93,13,0,43,9,7,0,0,0,0,0,0,0,0,171,0.5,0.5,10,0.035,0.03,0.02,0.03,1
-9870.17,-0.0987,90129.83,10005.26,0.1,-1.178,-0.986,0.374,72,0.1806,13,59,5.2,False,True,-0.0309,0.0057,5653.43,15105.93,13,0,43,9,7,0,0,0,0,0,0,0,0,171,0.5,0.5,10,0.035,0.03,0.02,0.03,2
-9870.17,-0.0987,90129.83,10005.26,0.1,-1.178,-0.986,0.374,72,0.1806,13,59,5.2,False,True,-0.0309,0.0057,5653.43,15105.93,13,0,43,9,7,0,0,0,0,0,0,0,0,171,0.5,0.5,10,0.035,0.03,0.02,0.03,3
-10220.96,-0.1022,89779.04,10232.85,0.1023,-1.061,-0.999,0.409,70,0.1714,12,58,5.3,False,True,-0.0309,0.0114,7076.14,17297.1,13,0,42,9,6,0,0,0,0,0,0,0,0,170,0.5,0.5,10,0.035,0.03,0.02,0.05,1
-10220.96,-0.1022,89779.04,10232.85,0.1023,-1.061,-0.999,0.409,70,0.1714,12,58,5.3,False,True,-0.0309,0.0114,7076.14,17297.1,13,0,42,9,6,0,0,0,0,0,0,0,0,170,0.5,0.5,10,0.035,0.03,0.02,0.05,2
-10220.96,-0.1022,89779.04,10232.85,0.1023,-1.061,-0.999,0.409,70,0.1714,12,58,5.3,False,True,-0.0309,0.0114,7076.14,17297.1,13,0,42,9,6,0,0,0,0,0,0,0,0,170,0.5,0.5,10,0.035,0.03,0.02,0.05,3
-9870.16,-0.0987,90129.84,10005.24,0.1,-1.181,-0.986,0.374,72,0.1806,13,59,5.0,False,True,-0.0307,0.0057,5650.83,15103.31,13,0,44,9,6,0,0,0,0,0,0,0,0,164,0.5,0.5,15,0.025,0.02,0.01,0.03,1
-9870.16,-0.0987,90129.84,10005.24,0.1,-1.181,-0.986,0.374,72,0.1806,13,59,5.0,False,True,-0.0307,0.0057,5650.83,15103.31,13,0,44,9,6,0,0,0,0,0,0,0,0,164,0.5,0.5,15,0.025,0.02,0.01,0.03,2
-9870.16,-0.0987,90129.84,10005.24,0.1,-1.181,-0.986,0.374,72,0.1806,13,59,5.0,False,True,-0.0307,0.0057,5650.83,15103.31,13,0,44,9,6,0,0,0,0,0,0,0,0,164,0.5,0.5,15,0.025,0.02,0.01,0.03,3
-9965.37,-0.0997,90034.63,10019.11,0.1002,-1.092,-0.995,0.34,56,0.1429,8,48,5.0,False,True,-0.0307,0.0114,5339.48,15691.64,10,0,36,5,5,0,0,0,0,0,0,3,0,125,0.5,0.5,15,0.025,0.02,0.01,0.05,1
-9965.37,-0.0997,90034.63,10019.11,0.1002,-1.092,-0.995,0.34,56,0.1429,8,48,5.0,False,True,-0.0307,0.0114,5339.48,15691.64,10,0,36,5,5,0,0,0,0,0,0,3,0,125,0.5,0.5,15,0.025,0.02,0.01,0.05,2
-9965.37,-0.0997,90034.63,10019.11,0.1002,-1.092,-0.995,0.34,56,0.1429,8,48,5.0,False,True,-0.0307,0.0114,5339.48,15691.64,10,0,36,5,5,0,0,0,0,0,0,3,0,125,0.5,0.5,15,0.025,0.02,0.01,0.05,3
-9870.16,-0.0987,90129.84,10005.24,0.1,-1.181,-0.986,0.374,72,0.1806,13,59,5.0,False,True,-0.0307,0.0057,5650.83,15103.31,13,0,44,9,6,0,0,0,0,0,0,0,0,164,0.5,0.5,15,0.025,0.02,0.02,0.03,1
-9870.16,-0.0987,90129.84,10005.24,0.1,-1.181,-0.986,0.374,72,0.1806,13,59,5.0,False,True,-0.0307,0.0057,5650.83,15103.31,13,0,44,9,6,0,0,0,0,0,0,0,0,164,0.5,0.5,15,0.025,0.02,0.02,0.03,2
-9870.16,-0.0987,90129.84,10005.24,0.1,-1.181,-0.986,0.374,72,0.1806,13,59,5.0,False,True,-0.0307,0.0057,5650.83,15103.31,13,0,44,9,6,0,0,0,0,0,0,0,0,164,0.5,0.5,15,0.025,0.02,0.02,0.03,3
-9888.78,-0.0989,90111.22,10180.68,0.1018,-1.086,-0.971,0.342,54,0.1481,8,46,5.3,False,True,-0.0307,0.0114,5340.19,15616.08,10,0,33,5,6,0,0,0,0,0,0,0,0,133,0.5,0.5,15,0.025,0.02,0.02,0.05,1
-9888.78,-0.0989,90111.22,10180.68,0.1018,-1.086,-0.971,0.342,54,0.1481,8,46,5.3,False,True,-0.0307,0.0114,5340.19,15616.08,10,0,33,5,6,0,0,0,0,0,0,0,0,133,0.5,0.5,15,0.025,0.02,0.02,0.05,2
-9888.78,-0.0989,90111.22,10180.68,0.1018,-1.086,-0.971,0.342,54,0.1481,8,46,5.3,False,True,-0.0307,0.0114,5340.19,15616.08,10,0,33,5,6,0,0,0,0,0,0,0,0,133,0.5,0.5,15,0.025,0.02,0.02,0.05,3
-9870.16,-0.0987,90129.84,10005.24,0.1,-1.181,-0.986,0.374,72,0.1806,13,59,5.0,False,True,-0.0307,0.0057,5650.83,15103.31,13,0,44,9,6,0,0,0,0,0,0,0,0,164,0.5,0.5,15,0.025,0.03,0.01,0.03,1
-9870.16,-0.0987,90129.84,10005.24,0.1,-1.181,-0.986,0.374,72,0.1806,13,59,5.0,False,True,-0.0307,0.0057,5650.83,15103.31,13,0,44,9,6,0,0,0,0,0,0,0,0,164,0.5,0.5,15,0.025,0.03,0.01,0.03,2
-9870.16,-0.0987,90129.84,10005.24,0.1,-1.181,-0.986,0.374,72,0.1806,13,59,5.0,False,True,-0.0307,0.0057,5650.83,15103.31,13,0,44,9,6,0,0,0,0,0,0,0,0,164,0.5,0.5,15,0.025,0.03,0.01,0.03,3
-9965.37,-0.0997,90034.63,10019.11,0.1002,-1.092,-0.995,0.34,56,0.1429,8,48,5.0,False,True,-0.0307,0.0114,5339.48,15691.64,10,0,36,5,5,0,0,0,0,0,0,3,0,125,0.5,0.5,15,0.025,0.03,0.01,0.05,1
-9965.37,-0.0997,90034.63,10019.11,0.1002,-1.092,-0.995,0.34,56,0.1429,8,48,5.0,False,True,-0.0307,0.0114,5339.48,15691.64,10,0,36,5,5,0,0,0,0,0,0,3,0,125,0.5,0.5,15,0.025,0.03,0.01,0.05,2
-9965.37,-0.0997,90034.63,10019.11,0.1002,-1.092,-0.995,0.34,56,0.1429,8,48,5.0,False,True,-0.0307,0.0114,5339.48,15691.64,10,0,36,5,5,0,0,0,0,0,0,3,0,125,0.5,0.5,15,0.025,0.03,0.01,0.05,3
-9870.16,-0.0987,90129.84,10005.24,0.1,-1.181,-0.986,0.374,72,0.1806,13,59,5.0,False,True,-0.0307,0.0057,5650.83,15103.31,13,0,44,9,6,0,0,0,0,0,0,0,0,164,0.5,0.5,15,0.025,0.03,0.02,0.03,1
-9870.16,-0.0987,90129.84,10005.24,0.1,-1.181,-0.986,0.374,72,0.1806,13,59,5.0,False,True,-0.0307,0.0057,5650.83,15103.31,13,0,44,9,6,0,0,0,0,0,0,0,0,164,0.5,0.5,15,0.025,0.03,0.02,0.03,2
-9870.16,-0.0987,90129.84,10005.24,0.1,-1.181,-0.986,0.374,72,0.1806,13,59,5.0,False,True,-0.0307,0.0057,5650.83,15103.31,13,0,44,9,6,0,0,0,0,0,0,0,0,164,0.5,0.5,15,0.025,0.03,0.02,0.03,3
-9888.78,-0.0989,90111.22,10180.68,0.1018,-1.086,-0.971,0.342,54,0.1481,8,46,5.3,False,True,-0.0307,0.0114,5340.19,15616.08,10,0,33,5,6,0,0,0,0,0,0,0,0,133,0.5,0.5,15,0.025,0.03,0.02,0.05,1
-9888.78,-0.0989,90111.22,10180.68,0.1018,-1.086,-0.971,0.342,54,0.1481,8,46,5.3,False,True,-0.0307,0.0114,5340.19,15616.08,10,0,33,5,6,0,0,0,0,0,0,0,0,133,0.5,0.5,15,0.025,0.03,0.02,0.05,2
-9888.78,-0.0989,90111.22,10180.68,0.1018,-1.086,-0.971,0.342,54,0.1481,8,46,5.3,False,True,-0.0307,0.0114,5340.19,15616.08,10,0,33,5,6,0,0,0,0,0,0,0,0,133,0.5,0.5,15,0.025,0.03,0.02,0.05,3
-9870.17,-0.0987,90129.83,10005.26,0.1,-1.178,-0.986,0.374,72,0.1806,13,59,5.2,False,True,-0.0309,0.0057,5653.43,15105.93,13,0,43,9,7,0,0,0,0,0,0,0,0,171,0.5,0.5,15,0.035,0.02,0.01,0.03,1
-9870.17,-0.0987,90129.83,10005.26,0.1,-1.178,-0.986,0.374,72,0.1806,13,59,5.2,False,True,-0.0309,0.0057,5653.43,15105.93,13,0,43,9,7,0,0,0,0,0,0,0,0,171,0.5,0.5,15,0.035,0.02,0.01,0.03,2
-9870.17,-0.0987,90129.83,10005.26,0.1,-1.178,-0.986,0.374,72,0.1806,13,59,5.2,False,True,-0.0309,0.0057,5653.43,15105.93,13,0,43,9,7,0,0,0,0,0,0,0,0,171,0.5,0.5,15,0.035,0.02,0.01,0.03,3
-9738.7,-0.0974,90261.3,10031.07,0.1003,-1.057,-0.971,0.346,56,0.1429,8,48,5.2,False,True,-0.0309,0.0114,5355.06,15481.52,10,0,35,5,6,0,0,0,0,0,0,3,0,135,0.5,0.5,15,0.035,0.02,0.01,0.05,1
-9738.7,-0.0974,90261.3,10031.07,0.1003,-1.057,-0.971,0.346,56,0.1429,8,48,5.2,False,True,-0.0309,0.0114,5355.06,15481.52,10,0,35,5,6,0,0,0,0,0,0,3,0,135,0.5,0.5,15,0.035,0.02,0.01,0.05,2
-9738.7,-0.0974,90261.3,10031.07,0.1003,-1.057,-0.971,0.346,56,0.1429,8,48,5.2,False,True,-0.0309,0.0114,5355.06,15481.52,10,0,35,5,6,0,0,0,0,0,0,3,0,135,0.5,0.5,15,0.035,0.02,0.01,0.05,3
-9870.17,-0.0987,90129.83,10005.26,0.1,-1.178,-0.986,0.374,72,0.1806,13,59,5.2,False,True,-0.0309,0.0057,5653.43,15105.93,13,0,43,9,7,0,0,0,0,0,0,0,0,171,0.5,0.5,15,0.035,0.02,0.02,0.03,1
-9870.17,-0.0987,90129.83,10005.26,0.1,-1.178,-0.986,0.374,72,0.1806,13,59,5.2,False,True,-0.0309,0.0057,5653.43,15105.93,13,0,43,9,7,0,0,0,0,0,0,0,0,171,0.5,0.5,15,0.035,0.02,0.02,0.03,2
-9870.17,-0.0987,90129.83,10005.26,0.1,-1.178,-0.986,0.374,72,0.1806,13,59,5.2,False,True,-0.0309,0.0057,5653.43,15105.93,13,0,43,9,7,0,0,0,0,0,0,0,0,171,0.5,0.5,15,0.035,0.02,0.02,0.03,3
-10220.96,-0.1022,89779.04,10232.85,0.1023,-1.061,-0.999,0.409,70,0.1714,12,58,5.3,False,True,-0.0309,0.0114,7076.14,17297.1,13,0,42,9,6,0,0,0,0,0,0,0,0,170,0.5,0.5,15,0.035,0.02,0.02,0.05,1
-10220.96,-0.1022,89779.04,10232.85,0.1023,-1.061,-0.999,0.409,70,0.1714,12,58,5.3,False,True,-0.0309,0.0114,7076.14,17297.1,13,0,42,9,6,0,0,0,0,0,0,0,0,170,0.5,0.5,15,0.035,0.02,0.02,0.05,2
-10220.96,-0.1022,89779.04,10232.85,0.1023,-1.061,-0.999,0.409,70,0.1714,12,58,5.3,False,True,-0.0309,0.0114,7076.14,17297.1,13,0,42,9,6,0,0,0,0,0,0,0,0,170,0.5,0.5,15,0.035,0.02,0.02,0.05,3
-9870.17,-0.0987,90129.83,10005.26,0.1,-1.178,-0.986,0.374,72,0.1806,13,59,5.2,False,True,-0.0309,0.0057,5653.43,15105.93,13,0,43,9,7,0,0,0,0,0,0,0,0,171,0.5,0.5,15,0.035,0.03,0.01,0.03,1
-9870.17,-0.0987,90129.83,10005.26,0.1,-1.178,-0.986,0.374,72,0.1806,13,59,5.2,False,True,-0.0309,0.0057,5653.43,15105.93,13,0,43,9,7,0,0,0,0,0,0,0,0,171,0.5,0.5,15,0.035,0.03,0.01,0.03,2
-9870.17,-0.0987,90129.83,10005.26,0.1,-1.178,-0.986,0.374,72,0.1806,13,59,5.2,False,True,-0.0309,0.0057,5653.43,15105.93,13,0,43,9,7,0,0,0,0,0,0,0,0,171,0.5,0.5,15,0.035,0.03,0.01,0.03,3
-9738.7,-0.0974,90261.3,10031.07,0.1003,-1.057,-0.971,0.346,56,0.1429,8,48,5.2,False,True,-0.0309,0.0114,5355.06,15481.52,10,0,35,5,6,0,0,0,0,0,0,3,0,135,0.5,0.5,15,0.035,0.03,0.01,0.05,1
-9738.7,-0.0974,90261.3,10031.07,0.1003,-1.057,-0.971,0.346,56,0.1429,8,48,5.2,False,True,-0.0309,0.0114,5355.06,15481.52,10,0,35,5,6,0,0,0,0,0,0,3,0,135,0.5,0.5,15,0.035,0.03,0.01,0.05,2
-9738.7,-0.0974,90261.3,10031.07,0.1003,-1.057,-0.971,0.346,56,0.1429,8,48,5.2,False,True,-0.0309,0.0114,5355.06,15481.52,10,0,35,5,6,0,0,0,0,0,0,3,0,135,0.5,0.5,15,0.035,0.03,0.01,0.05,3
-9870.17,-0.0987,90129.83,10005.26,0.1,-1.178,-0.986,0.374,72,0.1806,13,59,5.2,False,True,-0.0309,0.0057,5653.43,15105.93,13,0,43,9,7,0,0,0,0,0,0,0,0,171,0.5,0.5,15,0.035,0.03,0.02,0.03,1
-9870.17,-0.0987,90129.83,10005.26,0.1,-1.178,-0.986,0.374,72,0.1806,13,59,5.2,False,True,-0.0309,0.0057,5653.43,15105.93,13,0,43,9,7,0,0,0,0,0,0,0,0,171,0.5,0.5,15,0.035,0.03,0.02,0.03,2
-9870.17,-0.0987,90129.83,10005.26,0.1,-1.178,-0.986,0.374,72,0.1806,13,59,5.2,False,True,-0.0309,0.0057,5653.43,15105.93,13,0,43,9,7,0,0,0,0,0,0,0,0,171,0.5,0.5,15,0.035,0.03,0.02,0.03,3
-10220.96,-0.1022,89779.04,10232.85,0.1023,-1.061,-0.999,0.409,70,0.1714,12,58,5.3,False,True,-0.0309,0.0114,7076.14,17297.1,13,0,42,9,6,0,0,0,0,0,0,0,0,170,0.5,0.5,15,0.035,0.03,0.02,0.05,1
-10220.96,-0.1022,89779.04,10232.85,0.1023,-1.061,-0.999,0.409,70,0.1714,12,58,5.3,False,True,-0.0309,0.0114,7076.14,17297.1,13,0,42,9,6,0,0,0,0,0,0,0,0,170,0.5,0.5,15,0.035,0.03,0.02,0.05,2
-10220.96,-0.1022,89779.04,10232.85,0.1023,-1.061,-0.999,0.409,70,0.1714,12,58,5.3,False,True,-0.0309,0.0114,7076.14,17297.1,13,0,42,9,6,0,0,0,0,0,0,0,0,170,0.5,0.5,15,0.035,0.03,0.02,0.05,3
-9839.94,-0.0984,90160.06,10972.83,0.1097,-1.085,-0.897,0.202,32,0.1562,5,27,5.2,False,True,-0.0304,0.0114,4431.25,21934.36,5,0,20,4,3,0,0,0,0,0,0,3,0,74,0.5,1.0,5,0.025,0.02,0.01,0.03,1
-9839.94,-0.0984,90160.06,10972.83,0.1097,-1.085,-0.897,0.202,32,0.1562,5,27,5.2,False,True,-0.0304,0.0114,4431.25,21934.36,5,0,20,4,3,0,0,0,0,0,0,3,0,74,0.5,1.0,5,0.025,0.02,0.01,0.03,2
-9839.94,-0.0984,90160.06,10972.83,0.1097,-1.085,-0.897,0.202,32,0.1562,5,27,5.2,False,True,-0.0304,0.0114,4431.25,21934.36,5,0,20,4,3,0,0,0,0,0,0,3,0,74,0.5,1.0,5,0.025,0.02,0.01,0.03,3
-8273.38,-0.0827,91726.62,10434.67,0.1021,-0.673,-0.793,0.474,27,0.1481,4,23,5.4,False,True,-0.0473,0.0228,7459.38,15732.75,4,0,18,3,2,0,0,0,0,0,0,11,0,66,0.5,1.0,5,0.025,0.02,0.01,0.05,1
-8273.38,-0.0827,91726.62,10434.67,0.1021,-0.673,-0.793,0.474,27,0.1481,4,23,5.4,False,True,-0.0473,0.0228,7459.38,15732.75,4,0,18,3,2,0,0,0,0,0,0,11,0,66,0.5,1.0,5,0.025,0.02,0.01,0.05,2
-8273.38,-0.0827,91726.62,10434.67,0.1021,-0.673,-0.793,0.474,27,0.1481,4,23,5.4,False,True,-0.0473,0.0228,7459.38,15732.75,4,0,18,3,2,0,0,0,0,0,0,11,0,66,0.5,1.0,5,0.025,0.02,0.01,0.05,3
-9763.24,-0.0976,90236.76,10897.08,0.1089,-1.08,-0.896,0.203,30,0.1667,5,25,5.7,False,True,-0.0304,0.0114,4431.25,21864.18,5,0,17,4,4,0,0,0,0,0,0,0,0,79,0.5,1.0,5,0.025,0.02,0.02,0.03,1
-9763.24,-0.0976,90236.76,10897.08,0.1089,-1.08,-0.896,0.203,30,0.1667,5,25,5.7,False,True,-0.0304,0.0114,4431.25,21864.18,5,0,17,4,4,0,0,0,0,0,0,0,0,79,0.5,1.0,5,0.025,0.02,0.02,0.03,2
-9763.24,-0.0976,90236.76,10897.08,0.1089,-1.08,-0.896,0.203,30,0.1667,5,25,5.7,False,True,-0.0304,0.0114,4431.25,21864.18,5,0,17,4,4,0,0,0,0,0,0,0,0,79,0.5,1.0,5,0.025,0.02,0.02,0.03,3
-10275.79,-0.1028,89724.21,10299.57,0.103,-0.839,-0.998,0.465,31,0.1613,5,26,5.3,False,True,-0.0473,0.0228,8928.58,19204.37,5,0,20,4,2,0,0,0,0,0,0,0,0,73,0.5,1.0,5,0.025,0.02,0.02,0.05,1
-10275.79,-0.1028,89724.21,10299.57,0.103,-0.839,-0.998,0.465,31,0.1613,5,26,5.3,False,True,-0.0473,0.0228,8928.58,19204.37,5,0,20,4,2,0,0,0,0,0,0,0,0,73,0.5,1.0,5,0.025,0.02,0.02,0.05,2
-10275.79,-0.1028,89724.21,10299.57,0.103,-0.839,-0.998,0.465,31,0.1613,5,26,5.3,False,True,-0.0473,0.0228,8928.58,19204.37,5,0,20,4,2,0,0,0,0,0,0,0,0,73,0.5,1.0,5,0.025,0.02,0.02,0.05,3
-9839.94,-0.0984,90160.06,10972.83,0.1097,-1.085,-0.897,0.202,32,0.1562,5,27,5.2,False,True,-0.0304,0.0114,4431.25,21934.36,5,0,20,4,3,0,0,0,0,0,0,3,0,74,0.5,1.0,5,0.025,0.03,0.01,0.03,1
-9839.94,-0.0984,90160.06,10972.83,0.1097,-1.085,-0.897,0.202,32,0.1562,5,27,5.2,False,True,-0.0304,0.0114,4431.25,21934.36,5,0,20,4,3,0,0,0,0,0,0,3,0,74,0.5,1.0,5,0.025,0.03,0.01,0.03,2
-9839.94,-0.0984,90160.06,10972.83,0.1097,-1.085,-0.897,0.202,32,0.1562,5,27,5.2,False,True,-0.0304,0.0114,4431.25,21934.36,5,0,20,4,3,0,0,0,0,0,0,3,0,74,0.5,1.0,5,0.025,0.03,0.01,0.03,3
-8273.38,-0.0827,91726.62,10434.67,0.1021,-0.673,-0.793,0.474,27,0.1481,4,23,5.4,False,True,-0.0473,0.0228,7459.38,15732.75,4,0,18,3,2,0,0,0,0,0,0,14,0,66,0.5,1.0,5,0.025,0.03,0.01,0.05,1
-8273.38,-0.0827,91726.62,10434.67,0.1021,-0.673,-0.793,0.474,27,0.1481,4,23,5.4,False,True,-0.0473,0.0228,7459.38,15732.75,4,0,18,3,2,0,0,0,0,0,0,14,0,66,0.5,1.0,5,0.025,0.03,0.01,0.05,2
-8273.38,-0.0827,91726.62,10434.67,0.1021,-0.673,-0.793,0.474,27,0.1481,4,23,5.4,False,True,-0.0473,0.0228,7459.38,15732.75,4,0,18,3,2,0,0,0,0,0,0,14,0,66,0.5,1.0,5,0.025,0.03,0.01,0.05,3
-9763.24,-0.0976,90236.76,10897.08,0.1089,-1.08,-0.896,0.203,30,0.1667,5,25,5.7,False,True,-0.0304,0.0114,4431.25,21864.18,5,0,17,4,4,0,0,0,0,0,0,0,0,79,0.5,1.0,5,0.025,0.03,0.02,0.03,1
-9763.24,-0.0976,90236.76,10897.08,0.1089,-1.08,-0.896,0.203,30,0.1667,5,25,5.7,False,True,-0.0304,0.0114,4431.25,21864.18,5,0,17,4,4,0,0,0,0,0,0,0,0,79,0.5,1.0,5,0.025,0.03,0.02,0.03,2
-9763.24,-0.0976,90236.76,10897.08,0.1089,-1.08,-0.896,0.203,30,0.1667,5,25,5.7,False,True,-0.0304,0.0114,4431.25,21864.18,5,0,17,4,4,0,0,0,0,0,0,0,0,79,0.5,1.0,5,0.025,0.03,0.02,0.03,3
-10275.79,-0.1028,89724.21,10299.57,0.103,-0.839,-0.998,0.465,31,0.1613,5,26,5.3,False,True,-0.0473,0.0228,8928.58,19204.37,5,0,20,4,2,0,0,0,0,0,0,3,0,73,0.5,1.0,5,0.025,0.03,0.02,0.05,1
-10275.79,-0.1028,89724.21,10299.57,0.103,-0.839,-0.998,0.465,31,0.1613,5,26,5.3,False,True,-0.0473,0.0228,8928.58,19204.37,5,0,20,4,2,0,0,0,0,0,0,3,0,73,0.5,1.0,5,0.025,0.03,0.02,0.05,2
-10275.79,-0.1028,89724.21,10299.57,0.103,-0.839,-0.998,0.465,31,0.1613,5,26,5.3,False,True,-0.0473,0.0228,8928.58,19204.37,5,0,20,4,2,0,0,0,0,0,0,3,0,73,0.5,1.0,5,0.025,0.03,0.02,0.05,3
-10394.6,-0.1039,89605.4,10418.37,0.1042,-1.08,-0.998,0.298,34,0.1471,5,29,5.1,False,True,-0.0363,0.0114,4403.99,14798.59,5,0,23,4,2,0,0,0,0,0,0,3,0,77,0.5,1.0,5,0.035,0.02,0.01,0.03,1
-10394.6,-0.1039,89605.4,10418.37,0.1042,-1.08,-0.998,0.298,34,0.1471,5,29,5.1,False,True,-0.0363,0.0114,4403.99,14798.59,5,0,23,4,2,0,0,0,0,0,0,3,0,77,0.5,1.0,5,0.035,0.02,0.01,0.03,2
-10394.6,-0.1039,89605.4,10418.37,0.1042,-1.08,-0.998,0.298,34,0.1471,5,29,5.1,False,True,-0.0363,0.0114,4403.99,14798.59,5,0,23,4,2,0,0,0,0,0,0,3,0,77,0.5,1.0,5,0.035,0.02,0.01,0.03,3
-9843.35,-0.0984,90156.65,10256.07,0.1021,-0.775,-0.96,0.391,29,0.1379,4,25,5.2,False,True,-0.0473,0.0228,6309.32,16152.68,4,0,20,3,2,0,0,0,0,0,0,11,0,68,0.5,1.0,5,0.035,0.02,0.01,0.05,1
-9843.35,-0.0984,90156.65,10256.07,0.1021,-0.775,-0.96,0.391,29,0.1379,4,25,5.2,False,True,-0.0473,0.0228,6309.32,16152.68,4,0,20,3,2,0,0,0,0,0,0,11,0,68,0.5,1.0,5,0.035,0.02,0.01,0.05,2
-9843.35,-0.0984,90156.65,10256.07,0.1021,-0.775,-0.96,0.391,29,0.1379,4,25,5.2,False,True,-0.0473,0.0228,6309.32,16152.68,4,0,20,3,2,0,0,0,0,0,0,11,0,68,0.5,1.0,5,0.035,0.02,0.01,0.05,3
-10318.37,-0.1032,89681.63,10342.14,0.1034,-1.074,-0.998,0.299,32,0.1562,5,27,5.5,False,True,-0.0363,0.0114,4403.99,14722.36,5,0,20,4,3,0,0,0,0,0,0,0,0,82,0.5,1.0,5,0.035,0.02,0.02,0.03,1
-10318.37,-0.1032,89681.63,10342.14,0.1034,-1.074,-0.998,0.299,32,0.1562,5,27,5.5,False,True,-0.0363,0.0114,4403.99,14722.36,5,0,20,4,3,0,0,0,0,0,0,0,0,82,0.5,1.0,5,0.035,0.02,0.02,0.03,2
-10318.37,-0.1032,89681.63,10342.14,0.1034,-1.074,-0.998,0.299,32,0.1562,5,27,5.5,False,True,-0.0363,0.0114,4403.99,14722.36,5,0,20,4,3,0,0,0,0,0,0,0,0,82,0.5,1.0,5,0.035,0.02,0.02,0.03,3
-11016.45,-0.1102,88983.55,11040.22,0.1104,-1.156,-0.998,0.321,31,0.1613,5,26,5.6,False,True,-0.0383,0.0114,5213.65,16230.1,5,0,19,4,3,0,0,0,0,0,0,0,0,81,0.5,1.0,5,0.035,0.02,0.02,0.05,1
-11016.45,-0.1102,88983.55,11040.22,0.1104,-1.156,-0.998,0.321,31,0.1613,5,26,5.6,False,True,-0.0383,0.0114,5213.65,16230.1,5,0,19,4,3,0,0,0,0,0,0,0,0,81,0.5,1.0,5,0.035,0.02,0.02,0.05,2
-11016.45,-0.1102,88983.55,11040.22,0.1104,-1.156,-0.998,0.321,31,0.1613,5,26,5.6,False,True,-0.0383,0.0114,5213.65,16230.1,5,0,19,4,3,0,0,0,0,0,0,0,0,81,0.5,1.0,5,0.035,0.02,0.02,0.05,3
-10394.6,-0.1039,89605.4,10418.37,0.1042,-1.08,-0.998,0.298,34,0.1471,5,29,5.1,False,True,-0.0363,0.0114,4403.99,14798.59,5,0,23,4,2,0,0,0,0,0,0,3,0,77,0.5,1.0,5,0.035,0.03,0.01,0.03,1
-10394.6,-0.1039,89605.4,10418.37,0.1042,-1.08,-0.998,0.298,34,0.1471,5,29,5.1,False,True,-0.0363,0.0114,4403.99,14798.59,5,0,23,4,2,0,0,0,0,0,0,3,0,77,0.5,1.0,5,0.035,0.03,0.01,0.03,2
-10394.6,-0.1039,89605.4,10418.37,0.1042,-1.08,-0.998,0.298,34,0.1471,5,29,5.1,False,True,-0.0363,0.0114,4403.99,14798.59,5,0,23,4,2,0,0,0,0,0,0,3,0,77,0.5,1.0,5,0.035,0.03,0.01,0.03,3
-9843.35,-0.0984,90156.65,10256.07,0.1021,-0.775,-0.96,0.391,29,0.1379,4,25,5.2,False,True,-0.0473,0.0228,6309.32,16152.68,4,0,20,3,2,0,0,0,0,0,0,14,0,68,0.5,1.0,5,0.035,0.03,0.01,0.05,1
-9843.35,-0.0984,90156.65,10256.07,0.1021,-0.775,-0.96,0.391,29,0.1379,4,25,5.2,False,True,-0.0473,0.0228,6309.32,16152.68,4,0,20,3,2,0,0,0,0,0,0,14,0,68,0.5,1.0,5,0.035,0.03,0.01,0.05,2
-9843.35,-0.0984,90156.65,10256.07,0.1021,-0.775,-0.96,0.391,29,0.1379,4,25,5.2,False,True,-0.0473,0.0228,6309.32,16152.68,4,0,20,3,2,0,0,0,0,0,0,14,0,68,0.5,1.0,5,0.035,0.03,0.01,0.05,3
-10318.37,-0.1032,89681.63,10342.14,0.1034,-1.074,-0.998,0.299,32,0.1562,5,27,5.5,False,True,-0.0363,0.0114,4403.99,14722.36,5,0,20,4,3,0,0,0,0,0,0,0,0,82,0.5,1.0,5,0.035,0.03,0.02,0.03,1
-10318.37,-0.1032,89681.63,10342.14,0.1034,-1.074,-0.998,0.299,32,0.1562,5,27,5.5,False,True,-0.0363,0.0114,4403.99,14722.36,5,0,20,4,3,0,0,0,0,0,0,0,0,82,0.5,1.0,5,0.035,0.03,0.02,0.03,2
-10318.37,-0.1032,89681.63,10342.14,0.1034,-1.074,-0.998,0.299,32,0.1562,5,27,5.5,False,True,-0.0363,0.0114,4403.99,14722.36,5,0,20,4,3,0,0,0,0,0,0,0,0,82,0.5,1.0,5,0.035,0.03,0.02,0.03,3
-11016.45,-0.1102,88983.55,11040.22,0.1104,-1.156,-0.998,0.321,31,0.1613,5,26,5.6,False,True,-0.0383,0.0114,5213.65,16230.1,5,0,19,4,3,0,0,0,0,0,0,0,0,81,0.5,1.0,5,0.035,0.03,0.02,0.05,1
-11016.45,-0.1102,88983.55,11040.22,0.1104,-1.156,-0.998,0.321,31,0.1613,5,26,5.6,False,True,-0.0383,0.0114,5213.65,16230.1,5,0,19,4,3,0,0,0,0,0,0,0,0,81,0.5,1.0,5,0.035,0.03,0.02,0.05,2
-11016.45,-0.1102,88983.55,11040.22,0.1104,-1.156,-0.998,0.321,31,0.1613,5,26,5.6,False,True,-0.0383,0.0114,5213.65,16230.1,5,0,19,4,3,0,0,0,0,0,0,0,0,81,0.5,1.0,5,0.035,0.03,0.02,0.05,3
-9839.94,-0.0984,90160.06,10972.83,0.1097,-1.085,-0.897,0.202,32,0.1562,5,27,5.2,False,True,-0.0304,0.0114,4431.25,21934.36,5,0,20,4,3,0,0,0,0,0,0,3,0,74,0.5,1.0,10,0.025,0.02,0.01,0.03,1
-9839.94,-0.0984,90160.06,10972.83,0.1097,-1.085,-0.897,0.202,32,0.1562,5,27,5.2,False,True,-0.0304,0.0114,4431.25,21934.36,5,0,20,4,3,0,0,0,0,0,0,3,0,74,0.5,1.0,10,0.025,0.02,0.01,0.03,2
-9839.94,-0.0984,90160.06,10972.83,0.1097,-1.085,-0.897,0.202,32,0.1562,5,27,5.2,False,True,-0.0304,0.0114,4431.25,21934.36,5,0,20,4,3,0,0,0,0,0,0,3,0,74,0.5,1.0,10,0.025,0.02,0.01,0.03,3
-8273.38,-0.0827,91726.62,10434.67,0.1021,-0.673,-0.793,0.474,27,0.1481,4,23,5.4,False,True,-0.0473,0.0228,7459.38,15732.75,4,0,18,3,2,0,0,0,0,0,0,11,0,66,0.5,1.0,10,0.025,0.02,0.01,0.05,1
-8273.38,-0.0827,91726.62,10434.67,0.1021,-0.673,-0.793,0.474,27,0.1481,4,23,5.4,False,True,-0.0473,0.0228,7459.38,15732.75,4,0,18,3,2,0,0,0,0,0,0,11,0,66,0.5,1.0,10,0.025,0.02,0.01,0.05,2
-8273.38,-0.0827,91726.62,10434.67,0.1021,-0.673,-0.793,0.474,27,0.1481,4,23,5.4,False,True,-0.0473,0.0228,7459.38,15732.75,4,0,18,3,2,0,0,0,0,0,0,11,0,66,0.5,1.0,10,0.025,0.02,0.01,0.05,3
-9763.24,-0.0976,90236.76,10897.08,0.1089,-1.08,-0.896,0.203,30,0.1667,5,25,5.7,False,True,-0.0304,0.0114,4431.25,21864.18,5,0,17,4,4,0,0,0,0,0,0,0,0,79,0.5,1.0,10,0.025,0.02,0.02,0.03,1
-9763.24,-0.0976,90236.76,10897.08,0.1089,-1.08,-0.896,0.203,30,0.1667,5,25,5.7,False,True,-0.0304,0.0114,4431.25,21864.18,5,0,17,4,4,0,0,0,0,0,0,0,0,79,0.5,1.0,10,0.025,0.02,0.02,0.03,2
-9763.24,-0.0976,90236.76,10897.08,0.1089,-1.08,-0.896,0.203,30,0.1667,5,25,5.7,False,True,-0.0304,0.0114,4431.25,21864.18,5,0,17,4,4,0,0,0,0,0,0,0,0,79,0.5,1.0,10,0.025,0.02,0.02,0.03,3
-10275.79,-0.1028,89724.21,10299.57,0.103,-0.839,-0.998,0.465,31,0.1613,5,26,5.3,False,True,-0.0473,0.0228,8928.58,19204.37,5,0,20,4,2,0,0,0,0,0,0,0,0,73,0.5,1.0,10,0.025,0.02,0.02,0.05,1
-10275.79,-0.1028,89724.21,10299.57,0.103,-0.839,-0.998,0.465,31,0.1613,5,26,5.3,False,True,-0.0473,0.0228,8928.58,19204.37,5,0,20,4,2,0,0,0,0,0,0,0,0,73,0.5,1.0,10,0.025,0.02,0.02,0.05,2
-10275.79,-0.1028,89724.21,10299.57,0.103,-0.839,-0.998,0.465,31,0.1613,5,26,5.3,False,True,-0.0473,0.0228,8928.58,19204.37,5,0,20,4,2,0,0,0,0,0,0,0,0,73,0.5,1.0,10,0.025,0.02,0.02,0.05,3
-9839.94,-0.0984,90160.06,10972.83,0.1097,-1.085,-0.897,0.202,32,0.1562,5,27,5.2,False,True,-0.0304,0.0114,4431.25,21934.36,5,0,20,4,3,0,0,0,0,0,0,3,0,74,0.5,1.0,10,0.025,0.03,0.01,0.03,1
-9839.94,-0.0984,90160.06,10972.83,0.1097,-1.085,-0.897,0.202,32,0.1562,5,27,5.2,False,True,-0.0304,0.0114,4431.25,21934.36,5,0,20,4,3,0,0,0,0,0,0,3,0,74,0.5,1.0,10,0.025,0.03,0.01,0.03,2
-9839.94,-0.0984,90160.06,10972.83,0.1097,-1.085,-0.897,0.202,32,0.1562,5,27,5.2,False,True,-0.0304,0.0114,4431.25,21934.36,5,0,20,4,3,0,0,0,0,0,0,3,0,74,0.5,1.0,10,0.025,0.03,0.01,0.03,3
-8273.38,-0.0827,91726.62,10434.67,0.1021,-0.673,-0.793,0.474,27,0.1481,4,23,5.4,False,True,-0.0473,0.0228,7459.38,15732.75,4,0,18,3,2,0,0,0,0,0,0,14,0,66,0.5,1.0,10,0.025,0.03,0.01,0.05,1
-8273.38,-0.0827,91726.62,10434.67,0.1021,-0.673,-0.793,0.474,27,0.1481,4,23,5.4,False,True,-0.0473,0.0228,7459.38,15732.75,4,0,18,3,2,0,0,0,0,0,0,14,0,66,0.5,1.0,10,0.025,0.03,0.01,0.05,2
-8273.38,-0.0827,91726.62,10434.67,0.1021,-0.673,-0.793,0.474,27,0.1481,4,23,5.4,False,True,-0.0473,0.0228,7459.38,15732.75,4,0,18,3,2,0,0,0,0,0,0,14,0,66,0.5,1.0,10,0.025,0.03,0.01,0.05,3
-9763.24,-0.0976,90236.76,10897.08,0.1089,-1.08,-0.896,0.203,30,0.1667,5,25,5.7,False,True,-0.0304,0.0114,4431.25,21864.18,5,0,17,4,4,0,0,0,0,0,0,0,0,79,0.5,1.0,10,0.025,0.03,0.02,0.03,1
-9763.24,-0.0976,90236.76,10897.08,0.1089,-1.08,-0.896,0.203,30,0.1667,5,25,5.7,False,True,-0.0304,0.0114,4431.25,21864.18,5,0,17,4,4,0,0,0,0,0,0,0,0,79,0.5,1.0,10,0.025,0.03,0.02,0.03,2
-9763.24,-0.0976,90236.76,10897.08,0.1089,-1.08,-0.896,0.203,30,0.1667,5,25,5.7,False,True,-0.0304,0.0114,4431.25,21864.18,5,0,17,4,4,0,0,0,0,0,0,0,0,79,0.5,1.0,10,0.025,0.03,0.02,0.03,3
-10275.79,-0.1028,89724.21,10299.57,0.103,-0.839,-0.998,0.465,31,0.1613,5,26,5.3,False,True,-0.0473,0.0228,8928.58,19204.37,5,0,20,4,2,0,0,0,0,0,0,3,0,73,0.5,1.0,10,0.025,0.03,0.02,0.05,1
-10275.79,-0.1028,89724.21,10299.57,0.103,-0.839,-0.998,0.465,31,0.1613,5,26,5.3,False,True,-0.0473,0.0228,8928.58,19204.37,5,0,20,4,2,0,0,0,0,0,0,3,0,73,0.5,1.0,10,0.025,0.03,0.02,0.05,2
-10275.79,-0.1028,89724.21,10299.57,0.103,-0.839,-0.998,0.465,31,0.1613,5,26,5.3,False,True,-0.0473,0.0228,8928.58,19204.37,5,0,20,4,2,0,0,0,0,0,0,3,0,73,0.5,1.0,10,0.025,0.03,0.02,0.05,3
-10394.6,-0.1039,89605.4,10418.37,0.1042,-1.08,-0.998,0.298,34,0.1471,5,29,5.1,False,True,-0.0363,0.0114,4403.99,14798.59,5,0,23,4,2,0,0,0,0,0,0,3,0,77,0.5,1.0,10,0.035,0.02,0.01,0.03,1
-10394.6,-0.1039,89605.4,10418.37,0.1042,-1.08,-0.998,0.298,34,0.1471,5,29,5.1,False,True,-0.0363,0.0114,4403.99,14798.59,5,0,23,4,2,0,0,0,0,0,0,3,0,77,0.5,1.0,10,0.035,0.02,0.01,0.03,2
-10394.6,-0.1039,89605.4,10418.37,0.1042,-1.08,-0.998,0.298,34,0.1471,5,29,5.1,False,True,-0.0363,0.0114,4403.99,14798.59,5,0,23,4,2,0,0,0,0,0,0,3,0,77,0.5,1.0,10,0.035,0.02,0.01,0.03,3
-9843.35,-0.0984,90156.65,10256.07,0.1021,-0.775,-0.96,0.391,29,0.1379,4,25,5.2,False,True,-0.0473,0.0228,6309.32,16152.68,4,0,20,3,2,0,0,0,0,0,0,11,0,68,0.5,1.0,10,0.035,0.02,0.01,0.05,1
-9843.35,-0.0984,90156.65,10256.07,0.1021,-0.775,-0.96,0.391,29,0.1379,4,25,5.2,False,True,-0.0473,0.0228,6309.32,16152.68,4,0,20,3,2,0,0,0,0,0,0,11,0,68,0.5,1.0,10,0.035,0.02,0.01,0.05,2
-9843.35,-0.0984,90156.65,10256.07,0.1021,-0.775,-0.96,0.391,29,0.1379,4,25,5.2,False,True,-0.0473,0.0228,6309.32,16152.68,4,0,20,3,2,0,0,0,0,0,0,11,0,68,0.5,1.0,10,0.035,0.02,0.01,0.05,3
-10318.37,-0.1032,89681.63,10342.14,0.1034,-1.074,-0.998,0.299,32,0.1562,5,27,5.5,False,True,-0.0363,0.0114,4403.99,14722.36,5,0,20,4,3,0,0,0,0,0,0,0,0,82,0.5,1.0,10,0.035,0.02,0.02,0.03,1
-10318.37,-0.1032,89681.63,10342.14,0.1034,-1.074,-0.998,0.299,32,0.1562,5,27,5.5,False,True,-0.0363,0.0114,4403.99,14722.36,5,0,20,4,3,0,0,0,0,0,0,0,0,82,0.5,1.0,10,0.035,0.02,0.02,0.03,2
-10318.37,-0.1032,89681.63,10342.14,0.1034,-1.074,-0.998,0.299,32,0.1562,5,27,5.5,False,True,-0.0363,0.0114,4403.99,14722.36,5,0,20,4,3,0,0,0,0,0,0,0,0,82,0.5,1.0,10,0.035,0.02,0.02,0.03,3
-11016.45,-0.1102,88983.55,11040.22,0.1104,-1.156,-0.998,0.321,31,0.1613,5,26,5.6,False,True,-0.0383,0.0114,5213.65,16230.1,5,0,19,4,3,0,0,0,0,0,0,0,0,81,0.5,1.0,10,0.035,0.02,0.02,0.05,1
-11016.45,-0.1102,88983.55,11040.22,0.1104,-1.156,-0.998,0.321,31,0.1613,5,26,5.6,False,True,-0.0383,0.0114,5213.65,16230.1,5,0,19,4,3,0,0,0,0,0,0,0,0,81,0.5,1.0,10,0.035,0.02,0.02,0.05,2
-11016.45,-0.1102,88983.55,11040.22,0.1104,-1.156,-0.998,0.321,31,0.1613,5,26,5.6,False,True,-0.0383,0.0114,5213.65,16230.1,5,0,19,4,3,0,0,0,0,0,0,0,0,81,0.5,1.0,10,0.035,0.02,0.02,0.05,3
-10394.6,-0.1039,89605.4,10418.37,0.1042,-1.08,-0.998,0.298,34,0.1471,5,29,5.1,False,True,-0.0363,0.0114,4403.99,14798.59,5,0,23,4,2,0,0,0,0,0,0,3,0,77,0.5,1.0,10,0.035,0.03,0.01,0.03,1
-10394.6,-0.1039,89605.4,10418.37,0.1042,-1.08,-0.998,0.298,34,0.1471,5,29,5.1,False,True,-0.0363,0.0114,4403.99,14798.59,5,0,23,4,2,0,0,0,0,0,0,3,0,77,0.5,1.0,10,0.035,0.03,0.01,0.03,2
-10394.6,-0.1039,89605.4,10418.37,0.1042,-1.08,-0.998,0.298,34,0.1471,5,29,5.1,False,True,-0.0363,0.0114,4403.99,14798.59,5,0,23,4,2,0,0,0,0,0,0,3,0,77,0.5,1.0,10,0.035,0.03,0.01,0.03,3
-9843.35,-0.0984,90156.65,10256.07,0.1021,-0.775,-0.96,0.391,29,0.1379,4,25,5.2,False,True,-0.0473,0.0228,6309.32,16152.68,4,0,20,3,2,0,0,0,0,0,0,14,0,68,0.5,1.0,10,0.035,0.03,0.01,0.05,1
-9843.35,-0.0984,90156.65,10256.07,0.1021,-0.775,-0.96,0.391,29,0.1379,4,25,5.2,False,True,-0.0473,0.0228,6309.32,16152.68,4,0,20,3,2,0,0,0,0,0,0,14,0,68,0.5,1.0,10,0.035,0.03,0.01,0.05,2
-9843.35,-0.0984,90156.65,10256.07,0.1021,-0.775,-0.96,0.391,29,0.1379,4,25,5.2,False,True,-0.0473,0.0228,6309.32,16152.68,4,0,20,3,2,0,0,0,0,0,0,14,0,68,0.5,1.0,10,0.035,0.03,0.01,0.05,3
-10318.37,-0.1032,89681.63,10342.14,0.1034,-1.074,-0.998,0.299,32,0.1562,5,27,5.5,False,True,-0.0363,0.0114,4403.99,14722.36,5,0,20,4,3,0,0,0,0,0,0,0,0,82,0.5,1.0,10,0.035,0.03,0.02,0.03,1
-10318.37,-0.1032,89681.63,10342.14,0.1034,-1.074,-0.998,0.299,32,0.1562,5,27,5.5,False,True,-0.0363,0.0114,4403.99,14722.36,5,0,20,4,3,0,0,0,0,0,0,0,0,82,0.5,1.0,10,0.035,0.03,0.02,0.03,2
-10318.37,-0.1032,89681.63,10342.14,0.1034,-1.074,-0.998,0.299,32,0.1562,5,27,5.5,False,True,-0.0363,0.0114,4403.99,14722.36,5,0,20,4,3,0,0,0,0,0,0,0,0,82,0.5,1.0,10,0.035,0.03,0.02,0.03,3
-11016.45,-0.1102,88983.55,11040.22,0.1104,-1.156,-0.998,0.321,31,0.1613,5,26,5.6,False,True,-0.0383,0.0114,5213.65,16230.1,5,0,19,4,3,0,0,0,0,0,0,0,0,81,0.5,1.0,10,0.035,0.03,0.02,0.05,1
-11016.45,-0.1102,88983.55,11040.22,0.1104,-1.156,-0.998,0.321,31,0.1613,5,26,5.6,False,True,-0.0383,0.0114,5213.65,16230.1,5,0,19,4,3,0,0,0,0,0,0,0,0,81,0.5,1.0,10,0.035,0.03,0.02,0.05,2
-11016.45,-0.1102,88983.55,11040.22,0.1104,-1.156,-0.998,0.321,31,0.1613,5,26,5.6,False,True,-0.0383,0.0114,5213.65,16230.1,5,0,19,4,3,0,0,0,0,0,0,0,0,81,0.5,1.0,10,0.035,0.03,0.02,0.05,3
-9839.94,-0.0984,90160.06,10972.83,0.1097,-1.085,-0.897,0.202,32,0.1562,5,27,5.2,False,True,-0.0304,0.0114,4431.25,21934.36,5,0,20,4,3,0,0,0,0,0,0,3,0,74,0.5,1.0,15,0.025,0.02,0.01,0.03,1
-9839.94,-0.0984,90160.06,10972.83,0.1097,-1.085,-0.897,0.202,32,0.1562,5,27,5.2,False,True,-0.0304,0.0114,4431.25,21934.36,5,0,20,4,3,0,0,0,0,0,0,3,0,74,0.5,1.0,15,0.025,0.02,0.01,0.03,2
-9839.94,-0.0984,90160.06,10972.83,0.1097,-1.085,-0.897,0.202,32,0.1562,5,27,5.2,False,True,-0.0304,0.0114,4431.25,21934.36,5,0,20,4,3,0,0,0,0,0,0,3,0,74,0.5,1.0,15,0.025,0.02,0.01,0.03,3
-8273.38,-0.0827,91726.62,10434.67,0.1021,-0.673,-0.793,0.474,27,0.1481,4,23,5.4,False,True,-0.0473,0.0228,7459.38,15732.75,4,0,18,3,2,0,0,0,0,0,0,11,0,66,0.5,1.0,15,0.025,0.02,0.01,0.05,1
-8273.38,-0.0827,91726.62,10434.67,0.1021,-0.673,-0.793,0.474,27,0.1481,4,23,5.4,False,True,-0.0473,0.0228,7459.38,15732.75,4,0,18,3,2,0,0,0,0,0,0,11,0,66,0.5,1.0,15,0.025,0.02,0.01,0.05,2
-8273.38,-0.0827,91726.62,10434.67,0.1021,-0.673,-0.793,0.474,27,0.1481,4,23,5.4,False,True,-0.0473,0.0228,7459.38,15732.75,4,0,18,3,2,0,0,0,0,0,0,11,0,66,0.5,1.0,15,0.025,0.02,0.01,0.05,3
-9763.24,-0.0976,90236.76,10897.08,0.1089,-1.08,-0.896,0.203,30,0.1667,5,25,5.7,False,True,-0.0304,0.0114,4431.25,21864.18,5,0,17,4,4,0,0,0,0,0,0,0,0,79,0.5,1.0,15,0.025,0.02,0.02,0.03,1
-9763.24,-0.0976,90236.76,10897.08,0.1089,-1.08,-0.896,0.203,30,0.1667,5,25,5.7,False,True,-0.0304,0.0114,4431.25,21864.18,5,0,17,4,4,0,0,0,0,0,0,0,0,79,0.5,1.0,15,0.025,0.02,0.02,0.03,2
-9763.24,-0.0976,90236.76,10897.08,0.1089,-1.08,-0.896,0.203,30,0.1667,5,25,5.7,False,True,-0.0304,0.0114,4431.25,21864.18,5,0,17,4,4,0,0,0,0,0,0,0,0,79,0.5,1.0,15,0.025,0.02,0.02,0.03,3
-10275.79,-0.1028,89724.21,10299.57,0.103,-0.839,-0.998,0.465,31,0.1613,5,26,5.3,False,True,-0.0473,0.0228,8928.58,19204.37,5,0,20,4,2,0,0,0,0,0,0,0,0,73,0.5,1.0,15,0.025,0.02,0.02,0.05,1
-10275.79,-0.1028,89724.21,10299.57,0.103,-0.839,-0.998,0.465,31,0.1613,5,26,5.3,False,True,-0.0473,0.0228,8928.58,19204.37,5,0,20,4,2,0,0,0,0,0,0,0,0,73,0.5,1.0,15,0.025,0.02,0.02,0.05,2
-10275.79,-0.1028,89724.21,10299.57,0.103,-0.839,-0.998,0.465,31,0.1613,5,26,5.3,False,True,-0.0473,0.0228,8928.58,19204.37,5,0,20,4,2,0,0,0,0,0,0,0,0,73,0.5,1.0,15,0.025,0.02,0.02,0.05,3
-9839.94,-0.0984,90160.06,10972.83,0.1097,-1.085,-0.897,0.202,32,0.1562,5,27,5.2,False,True,-0.0304,0.0114,4431.25,21934.36,5,0,20,4,3,0,0,0,0,0,0,3,0,74,0.5,1.0,15,0.025,0.03,0.01,0.03,1
-9839.94,-0.0984,90160.06,10972.83,0.1097,-1.085,-0.897,0.202,32,0.1562,5,27,5.2,False,True,-0.0304,0.0114,4431.25,21934.36,5,0,20,4,3,0,0,0,0,0,0,3,0,74,0.5,1.0,15,0.025,0.03,0.01,0.03,2
-9839.94,-0.0984,90160.06,10972.83,0.1097,-1.085,-0.897,0.202,32,0.1562,5,27,5.2,False,True,-0.0304,0.0114,4431.25,21934.36,5,0,20,4,3,0,0,0,0,0,0,3,0,74,0.5,1.0,15,0.025,0.03,0.01,0.03,3
-8273.38,-0.0827,91726.62,10434.67,0.1021,-0.673,-0.793,0.474,27,0.1481,4,23,5.4,False,True,-0.0473,0.0228,7459.38,15732.75,4,0,18,3,2,0,0,0,0,0,0,14,0,66,0.5,1.0,15,0.025,0.03,0.01,0.05,1
-8273.38,-0.0827,91726.62,10434.67,0.1021,-0.673,-0.793,0.474,27,0.1481,4,23,5.4,False,True,-0.0473,0.0228,7459.38,15732.75,4,0,18,3,2,0,0,0,0,0,0,14,0,66,0.5,1.0,15,0.025,0.03,0.01,0.05,2
-8273.38,-0.0827,91726.62,10434.67,0.1021,-0.673,-0.793,0.474,27,0.1481,4,23,5.4,False,True,-0.0473,0.0228,7459.38,15732.75,4,0,18,3,2,0,0,0,0,0,0,14,0,66,0.5,1.0,15,0.025,0.03,0.01,0.05,3
-9763.24,-0.0976,90236.76,10897.08,0.1089,-1.08,-0.896,0.203,30,0.1667,5,25,5.7,False,True,-0.0304,0.0114,4431.25,21864.18,5,0,17,4,4,0,0,0,0,0,0,0,0,79,0.5,1.0,15,0.025,0.03,0.02,0.03,1
-9763.24,-0.0976,90236.76,10897.08,0.1089,-1.08,-0.896,0.203,30,0.1667,5,25,5.7,False,True,-0.0304,0.0114,4431.25,21864.18,5,0,17,4,4,0,0,0,0,0,0,0,0,79,0.5,1.0,15,0.025,0.03,0.02,0.03,2
-9763.24,-0.0976,90236.76,10897.08,0.1089,-1.08,-0.896,0.203,30,0.1667,5,25,5.7,False,True,-0.0304,0.0114,4431.25,21864.18,5,0,17,4,4,0,0,0,0,0,0,0,0,79,0.5,1.0,15,0.025,0.03,0.02,0.03,3
-10275.79,-0.1028,89724.21,10299.57,0.103,-0.839,-0.998,0.465,31,0.1613,5,26,5.3,False,True,-0.0473,0.0228,8928.58,19204.37,5,0,20,4,2,0,0,0,0,0,0,3,0,73,0.5,1.0,15,0.025,0.03,0.02,0.05,1
-10275.79,-0.1028,89724.21,10299.57,0.103,-0.839,-0.998,0.465,31,0.1613,5,26,5.3,False,True,-0.0473,0.0228,8928.58,19204.37,5,0,20,4,2,0,0,0,0,0,0,3,0,73,0.5,1.0,15,0.025,0.03,0.02,0.05,2
-10275.79,-0.1028,89724.21,10299.57,0.103,-0.839,-0.998,0.465,31,0.1613,5,26,5.3,False,True,-0.0473,0.0228,8928.58,19204.37,5,0,20,4,2,0,0,0,0,0,0,3,0,73,0.5,1.0,15,0.025,0.03,0.02,0.05,3
-10394.6,-0.1039,89605.4,10418.37,0.1042,-1.08,-0.998,0.298,34,0.1471,5,29,5.1,False,True,-0.0363,0.0114,4403.99,14798.59,5,0,23,4,2,0,0,0,0,0,0,3,0,77,0.5,1.0,15,0.035,0.02,0.01,0.03,1
-10394.6,-0.1039,89605.4,10418.37,0.1042,-1.08,-0.998,0.298,34,0.1471,5,29,5.1,False,True,-0.0363,0.0114,4403.99,14798.59,5,0,23,4,2,0,0,0,0,0,0,3,0,77,0.5,1.0,15,0.035,0.02,0.01,0.03,2
-10394.6,-0.1039,89605.4,10418.37,0.1042,-1.08,-0.998,0.298,34,0.1471,5,29,5.1,False,True,-0.0363,0.0114,4403.99,14798.59,5,0,23,4,2,0,0,0,0,0,0,3,0,77,0.5,1.0,15,0.035,0.02,0.01,0.03,3
-9843.35,-0.0984,90156.65,10256.07,0.1021,-0.775,-0.96,0.391,29,0.1379,4,25,5.2,False,True,-0.0473,0.0228,6309.32,16152.68,4,0,20,3,2,0,0,0,0,0,0,11,0,68,0.5,1.0,15,0.035,0.02,0.01,0.05,1
-9843.35,-0.0984,90156.65,10256.07,0.1021,-0.775,-0.96,0.391,29,0.1379,4,25,5.2,False,True,-0.0473,0.0228,6309.32,16152.68,4,0,20,3,2,0,0,0,0,0,0,11,0,68,0.5,1.0,15,0.035,0.02,0.01,0.05,2
-9843.35,-0.0984,90156.65,10256.07,0.1021,-0.775,-0.96,0.391,29,0.1379,4,25,5.2,False,True,-0.0473,0.0228,6309.32,16152.68,4,0,20,3,2,0,0,0,0,0,0,11,0,68,0.5,1.0,15,0.035,0.02,0.01,0.05,3
-10318.37,-0.1032,89681.63,10342.14,0.1034,-1.074,-0.998,0.299,32,0.1562,5,27,5.5,False,True,-0.0363,0.0114,4403.99,14722.36,5,0,20,4,3,0,0,0,0,0,0,0,0,82,0.5,1.0,15,0.035,0.02,0.02,0.03,1
-10318.37,-0.1032,89681.63,10342.14,0.1034,-1.074,-0.998,0.299,32,0.1562,5,27,5.5,False,True,-0.0363,0.0114,4403.99,14722.36,5,0,20,4,3,0,0,0,0,0,0,0,0,82,0.5,1.0,15,0.035,0.02,0.02,0.03,2
-10318.37,-0.1032,89681.63,10342.14,0.1034,-1.074,-0.998,0.299,32,0.1562,5,27,5.5,False,True,-0.0363,0.0114,4403.99,14722.36,5,0,20,4,3,0,0,0,0,0,0,0,0,82,0.5,1.0,15,0.035,0.02,0.02,0.03,3
-11016.45,-0.1102,88983.55,11040.22,0.1104,-1.156,-0.998,0.321,31,0.1613,5,26,5.6,False,True,-0.0383,0.0114,5213.65,16230.1,5,0,19,4,3,0,0,0,0,0,0,0,0,81,0.5,1.0,15,0.035,0.02,0.02,0.05,1
-11016.45,-0.1102,88983.55,11040.22,0.1104,-1.156,-0.998,0.321,31,0.1613,5,26,5.6,False,True,-0.0383,0.0114,5213.65,16230.1,5,0,19,4,3,0,0,0,0,0,0,0,0,81,0.5,1.0,15,0.035,0.02,0.02,0.05,2
-11016.45,-0.1102,88983.55,11040.22,0.1104,-1.156,-0.998,0.321,31,0.1613,5,26,5.6,False,True,-0.0383,0.0114,5213.65,16230.1,5,0,19,4,3,0,0,0,0,0,0,0,0,81,0.5,1.0,15,0.035,0.02,0.02,0.05,3
-10394.6,-0.1039,89605.4,10418.37,0.1042,-1.08,-0.998,0.298,34,0.1471,5,29,5.1,False,True,-0.0363,0.0114,4403.99,14798.59,5,0,23,4,2,0,0,0,0,0,0,3,0,77,0.5,1.0,15,0.035,0.03,0.01,0.03,1
-10394.6,-0.1039,89605.4,10418.37,0.1042,-1.08,-0.998,0.298,34,0.1471,5,29,5.1,False,True,-0.0363,0.0114,4403.99,14798.59,5,0,23,4,2,0,0,0,0,0,0,3,0,77,0.5,1.0,15,0.035,0.03,0.01,0.03,2
-10394.6,-0.1039,89605.4,10418.37,0.1042,-1.08,-0.998,0.298,34,0.1471,5,29,5.1,False,True,-0.0363,0.0114,4403.99,14798.59,5,0,23,4,2,0,0,0,0,0,0,3,0,77,0.5,1.0,15,0.035,0.03,0.01,0.03,3
-9843.35,-0.0984,90156.65,10256.07,0.1021,-0.775,-0.96,0.391,29,0.1379,4,25,5.2,False,True,-0.0473,0.0228,6309.32,16152.68,4,0,20,3,2,0,0,0,0,0,0,14,0,68,0.5,1.0,15,0.035,0.03,0.01,0.05,1
-9843.35,-0.0984,90156.65,10256.07,0.1021,-0.775,-0.96,0.391,29,0.1379,4,25,5.2,False,True,-0.0473,0.0228,6309.32,16152.68,4,0,20,3,2,0,0,0,0,0,0,14,0,68,0.5,1.0,15,0.035,0.03,0.01,0.05,2
-9843.35,-0.0984,90156.65,10256.07,0.1021,-0.775,-0.96,0.391,29,0.1379,4,25,5.2,False,True,-0.0473,0.0228,6309.32,16152.68,4,0,20,3,2,0,0,0,0,0,0,14,0,68,0.5,1.0,15,0.035,0.03,0.01,0.05,3
-10318.37,-0.1032,89681.63,10342.14,0.1034,-1.074,-0.998,0.299,32,0.1562,5,27,5.5,False,True,-0.0363,0.0114,4403.99,14722.36,5,0,20,4,3,0,0,0,0,0,0,0,0,82,0.5,1.0,15,0.035,0.03,0.02,0.03,1
-10318.37,-0.1032,89681.63,10342.14,0.1034,-1.074,-0.998,0.299,32,0.1562,5,27,5.5,False,True,-0.0363,0.0114,4403.99,14722.36,5,0,20,4,3,0,0,0,0,0,0,0,0,82,0.5,1.0,15,0.035,0.03,0.02,0.03,2
-10318.37,-0.1032,89681.63,10342.14,0.1034,-1.074,-0.998,0.299,32,0.1562,5,27,5.5,False,True,-0.0363,0.0114,4403.99,14722.36,5,0,20,4,3,0,0,0,0,0,0,0,0,82,0.5,1.0,15,0.035,0.03,0.02,0.03,3
-11016.45,-0.1102,88983.55,11040.22,0.1104,-1.156,-0.998,0.321,31,0.1613,5,26,5.6,False,True,-0.0383,0.0114,5213.65,16230.1,5,0,19,4,3,0,0,0,0,0,0,0,0,81,0.5,1.0,15,0.035,0.03,0.02,0.05,1
-11016.45,-0.1102,88983.55,11040.22,0.1104,-1.156,-0.998,0.321,31,0.1613,5,26,5.6,False,True,-0.0383,0.0114,5213.65,16230.1,5,0,19,4,3,0,0,0,0,0,0,0,0,81,0.5,1.0,15,0.035,0.03,0.02,0.05,2
-11016.45,-0.1102,88983.55,11040.22,0.1104,-1.156,-0.998,0.321,31,0.1613,5,26,5.6,False,True,-0.0383,0.0114,5213.65,16230.1,5,0,19,4,3,0,0,0,0,0,0,0,0,81,0.5,1.0,15,0.035,0.03,0.02,0.05,3
-9750.79,-0.0975,90249.21,10098.87,0.101,-0.822,-0.966,0.228,27,0.1481,4,23,4.8,False,True,-0.0455,0.0171,5472.46,24026.25,3,0,19,3,2,0,0,0,0,0,0,13,0,56,0.5,1.5,5,0.025,0.02,0.01,0.03,1
-9750.79,-0.0975,90249.21,10098.87,0.101,-0.822,-0.966,0.228,27,0.1481,4,23,4.8,False,True,-0.0455,0.0171,5472.46,24026.25,3,0,19,3,2,0,0,0,0,0,0,13,0,56,0.5,1.5,5,0.025,0.02,0.01,0.03,2
-9750.79,-0.0975,90249.21,10098.87,0.101,-0.822,-0.966,0.228,27,0.1481,4,23,4.8,False,True,-0.0455,0.0171,5472.46,24026.25,3,0,19,3,2,0,0,0,0,0,0,13,0,56,0.5,1.5,5,0.025,0.02,0.01,0.03,3
-5758.65,-0.0576,94241.35,10460.31,0.1005,-0.305,-0.551,0.631,22,0.2273,5,17,5.3,False,True,-0.0455,0.0403,13466.1,21341.47,4,0,12,4,2,0,0,0,0,0,0,1,0,51,0.5,1.5,5,0.025,0.02,0.01,0.05,1
-5758.65,-0.0576,94241.35,10460.31,0.1005,-0.305,-0.551,0.631,22,0.2273,5,17,5.3,False,True,-0.0455,0.0403,13466.1,21341.47,4,0,12,4,2,0,0,0,0,0,0,1,0,51,0.5,1.5,5,0.025,0.02,0.01,0.05,2
-5758.65,-0.0576,94241.35,10460.31,0.1005,-0.305,-0.551,0.631,22,0.2273,5,17,5.3,False,True,-0.0455,0.0403,13466.1,21341.47,4,0,12,4,2,0,0,0,0,0,0,1,0,51,0.5,1.5,5,0.025,0.02,0.01,0.05,3
-9606.91,-0.0961,90393.09,10036.97,0.1003,-0.738,-0.957,0.565,39,0.2564,10,29,6.2,False,True,-0.0455,0.0202,11661.0,20621.32,5,0,22,6,6,0,0,0,0,0,0,0,0,108,0.5,1.5,5,0.025,0.02,0.02,0.03,1
-9606.91,-0.0961,90393.09,10036.97,0.1003,-0.738,-0.957,0.565,39,0.2564,10,29,6.2,False,True,-0.0455,0.0202,11661.0,20621.32,5,0,22,6,6,0,0,0,0,0,0,0,0,108,0.5,1.5,5,0.025,0.02,0.02,0.03,2
-9606.91,-0.0961,90393.09,10036.97,0.1003,-0.738,-0.957,0.565,39,0.2564,10,29,6.2,False,True,-0.0455,0.0202,11661.0,20621.32,5,0,22,6,6,0,0,0,0,0,0,0,0,108,0.5,1.5,5,0.025,0.02,0.02,0.03,3
-6279.42,-0.0628,93720.58,10402.51,0.1005,-0.339,-0.604,0.616,23,0.2174,5,18,5.2,False,True,-0.0455,0.0403,13422.39,21806.84,4,0,13,4,2,0,0,0,0,0,0,0,0,51,0.5,1.5,5,0.025,0.02,0.02,0.05,1
-6279.42,-0.0628,93720.58,10402.51,0.1005,-0.339,-0.604,0.616,23,0.2174,5,18,5.2,False,True,-0.0455,0.0403,13422.39,21806.84,4,0,13,4,2,0,0,0,0,0,0,0,0,51,0.5,1.5,5,0.025,0.02,0.02,0.05,2
-6279.42,-0.0628,93720.58,10402.51,0.1005,-0.339,-0.604,0.616,23,0.2174,5,18,5.2,False,True,-0.0455,0.0403,13422.39,21806.84,4,0,13,4,2,0,0,0,0,0,0,0,0,51,0.5,1.5,5,0.025,0.02,0.02,0.05,3
-9750.79,-0.0975,90249.21,10098.87,0.101,-0.822,-0.966,0.228,27,0.1481,4,23,4.8,False,True,-0.0455,0.0171,5472.46,24026.25,3,0,19,3,2,0,0,0,0,0,0,13,0,56,0.5,1.5,5,0.025,0.03,0.01,0.03,1
-9750.79,-0.0975,90249.21,10098.87,0.101,-0.822,-0.966,0.228,27,0.1481,4,23,4.8,False,True,-0.0455,0.0171,5472.46,24026.25,3,0,19,3,2,0,0,0,0,0,0,13,0,56,0.5,1.5,5,0.025,0.03,0.01,0.03,2
-9750.79,-0.0975,90249.21,10098.87,0.101,-0.822,-0.966,0.228,27,0.1481,4,23,4.8,False,True,-0.0455,0.0171,5472.46,24026.25,3,0,19,3,2,0,0,0,0,0,0,13,0,56,0.5,1.5,5,0.025,0.03,0.01,0.03,3
-5758.65,-0.0576,94241.35,10460.31,0.1005,-0.305,-0.551,0.631,22,0.2273,5,17,5.3,False,True,-0.0455,0.0403,13466.1,21341.47,4,0,12,4,2,0,0,0,0,0,0,11,0,51,0.5,1.5,5,0.025,0.03,0.01,0.05,1
-5758.65,-0.0576,94241.35,10460.31,0.1005,-0.305,-0.551,0.631,22,0.2273,5,17,5.3,False,True,-0.0455,0.0403,13466.1,21341.47,4,0,12,4,2,0,0,0,0,0,0,11,0,51,0.5,1.5,5,0.025,0.03,0.01,0.05,2
-5758.65,-0.0576,94241.35,10460.31,0.1005,-0.305,-0.551,0.631,22,0.2273,5,17,5.3,False,True,-0.0455,0.0403,13466.1,21341.47,4,0,12,4,2,0,0,0,0,0,0,11,0,51,0.5,1.5,5,0.025,0.03,0.01,0.05,3
-9606.91,-0.0961,90393.09,10036.97,0.1003,-0.738,-0.957,0.565,39,0.2564,10,29,6.2,False,True,-0.0455,0.0202,11661.0,20621.32,5,0,22,6,6,0,0,0,0,0,0,9,0,108,0.5,1.5,5,0.025,0.03,0.02,0.03,1
-9606.91,-0.0961,90393.09,10036.97,0.1003,-0.738,-0.957,0.565,39,0.2564,10,29,6.2,False,True,-0.0455,0.0202,11661.0,20621.32,5,0,22,6,6,0,0,0,0,0,0,9,0,108,0.5,1.5,5,0.025,0.03,0.02,0.03,2
-9606.91,-0.0961,90393.09,10036.97,0.1003,-0.738,-0.957,0.565,39,0.2564,10,29,6.2,False,True,-0.0455,0.0202,11661.0,20621.32,5,0,22,6,6,0,0,0,0,0,0,9,0,108,0.5,1.5,5,0.025,0.03,0.02,0.03,3
-6279.42,-0.0628,93720.58,10402.51,0.1005,-0.339,-0.604,0.616,23,0.2174,5,18,5.2,False,True,-0.0455,0.0403,13422.39,21806.84,4,0,13,4,2,0,0,0,0,0,0,10,0,51,0.5,1.5,5,0.025,0.03,0.02,0.05,1
-6279.42,-0.0628,93720.58,10402.51,0.1005,-0.339,-0.604,0.616,23,0.2174,5,18,5.2,False,True,-0.0455,0.0403,13422.39,21806.84,4,0,13,4,2,0,0,0,0,0,0,10,0,51,0.5,1.5,5,0.025,0.03,0.02,0.05,2
-6279.42,-0.0628,93720.58,10402.51,0.1005,-0.339,-0.604,0.616,23,0.2174,5,18,5.2,False,True,-0.0455,0.0403,13422.39,21806.84,4,0,13,4,2,0,0,0,0,0,0,10,0,51,0.5,1.5,5,0.025,0.03,0.02,0.05,3
-9750.79,-0.0975,90249.21,10098.87,0.101,-0.822,-0.966,0.228,27,0.1481,4,23,4.8,False,True,-0.0455,0.0171,5472.46,24026.25,3,0,19,3,2,0,0,0,0,0,0,13,0,56,0.5,1.5,5,0.035,0.02,0.01,0.03,1
-9750.79,-0.0975,90249.21,10098.87,0.101,-0.822,-0.966,0.228,27,0.1481,4,23,4.8,False,True,-0.0455,0.0171,5472.46,24026.25,3,0,19,3,2,0,0,0,0,0,0,13,0,56,0.5,1.5,5,0.035,0.02,0.01,0.03,2
-9750.79,-0.0975,90249.21,10098.87,0.101,-0.822,-0.966,0.228,27,0.1481,4,23,4.8,False,True,-0.0455,0.0171,5472.46,24026.25,3,0,19,3,2,0,0,0,0,0,0,13,0,56,0.5,1.5,5,0.035,0.02,0.01,0.03,3
-7663.51,-0.0766,92336.49,10573.44,0.1031,-0.502,-0.725,0.363,26,0.1538,4,22,4.9,False,True,-0.0455,0.0341,9479.63,26149.74,3,0,18,3,2,0,0,0,0,0,0,1,0,56,0.5,1.5,5,0.035,0.02,0.01,0.05,1
-7663.51,-0.0766,92336.49,10573.44,0.1031,-0.502,-0.725,0.363,26,0.1538,4,22,4.9,False,True,-0.0455,0.0341,9479.63,26149.74,3,0,18,3,2,0,0,0,0,0,0,1,0,56,0.5,1.5,5,0.035,0.02,0.01,0.05,2
-7663.51,-0.0766,92336.49,10573.44,0.1031,-0.502,-0.725,0.363,26,0.1538,4,22,4.9,False,True,-0.0455,0.0341,9479.63,26149.74,3,0,18,3,2,0,0,0,0,0,0,1,0,56,0.5,1.5,5,0.035,0.02,0.01,0.05,3
-8689.67,-0.0869,91310.33,10104.1,0.101,-0.754,-0.86,0.224,25,0.2,5,20,5.6,False,True,-0.0455,0.0171,6583.76,29432.94,3,0,15,4,3,0,0,0,0,0,0,0,0,63,0.5,1.5,5,0.035,0.02,0.02,0.03,1
-8689.67,-0.0869,91310.33,10104.1,0.101,-0.754,-0.86,0.224,25,0.2,5,20,5.6,False,True,-0.0455,0.0171,6583.76,29432.94,3,0,15,4,3,0,0,0,0,0,0,0,0,63,0.5,1.5,5,0.035,0.02,0.02,0.03,2
-8689.67,-0.0869,91310.33,10104.1,0.101,-0.754,-0.86,0.224,25,0.2,5,20,5.6,False,True,-0.0455,0.0171,6583.76,29432.94,3,0,15,4,3,0,0,0,0,0,0,0,0,63,0.5,1.5,5,0.035,0.02,0.02,0.03,3
-8173.76,-0.0817,91826.24,10515.01,0.1031,-0.544,-0.777,0.356,27,0.1481,4,23,4.8,False,True,-0.0455,0.0341,9457.95,26588.54,3,0,19,3,2,0,0,0,0,0,0,0,0,56,0.5,1.5,5,0.035,0.02,0.02,0.05,1
-8173.76,-0.0817,91826.24,10515.01,0.1031,-0.544,-0.777,0.356,27,0.1481,4,23,4.8,False,True,-0.0455,0.0341,9457.95,26588.54,3,0,19,3,2,0,0,0,0,0,0,0,0,56,0.5,1.5,5,0.035,0.02,0.02,0.05,2
-8173.76,-0.0817,91826.24,10515.01,0.1031,-0.544,-0.777,0.356,27,0.1481,4,23,4.8,False,True,-0.0455,0.0341,9457.95,26588.54,3,0,19,3,2,0,0,0,0,0,0,0,0,56,0.5,1.5,5,0.035,0.02,0.02,0.05,3
-9750.79,-0.0975,90249.21,10098.87,0.101,-0.822,-0.966,0.228,27,0.1481,4,23,4.8,False,True,-0.0455,0.0171,5472.46,24026.25,3,0,19,3,2,0,0,0,0,0,0,13,0,56,0.5,1.5,5,0.035,0.03,0.01,0.03,1
-9750.79,-0.0975,90249.21,10098.87,0.101,-0.822,-0.966,0.228,27,0.1481,4,23,4.8,False,True,-0.0455,0.0171,5472.46,24026.25,3,0,19,3,2,0,0,0,0,0,0,13,0,56,0.5,1.5,5,0.035,0.03,0.01,0.03,2
-9750.79,-0.0975,90249.21,10098.87,0.101,-0.822,-0.966,0.228,27,0.1481,4,23,4.8,False,True,-0.0455,0.0171,5472.46,24026.25,3,0,19,3,2,0,0,0,0,0,0,13,0,56,0.5,1.5,5,0.035,0.03,0.01,0.03,3
-7663.51,-0.0766,92336.49,10573.44,0.1031,-0.502,-0.725,0.363,26,0.1538,4,22,4.9,False,True,-0.0455,0.0341,9479.63,26149.74,3,0,18,3,2,0,0,0,0,0,0,11,0,56,0.5,1.5,5,0.035,0.03,0.01,0.05,1
-7663.51,-0.0766,92336.49,10573.44,0.1031,-0.502,-0.725,0.363,26,0.1538,4,22,4.9,False,True,-0.0455,0.0341,9479.63,26149.74,3,0,18,3,2,0,0,0,0,0,0,11,0,56,0.5,1.5,5,0.035,0.03,0.01,0.05,2
-7663.51,-0.0766,92336.49,10573.44,0.1031,-0.502,-0.725,0.363,26,0.1538,4,22,4.9,False,True,-0.0455,0.0341,9479.63,26149.74,3,0,18,3,2,0,0,0,0,0,0,11,0,56,0.5,1.5,5,0.035,0.03,0.01,0.05,3
-8689.67,-0.0869,91310.33,10104.1,0.101,-0.754,-0.86,0.224,25,0.2,5,20,5.6,False,True,-0.0455,0.0171,6583.76,29432.94,3,0,15,4,3,0,0,0,0,0,0,0,0,63,0.5,1.5,5,0.035,0.03,0.02,0.03,1
-8689.67,-0.0869,91310.33,10104.1,0.101,-0.754,-0.86,0.224,25,0.2,5,20,5.6,False,True,-0.0455,0.0171,6583.76,29432.94,3,0,15,4,3,0,0,0,0,0,0,0,0,63,0.5,1.5,5,0.035,0.03,0.02,0.03,2
-8689.67,-0.0869,91310.33,10104.1,0.101,-0.754,-0.86,0.224,25,0.2,5,20,5.6,False,True,-0.0455,0.0171,6583.76,29432.94,3,0,15,4,3,0,0,0,0,0,0,0,0,63,0.5,1.5,5,0.035,0.03,0.02,0.03,3
-8173.76,-0.0817,91826.24,10515.01,0.1031,-0.544,-0.777,0.356,27,0.1481,4,23,4.8,False,True,-0.0455,0.0341,9457.95,26588.54,3,0,19,3,2,0,0,0,0,0,0,10,0,56,0.5,1.5,5,0.035,0.03,0.02,0.05,1
-8173.76,-0.0817,91826.24,10515.01,0.1031,-0.544,-0.777,0.356,27,0.1481,4,23,4.8,False,True,-0.0455,0.0341,9457.95,26588.54,3,0,19,3,2,0,0,0,0,0,0,10,0,56,0.5,1.5,5,0.035,0.03,0.02,0.05,2
-8173.76,-0.0817,91826.24,10515.01,0.1031,-0.544,-0.777,0.356,27,0.1481,4,23,4.8,False,True,-0.0455,0.0341,9457.95,26588.54,3,0,19,3,2,0,0,0,0,0,0,10,0,56,0.5,1.5,5,0.035,0.03,0.02,0.05,3
-9750.79,-0.0975,90249.21,10098.87,0.101,-0.822,-0.966,0.228,27,0.1481,4,23,4.8,False,True,-0.0455,0.0171,5472.46,24026.25,3,0,19,3,2,0,0,0,0,0,0,13,0,56,0.5,1.5,10,0.025,0.02,0.01,0.03,1
-9750.79,-0.0975,90249.21,10098.87,0.101,-0.822,-0.966,0.228,27,0.1481,4,23,4.8,False,True,-0.0455,0.0171,5472.46,24026.25,3,0,19,3,2,0,0,0,0,0,0,13,0,56,0.5,1.5,10,0.025,0.02,0.01,0.03,2
-9750.79,-0.0975,90249.21,10098.87,0.101,-0.822,-0.966,0.228,27,0.1481,4,23,4.8,False,True,-0.0455,0.0171,5472.46,24026.25,3,0,19,3,2,0,0,0,0,0,0,13,0,56,0.5,1.5,10,0.025,0.02,0.01,0.03,3
-5758.65,-0.0576,94241.35,10460.31,0.1005,-0.305,-0.551,0.631,22,0.2273,5,17,5.3,False,True,-0.0455,0.0403,13466.1,21341.47,4,0,12,4,2,0,0,0,0,0,0,1,0,51,0.5,1.5,10,0.025,0.02,0.01,0.05,1
-5758.65,-0.0576,94241.35,10460.31,0.1005,-0.305,-0.551,0.631,22,0.2273,5,17,5.3,False,True,-0.0455,0.0403,13466.1,21341.47,4,0,12,4,2,0,0,0,0,0,0,1,0,51,0.5,1.5,10,0.025,0.02,0.01,0.05,2
-5758.65,-0.0576,94241.35,10460.31,0.1005,-0.305,-0.551,0.631,22,0.2273,5,17,5.3,False,True,-0.0455,0.0403,13466.1,21341.47,4,0,12,4,2,0,0,0,0,0,0,1,0,51,0.5,1.5,10,0.025,0.02,0.01,0.05,3
-9606.91,-0.0961,90393.09,10036.97,0.1003,-0.738,-0.957,0.565,39,0.2564,10,29,6.2,False,True,-0.0455,0.0202,11661.0,20621.32,5,0,22,6,6,0,0,0,0,0,0,0,0,108,0.5,1.5,10,0.025,0.02,0.02,0.03,1
-9606.91,-0.0961,90393.09,10036.97,0.1003,-0.738,-0.957,0.565,39,0.2564,10,29,6.2,False,True,-0.0455,0.0202,11661.0,20621.32,5,0,22,6,6,0,0,0,0,0,0,0,0,108,0.5,1.5,10,0.025,0.02,0.02,0.03,2
-9606.91,-0.0961,90393.09,10036.97,0.1003,-0.738,-0.957,0.565,39,0.2564,10,29,6.2,False,True,-0.0455,0.0202,11661.0,20621.32,5,0,22,6,6,0,0,0,0,0,0,0,0,108,0.5,1.5,10,0.025,0.02,0.02,0.03,3
-6279.42,-0.0628,93720.58,10402.51,0.1005,-0.339,-0.604,0.616,23,0.2174,5,18,5.2,False,True,-0.0455,0.0403,13422.39,21806.84,4,0,13,4,2,0,0,0,0,0,0,0,0,51,0.5,1.5,10,0.025,0.02,0.02,0.05,1
-6279.42,-0.0628,93720.58,10402.51,0.1005,-0.339,-0.604,0.616,23,0.2174,5,18,5.2,False,True,-0.0455,0.0403,13422.39,21806.84,4,0,13,4,2,0,0,0,0,0,0,0,0,51,0.5,1.5,10,0.025,0.02,0.02,0.05,2
-6279.42,-0.0628,93720.58,10402.51,0.1005,-0.339,-0.604,0.616,23,0.2174,5,18,5.2,False,True,-0.0455,0.0403,13422.39,21806.84,4,0,13,4,2,0,0,0,0,0,0,0,0,51,0.5,1.5,10,0.025,0.02,0.02,0.05,3
-9750.79,-0.0975,90249.21,10098.87,0.101,-0.822,-0.966,0.228,27,0.1481,4,23,4.8,False,True,-0.0455,0.0171,5472.46,24026.25,3,0,19,3,2,0,0,0,0,0,0,13,0,56,0.5,1.5,10,0.025,0.03,0.01,0.03,1
-9750.79,-0.0975,90249.21,10098.87,0.101,-0.822,-0.966,0.228,27,0.1481,4,23,4.8,False,True,-0.0455,0.0171,5472.46,24026.25,3,0,19,3,2,0,0,0,0,0,0,13,0,56,0.5,1.5,10,0.025,0.03,0.01,0.03,2
-9750.79,-0.0975,90249.21,10098.87,0.101,-0.822,-0.966,0.228,27,0.1481,4,23,4.8,False,True,-0.0455,0.0171,5472.46,24026.25,3,0,19,3,2,0,0,0,0,0,0,13,0,56,0.5,1.5,10,0.025,0.03,0.01,0.03,3
-5758.65,-0.0576,94241.35,10460.31,0.1005,-0.305,-0.551,0.631,22,0.2273,5,17,5.3,False,True,-0.0455,0.0403,13466.1,21341.47,4,0,12,4,2,0,0,0,0,0,0,11,0,51,0.5,1.5,10,0.025,0.03,0.01,0.05,1
-5758.65,-0.0576,94241.35,10460.31,0.1005,-0.305,-0.551,0.631,22,0.2273,5,17,5.3,False,True,-0.0455,0.0403,13466.1,21341.47,4,0,12,4,2,0,0,0,0,0,0,11,0,51,0.5,1.5,10,0.025,0.03,0.01,0.05,2
-5758.65,-0.0576,94241.35,10460.31,0.1005,-0.305,-0.551,0.631,22,0.2273,5,17,5.3,False,True,-0.0455,0.0403,13466.1,21341.47,4,0,12,4,2,0,0,0,0,0,0,11,0,51,0.5,1.5,10,0.025,0.03,0.01,0.05,3
-9606.91,-0.0961,90393.09,10036.97,0.1003,-0.738,-0.957,0.565,39,0.2564,10,29,6.2,False,True,-0.0455,0.0202,11661.0,20621.32,5,0,22,6,6,0,0,0,0,0,0,9,0,108,0.5,1.5,10,0.025,0.03,0.02,0.03,1
-9606.91,-0.0961,90393.09,10036.97,0.1003,-0.738,-0.957,0.565,39,0.2564,10,29,6.2,False,True,-0.0455,0.0202,11661.0,20621.32,5,0,22,6,6,0,0,0,0,0,0,9,0,108,0.5,1.5,10,0.025,0.03,0.02,0.03,2
-9606.91,-0.0961,90393.09,10036.97,0.1003,-0.738,-0.957,0.565,39,0.2564,10,29,6.2,False,True,-0.0455,0.0202,11661.0,20621.32,5,0,22,6,6,0,0,0,0,0,0,9,0,108,0.5,1.5,10,0.025,0.03,0.02,0.03,3
-6279.42,-0.0628,93720.58,10402.51,0.1005,-0.339,-0.604,0.616,23,0.2174,5,18,5.2,False,True,-0.0455,0.0403,13422.39,21806.84,4,0,13,4,2,0,0,0,0,0,0,10,0,51,0.5,1.5,10,0.025,0.03,0.02,0.05,1
-6279.42,-0.0628,93720.58,10402.51,0.1005,-0.339,-0.604,0.616,23,0.2174,5,18,5.2,False,True,-0.0455,0.0403,13422.39,21806.84,4,0,13,4,2,0,0,0,0,0,0,10,0,51,0.5,1.5,10,0.025,0.03,0.02,0.05,2
-6279.42,-0.0628,93720.58,10402.51,0.1005,-0.339,-0.604,0.616,23,0.2174,5,18,5.2,False,True,-0.0455,0.0403,13422.39,21806.84,4,0,13,4,2,0,0,0,0,0,0,10,0,51,0.5,1.5,10,0.025,0.03,0.02,0.05,3
-9750.79,-0.0975,90249.21,10098.87,0.101,-0.822,-0.966,0.228,27,0.1481,4,23,4.8,False,True,-0.0455,0.0171,5472.46,24026.25,3,0,19,3,2,0,0,0,0,0,0,13,0,56,0.5,1.5,10,0.035,0.02,0.01,0.03,1
-9750.79,-0.0975,90249.21,10098.87,0.101,-0.822,-0.966,0.228,27,0.1481,4,23,4.8,False,True,-0.0455,0.0171,5472.46,24026.25,3,0,19,3,2,0,0,0,0,0,0,13,0,56,0.5,1.5,10,0.035,0.02,0.01,0.03,2
-9750.79,-0.0975,90249.21,10098.87,0.101,-0.822,-0.966,0.228,27,0.1481,4,23,4.8,False,True,-0.0455,0.0171,5472.46,24026.25,3,0,19,3,2,0,0,0,0,0,0,13,0,56,0.5,1.5,10,0.035,0.02,0.01,0.03,3
-7663.51,-0.0766,92336.49,10573.44,0.1031,-0.502,-0.725,0.363,26,0.1538,4,22,4.9,False,True,-0.0455,0.0341,9479.63,26149.74,3,0,18,3,2,0,0,0,0,0,0,1,0,56,0.5,1.5,10,0.035,0.02,0.01,0.05,1
-7663.51,-0.0766,92336.49,10573.44,0.1031,-0.502,-0.725,0.363,26,0.1538,4,22,4.9,False,True,-0.0455,0.0341,9479.63,26149.74,3,0,18,3,2,0,0,0,0,0,0,1,0,56,0.5,1.5,10,0.035,0.02,0.01,0.05,2
-7663.51,-0.0766,92336.49,10573.44,0.1031,-0.502,-0.725,0.363,26,0.1538,4,22,4.9,False,True,-0.0455,0.0341,9479.63,26149.74,3,0,18,3,2,0,0,0,0,0,0,1,0,56,0.5,1.5,10,0.035,0.02,0.01,0.05,3
-8689.67,-0.0869,91310.33,10104.1,0.101,-0.754,-0.86,0.224,25,0.2,5,20,5.6,False,True,-0.0455,0.0171,6583.76,29432.94,3,0,15,4,3,0,0,0,0,0,0,0,0,63,0.5,1.5,10,0.035,0.02,0.02,0.03,1
-8689.67,-0.0869,91310.33,10104.1,0.101,-0.754,-0.86,0.224,25,0.2,5,20,5.6,False,True,-0.0455,0.0171,6583.76,29432.94,3,0,15,4,3,0,0,0,0,0,0,0,0,63,0.5,1.5,10,0.035,0.02,0.02,0.03,2
-8689.67,-0.0869,91310.33,10104.1,0.101,-0.754,-0.86,0.224,25,0.2,5,20,5.6,False,True,-0.0455,0.0171,6583.76,29432.94,3,0,15,4,3,0,0,0,0,0,0,0,0,63,0.5,1.5,10,0.035,0.02,0.02,0.03,3
-8173.76,-0.0817,91826.24,10515.01,0.1031,-0.544,-0.777,0.356,27,0.1481,4,23,4.8,False,True,-0.0455,0.0341,9457.95,26588.54,3,0,19,3,2,0,0,0,0,0,0,0,0,56,0.5,1.5,10,0.035,0.02,0.02,0.05,1
-8173.76,-0.0817,91826.24,10515.01,0.1031,-0.544,-0.777,0.356,27,0.1481,4,23,4.8,False,True,-0.0455,0.0341,9457.95,26588.54,3,0,19,3,2,0,0,0,0,0,0,0,0,56,0.5,1.5,10,0.035,0.02,0.02,0.05,2
-8173.76,-0.0817,91826.24,10515.01,0.1031,-0.544,-0.777,0.356,27,0.1481,4,23,4.8,False,True,-0.0455,0.0341,9457.95,26588.54,3,0,19,3,2,0,0,0,0,0,0,0,0,56,0.5,1.5,10,0.035,0.02,0.02,0.05,3
-9750.79,-0.0975,90249.21,10098.87,0.101,-0.822,-0.966,0.228,27,0.1481,4,23,4.8,False,True,-0.0455,0.0171,5472.46,24026.25,3,0,19,3,2,0,0,0,0,0,0,13,0,56,0.5,1.5,10,0.035,0.03,0.01,0.03,1
-9750.79,-0.0975,90249.21,10098.87,0.101,-0.822,-0.966,0.228,27,0.1481,4,23,4.8,False,True,-0.0455,0.0171,5472.46,24026.25,3,0,19,3,2,0,0,0,0,0,0,13,0,56,0.5,1.5,10,0.035,0.03,0.01,0.03,2
-9750.79,-0.0975,90249.21,10098.87,0.101,-0.822,-0.966,0.228,27,0.1481,4,23,4.8,False,True,-0.0455,0.0171,5472.46,24026.25,3,0,19,3,2,0,0,0,0,0,0,13,0,56,0.5,1.5,10,0.035,0.03,0.01,0.03,3
-7663.51,-0.0766,92336.49,10573.44,0.1031,-0.502,-0.725,0.363,26,0.1538,4,22,4.9,False,True,-0.0455,0.0341,9479.63,26149.74,3,0,18,3,2,0,0,0,0,0,0,11,0,56,0.5,1.5,10,0.035,0.03,0.01,0.05,1
-7663.51,-0.0766,92336.49,10573.44,0.1031,-0.502,-0.725,0.363,26,0.1538,4,22,4.9,False,True,-0.0455,0.0341,9479.63,26149.74,3,0,18,3,2,0,0,0,0,0,0,11,0,56,0.5,1.5,10,0.035,0.03,0.01,0.05,2
-7663.51,-0.0766,92336.49,10573.44,0.1031,-0.502,-0.725,0.363,26,0.1538,4,22,4.9,False,True,-0.0455,0.0341,9479.63,26149.74,3,0,18,3,2,0,0,0,0,0,0,11,0,56,0.5,1.5,10,0.035,0.03,0.01,0.05,3
-8689.67,-0.0869,91310.33,10104.1,0.101,-0.754,-0.86,0.224,25,0.2,5,20,5.6,False,True,-0.0455,0.0171,6583.76,29432.94,3,0,15,4,3,0,0,0,0,0,0,0,0,63,0.5,1.5,10,0.035,0.03,0.02,0.03,1
-8689.67,-0.0869,91310.33,10104.1,0.101,-0.754,-0.86,0.224,25,0.2,5,20,5.6,False,True,-0.0455,0.0171,6583.76,29432.94,3,0,15,4,3,0,0,0,0,0,0,0,0,63,0.5,1.5,10,0.035,0.03,0.02,0.03,2
-8689.67,-0.0869,91310.33,10104.1,0.101,-0.754,-0.86,0.224,25,0.2,5,20,5.6,False,True,-0.0455,0.0171,6583.76,29432.94,3,0,15,4,3,0,0,0,0,0,0,0,0,63,0.5,1.5,10,0.035,0.03,0.02,0.03,3
-8173.76,-0.0817,91826.24,10515.01,0.1031,-0.544,-0.777,0.356,27,0.1481,4,23,4.8,False,True,-0.0455,0.0341,9457.95,26588.54,3,0,19,3,2,0,0,0,0,0,0,10,0,56,0.5,1.5,10,0.035,0.03,0.02,0.05,1
-8173.76,-0.0817,91826.24,10515.01,0.1031,-0.544,-0.777,0.356,27,0.1481,4,23,4.8,False,True,-0.0455,0.0341,9457.95,26588.54,3,0,19,3,2,0,0,0,0,0,0,10,0,56,0.5,1.5,10,0.035,0.03,0.02,0.05,2
-8173.76,-0.0817,91826.24,10515.01,0.1031,-0.544,-0.777,0.356,27,0.1481,4,23,4.8,False,True,-0.0455,0.0341,9457.95,26588.54,3,0,19,3,2,0,0,0,0,0,0,10,0,56,0.5,1.5,10,0.035,0.03,0.02,0.05,3
-9750.79,-0.0975,90249.21,10098.87,0.101,-0.822,-0.966,0.228,27,0.1481,4,23,4.8,False,True,-0.0455,0.0171,5472.46,24026.25,3,0,19,3,2,0,0,0,0,0,0,13,0,56,0.5,1.5,15,0.025,0.02,0.01,0.03,1
-9750.79,-0.0975,90249.21,10098.87,0.101,-0.822,-0.966,0.228,27,0.1481,4,23,4.8,False,True,-0.0455,0.0171,5472.46,24026.25,3,0,19,3,2,0,0,0,0,0,0,13,0,56,0.5,1.5,15,0.025,0.02,0.01,0.03,2
-9750.79,-0.0975,90249.21,10098.87,0.101,-0.822,-0.966,0.228,27,0.1481,4,23,4.8,False,True,-0.0455,0.0171,5472.46,24026.25,3,0,19,3,2,0,0,0,0,0,0,13,0,56,0.5,1.5,15,0.025,0.02,0.01,0.03,3
-5758.65,-0.0576,94241.35,10460.31,0.1005,-0.305,-0.551,0.631,22,0.2273,5,17,5.3,False,True,-0.0455,0.0403,13466.1,21341.47,4,0,12,4,2,0,0,0,0,0,0,1,0,51,0.5,1.5,15,0.025,0.02,0.01,0.05,1
-5758.65,-0.0576,94241.35,10460.31,0.1005,-0.305,-0.551,0.631,22,0.2273,5,17,5.3,False,True,-0.0455,0.0403,13466.1,21341.47,4,0,12,4,2,0,0,0,0,0,0,1,0,51,0.5,1.5,15,0.025,0.02,0.01,0.05,2
-5758.65,-0.0576,94241.35,10460.31,0.1005,-0.305,-0.551,0.631,22,0.2273,5,17,5.3,False,True,-0.0455,0.0403,13466.1,21341.47,4,0,12,4,2,0,0,0,0,0,0,1,0,51,0.5,1.5,15,0.025,0.02,0.01,0.05,3
-9606.91,-0.0961,90393.09,10036.97,0.1003,-0.738,-0.957,0.565,39,0.2564,10,29,6.2,False,True,-0.0455,0.0202,11661.0,20621.32,5,0,22,6,6,0,0,0,0,0,0,0,0,108,0.5,1.5,15,0.025,0.02,0.02,0.03,1
-9606.91,-0.0961,90393.09,10036.97,0.1003,-0.738,-0.957,0.565,39,0.2564,10,29,6.2,False,True,-0.0455,0.0202,11661.0,20621.32,5,0,22,6,6,0,0,0,0,0,0,0,0,108,0.5,1.5,15,0.025,0.02,0.02,0.03,2
-9606.91,-0.0961,90393.09,10036.97,0.1003,-0.738,-0.957,0.565,39,0.2564,10,29,6.2,False,True,-0.0455,0.0202,11661.0,20621.32,5,0,22,6,6,0,0,0,0,0,0,0,0,108,0.5,1.5,15,0.025,0.02,0.02,0.03,3
-6279.42,-0.0628,93720.58,10402.51,0.1005,-0.339,-0.604,0.616,23,0.2174,5,18,5.2,False,True,-0.0455,0.0403,13422.39,21806.84,4,0,13,4,2,0,0,0,0,0,0,0,0,51,0.5,1.5,15,0.025,0.02,0.02,0.05,1
-6279.42,-0.0628,93720.58,10402.51,0.1005,-0.339,-0.604,0.616,23,0.2174,5,18,5.2,False,True,-0.0455,0.0403,13422.39,21806.84,4,0,13,4,2,0,0,0,0,0,0,0,0,51,0.5,1.5,15,0.025,0.02,0.02,0.05,2
-6279.42,-0.0628,93720.58,10402.51,0.1005,-0.339,-0.604,0.616,23,0.2174,5,18,5.2,False,True,-0.0455,0.0403,13422.39,21806.84,4,0,13,4,2,0,0,0,0,0,0,0,0,51,0.5,1.5,15,0.025,0.02,0.02,0.05,3
-9750.79,-0.0975,90249.21,10098.87,0.101,-0.822,-0.966,0.228,27,0.1481,4,23,4.8,False,True,-0.0455,0.0171,5472.46,24026.25,3,0,19,3,2,0,0,0,0,0,0,13,0,56,0.5,1.5,15,0.025,0.03,0.01,0.03,1
-9750.79,-0.0975,90249.21,10098.87,0.101,-0.822,-0.966,0.228,27,0.1481,4,23,4.8,False,True,-0.0455,0.0171,5472.46,24026.25,3,0,19,3,2,0,0,0,0,0,0,13,0,56,0.5,1.5,15,0.025,0.03,0.01,0.03,2
-9750.79,-0.0975,90249.21,10098.87,0.101,-0.822,-0.966,0.228,27,0.1481,4,23,4.8,False,True,-0.0455,0.0171,5472.46,24026.25,3,0,19,3,2,0,0,0,0,0,0,13,0,56,0.5,1.5,15,0.025,0.03,0.01,0.03,3
-5758.65,-0.0576,94241.35,10460.31,0.1005,-0.305,-0.551,0.631,22,0.2273,5,17,5.3,False,True,-0.0455,0.0403,13466.1,21341.47,4,0,12,4,2,0,0,0,0,0,0,11,0,51,0.5,1.5,15,0.025,0.03,0.01,0.05,1
-5758.65,-0.0576,94241.35,10460.31,0.1005,-0.305,-0.551,0.631,22,0.2273,5,17,5.3,False,True,-0.0455,0.0403,13466.1,21341.47,4,0,12,4,2,0,0,0,0,0,0,11,0,51,0.5,1.5,15,0.025,0.03,0.01,0.05,2
-5758.65,-0.0576,94241.35,10460.31,0.1005,-0.305,-0.551,0.631,22,0.2273,5,17,5.3,False,True,-0.0455,0.0403,13466.1,21341.47,4,0,12,4,2,0,0,0,0,0,0,11,0,51,0.5,1.5,15,0.025,0.03,0.01,0.05,3
-9606.91,-0.0961,90393.09,10036.97,0.1003,-0.738,-0.957,0.565,39,0.2564,10,29,6.2,False,True,-0.0455,0.0202,11661.0,20621.32,5,0,22,6,6,0,0,0,0,0,0,9,0,108,0.5,1.5,15,0.025,0.03,0.02,0.03,1
-9606.91,-0.0961,90393.09,10036.97,0.1003,-0.738,-0.957,0.565,39,0.2564,10,29,6.2,False,True,-0.0455,0.0202,11661.0,20621.32,5,0,22,6,6,0,0,0,0,0,0,9,0,108,0.5,1.5,15,0.025,0.03,0.02,0.03,2
-9606.91,-0.0961,90393.09,10036.97,0.1003,-0.738,-0.957,0.565,39,0.2564,10,29,6.2,False,True,-0.0455,0.0202,11661.0,20621.32,5,0,22,6,6,0,0,0,0,0,0,9,0,108,0.5,1.5,15,0.025,0.03,0.02,0.03,3
-6279.42,-0.0628,93720.58,10402.51,0.1005,-0.339,-0.604,0.616,23,0.2174,5,18,5.2,False,True,-0.0455,0.0403,13422.39,21806.84,4,0,13,4,2,0,0,0,0,0,0,10,0,51,0.5,1.5,15,0.025,0.03,0.02,0.05,1
-6279.42,-0.0628,93720.58,10402.51,0.1005,-0.339,-0.604,0.616,23,0.2174,5,18,5.2,False,True,-0.0455,0.0403,13422.39,21806.84,4,0,13,4,2,0,0,0,0,0,0,10,0,51,0.5,1.5,15,0.025,0.03,0.02,0.05,2
-6279.42,-0.0628,93720.58,10402.51,0.1005,-0.339,-0.604,0.616,23,0.2174,5,18,5.2,False,True,-0.0455,0.0403,13422.39,21806.84,4,0,13,4,2,0,0,0,0,0,0,10,0,51,0.5,1.5,15,0.025,0.03,0.02,0.05,3
-9750.79,-0.0975,90249.21,10098.87,0.101,-0.822,-0.966,0.228,27,0.1481,4,23,4.8,False,True,-0.0455,0.0171,5472.46,24026.25,3,0,19,3,2,0,0,0,0,0,0,13,0,56,0.5,1.5,15,0.035,0.02,0.01,0.03,1
-9750.79,-0.0975,90249.21,10098.87,0.101,-0.822,-0.966,0.228,27,0.1481,4,23,4.8,False,True,-0.0455,0.0171,5472.46,24026.25,3,0,19,3,2,0,0,0,0,0,0,13,0,56,0.5,1.5,15,0.035,0.02,0.01,0.03,2
-9750.79,-0.0975,90249.21,10098.87,0.101,-0.822,-0.966,0.228,27,0.1481,4,23,4.8,False,True,-0.0455,0.0171,5472.46,24026.25,3,0,19,3,2,0,0,0,0,0,0,13,0,56,0.5,1.5,15,0.035,0.02,0.01,0.03,3
-7663.51,-0.0766,92336.49,10573.44,0.1031,-0.502,-0.725,0.363,26,0.1538,4,22,4.9,False,True,-0.0455,0.0341,9479.63,26149.74,3,0,18,3,2,0,0,0,0,0,0,1,0,56,0.5,1.5,15,0.035,0.02,0.01,0.05,1
-7663.51,-0.0766,92336.49,10573.44,0.1031,-0.502,-0.725,0.363,26,0.1538,4,22,4.9,False,True,-0.0455,0.0341,9479.63,26149.74,3,0,18,3,2,0,0,0,0,0,0,1,0,56,0.5,1.5,15,0.035,0.02,0.01,0.05,2
-7663.51,-0.0766,92336.49,10573.44,0.1031,-0.502,-0.725,0.363,26,0.1538,4,22,4.9,False,True,-0.0455,0.0341,9479.63,26149.74,3,0,18,3,2,0,0,0,0,0,0,1,0,56,0.5,1.5,15,0.035,0.02,0.01,0.05,3
-8689.67,-0.0869,91310.33,10104.1,0.101,-0.754,-0.86,0.224,25,0.2,5,20,5.6,False,True,-0.0455,0.0171,6583.76,29432.94,3,0,15,4,3,0,0,0,0,0,0,0,0,63,0.5,1.5,15,0.035,0.02,0.02,0.03,1
-8689.67,-0.0869,91310.33,10104.1,0.101,-0.754,-0.86,0.224,25,0.2,5,20,5.6,False,True,-0.0455,0.0171,6583.76,29432.94,3,0,15,4,3,0,0,0,0,0,0,0,0,63,0.5,1.5,15,0.035,0.02,0.02,0.03,2
-8689.67,-0.0869,91310.33,10104.1,0.101,-0.754,-0.86,0.224,25,0.2,5,20,5.6,False,True,-0.0455,0.0171,6583.76,29432.94,3,0,15,4,3,0,0,0,0,0,0,0,0,63,0.5,1.5,15,0.035,0.02,0.02,0.03,3
-8173.76,-0.0817,91826.24,10515.01,0.1031,-0.544,-0.777,0.356,27,0.1481,4,23,4.8,False,True,-0.0455,0.0341,9457.95,26588.54,3,0,19,3,2,0,0,0,0,0,0,0,0,56,0.5,1.5,15,0.035,0.02,0.02,0.05,1
-8173.76,-0.0817,91826.24,10515.01,0.1031,-0.544,-0.777,0.356,27,0.1481,4,23,4.8,False,True,-0.0455,0.0341,9457.95,26588.54,3,0,19,3,2,0,0,0,0,0,0,0,0,56,0.5,1.5,15,0.035,0.02,0.02,0.05,2
-8173.76,-0.0817,91826.24,10515.01,0.1031,-0.544,-0.777,0.356,27,0.1481,4,23,4.8,False,True,-0.0455,0.0341,9457.95,26588.54,3,0,19,3,2,0,0,0,0,0,0,0,0,56,0.5,1.5,15,0.035,0.02,0.02,0.05,3
-9750.79,-0.0975,90249.21,10098.87,0.101,-0.822,-0.966,0.228,27,0.1481,4,23,4.8,False,True,-0.0455,0.0171,5472.46,24026.25,3,0,19,3,2,0,0,0,0,0,0,13,0,56,0.5,1.5,15,0.035,0.03,0.01,0.03,1
-9750.79,-0.0975,90249.21,10098.87,0.101,-0.822,-0.966,0.228,27,0.1481,4,23,4.8,False,True,-0.0455,0.0171,5472.46,24026.25,3,0,19,3,2,0,0,0,0,0,0,13,0,56,0.5,1.5,15,0.035,0.03,0.01,0.03,2
-9750.79,-0.0975,90249.21,10098.87,0.101,-0.822,-0.966,0.228,27,0.1481,4,23,4.8,False,True,-0.0455,0.0171,5472.46,24026.25,3,0,19,3,2,0,0,0,0,0,0,13,0,56,0.5,1.5,15,0.035,0.03,0.01,0.03,3
-7663.51,-0.0766,92336.49,10573.44,0.1031,-0.502,-0.725,0.363,26,0.1538,4,22,4.9,False,True,-0.0455,0.0341,9479.63,26149.74,3,0,18,3,2,0,0,0,0,0,0,11,0,56,0.5,1.5,15,0.035,0.03,0.01,0.05,1
-7663.51,-0.0766,92336.49,10573.44,0.1031,-0.502,-0.725,0.363,26,0.1538,4,22,4.9,False,True,-0.0455,0.0341,9479.63,26149.74,3,0,18,3,2,0,0,0,0,0,0,11,0,56,0.5,1.5,15,0.035,0.03,0.01,0.05,2
-7663.51,-0.0766,92336.49,10573.44,0.1031,-0.502,-0.725,0.363,26,0.1538,4,22,4.9,False,True,-0.0455,0.0341,9479.63,26149.74,3,0,18,3,2,0,0,0,0,0,0,11,0,56,0.5,1.5,15,0.035,0.03,0.01,0.05,3
-8689.67,-0.0869,91310.33,10104.1,0.101,-0.754,-0.86,0.224,25,0.2,5,20,5.6,False,True,-0.0455,0.0171,6583.76,29432.94,3,0,15,4,3,0,0,0,0,0,0,0,0,63,0.5,1.5,15,0.035,0.03,0.02,0.03,1
-8689.67,-0.0869,91310.33,10104.1,0.101,-0.754,-0.86,0.224,25,0.2,5,20,5.6,False,True,-0.0455,0.0171,6583.76,29432.94,3,0,15,4,3,0,0,0,0,0,0,0,0,63,0.5,1.5,15,0.035,0.03,0.02,0.03,2
-8689.67,-0.0869,91310.33,10104.1,0.101,-0.754,-0.86,0.224,25,0.2,5,20,5.6,False,True,-0.0455,0.0171,6583.76,29432.94,3,0,15,4,3,0,0,0,0,0,0,0,0,63,0.5,1.5,15,0.035,0.03,0.02,0.03,3
-8173.76,-0.0817,91826.24,10515.01,0.1031,-0.544,-0.777,0.356,27,0.1481,4,23,4.8,False,True,-0.0455,0.0341,9457.95,26588.54,3,0,19,3,2,0,0,0,0,0,0,10,0,56,0.5,1.5,15,0.035,0.03,0.02,0.05,1
-8173.76,-0.0817,91826.24,10515.01,0.1031,-0.544,-0.777,0.356,27,0.1481,4,23,4.8,False,True,-0.0455,0.0341,9457.95,26588.54,3,0,19,3,2,0,0,0,0,0,0,10,0,56,0.5,1.5,15,0.035,0.03,0.02,0.05,2
-8173.76,-0.0817,91826.24,10515.01,0.1031,-0.544,-0.777,0.356,27,0.1481,4,23,4.8,False,True,-0.0455,0.0341,9457.95,26588.54,3,0,19,3,2,0,0,0,0,0,0,10,0,56,0.5,1.5,15,0.035,0.03,0.02,0.05,3
-8693.12,-0.0869,91306.88,10307.71,0.1016,-0.772,-0.843,0.699,204,0.2304,47,157,6.8,False,True,-0.0215,0.0211,23408.87,33492.76,21,0,124,31,28,0,0,0,0,0,0,5,0,374,0.52,0.5,5,0.025,0.02,0.01,0.03,1
-8693.12,-0.0869,91306.88,10307.71,0.1016,-0.772,-0.843,0.699,204,0.2304,47,157,6.8,False,True,-0.0215,0.0211,23408.87,33492.76,21,0,124,31,28,0,0,0,0,0,0,5,0,374,0.52,0.5,5,0.025,0.02,0.01,0.03,2
-8693.12,-0.0869,91306.88,10307.71,0.1016,-0.772,-0.843,0.699,204,0.2304,47,157,6.8,False,True,-0.0215,0.0211,23408.87,33492.76,21,0,124,31,28,0,0,0,0,0,0,5,0,374,0.52,0.5,5,0.025,0.02,0.01,0.03,3
-8437.05,-0.0844,91562.95,10149.68,0.1001,-0.646,-0.831,0.73,202,0.2277,46,156,6.6,False,True,-0.0241,0.0214,26914.44,36880.52,20,0,125,31,26,0,0,0,0,0,0,12,0,365,0.52,0.5,5,0.025,0.02,0.01,0.05,1
-8437.05,-0.0844,91562.95,10149.68,0.1001,-0.646,-0.831,0.73,202,0.2277,46,156,6.6,False,True,-0.0241,0.0214,26914.44,36880.52,20,0,125,31,26,0,0,0,0,0,0,12,0,365,0.52,0.5,5,0.025,0.02,0.01,0.05,2
-8437.05,-0.0844,91562.95,10149.68,0.1001,-0.646,-0.831,0.73,202,0.2277,46,156,6.6,False,True,-0.0241,0.0214,26914.44,36880.52,20,0,125,31,26,0,0,0,0,0,0,12,0,365,0.52,0.5,5,0.025,0.02,0.01,0.05,3
-8984.8,-0.0898,91015.2,10430.38,0.1028,-0.821,-0.861,0.717,205,0.2293,47,158,6.7,False,True,-0.0215,0.0211,22711.22,31696.02,22,0,125,32,26,0,0,0,0,0,0,0,0,380,0.52,0.5,5,0.025,0.02,0.02,0.03,1
-8984.8,-0.0898,91015.2,10430.38,0.1028,-0.821,-0.861,0.717,205,0.2293,47,158,6.7,False,True,-0.0215,0.0211,22711.22,31696.02,22,0,125,32,26,0,0,0,0,0,0,0,0,380,0.52,0.5,5,0.025,0.02,0.02,0.03,2
-8984.8,-0.0898,91015.2,10430.38,0.1028,-0.821,-0.861,0.717,205,0.2293,47,158,6.7,False,True,-0.0215,0.0211,22711.22,31696.02,22,0,125,32,26,0,0,0,0,0,0,0,0,380,0.52,0.5,5,0.025,0.02,0.02,0.03,3
-8908.21,-0.0891,91091.79,10353.79,0.1021,-0.69,-0.86,0.756,202,0.2327,47,155,6.7,False,True,-0.0215,0.0214,27665.62,36573.83,21,0,124,32,25,0,0,0,0,0,0,0,0,374,0.52,0.5,5,0.025,0.02,0.02,0.05,1
-8908.21,-0.0891,91091.79,10353.79,0.1021,-0.69,-0.86,0.756,202,0.2327,47,155,6.7,False,True,-0.0215,0.0214,27665.62,36573.83,21,0,124,32,25,0,0,0,0,0,0,0,0,374,0.52,0.5,5,0.025,0.02,0.02,0.05,2
-8908.21,-0.0891,91091.79,10353.79,0.1021,-0.69,-0.86,0.756,202,0.2327,47,155,6.7,False,True,-0.0215,0.0214,27665.62,36573.83,21,0,124,32,25,0,0,0,0,0,0,0,0,374,0.52,0.5,5,0.025,0.02,0.02,0.05,3
-8693.12,-0.0869,91306.88,10307.71,0.1016,-0.772,-0.843,0.699,204,0.2304,47,157,6.8,False,True,-0.0215,0.0211,23408.87,33492.76,21,0,124,31,28,0,0,0,0,0,0,6,0,374,0.52,0.5,5,0.025,0.03,0.01,0.03,1
-8693.12,-0.0869,91306.88,10307.71,0.1016,-0.772,-0.843,0.699,204,0.2304,47,157,6.8,False,True,-0.0215,0.0211,23408.87,33492.76,21,0,124,31,28,0,0,0,0,0,0,6,0,374,0.52,0.5,5,0.025,0.03,0.01,0.03,2
-8693.12,-0.0869,91306.88,10307.71,0.1016,-0.772,-0.843,0.699,204,0.2304,47,157,6.8,False,True,-0.0215,0.0211,23408.87,33492.76,21,0,124,31,28,0,0,0,0,0,0,6,0,374,0.52,0.5,5,0.025,0.03,0.01,0.03,3
-8437.05,-0.0844,91562.95,10149.68,0.1001,-0.646,-0.831,0.73,202,0.2277,46,156,6.6,False,True,-0.0241,0.0214,26914.44,36880.52,20,0,125,31,26,0,0,0,0,0,0,15,0,365,0.52,0.5,5,0.025,0.03,0.01,0.05,1
-8437.05,-0.0844,91562.95,10149.68,0.1001,-0.646,-0.831,0.73,202,0.2277,46,156,6.6,False,True,-0.0241,0.0214,26914.44,36880.52,20,0,125,31,26,0,0,0,0,0,0,15,0,365,0.52,0.5,5,0.025,0.03,0.01,0.05,2
-8437.05,-0.0844,91562.95,10149.68,0.1001,-0.646,-0.831,0.73,202,0.2277,46,156,6.6,False,True,-0.0241,0.0214,26914.44,36880.52,20,0,125,31,26,0,0,0,0,0,0,15,0,365,0.52,0.5,5,0.025,0.03,0.01,0.05,3
-8984.8,-0.0898,91015.2,10430.38,0.1028,-0.821,-0.861,0.717,205,0.2293,47,158,6.7,False,True,-0.0215,0.0211,22711.22,31696.02,22,0,125,32,26,0,0,0,0,0,0,1,0,380,0.52,0.5,5,0.025,0.03,0.02,0.03,1
-8984.8,-0.0898,91015.2,10430.38,0.1028,-0.821,-0.861,0.717,205,0.2293,47,158,6.7,False,True,-0.0215,0.0211,22711.22,31696.02,22,0,125,32,26,0,0,0,0,0,0,1,0,380,0.52,0.5,5,0.025,0.03,0.02,0.03,2
-8984.8,-0.0898,91015.2,10430.38,0.1028,-0.821,-0.861,0.717,205,0.2293,47,158,6.7,False,True,-0.0215,0.0211,22711.22,31696.02,22,0,125,32,26,0,0,0,0,0,0,1,0,380,0.52,0.5,5,0.025,0.03,0.02,0.03,3
-8908.21,-0.0891,91091.79,10353.79,0.1021,-0.69,-0.86,0.756,202,0.2327,47,155,6.7,False,True,-0.0215,0.0214,27665.62,36573.83,21,0,124,32,25,0,0,0,0,0,0,3,0,374,0.52,0.5,5,0.025,0.03,0.02,0.05,1
-8908.21,-0.0891,91091.79,10353.79,0.1021,-0.69,-0.86,0.756,202,0.2327,47,155,6.7,False,True,-0.0215,0.0214,27665.62,36573.83,21,0,124,32,25,0,0,0,0,0,0,3,0,374,0.52,0.5,5,0.025,0.03,0.02,0.05,2
-8908.21,-0.0891,91091.79,10353.79,0.1021,-0.69,-0.86,0.756,202,0.2327,47,155,6.7,False,True,-0.0215,0.0214,27665.62,36573.83,21,0,124,32,25,0,0,0,0,0,0,3,0,374,0.52,0.5,5,0.025,0.03,0.02,0.05,3
-8693.12,-0.0869,91306.88,10307.71,0.1016,-0.772,-0.843,0.699,204,0.2304,47,157,6.8,False,True,-0.0215,0.0211,23408.87,33492.76,21,0,124,31,28,0,0,0,0,0,0,5,0,374,0.52,0.5,5,0.035,0.02,0.01,0.03,1
-8693.12,-0.0869,91306.88,10307.71,0.1016,-0.772,-0.843,0.699,204,0.2304,47,157,6.8,False,True,-0.0215,0.0211,23408.87,33492.76,21,0,124,31,28,0,0,0,0,0,0,5,0,374,0.52,0.5,5,0.035,0.02,0.01,0.03,2
-8693.12,-0.0869,91306.88,10307.71,0.1016,-0.772,-0.843,0.699,204,0.2304,47,157,6.8,False,True,-0.0215,0.0211,23408.87,33492.76,21,0,124,31,28,0,0,0,0,0,0,5,0,374,0.52,0.5,5,0.035,0.02,0.01,0.03,3
-8437.05,-0.0844,91562.95,10149.68,0.1001,-0.646,-0.831,0.73,202,0.2277,46,156,6.6,False,True,-0.0241,0.0214,26914.44,36880.52,20,0,125,31,26,0,0,0,0,0,0,12,0,365,0.52,0.5,5,0.035,0.02,0.01,0.05,1
-8437.05,-0.0844,91562.95,10149.68,0.1001,-0.646,-0.831,0.73,202,0.2277,46,156,6.6,False,True,-0.0241,0.0214,26914.44,36880.52,20,0,125,31,26,0,0,0,0,0,0,12,0,365,0.52,0.5,5,0.035,0.02,0.01,0.05,2
-8437.05,-0.0844,91562.95,10149.68,0.1001,-0.646,-0.831,0.73,202,0.2277,46,156,6.6,False,True,-0.0241,0.0214,26914.44,36880.52,20,0,125,31,26,0,0,0,0,0,0,12,0,365,0.52,0.5,5,0.035,0.02,0.01,0.05,3
-8984.8,-0.0898,91015.2,10430.38,0.1028,-0.821,-0.861,0.717,205,0.2293,47,158,6.7,False,True,-0.0215,0.0211,22711.22,31696.02,22,0,125,32,26,0,0,0,0,0,0,0,0,380,0.52,0.5,5,0.035,0.02,0.02,0.03,1
-8984.8,-0.0898,91015.2,10430.38,0.1028,-0.821,-0.861,0.717,205,0.2293,47,158,6.7,False,True,-0.0215,0.0211,22711.22,31696.02,22,0,125,32,26,0,0,0,0,0,0,0,0,380,0.52,0.5,5,0.035,0.02,0.02,0.03,2
-8984.8,-0.0898,91015.2,10430.38,0.1028,-0.821,-0.861,0.717,205,0.2293,47,158,6.7,False,True,-0.0215,0.0211,22711.22,31696.02,22,0,125,32,26,0,0,0,0,0,0,0,0,380,0.52,0.5,5,0.035,0.02,0.02,0.03,3
-8908.21,-0.0891,91091.79,10353.79,0.1021,-0.69,-0.86,0.756,202,0.2327,47,155,6.7,False,True,-0.0215,0.0214,27665.62,36573.83,21,0,124,32,25,0,0,0,0,0,0,0,0,374,0.52,0.5,5,0.035,0.02,0.02,0.05,1
-8908.21,-0.0891,91091.79,10353.79,0.1021,-0.69,-0.86,0.756,202,0.2327,47,155,6.7,False,True,-0.0215,0.0214,27665.62,36573.83,21,0,124,32,25,0,0,0,0,0,0,0,0,374,0.52,0.5,5,0.035,0.02,0.02,0.05,2
-8908.21,-0.0891,91091.79,10353.79,0.1021,-0.69,-0.86,0.756,202,0.2327,47,155,6.7,False,True,-0.0215,0.0214,27665.62,36573.83,21,0,124,32,25,0,0,0,0,0,0,0,0,374,0.52,0.5,5,0.035,0.02,0.02,0.05,3
-8693.12,-0.0869,91306.88,10307.71,0.1016,-0.772,-0.843,0.699,204,0.2304,47,157,6.8,False,True,-0.0215,0.0211,23408.87,33492.76,21,0,124,31,28,0,0,0,0,0,0,6,0,374,0.52,0.5,5,0.035,0.03,0.01,0.03,1
-8693.12,-0.0869,91306.88,10307.71,0.1016,-0.772,-0.843,0.699,204,0.2304,47,157,6.8,False,True,-0.0215,0.0211,23408.87,33492.76,21,0,124,31,28,0,0,0,0,0,0,6,0,374,0.52,0.5,5,0.035,0.03,0.01,0.03,2
-8693.12,-0.0869,91306.88,10307.71,0.1016,-0.772,-0.843,0.699,204,0.2304,47,157,6.8,False,True,-0.0215,0.0211,23408.87,33492.76,21,0,124,31,28,0,0,0,0,0,0,6,0,374,0.52,0.5,5,0.035,0.03,0.01,0.03,3
-8437.05,-0.0844,91562.95,10149.68,0.1001,-0.646,-0.831,0.73,202,0.2277,46,156,6.6,False,True,-0.0241,0.0214,26914.44,36880.52,20,0,125,31,26,0,0,0,0,0,0,15,0,365,0.52,0.5,5,0.035,0.03,0.01,0.05,1
-8437.05,-0.0844,91562.95,10149.68,0.1001,-0.646,-0.831,0.73,202,0.2277,46,156,6.6,False,True,-0.0241,0.0214,26914.44,36880.52,20,0,125,31,26,0,0,0,0,0,0,15,0,365,0.52,0.5,5,0.035,0.03,0.01,0.05,2
-8437.05,-0.0844,91562.95,10149.68,0.1001,-0.646,-0.831,0.73,202,0.2277,46,156,6.6,False,True,-0.0241,0.0214,26914.44,36880.52,20,0,125,31,26,0,0,0,0,0,0,15,0,365,0.52,0.5,5,0.035,0.03,0.01,0.05,3
-8984.8,-0.0898,91015.2,10430.38,0.1028,-0.821,-0.861,0.717,205,0.2293,47,158,6.7,False,True,-0.0215,0.0211,22711.22,31696.02,22,0,125,32,26,0,0,0,0,0,0,1,0,380,0.52,0.5,5,0.035,0.03,0.02,0.03,1
-8984.8,-0.0898,91015.2,10430.38,0.1028,-0.821,-0.861,0.717,205,0.2293,47,158,6.7,False,True,-0.0215,0.0211,22711.22,31696.02,22,0,125,32,26,0,0,0,0,0,0,1,0,380,0.52,0.5,5,0.035,0.03,0.02,0.03,2
-8984.8,-0.0898,91015.2,10430.38,0.1028,-0.821,-0.861,0.717,205,0.2293,47,158,6.7,False,True,-0.0215,0.0211,22711.22,31696.02,22,0,125,32,26,0,0,0,0,0,0,1,0,380,0.52,0.5,5,0.035,0.03,0.02,0.03,3
-8908.21,-0.0891,91091.79,10353.79,0.1021,-0.69,-0.86,0.756,202,0.2327,47,155,6.7,False,True,-0.0215,0.0214,27665.62,36573.83,21,0,124,32,25,0,0,0,0,0,0,3,0,374,0.52,0.5,5,0.035,0.03,0.02,0.05,1
-8908.21,-0.0891,91091.79,10353.79,0.1021,-0.69,-0.86,0.756,202,0.2327,47,155,6.7,False,True,-0.0215,0.0214,27665.62,36573.83,21,0,124,32,25,0,0,0,0,0,0,3,0,374,0.52,0.5,5,0.035,0.03,0.02,0.05,2
-8908.21,-0.0891,91091.79,10353.79,0.1021,-0.69,-0.86,0.756,202,0.2327,47,155,6.7,False,True,-0.0215,0.0214,27665.62,36573.83,21,0,124,32,25,0,0,0,0,0,0,3,0,374,0.52,0.5,5,0.035,0.03,0.02,0.05,3
-8693.12,-0.0869,91306.88,10307.71,0.1016,-0.772,-0.843,0.699,204,0.2304,47,157,6.8,False,True,-0.0215,0.0211,23408.87,33492.76,21,0,124,31,28,0,0,0,0,0,0,5,0,374,0.52,0.5,10,0.025,0.02,0.01,0.03,1
-8693.12,-0.0869,91306.88,10307.71,0.1016,-0.772,-0.843,0.699,204,0.2304,47,157,6.8,False,True,-0.0215,0.0211,23408.87,33492.76,21,0,124,31,28,0,0,0,0,0,0,5,0,374,0.52,0.5,10,0.025,0.02,0.01,0.03,2
-8693.12,-0.0869,91306.88,10307.71,0.1016,-0.772,-0.843,0.699,204,0.2304,47,157,6.8,False,True,-0.0215,0.0211,23408.87,33492.76,21,0,124,31,28,0,0,0,0,0,0,5,0,374,0.52,0.5,10,0.025,0.02,0.01,0.03,3
-8437.05,-0.0844,91562.95,10149.68,0.1001,-0.646,-0.831,0.73,202,0.2277,46,156,6.6,False,True,-0.0241,0.0214,26914.44,36880.52,20,0,125,31,26,0,0,0,0,0,0,12,0,365,0.52,0.5,10,0.025,0.02,0.01,0.05,1
-8437.05,-0.0844,91562.95,10149.68,0.1001,-0.646,-0.831,0.73,202,0.2277,46,156,6.6,False,True,-0.0241,0.0214,26914.44,36880.52,20,0,125,31,26,0,0,0,0,0,0,12,0,365,0.52,0.5,10,0.025,0.02,0.01,0.05,2
-8437.05,-0.0844,91562.95,10149.68,0.1001,-0.646,-0.831,0.73,202,0.2277,46,156,6.6,False,True,-0.0241,0.0214,26914.44,36880.52,20,0,125,31,26,0,0,0,0,0,0,12,0,365,0.52,0.5,10,0.025,0.02,0.01,0.05,3
-8984.8,-0.0898,91015.2,10430.38,0.1028,-0.821,-0.861,0.717,205,0.2293,47,158,6.7,False,True,-0.0215,0.0211,22711.22,31696.02,22,0,125,32,26,0,0,0,0,0,0,0,0,380,0.52,0.5,10,0.025,0.02,0.02,0.03,1
-8984.8,-0.0898,91015.2,10430.38,0.1028,-0.821,-0.861,0.717,205,0.2293,47,158,6.7,False,True,-0.0215,0.0211,22711.22,31696.02,22,0,125,32,26,0,0,0,0,0,0,0,0,380,0.52,0.5,10,0.025,0.02,0.02,0.03,2
-8984.8,-0.0898,91015.2,10430.38,0.1028,-0.821,-0.861,0.717,205,0.2293,47,158,6.7,False,True,-0.0215,0.0211,22711.22,31696.02,22,0,125,32,26,0,0,0,0,0,0,0,0,380,0.52,0.5,10,0.025,0.02,0.02,0.03,3
-8908.21,-0.0891,91091.79,10353.79,0.1021,-0.69,-0.86,0.756,202,0.2327,47,155,6.7,False,True,-0.0215,0.0214,27665.62,36573.83,21,0,124,32,25,0,0,0,0,0,0,0,0,374,0.52,0.5,10,0.025,0.02,0.02,0.05,1
-8908.21,-0.0891,91091.79,10353.79,0.1021,-0.69,-0.86,0.756,202,0.2327,47,155,6.7,False,True,-0.0215,0.0214,27665.62,36573.83,21,0,124,32,25,0,0,0,0,0,0,0,0,374,0.52,0.5,10,0.025,0.02,0.02,0.05,2
-8908.21,-0.0891,91091.79,10353.79,0.1021,-0.69,-0.86,0.756,202,0.2327,47,155,6.7,False,True,-0.0215,0.0214,27665.62,36573.83,21,0,124,32,25,0,0,0,0,0,0,0,0,374,0.52,0.5,10,0.025,0.02,0.02,0.05,3
-8693.12,-0.0869,91306.88,10307.71,0.1016,-0.772,-0.843,0.699,204,0.2304,47,157,6.8,False,True,-0.0215,0.0211,23408.87,33492.76,21,0,124,31,28,0,0,0,0,0,0,6,0,374,0.52,0.5,10,0.025,0.03,0.01,0.03,1
-8693.12,-0.0869,91306.88,10307.71,0.1016,-0.772,-0.843,0.699,204,0.2304,47,157,6.8,False,True,-0.0215,0.0211,23408.87,33492.76,21,0,124,31,28,0,0,0,0,0,0,6,0,374,0.52,0.5,10,0.025,0.03,0.01,0.03,2
-8693.12,-0.0869,91306.88,10307.71,0.1016,-0.772,-0.843,0.699,204,0.2304,47,157,6.8,False,True,-0.0215,0.0211,23408.87,33492.76,21,0,124,31,28,0,0,0,0,0,0,6,0,374,0.52,0.5,10,0.025,0.03,0.01,0.03,3
-8437.05,-0.0844,91562.95,10149.68,0.1001,-0.646,-0.831,0.73,202,0.2277,46,156,6.6,False,True,-0.0241,0.0214,26914.44,36880.52,20,0,125,31,26,0,0,0,0,0,0,15,0,365,0.52,0.5,10,0.025,0.03,0.01,0.05,1
-8437.05,-0.0844,91562.95,10149.68,0.1001,-0.646,-0.831,0.73,202,0.2277,46,156,6.6,False,True,-0.0241,0.0214,26914.44,36880.52,20,0,125,31,26,0,0,0,0,0,0,15,0,365,0.52,0.5,10,0.025,0.03,0.01,0.05,2
-8437.05,-0.0844,91562.95,10149.68,0.1001,-0.646,-0.831,0.73,202,0.2277,46,156,6.6,False,True,-0.0241,0.0214,26914.44,36880.52,20,0,125,31,26,0,0,0,0,0,0,15,0,365,0.52,0.5,10,0.025,0.03,0.01,0.05,3
-8984.8,-0.0898,91015.2,10430.38,0.1028,-0.821,-0.861,0.717,205,0.2293,47,158,6.7,False,True,-0.0215,0.0211,22711.22,31696.02,22,0,125,32,26,0,0,0,0,0,0,1,0,380,0.52,0.5,10,0.025,0.03,0.02,0.03,1
-8984.8,-0.0898,91015.2,10430.38,0.1028,-0.821,-0.861,0.717,205,0.2293,47,158,6.7,False,True,-0.0215,0.0211,22711.22,31696.02,22,0,125,32,26,0,0,0,0,0,0,1,0,380,0.52,0.5,10,0.025,0.03,0.02,0.03,2
-8984.8,-0.0898,91015.2,10430.38,0.1028,-0.821,-0.861,0.717,205,0.2293,47,158,6.7,False,True,-0.0215,0.0211,22711.22,31696.02,22,0,125,32,26,0,0,0,0,0,0,1,0,380,0.52,0.5,10,0.025,0.03,0.02,0.03,3
-8908.21,-0.0891,91091.79,10353.79,0.1021,-0.69,-0.86,0.756,202,0.2327,47,155,6.7,False,True,-0.0215,0.0214,27665.62,36573.83,21,0,124,32,25,0,0,0,0,0,0,3,0,374,0.52,0.5,10,0.025,0.03,0.02,0.05,1
-8908.21,-0.0891,91091.79,10353.79,0.1021,-0.69,-0.86,0.756,202,0.2327,47,155,6.7,False,True,-0.0215,0.0214,27665.62,36573.83,21,0,124,32,25,0,0,0,0,0,0,3,0,374,0.52,0.5,10,0.025,0.03,0.02,0.05,2
-8908.21,-0.0891,91091.79,10353.79,0.1021,-0.69,-0.86,0.756,202,0.2327,47,155,6.7,False,True,-0.0215,0.0214,27665.62,36573.83,21,0,124,32,25,0,0,0,0,0,0,3,0,374,0.52,0.5,10,0.025,0.03,0.02,0.05,3
-8693.12,-0.0869,91306.88,10307.71,0.1016,-0.772,-0.843,0.699,204,0.2304,47,157,6.8,False,True,-0.0215,0.0211,23408.87,33492.76,21,0,124,31,28,0,0,0,0,0,0,5,0,374,0.52,0.5,10,0.035,0.02,0.01,0.03,1
-8693.12,-0.0869,91306.88,10307.71,0.1016,-0.772,-0.843,0.699,204,0.2304,47,157,6.8,False,True,-0.0215,0.0211,23408.87,33492.76,21,0,124,31,28,0,0,0,0,0,0,5,0,374,0.52,0.5,10,0.035,0.02,0.01,0.03,2
-8693.12,-0.0869,91306.88,10307.71,0.1016,-0.772,-0.843,0.699,204,0.2304,47,157,6.8,False,True,-0.0215,0.0211,23408.87,33492.76,21,0,124,31,28,0,0,0,0,0,0,5,0,374,0.52,0.5,10,0.035,0.02,0.01,0.03,3
-8437.05,-0.0844,91562.95,10149.68,0.1001,-0.646,-0.831,0.73,202,0.2277,46,156,6.6,False,True,-0.0241,0.0214,26914.44,36880.52,20,0,125,31,26,0,0,0,0,0,0,12,0,365,0.52,0.5,10,0.035,0.02,0.01,0.05,1
-8437.05,-0.0844,91562.95,10149.68,0.1001,-0.646,-0.831,0.73,202,0.2277,46,156,6.6,False,True,-0.0241,0.0214,26914.44,36880.52,20,0,125,31,26,0,0,0,0,0,0,12,0,365,0.52,0.5,10,0.035,0.02,0.01,0.05,2
-8437.05,-0.0844,91562.95,10149.68,0.1001,-0.646,-0.831,0.73,202,0.2277,46,156,6.6,False,True,-0.0241,0.0214,26914.44,36880.52,20,0,125,31,26,0,0,0,0,0,0,12,0,365,0.52,0.5,10,0.035,0.02,0.01,0.05,3
-8984.8,-0.0898,91015.2,10430.38,0.1028,-0.821,-0.861,0.717,205,0.2293,47,158,6.7,False,True,-0.0215,0.0211,22711.22,31696.02,22,0,125,32,26,0,0,0,0,0,0,0,0,380,0.52,0.5,10,0.035,0.02,0.02,0.03,1
-8984.8,-0.0898,91015.2,10430.38,0.1028,-0.821,-0.861,0.717,205,0.2293,47,158,6.7,False,True,-0.0215,0.0211,22711.22,31696.02,22,0,125,32,26,0,0,0,0,0,0,0,0,380,0.52,0.5,10,0.035,0.02,0.02,0.03,2
-8984.8,-0.0898,91015.2,10430.38,0.1028,-0.821,-0.861,0.717,205,0.2293,47,158,6.7,False,True,-0.0215,0.0211,22711.22,31696.02,22,0,125,32,26,0,0,0,0,0,0,0,0,380,0.52,0.5,10,0.035,0.02,0.02,0.03,3
-8908.21,-0.0891,91091.79,10353.79,0.1021,-0.69,-0.86,0.756,202,0.2327,47,155,6.7,False,True,-0.0215,0.0214,27665.62,36573.83,21,0,124,32,25,0,0,0,0,0,0,0,0,374,0.52,0.5,10,0.035,0.02,0.02,0.05,1
-8908.21,-0.0891,91091.79,10353.79,0.1021,-0.69,-0.86,0.756,202,0.2327,47,155,6.7,False,True,-0.0215,0.0214,27665.62,36573.83,21,0,124,32,25,0,0,0,0,0,0,0,0,374,0.52,0.5,10,0.035,0.02,0.02,0.05,2
-8908.21,-0.0891,91091.79,10353.79,0.1021,-0.69,-0.86,0.756,202,0.2327,47,155,6.7,False,True,-0.0215,0.0214,27665.62,36573.83,21,0,124,32,25,0,0,0,0,0,0,0,0,374,0.52,0.5,10,0.035,0.02,0.02,0.05,3
-8693.12,-0.0869,91306.88,10307.71,0.1016,-0.772,-0.843,0.699,204,0.2304,47,157,6.8,False,True,-0.0215,0.0211,23408.87,33492.76,21,0,124,31,28,0,0,0,0,0,0,6,0,374,0.52,0.5,10,0.035,0.03,0.01,0.03,1
-8693.12,-0.0869,91306.88,10307.71,0.1016,-0.772,-0.843,0.699,204,0.2304,47,157,6.8,False,True,-0.0215,0.0211,23408.87,33492.76,21,0,124,31,28,0,0,0,0,0,0,6,0,374,0.52,0.5,10,0.035,0.03,0.01,0.03,2
-8693.12,-0.0869,91306.88,10307.71,0.1016,-0.772,-0.843,0.699,204,0.2304,47,157,6.8,False,True,-0.0215,0.0211,23408.87,33492.76,21,0,124,31,28,0,0,0,0,0,0,6,0,374,0.52,0.5,10,0.035,0.03,0.01,0.03,3
-8437.05,-0.0844,91562.95,10149.68,0.1001,-0.646,-0.831,0.73,202,0.2277,46,156,6.6,False,True,-0.0241,0.0214,26914.44,36880.52,20,0,125,31,26,0,0,0,0,0,0,15,0,365,0.52,0.5,10,0.035,0.03,0.01,0.05,1
-8437.05,-0.0844,91562.95,10149.68,0.1001,-0.646,-0.831,0.73,202,0.2277,46,156,6.6,False,True,-0.0241,0.0214,26914.44,36880.52,20,0,125,31,26,0,0,0,0,0,0,15,0,365,0.52,0.5,10,0.035,0.03,0.01,0.05,2
-8437.05,-0.0844,91562.95,10149.68,0.1001,-0.646,-0.831,0.73,202,0.2277,46,156,6.6,False,True,-0.0241,0.0214,26914.44,36880.52,20,0,125,31,26,0,0,0,0,0,0,15,0,365,0.52,0.5,10,0.035,0.03,0.01,0.05,3
-8984.8,-0.0898,91015.2,10430.38,0.1028,-0.821,-0.861,0.717,205,0.2293,47,158,6.7,False,True,-0.0215,0.0211,22711.22,31696.02,22,0,125,32,26,0,0,0,0,0,0,1,0,380,0.52,0.5,10,0.035,0.03,0.02,0.03,1
-8984.8,-0.0898,91015.2,10430.38,0.1028,-0.821,-0.861,0.717,205,0.2293,47,158,6.7,False,True,-0.0215,0.0211,22711.22,31696.02,22,0,125,32,26,0,0,0,0,0,0,1,0,380,0.52,0.5,10,0.035,0.03,0.02,0.03,2
-8984.8,-0.0898,91015.2,10430.38,0.1028,-0.821,-0.861,0.717,205,0.2293,47,158,6.7,False,True,-0.0215,0.0211,22711.22,31696.02,22,0,125,32,26,0,0,0,0,0,0,1,0,380,0.52,0.5,10,0.035,0.03,0.02,0.03,3
-8908.21,-0.0891,91091.79,10353.79,0.1021,-0.69,-0.86,0.756,202,0.2327,47,155,6.7,False,True,-0.0215,0.0214,27665.62,36573.83,21,0,124,32,25,0,0,0,0,0,0,3,0,374,0.52,0.5,10,0.035,0.03,0.02,0.05,1
-8908.21,-0.0891,91091.79,10353.79,0.1021,-0.69,-0.86,0.756,202,0.2327,47,155,6.7,False,True,-0.0215,0.0214,27665.62,36573.83,21,0,124,32,25,0,0,0,0,0,0,3,0,374,0.52,0.5,10,0.035,0.03,0.02,0.05,2
-8908.21,-0.0891,91091.79,10353.79,0.1021,-0.69,-0.86,0.756,202,0.2327,47,155,6.7,False,True,-0.0215,0.0214,27665.62,36573.83,21,0,124,32,25,0,0,0,0,0,0,3,0,374,0.52,0.5,10,0.035,0.03,0.02,0.05,3
-8693.12,-0.0869,91306.88,10307.71,0.1016,-0.772,-0.843,0.699,204,0.2304,47,157,6.8,False,True,-0.0215,0.0211,23408.87,33492.76,21,0,124,31,28,0,0,0,0,0,0,5,0,374,0.52,0.5,15,0.025,0.02,0.01,0.03,1
-8693.12,-0.0869,91306.88,10307.71,0.1016,-0.772,-0.843,0.699,204,0.2304,47,157,6.8,False,True,-0.0215,0.0211,23408.87,33492.76,21,0,124,31,28,0,0,0,0,0,0,5,0,374,0.52,0.5,15,0.025,0.02,0.01,0.03,2
-8693.12,-0.0869,91306.88,10307.71,0.1016,-0.772,-0.843,0.699,204,0.2304,47,157,6.8,False,True,-0.0215,0.0211,23408.87,33492.76,21,0,124,31,28,0,0,0,0,0,0,5,0,374,0.52,0.5,15,0.025,0.02,0.01,0.03,3
-8437.05,-0.0844,91562.95,10149.68,0.1001,-0.646,-0.831,0.73,202,0.2277,46,156,6.6,False,True,-0.0241,0.0214,26914.44,36880.52,20,0,125,31,26,0,0,0,0,0,0,12,0,365,0.52,0.5,15,0.025,0.02,0.01,0.05,1
-8437.05,-0.0844,91562.95,10149.68,0.1001,-0.646,-0.831,0.73,202,0.2277,46,156,6.6,False,True,-0.0241,0.0214,26914.44,36880.52,20,0,125,31,26,0,0,0,0,0,0,12,0,365,0.52,0.5,15,0.025,0.02,0.01,0.05,2
-8437.05,-0.0844,91562.95,10149.68,0.1001,-0.646,-0.831,0.73,202,0.2277,46,156,6.6,False,True,-0.0241,0.0214,26914.44,36880.52,20,0,125,31,26,0,0,0,0,0,0,12,0,365,0.52,0.5,15,0.025,0.02,0.01,0.05,3
-8984.8,-0.0898,91015.2,10430.38,0.1028,-0.821,-0.861,0.717,205,0.2293,47,158,6.7,False,True,-0.0215,0.0211,22711.22,31696.02,22,0,125,32,26,0,0,0,0,0,0,0,0,380,0.52,0.5,15,0.025,0.02,0.02,0.03,1
-8984.8,-0.0898,91015.2,10430.38,0.1028,-0.821,-0.861,0.717,205,0.2293,47,158,6.7,False,True,-0.0215,0.0211,22711.22,31696.02,22,0,125,32,26,0,0,0,0,0,0,0,0,380,0.52,0.5,15,0.025,0.02,0.02,0.03,2
-8984.8,-0.0898,91015.2,10430.38,0.1028,-0.821,-0.861,0.717,205,0.2293,47,158,6.7,False,True,-0.0215,0.0211,22711.22,31696.02,22,0,125,32,26,0,0,0,0,0,0,0,0,380,0.52,0.5,15,0.025,0.02,0.02,0.03,3
-8908.21,-0.0891,91091.79,10353.79,0.1021,-0.69,-0.86,0.756,202,0.2327,47,155,6.7,False,True,-0.0215,0.0214,27665.62,36573.83,21,0,124,32,25,0,0,0,0,0,0,0,0,374,0.52,0.5,15,0.025,0.02,0.02,0.05,1
-8908.21,-0.0891,91091.79,10353.79,0.1021,-0.69,-0.86,0.756,202,0.2327,47,155,6.7,False,True,-0.0215,0.0214,27665.62,36573.83,21,0,124,32,25,0,0,0,0,0,0,0,0,374,0.52,0.5,15,0.025,0.02,0.02,0.05,2
-8908.21,-0.0891,91091.79,10353.79,0.1021,-0.69,-0.86,0.756,202,0.2327,47,155,6.7,False,True,-0.0215,0.0214,27665.62,36573.83,21,0,124,32,25,0,0,0,0,0,0,0,0,374,0.52,0.5,15,0.025,0.02,0.02,0.05,3
-8693.12,-0.0869,91306.88,10307.71,0.1016,-0.772,-0.843,0.699,204,0.2304,47,157,6.8,False,True,-0.0215,0.0211,23408.87,33492.76,21,0,124,31,28,0,0,0,0,0,0,6,0,374,0.52,0.5,15,0.025,0.03,0.01,0.03,1
-8693.12,-0.0869,91306.88,10307.71,0.1016,-0.772,-0.843,0.699,204,0.2304,47,157,6.8,False,True,-0.0215,0.0211,23408.87,33492.76,21,0,124,31,28,0,0,0,0,0,0,6,0,374,0.52,0.5,15,0.025,0.03,0.01,0.03,2
-8693.12,-0.0869,91306.88,10307.71,0.1016,-0.772,-0.843,0.699,204,0.2304,47,157,6.8,False,True,-0.0215,0.0211,23408.87,33492.76,21,0,124,31,28,0,0,0,0,0,0,6,0,374,0.52,0.5,15,0.025,0.03,0.01,0.03,3
-8437.05,-0.0844,91562.95,10149.68,0.1001,-0.646,-0.831,0.73,202,0.2277,46,156,6.6,False,True,-0.0241,0.0214,26914.44,36880.52,20,0,125,31,26,0,0,0,0,0,0,15,0,365,0.52,0.5,15,0.025,0.03,0.01,0.05,1
-8437.05,-0.0844,91562.95,10149.68,0.1001,-0.646,-0.831,0.73,202,0.2277,46,156,6.6,False,True,-0.0241,0.0214,26914.44,36880.52,20,0,125,31,26,0,0,0,0,0,0,15,0,365,0.52,0.5,15,0.025,0.03,0.01,0.05,2
-8437.05,-0.0844,91562.95,10149.68,0.1001,-0.646,-0.831,0.73,202,0.2277,46,156,6.6,False,True,-0.0241,0.0214,26914.44,36880.52,20,0,125,31,26,0,0,0,0,0,0,15,0,365,0.52,0.5,15,0.025,0.03,0.01,0.05,3
-8984.8,-0.0898,91015.2,10430.38,0.1028,-0.821,-0.861,0.717,205,0.2293,47,158,6.7,False,True,-0.0215,0.0211,22711.22,31696.02,22,0,125,32,26,0,0,0,0,0,0,1,0,380,0.52,0.5,15,0.025,0.03,0.02,0.03,1
-8984.8,-0.0898,91015.2,10430.38,0.1028,-0.821,-0.861,0.717,205,0.2293,47,158,6.7,False,True,-0.0215,0.0211,22711.22,31696.02,22,0,125,32,26,0,0,0,0,0,0,1,0,380,0.52,0.5,15,0.025,0.03,0.02,0.03,2
-8984.8,-0.0898,91015.2,10430.38,0.1028,-0.821,-0.861,0.717,205,0.2293,47,158,6.7,False,True,-0.0215,0.0211,22711.22,31696.02,22,0,125,32,26,0,0,0,0,0,0,1,0,380,0.52,0.5,15,0.025,0.03,0.02,0.03,3
-8908.21,-0.0891,91091.79,10353.79,0.1021,-0.69,-0.86,0.756,202,0.2327,47,155,6.7,False,True,-0.0215,0.0214,27665.62,36573.83,21,0,124,32,25,0,0,0,0,0,0,3,0,374,0.52,0.5,15,0.025,0.03,0.02,0.05,1
-8908.21,-0.0891,91091.79,10353.79,0.1021,-0.69,-0.86,0.756,202,0.2327,47,155,6.7,False,True,-0.0215,0.0214,27665.62,36573.83,21,0,124,32,25,0,0,0,0,0,0,3,0,374,0.52,0.5,15,0.025,0.03,0.02,0.05,2
-8908.21,-0.0891,91091.79,10353.79,0.1021,-0.69,-0.86,0.756,202,0.2327,47,155,6.7,False,True,-0.0215,0.0214,27665.62,36573.83,21,0,124,32,25,0,0,0,0,0,0,3,0,374,0.52,0.5,15,0.025,0.03,0.02,0.05,3
-8693.12,-0.0869,91306.88,10307.71,0.1016,-0.772,-0.843,0.699,204,0.2304,47,157,6.8,False,True,-0.0215,0.0211,23408.87,33492.76,21,0,124,31,28,0,0,0,0,0,0,5,0,374,0.52,0.5,15,0.035,0.02,0.01,0.03,1
-8693.12,-0.0869,91306.88,10307.71,0.1016,-0.772,-0.843,0.699,204,0.2304,47,157,6.8,False,True,-0.0215,0.0211,23408.87,33492.76,21,0,124,31,28,0,0,0,0,0,0,5,0,374,0.52,0.5,15,0.035,0.02,0.01,0.03,2
-8693.12,-0.0869,91306.88,10307.71,0.1016,-0.772,-0.843,0.699,204,0.2304,47,157,6.8,False,True,-0.0215,0.0211,23408.87,33492.76,21,0,124,31,28,0,0,0,0,0,0,5,0,374,0.52,0.5,15,0.035,0.02,0.01,0.03,3
-8437.05,-0.0844,91562.95,10149.68,0.1001,-0.646,-0.831,0.73,202,0.2277,46,156,6.6,False,True,-0.0241,0.0214,26914.44,36880.52,20,0,125,31,26,0,0,0,0,0,0,12,0,365,0.52,0.5,15,0.035,0.02,0.01,0.05,1
-8437.05,-0.0844,91562.95,10149.68,0.1001,-0.646,-0.831,0.73,202,0.2277,46,156,6.6,False,True,-0.0241,0.0214,26914.44,36880.52,20,0,125,31,26,0,0,0,0,0,0,12,0,365,0.52,0.5,15,0.035,0.02,0.01,0.05,2
-8437.05,-0.0844,91562.95,10149.68,0.1001,-0.646,-0.831,0.73,202,0.2277,46,156,6.6,False,True,-0.0241,0.0214,26914.44,36880.52,20,0,125,31,26,0,0,0,0,0,0,12,0,365,0.52,0.5,15,0.035,0.02,0.01,0.05,3
-8984.8,-0.0898,91015.2,10430.38,0.1028,-0.821,-0.861,0.717,205,0.2293,47,158,6.7,False,True,-0.0215,0.0211,22711.22,31696.02,22,0,125,32,26,0,0,0,0,0,0,0,0,380,0.52,0.5,15,0.035,0.02,0.02,0.03,1
-8984.8,-0.0898,91015.2,10430.38,0.1028,-0.821,-0.861,0.717,205,0.2293,47,158,6.7,False,True,-0.0215,0.0211,22711.22,31696.02,22,0,125,32,26,0,0,0,0,0,0,0,0,380,0.52,0.5,15,0.035,0.02,0.02,0.03,2
-8984.8,-0.0898,91015.2,10430.38,0.1028,-0.821,-0.861,0.717,205,0.2293,47,158,6.7,False,True,-0.0215,0.0211,22711.22,31696.02,22,0,125,32,26,0,0,0,0,0,0,0,0,380,0.52,0.5,15,0.035,0.02,0.02,0.03,3
-8908.21,-0.0891,91091.79,10353.79,0.1021,-0.69,-0.86,0.756,202,0.2327,47,155,6.7,False,True,-0.0215,0.0214,27665.62,36573.83,21,0,124,32,25,0,0,0,0,0,0,0,0,374,0.52,0.5,15,0.035,0.02,0.02,0.05,1
-8908.21,-0.0891,91091.79,10353.79,0.1021,-0.69,-0.86,0.756,202,0.2327,47,155,6.7,False,True,-0.0215,0.0214,27665.62,36573.83,21,0,124,32,25,0,0,0,0,0,0,0,0,374,0.52,0.5,15,0.035,0.02,0.02,0.05,2
-8908.21,-0.0891,91091.79,10353.79,0.1021,-0.69,-0.86,0.756,202,0.2327,47,155,6.7,False,True,-0.0215,0.0214,27665.62,36573.83,21,0,124,32,25,0,0,0,0,0,0,0,0,374,0.52,0.5,15,0.035,0.02,0.02,0.05,3
-8693.12,-0.0869,91306.88,10307.71,0.1016,-0.772,-0.843,0.699,204,0.2304,47,157,6.8,False,True,-0.0215,0.0211,23408.87,33492.76,21,0,124,31,28,0,0,0,0,0,0,6,0,374,0.52,0.5,15,0.035,0.03,0.01,0.03,1
-8693.12,-0.0869,91306.88,10307.71,0.1016,-0.772,-0.843,0.699,204,0.2304,47,157,6.8,False,True,-0.0215,0.0211,23408.87,33492.76,21,0,124,31,28,0,0,0,0,0,0,6,0,374,0.52,0.5,15,0.035,0.03,0.01,0.03,2
-8693.12,-0.0869,91306.88,10307.71,0.1016,-0.772,-0.843,0.699,204,0.2304,47,157,6.8,False,True,-0.0215,0.0211,23408.87,33492.76,21,0,124,31,28,0,0,0,0,0,0,6,0,374,0.52,0.5,15,0.035,0.03,0.01,0.03,3
-8437.05,-0.0844,91562.95,10149.68,0.1001,-0.646,-0.831,0.73,202,0.2277,46,156,6.6,False,True,-0.0241,0.0214,26914.44,36880.52,20,0,125,31,26,0,0,0,0,0,0,15,0,365,0.52,0.5,15,0.035,0.03,0.01,0.05,1
-8437.05,-0.0844,91562.95,10149.68,0.1001,-0.646,-0.831,0.73,202,0.2277,46,156,6.6,False,True,-0.0241,0.0214,26914.44,36880.52,20,0,125,31,26,0,0,0,0,0,0,15,0,365,0.52,0.5,15,0.035,0.03,0.01,0.05,2
-8437.05,-0.0844,91562.95,10149.68,0.1001,-0.646,-0.831,0.73,202,0.2277,46,156,6.6,False,True,-0.0241,0.0214,26914.44,36880.52,20,0,125,31,26,0,0,0,0,0,0,15,0,365,0.52,0.5,15,0.035,0.03,0.01,0.05,3
-8984.8,-0.0898,91015.2,10430.38,0.1028,-0.821,-0.861,0.717,205,0.2293,47,158,6.7,False,True,-0.0215,0.0211,22711.22,31696.02,22,0,125,32,26,0,0,0,0,0,0,1,0,380,0.52,0.5,15,0.035,0.03,0.02,0.03,1
-8984.8,-0.0898,91015.2,10430.38,0.1028,-0.821,-0.861,0.717,205,0.2293,47,158,6.7,False,True,-0.0215,0.0211,22711.22,31696.02,22,0,125,32,26,0,0,0,0,0,0,1,0,380,0.52,0.5,15,0.035,0.03,0.02,0.03,2
-8984.8,-0.0898,91015.2,10430.38,0.1028,-0.821,-0.861,0.717,205,0.2293,47,158,6.7,False,True,-0.0215,0.0211,22711.22,31696.02,22,0,125,32,26,0,0,0,0,0,0,1,0,380,0.52,0.5,15,0.035,0.03,0.02,0.03,3
-8908.21,-0.0891,91091.79,10353.79,0.1021,-0.69,-0.86,0.756,202,0.2327,47,155,6.7,False,True,-0.0215,0.0214,27665.62,36573.83,21,0,124,32,25,0,0,0,0,0,0,3,0,374,0.52,0.5,15,0.035,0.03,0.02,0.05,1
-8908.21,-0.0891,91091.79,10353.79,0.1021,-0.69,-0.86,0.756,202,0.2327,47,155,6.7,False,True,-0.0215,0.0214,27665.62,36573.83,21,0,124,32,25,0,0,0,0,0,0,3,0,374,0.52,0.5,15,0.035,0.03,0.02,0.05,2
-8908.21,-0.0891,91091.79,10353.79,0.1021,-0.69,-0.86,0.756,202,0.2327,47,155,6.7,False,True,-0.0215,0.0214,27665.62,36573.83,21,0,124,32,25,0,0,0,0,0,0,3,0,374,0.52,0.5,15,0.035,0.03,0.02,0.05,3
-9123.27,-0.0912,90876.73,10110.18,0.1001,-0.779,-0.902,0.552,68,0.1765,12,56,7.6,False,True,-0.0319,0.0237,11237.08,20360.35,6,0,44,7,11,0,0,0,0,0,0,3,0,137,0.52,1.0,5,0.025,0.02,0.01,0.03,1
-9123.27,-0.0912,90876.73,10110.18,0.1001,-0.779,-0.902,0.552,68,0.1765,12,56,7.6,False,True,-0.0319,0.0237,11237.08,20360.35,6,0,44,7,11,0,0,0,0,0,0,3,0,137,0.52,1.0,5,0.025,0.02,0.01,0.03,2
-9123.27,-0.0912,90876.73,10110.18,0.1001,-0.779,-0.902,0.552,68,0.1765,12,56,7.6,False,True,-0.0319,0.0237,11237.08,20360.35,6,0,44,7,11,0,0,0,0,0,0,3,0,137,0.52,1.0,5,0.025,0.02,0.01,0.03,3
-7273.08,-0.0727,92726.92,10593.38,0.1025,-0.519,-0.687,0.654,67,0.1791,12,55,7.6,False,True,-0.0319,0.0473,13721.45,20994.53,6,0,43,7,11,0,0,0,0,0,0,3,0,135,0.52,1.0,5,0.025,0.02,0.01,0.05,1
-7273.08,-0.0727,92726.92,10593.38,0.1025,-0.519,-0.687,0.654,67,0.1791,12,55,7.6,False,True,-0.0319,0.0473,13721.45,20994.53,6,0,43,7,11,0,0,0,0,0,0,3,0,135,0.52,1.0,5,0.025,0.02,0.01,0.05,2
-7273.08,-0.0727,92726.92,10593.38,0.1025,-0.519,-0.687,0.654,67,0.1791,12,55,7.6,False,True,-0.0319,0.0473,13721.45,20994.53,6,0,43,7,11,0,0,0,0,0,0,3,0,135,0.52,1.0,5,0.025,0.02,0.01,0.05,3
-9220.21,-0.0922,90779.79,10207.12,0.1011,-0.661,-0.903,0.622,81,0.1975,16,65,7.5,False,True,-0.0319,0.0279,15196.11,24416.32,8,0,50,9,14,0,0,0,0,0,0,0,0,153,0.52,1.0,5,0.025,0.02,0.02,0.03,1
-9220.21,-0.0922,90779.79,10207.12,0.1011,-0.661,-0.903,0.622,81,0.1975,16,65,7.5,False,True,-0.0319,0.0279,15196.11,24416.32,8,0,50,9,14,0,0,0,0,0,0,0,0,153,0.52,1.0,5,0.025,0.02,0.02,0.03,2
-9220.21,-0.0922,90779.79,10207.12,0.1011,-0.661,-0.903,0.622,81,0.1975,16,65,7.5,False,True,-0.0319,0.0279,15196.11,24416.32,8,0,50,9,14,0,0,0,0,0,0,0,0,153,0.52,1.0,5,0.025,0.02,0.02,0.03,3
-7121.53,-0.0712,92878.47,10441.83,0.1011,-0.442,-0.682,0.711,69,0.1884,13,56,7.5,False,True,-0.0319,0.0473,17491.14,24612.67,6,0,44,8,11,0,0,0,0,0,0,0,0,134,0.52,1.0,5,0.025,0.02,0.02,0.05,1
-7121.53,-0.0712,92878.47,10441.83,0.1011,-0.442,-0.682,0.711,69,0.1884,13,56,7.5,False,True,-0.0319,0.0473,17491.14,24612.67,6,0,44,8,11,0,0,0,0,0,0,0,0,134,0.52,1.0,5,0.025,0.02,0.02,0.05,2
-7121.53,-0.0712,92878.47,10441.83,0.1011,-0.442,-0.682,0.711,69,0.1884,13,56,7.5,False,True,-0.0319,0.0473,17491.14,24612.67,6,0,44,8,11,0,0,0,0,0,0,0,0,134,0.52,1.0,5,0.025,0.02,0.02,0.05,3
-9123.27,-0.0912,90876.73,10110.18,0.1001,-0.779,-0.902,0.552,68,0.1765,12,56,7.6,False,True,-0.0319,0.0237,11237.08,20360.35,6,0,44,7,11,0,0,0,0,0,0,4,0,137,0.52,1.0,5,0.025,0.03,0.01,0.03,1
-9123.27,-0.0912,90876.73,10110.18,0.1001,-0.779,-0.902,0.552,68,0.1765,12,56,7.6,False,True,-0.0319,0.0237,11237.08,20360.35,6,0,44,7,11,0,0,0,0,0,0,4,0,137,0.52,1.0,5,0.025,0.03,0.01,0.03,2
-9123.27,-0.0912,90876.73,10110.18,0.1001,-0.779,-0.902,0.552,68,0.1765,12,56,7.6,False,True,-0.0319,0.0237,11237.08,20360.35,6,0,44,7,11,0,0,0,0,0,0,4,0,137,0.52,1.0,5,0.025,0.03,0.01,0.03,3
-7273.08,-0.0727,92726.92,10593.38,0.1025,-0.519,-0.687,0.654,67,0.1791,12,55,7.6,False,True,-0.0319,0.0473,13721.45,20994.53,6,0,43,7,11,0,0,0,0,0,0,3,0,135,0.52,1.0,5,0.025,0.03,0.01,0.05,1
-7273.08,-0.0727,92726.92,10593.38,0.1025,-0.519,-0.687,0.654,67,0.1791,12,55,7.6,False,True,-0.0319,0.0473,13721.45,20994.53,6,0,43,7,11,0,0,0,0,0,0,3,0,135,0.52,1.0,5,0.025,0.03,0.01,0.05,2
-7273.08,-0.0727,92726.92,10593.38,0.1025,-0.519,-0.687,0.654,67,0.1791,12,55,7.6,False,True,-0.0319,0.0473,13721.45,20994.53,6,0,43,7,11,0,0,0,0,0,0,3,0,135,0.52,1.0,5,0.025,0.03,0.01,0.05,3
-9220.21,-0.0922,90779.79,10207.12,0.1011,-0.661,-0.903,0.622,81,0.1975,16,65,7.5,False,True,-0.0319,0.0279,15196.11,24416.32,8,0,50,9,14,0,0,0,0,0,0,3,0,153,0.52,1.0,5,0.025,0.03,0.02,0.03,1
-9220.21,-0.0922,90779.79,10207.12,0.1011,-0.661,-0.903,0.622,81,0.1975,16,65,7.5,False,True,-0.0319,0.0279,15196.11,24416.32,8,0,50,9,14,0,0,0,0,0,0,3,0,153,0.52,1.0,5,0.025,0.03,0.02,0.03,2
-9220.21,-0.0922,90779.79,10207.12,0.1011,-0.661,-0.903,0.622,81,0.1975,16,65,7.5,False,True,-0.0319,0.0279,15196.11,24416.32,8,0,50,9,14,0,0,0,0,0,0,3,0,153,0.52,1.0,5,0.025,0.03,0.02,0.03,3
-7121.53,-0.0712,92878.47,10441.83,0.1011,-0.442,-0.682,0.711,69,0.1884,13,56,7.5,False,True,-0.0319,0.0473,17491.14,24612.67,6,0,44,8,11,0,0,0,0,0,0,2,0,134,0.52,1.0,5,0.025,0.03,0.02,0.05,1
-7121.53,-0.0712,92878.47,10441.83,0.1011,-0.442,-0.682,0.711,69,0.1884,13,56,7.5,False,True,-0.0319,0.0473,17491.14,24612.67,6,0,44,8,11,0,0,0,0,0,0,2,0,134,0.52,1.0,5,0.025,0.03,0.02,0.05,2
-7121.53,-0.0712,92878.47,10441.83,0.1011,-0.442,-0.682,0.711,69,0.1884,13,56,7.5,False,True,-0.0319,0.0473,17491.14,24612.67,6,0,44,8,11,0,0,0,0,0,0,2,0,134,0.52,1.0,5,0.025,0.03,0.02,0.05,3
-9394.03,-0.0939,90605.97,10131.13,0.1006,-0.813,-0.927,0.544,69,0.1739,12,57,7.6,False,True,-0.0319,0.0211,11206.1,20600.13,6,0,45,7,11,0,0,0,0,0,0,3,0,139,0.52,1.0,5,0.035,0.02,0.01,0.03,1
-9394.03,-0.0939,90605.97,10131.13,0.1006,-0.813,-0.927,0.544,69,0.1739,12,57,7.6,False,True,-0.0319,0.0211,11206.1,20600.13,6,0,45,7,11,0,0,0,0,0,0,3,0,139,0.52,1.0,5,0.035,0.02,0.01,0.03,2
-9394.03,-0.0939,90605.97,10131.13,0.1006,-0.813,-0.927,0.544,69,0.1739,12,57,7.6,False,True,-0.0319,0.0211,11206.1,20600.13,6,0,45,7,11,0,0,0,0,0,0,3,0,139,0.52,1.0,5,0.035,0.02,0.01,0.03,3
-7715.27,-0.0772,92284.73,10524.4,0.1024,-0.574,-0.733,0.639,68,0.1765,12,56,7.6,False,True,-0.0319,0.0421,13648.73,21364.0,6,0,44,7,11,0,0,0,0,0,0,3,0,137,0.52,1.0,5,0.035,0.02,0.01,0.05,1
-7715.27,-0.0772,92284.73,10524.4,0.1024,-0.574,-0.733,0.639,68,0.1765,12,56,7.6,False,True,-0.0319,0.0421,13648.73,21364.0,6,0,44,7,11,0,0,0,0,0,0,3,0,137,0.52,1.0,5,0.035,0.02,0.01,0.05,2
-7715.27,-0.0772,92284.73,10524.4,0.1024,-0.574,-0.733,0.639,68,0.1765,12,56,7.6,False,True,-0.0319,0.0421,13648.73,21364.0,6,0,44,7,11,0,0,0,0,0,0,3,0,137,0.52,1.0,5,0.035,0.02,0.01,0.05,3
-9490.68,-0.0949,90509.32,10227.78,0.1015,-0.688,-0.928,0.615,82,0.1951,16,66,7.5,False,True,-0.0319,0.0279,15153.33,24644.01,8,0,51,9,14,0,0,0,0,0,0,0,0,155,0.52,1.0,5,0.035,0.02,0.02,0.03,1
-9490.68,-0.0949,90509.32,10227.78,0.1015,-0.688,-0.928,0.615,82,0.1951,16,66,7.5,False,True,-0.0319,0.0279,15153.33,24644.01,8,0,51,9,14,0,0,0,0,0,0,0,0,155,0.52,1.0,5,0.035,0.02,0.02,0.03,2
-9490.68,-0.0949,90509.32,10227.78,0.1015,-0.688,-0.928,0.615,82,0.1951,16,66,7.5,False,True,-0.0319,0.0279,15153.33,24644.01,8,0,51,9,14,0,0,0,0,0,0,0,0,155,0.52,1.0,5,0.035,0.02,0.02,0.03,3
-7526.58,-0.0753,92473.42,10335.71,0.1005,-0.484,-0.728,0.698,69,0.1884,13,56,7.6,False,True,-0.0319,0.0421,17394.29,24920.87,6,0,44,8,11,0,0,0,0,0,0,0,0,137,0.52,1.0,5,0.035,0.02,0.02,0.05,1
-7526.58,-0.0753,92473.42,10335.71,0.1005,-0.484,-0.728,0.698,69,0.1884,13,56,7.6,False,True,-0.0319,0.0421,17394.29,24920.87,6,0,44,8,11,0,0,0,0,0,0,0,0,137,0.52,1.0,5,0.035,0.02,0.02,0.05,2
-7526.58,-0.0753,92473.42,10335.71,0.1005,-0.484,-0.728,0.698,69,0.1884,13,56,7.6,False,True,-0.0319,0.0421,17394.29,24920.87,6,0,44,8,11,0,0,0,0,0,0,0,0,137,0.52,1.0,5,0.035,0.02,0.02,0.05,3
-9394.03,-0.0939,90605.97,10131.13,0.1006,-0.813,-0.927,0.544,69,0.1739,12,57,7.6,False,True,-0.0319,0.0211,11206.1,20600.13,6,0,45,7,11,0,0,0,0,0,0,4,0,139,0.52,1.0,5,0.035,0.03,0.01,0.03,1
-9394.03,-0.0939,90605.97,10131.13,0.1006,-0.813,-0.927,0.544,69,0.1739,12,57,7.6,False,True,-0.0319,0.0211,11206.1,20600.13,6,0,45,7,11,0,0,0,0,0,0,4,0,139,0.52,1.0,5,0.035,0.03,0.01,0.03,2
-9394.03,-0.0939,90605.97,10131.13,0.1006,-0.813,-0.927,0.544,69,0.1739,12,57,7.6,False,True,-0.0319,0.0211,11206.1,20600.13,6,0,45,7,11,0,0,0,0,0,0,4,0,139,0.52,1.0,5,0.035,0.03,0.01,0.03,3
-7715.27,-0.0772,92284.73,10524.4,0.1024,-0.574,-0.733,0.639,68,0.1765,12,56,7.6,False,True,-0.0319,0.0421,13648.73,21364.0,6,0,44,7,11,0,0,0,0,0,0,3,0,137,0.52,1.0,5,0.035,0.03,0.01,0.05,1
-7715.27,-0.0772,92284.73,10524.4,0.1024,-0.574,-0.733,0.639,68,0.1765,12,56,7.6,False,True,-0.0319,0.0421,13648.73,21364.0,6,0,44,7,11,0,0,0,0,0,0,3,0,137,0.52,1.0,5,0.035,0.03,0.01,0.05,2
-7715.27,-0.0772,92284.73,10524.4,0.1024,-0.574,-0.733,0.639,68,0.1765,12,56,7.6,False,True,-0.0319,0.0421,13648.73,21364.0,6,0,44,7,11,0,0,0,0,0,0,3,0,137,0.52,1.0,5,0.035,0.03,0.01,0.05,3
-9490.68,-0.0949,90509.32,10227.78,0.1015,-0.688,-0.928,0.615,82,0.1951,16,66,7.5,False,True,-0.0319,0.0279,15153.33,24644.01,8,0,51,9,14,0,0,0,0,0,0,3,0,155,0.52,1.0,5,0.035,0.03,0.02,0.03,1
-9490.68,-0.0949,90509.32,10227.78,0.1015,-0.688,-0.928,0.615,82,0.1951,16,66,7.5,False,True,-0.0319,0.0279,15153.33,24644.01,8,0,51,9,14,0,0,0,0,0,0,3,0,155,0.52,1.0,5,0.035,0.03,0.02,0.03,2
-9490.68,-0.0949,90509.32,10227.78,0.1015,-0.688,-0.928,0.615,82,0.1951,16,66,7.5,False,True,-0.0319,0.0279,15153.33,24644.01,8,0,51,9,14,0,0,0,0,0,0,3,0,155,0.52,1.0,5,0.035,0.03,0.02,0.03,3
-7526.58,-0.0753,92473.42,10335.71,0.1005,-0.484,-0.728,0.698,69,0.1884,13,56,7.6,False,True,-0.0319,0.0421,17394.29,24920.87,6,0,44,8,11,0,0,0,0,0,0,2,0,137,0.52,1.0,5,0.035,0.03,0.02,0.05,1
-7526.58,-0.0753,92473.42,10335.71,0.1005,-0.484,-0.728,0.698,69,0.1884,13,56,7.6,False,True,-0.0319,0.0421,17394.29,24920.87,6,0,44,8,11,0,0,0,0,0,0,2,0,137,0.52,1.0,5,0.035,0.03,0.02,0.05,2
-7526.58,-0.0753,92473.42,10335.71,0.1005,-0.484,-0.728,0.698,69,0.1884,13,56,7.6,False,True,-0.0319,0.0421,17394.29,24920.87,6,0,44,8,11,0,0,0,0,0,0,2,0,137,0.52,1.0,5,0.035,0.03,0.02,0.05,3
-9123.27,-0.0912,90876.73,10110.18,0.1001,-0.779,-0.902,0.552,68,0.1765,12,56,7.6,False,True,-0.0319,0.0237,11237.08,20360.35,6,0,44,7,11,0,0,0,0,0,0,3,0,137,0.52,1.0,10,0.025,0.02,0.01,0.03,1
-9123.27,-0.0912,90876.73,10110.18,0.1001,-0.779,-0.902,0.552,68,0.1765,12,56,7.6,False,True,-0.0319,0.0237,11237.08,20360.35,6,0,44,7,11,0,0,0,0,0,0,3,0,137,0.52,1.0,10,0.025,0.02,0.01,0.03,2
-9123.27,-0.0912,90876.73,10110.18,0.1001,-0.779,-0.902,0.552,68,0.1765,12,56,7.6,False,True,-0.0319,0.0237,11237.08,20360.35,6,0,44,7,11,0,0,0,0,0,0,3,0,137,0.52,1.0,10,0.025,0.02,0.01,0.03,3
-7273.08,-0.0727,92726.92,10593.38,0.1025,-0.519,-0.687,0.654,67,0.1791,12,55,7.6,False,True,-0.0319,0.0473,13721.45,20994.53,6,0,43,7,11,0,0,0,0,0,0,3,0,135,0.52,1.0,10,0.025,0.02,0.01,0.05,1
-7273.08,-0.0727,92726.92,10593.38,0.1025,-0.519,-0.687,0.654,67,0.1791,12,55,7.6,False,True,-0.0319,0.0473,13721.45,20994.53,6,0,43,7,11,0,0,0,0,0,0,3,0,135,0.52,1.0,10,0.025,0.02,0.01,0.05,2
-7273.08,-0.0727,92726.92,10593.38,0.1025,-0.519,-0.687,0.654,67,0.1791,12,55,7.6,False,True,-0.0319,0.0473,13721.45,20994.53,6,0,43,7,11,0,0,0,0,0,0,3,0,135,0.52,1.0,10,0.025,0.02,0.01,0.05,3
-9220.21,-0.0922,90779.79,10207.12,0.1011,-0.661,-0.903,0.622,81,0.1975,16,65,7.5,False,True,-0.0319,0.0279,15196.11,24416.32,8,0,50,9,14,0,0,0,0,0,0,0,0,153,0.52,1.0,10,0.025,0.02,0.02,0.03,1
-9220.21,-0.0922,90779.79,10207.12,0.1011,-0.661,-0.903,0.622,81,0.1975,16,65,7.5,False,True,-0.0319,0.0279,15196.11,24416.32,8,0,50,9,14,0,0,0,0,0,0,0,0,153,0.52,1.0,10,0.025,0.02,0.02,0.03,2
-9220.21,-0.0922,90779.79,10207.12,0.1011,-0.661,-0.903,0.622,81,0.1975,16,65,7.5,False,True,-0.0319,0.0279,15196.11,24416.32,8,0,50,9,14,0,0,0,0,0,0,0,0,153,0.52,1.0,10,0.025,0.02,0.02,0.03,3
-7121.53,-0.0712,92878.47,10441.83,0.1011,-0.442,-0.682,0.711,69,0.1884,13,56,7.5,False,True,-0.0319,0.0473,17491.14,24612.67,6,0,44,8,11,0,0,0,0,0,0,0,0,134,0.52,1.0,10,0.025,0.02,0.02,0.05,1
-7121.53,-0.0712,92878.47,10441.83,0.1011,-0.442,-0.682,0.711,69,0.1884,13,56,7.5,False,True,-0.0319,0.0473,17491.14,24612.67,6,0,44,8,11,0,0,0,0,0,0,0,0,134,0.52,1.0,10,0.025,0.02,0.02,0.05,2
-7121.53,-0.0712,92878.47,10441.83,0.1011,-0.442,-0.682,0.711,69,0.1884,13,56,7.5,False,True,-0.0319,0.0473,17491.14,24612.67,6,0,44,8,11,0,0,0,0,0,0,0,0,134,0.52,1.0,10,0.025,0.02,0.02,0.05,3
-9123.27,-0.0912,90876.73,10110.18,0.1001,-0.779,-0.902,0.552,68,0.1765,12,56,7.6,False,True,-0.0319,0.0237,11237.08,20360.35,6,0,44,7,11,0,0,0,0,0,0,4,0,137,0.52,1.0,10,0.025,0.03,0.01,0.03,1
-9123.27,-0.0912,90876.73,10110.18,0.1001,-0.779,-0.902,0.552,68,0.1765,12,56,7.6,False,True,-0.0319,0.0237,11237.08,20360.35,6,0,44,7,11,0,0,0,0,0,0,4,0,137,0.52,1.0,10,0.025,0.03,0.01,0.03,2
-9123.27,-0.0912,90876.73,10110.18,0.1001,-0.779,-0.902,0.552,68,0.1765,12,56,7.6,False,True,-0.0319,0.0237,11237.08,20360.35,6,0,44,7,11,0,0,0,0,0,0,4,0,137,0.52,1.0,10,0.025,0.03,0.01,0.03,3
-7273.08,-0.0727,92726.92,10593.38,0.1025,-0.519,-0.687,0.654,67,0.1791,12,55,7.6,False,True,-0.0319,0.0473,13721.45,20994.53,6,0,43,7,11,0,0,0,0,0,0,3,0,135,0.52,1.0,10,0.025,0.03,0.01,0.05,1
-7273.08,-0.0727,92726.92,10593.38,0.1025,-0.519,-0.687,0.654,67,0.1791,12,55,7.6,False,True,-0.0319,0.0473,13721.45,20994.53,6,0,43,7,11,0,0,0,0,0,0,3,0,135,0.52,1.0,10,0.025,0.03,0.01,0.05,2
-7273.08,-0.0727,92726.92,10593.38,0.1025,-0.519,-0.687,0.654,67,0.1791,12,55,7.6,False,True,-0.0319,0.0473,13721.45,20994.53,6,0,43,7,11,0,0,0,0,0,0,3,0,135,0.52,1.0,10,0.025,0.03,0.01,0.05,3
-9220.21,-0.0922,90779.79,10207.12,0.1011,-0.661,-0.903,0.622,81,0.1975,16,65,7.5,False,True,-0.0319,0.0279,15196.11,24416.32,8,0,50,9,14,0,0,0,0,0,0,3,0,153,0.52,1.0,10,0.025,0.03,0.02,0.03,1
-9220.21,-0.0922,90779.79,10207.12,0.1011,-0.661,-0.903,0.622,81,0.1975,16,65,7.5,False,True,-0.0319,0.0279,15196.11,24416.32,8,0,50,9,14,0,0,0,0,0,0,3,0,153,0.52,1.0,10,0.025,0.03,0.02,0.03,2
-9220.21,-0.0922,90779.79,10207.12,0.1011,-0.661,-0.903,0.622,81,0.1975,16,65,7.5,False,True,-0.0319,0.0279,15196.11,24416.32,8,0,50,9,14,0,0,0,0,0,0,3,0,153,0.52,1.0,10,0.025,0.03,0.02,0.03,3
-7121.53,-0.0712,92878.47,10441.83,0.1011,-0.442,-0.682,0.711,69,0.1884,13,56,7.5,False,True,-0.0319,0.0473,17491.14,24612.67,6,0,44,8,11,0,0,0,0,0,0,2,0,134,0.52,1.0,10,0.025,0.03,0.02,0.05,1
-7121.53,-0.0712,92878.47,10441.83,0.1011,-0.442,-0.682,0.711,69,0.1884,13,56,7.5,False,True,-0.0319,0.0473,17491.14,24612.67,6,0,44,8,11,0,0,0,0,0,0,2,0,134,0.52,1.0,10,0.025,0.03,0.02,0.05,2
-7121.53,-0.0712,92878.47,10441.83,0.1011,-0.442,-0.682,0.711,69,0.1884,13,56,7.5,False,True,-0.0319,0.0473,17491.14,24612.67,6,0,44,8,11,0,0,0,0,0,0,2,0,134,0.52,1.0,10,0.025,0.03,0.02,0.05,3
-9394.03,-0.0939,90605.97,10131.13,0.1006,-0.813,-0.927,0.544,69,0.1739,12,57,7.6,False,True,-0.0319,0.0211,11206.1,20600.13,6,0,45,7,11,0,0,0,0,0,0,3,0,139,0.52,1.0,10,0.035,0.02,0.01,0.03,1
-9394.03,-0.0939,90605.97,10131.13,0.1006,-0.813,-0.927,0.544,69,0.1739,12,57,7.6,False,True,-0.0319,0.0211,11206.1,20600.13,6,0,45,7,11,0,0,0,0,0,0,3,0,139,0.52,1.0,10,0.035,0.02,0.01,0.03,2
-9394.03,-0.0939,90605.97,10131.13,0.1006,-0.813,-0.927,0.544,69,0.1739,12,57,7.6,False,True,-0.0319,0.0211,11206.1,20600.13,6,0,45,7,11,0,0,0,0,0,0,3,0,139,0.52,1.0,10,0.035,0.02,0.01,0.03,3
-7715.27,-0.0772,92284.73,10524.4,0.1024,-0.574,-0.733,0.639,68,0.1765,12,56,7.6,False,True,-0.0319,0.0421,13648.73,21364.0,6,0,44,7,11,0,0,0,0,0,0,3,0,137,0.52,1.0,10,0.035,0.02,0.01,0.05,1
-7715.27,-0.0772,92284.73,10524.4,0.1024,-0.574,-0.733,0.639,68,0.1765,12,56,7.6,False,True,-0.0319,0.0421,13648.73,21364.0,6,0,44,7,11,0,0,0,0,0,0,3,0,137,0.52,1.0,10,0.035,0.02,0.01,0.05,2
-7715.27,-0.0772,92284.73,10524.4,0.1024,-0.574,-0.733,0.639,68,0.1765,12,56,7.6,False,True,-0.0319,0.0421,13648.73,21364.0,6,0,44,7,11,0,0,0,0,0,0,3,0,137,0.52,1.0,10,0.035,0.02,0.01,0.05,3
-9490.68,-0.0949,90509.32,10227.78,0.1015,-0.688,-0.928,0.615,82,0.1951,16,66,7.5,False,True,-0.0319,0.0279,15153.33,24644.01,8,0,51,9,14,0,0,0,0,0,0,0,0,155,0.52,1.0,10,0.035,0.02,0.02,0.03,1
-9490.68,-0.0949,90509.32,10227.78,0.1015,-0.688,-0.928,0.615,82,0.1951,16,66,7.5,False,True,-0.0319,0.0279,15153.33,24644.01,8,0,51,9,14,0,0,0,0,0,0,0,0,155,0.52,1.0,10,0.035,0.02,0.02,0.03,2
-9490.68,-0.0949,90509.32,10227.78,0.1015,-0.688,-0.928,0.615,82,0.1951,16,66,7.5,False,True,-0.0319,0.0279,15153.33,24644.01,8,0,51,9,14,0,0,0,0,0,0,0,0,155,0.52,1.0,10,0.035,0.02,0.02,0.03,3
-7526.58,-0.0753,92473.42,10335.71,0.1005,-0.484,-0.728,0.698,69,0.1884,13,56,7.6,False,True,-0.0319,0.0421,17394.29,24920.87,6,0,44,8,11,0,0,0,0,0,0,0,0,137,0.52,1.0,10,0.035,0.02,0.02,0.05,1
-7526.58,-0.0753,92473.42,10335.71,0.1005,-0.484,-0.728,0.698,69,0.1884,13,56,7.6,False,True,-0.0319,0.0421,17394.29,24920.87,6,0,44,8,11,0,0,0,0,0,0,0,0,137,0.52,1.0,10,0.035,0.02,0.02,0.05,2
-7526.58,-0.0753,92473.42,10335.71,0.1005,-0.484,-0.728,0.698,69,0.1884,13,56,7.6,False,True,-0.0319,0.0421,17394.29,24920.87,6,0,44,8,11,0,0,0,0,0,0,0,0,137,0.52,1.0,10,0.035,0.02,0.02,0.05,3
-9394.03,-0.0939,90605.97,10131.13,0.1006,-0.813,-0.927,0.544,69,0.1739,12,57,7.6,False,True,-0.0319,0.0211,11206.1,20600.13,6,0,45,7,11,0,0,0,0,0,0,4,0,139,0.52,1.0,10,0.035,0.03,0.01,0.03,1
-9394.03,-0.0939,90605.97,10131.13,0.1006,-0.813,-0.927,0.544,69,0.1739,12,57,7.6,False,True,-0.0319,0.0211,11206.1,20600.13,6,0,45,7,11,0,0,0,0,0,0,4,0,139,0.52,1.0,10,0.035,0.03,0.01,0.03,2
-9394.03,-0.0939,90605.97,10131.13,0.1006,-0.813,-0.927,0.544,69,0.1739,12,57,7.6,False,True,-0.0319,0.0211,11206.1,20600.13,6,0,45,7,11,0,0,0,0,0,0,4,0,139,0.52,1.0,10,0.035,0.03,0.01,0.03,3
-7715.27,-0.0772,92284.73,10524.4,0.1024,-0.574,-0.733,0.639,68,0.1765,12,56,7.6,False,True,-0.0319,0.0421,13648.73,21364.0,6,0,44,7,11,0,0,0,0,0,0,3,0,137,0.52,1.0,10,0.035,0.03,0.01,0.05,1
-7715.27,-0.0772,92284.73,10524.4,0.1024,-0.574,-0.733,0.639,68,0.1765,12,56,7.6,False,True,-0.0319,0.0421,13648.73,21364.0,6,0,44,7,11,0,0,0,0,0,0,3,0,137,0.52,1.0,10,0.035,0.03,0.01,0.05,2
-7715.27,-0.0772,92284.73,10524.4,0.1024,-0.574,-0.733,0.639,68,0.1765,12,56,7.6,False,True,-0.0319,0.0421,13648.73,21364.0,6,0,44,7,11,0,0,0,0,0,0,3,0,137,0.52,1.0,10,0.035,0.03,0.01,0.05,3
-9490.68,-0.0949,90509.32,10227.78,0.1015,-0.688,-0.928,0.615,82,0.1951,16,66,7.5,False,True,-0.0319,0.0279,15153.33,24644.01,8,0,51,9,14,0,0,0,0,0,0,3,0,155,0.52,1.0,10,0.035,0.03,0.02,0.03,1
-9490.68,-0.0949,90509.32,10227.78,0.1015,-0.688,-0.928,0.615,82,0.1951,16,66,7.5,False,True,-0.0319,0.0279,15153.33,24644.01,8,0,51,9,14,0,0,0,0,0,0,3,0,155,0.52,1.0,10,0.035,0.03,0.02,0.03,2
-9490.68,-0.0949,90509.32,10227.78,0.1015,-0.688,-0.928,0.615,82,0.1951,16,66,7.5,False,True,-0.0319,0.0279,15153.33,24644.01,8,0,51,9,14,0,0,0,0,0,0,3,0,155,0.52,1.0,10,0.035,0.03,0.02,0.03,3
-7526.58,-0.0753,92473.42,10335.71,0.1005,-0.484,-0.728,0.698,69,0.1884,13,56,7.6,False,True,-0.0319,0.0421,17394.29,24920.87,6,0,44,8,11,0,0,0,0,0,0,2,0,137,0.52,1.0,10,0.035,0.03,0.02,0.05,1
-7526.58,-0.0753,92473.42,10335.71,0.1005,-0.484,-0.728,0.698,69,0.1884,13,56,7.6,False,True,-0.0319,0.0421,17394.29,24920.87,6,0,44,8,11,0,0,0,0,0,0,2,0,137,0.52,1.0,10,0.035,0.03,0.02,0.05,2
-7526.58,-0.0753,92473.42,10335.71,0.1005,-0.484,-0.728,0.698,69,0.1884,13,56,7.6,False,True,-0.0319,0.0421,17394.29,24920.87,6,0,44,8,11,0,0,0,0,0,0,2,0,137,0.52,1.0,10,0.035,0.03,0.02,0.05,3
-9123.27,-0.0912,90876.73,10110.18,0.1001,-0.779,-0.902,0.552,68,0.1765,12,56,7.6,False,True,-0.0319,0.0237,11237.08,20360.35,6,0,44,7,11,0,0,0,0,0,0,3,0,137,0.52,1.0,15,0.025,0.02,0.01,0.03,1
-9123.27,-0.0912,90876.73,10110.18,0.1001,-0.779,-0.902,0.552,68,0.1765,12,56,7.6,False,True,-0.0319,0.0237,11237.08,20360.35,6,0,44,7,11,0,0,0,0,0,0,3,0,137,0.52,1.0,15,0.025,0.02,0.01,0.03,2
-9123.27,-0.0912,90876.73,10110.18,0.1001,-0.779,-0.902,0.552,68,0.1765,12,56,7.6,False,True,-0.0319,0.0237,11237.08,20360.35,6,0,44,7,11,0,0,0,0,0,0,3,0,137,0.52,1.0,15,0.025,0.02,0.01,0.03,3
-7273.08,-0.0727,92726.92,10593.38,0.1025,-0.519,-0.687,0.654,67,0.1791,12,55,7.6,False,True,-0.0319,0.0473,13721.45,20994.53,6,0,43,7,11,0,0,0,0,0,0,3,0,135,0.52,1.0,15,0.025,0.02,0.01,0.05,1
-7273.08,-0.0727,92726.92,10593.38,0.1025,-0.519,-0.687,0.654,67,0.1791,12,55,7.6,False,True,-0.0319,0.0473,13721.45,20994.53,6,0,43,7,11,0,0,0,0,0,0,3,0,135,0.52,1.0,15,0.025,0.02,0.01,0.05,2
-7273.08,-0.0727,92726.92,10593.38,0.1025,-0.519,-0.687,0.654,67,0.1791,12,55,7.6,False,True,-0.0319,0.0473,13721.45,20994.53,6,0,43,7,11,0,0,0,0,0,0,3,0,135,0.52,1.0,15,0.025,0.02,0.01,0.05,3
-9220.21,-0.0922,90779.79,10207.12,0.1011,-0.661,-0.903,0.622,81,0.1975,16,65,7.5,False,True,-0.0319,0.0279,15196.11,24416.32,8,0,50,9,14,0,0,0,0,0,0,0,0,153,0.52,1.0,15,0.025,0.02,0.02,0.03,1
-9220.21,-0.0922,90779.79,10207.12,0.1011,-0.661,-0.903,0.622,81,0.1975,16,65,7.5,False,True,-0.0319,0.0279,15196.11,24416.32,8,0,50,9,14,0,0,0,0,0,0,0,0,153,0.52,1.0,15,0.025,0.02,0.02,0.03,2
-9220.21,-0.0922,90779.79,10207.12,0.1011,-0.661,-0.903,0.622,81,0.1975,16,65,7.5,False,True,-0.0319,0.0279,15196.11,24416.32,8,0,50,9,14,0,0,0,0,0,0,0,0,153,0.52,1.0,15,0.025,0.02,0.02,0.03,3
-7121.53,-0.0712,92878.47,10441.83,0.1011,-0.442,-0.682,0.711,69,0.1884,13,56,7.5,False,True,-0.0319,0.0473,17491.14,24612.67,6,0,44,8,11,0,0,0,0,0,0,0,0,134,0.52,1.0,15,0.025,0.02,0.02,0.05,1
-7121.53,-0.0712,92878.47,10441.83,0.1011,-0.442,-0.682,0.711,69,0.1884,13,56,7.5,False,True,-0.0319,0.0473,17491.14,24612.67,6,0,44,8,11,0,0,0,0,0,0,0,0,134,0.52,1.0,15,0.025,0.02,0.02,0.05,2
-7121.53,-0.0712,92878.47,10441.83,0.1011,-0.442,-0.682,0.711,69,0.1884,13,56,7.5,False,True,-0.0319,0.0473,17491.14,24612.67,6,0,44,8,11,0,0,0,0,0,0,0,0,134,0.52,1.0,15,0.025,0.02,0.02,0.05,3
-9123.27,-0.0912,90876.73,10110.18,0.1001,-0.779,-0.902,0.552,68,0.1765,12,56,7.6,False,True,-0.0319,0.0237,11237.08,20360.35,6,0,44,7,11,0,0,0,0,0,0,4,0,137,0.52,1.0,15,0.025,0.03,0.01,0.03,1
-9123.27,-0.0912,90876.73,10110.18,0.1001,-0.779,-0.902,0.552,68,0.1765,12,56,7.6,False,True,-0.0319,0.0237,11237.08,20360.35,6,0,44,7,11,0,0,0,0,0,0,4,0,137,0.52,1.0,15,0.025,0.03,0.01,0.03,2
-9123.27,-0.0912,90876.73,10110.18,0.1001,-0.779,-0.902,0.552,68,0.1765,12,56,7.6,False,True,-0.0319,0.0237,11237.08,20360.35,6,0,44,7,11,0,0,0,0,0,0,4,0,137,0.52,1.0,15,0.025,0.03,0.01,0.03,3
-7273.08,-0.0727,92726.92,10593.38,0.1025,-0.519,-0.687,0.654,67,0.1791,12,55,7.6,False,True,-0.0319,0.0473,13721.45,20994.53,6,0,43,7,11,0,0,0,0,0,0,3,0,135,0.52,1.0,15,0.025,0.03,0.01,0.05,1
-7273.08,-0.0727,92726.92,10593.38,0.1025,-0.519,-0.687,0.654,67,0.1791,12,55,7.6,False,True,-0.0319,0.0473,13721.45,20994.53,6,0,43,7,11,0,0,0,0,0,0,3,0,135,0.52,1.0,15,0.025,0.03,0.01,0.05,2
-7273.08,-0.0727,92726.92,10593.38,0.1025,-0.519,-0.687,0.654,67,0.1791,12,55,7.6,False,True,-0.0319,0.0473,13721.45,20994.53,6,0,43,7,11,0,0,0,0,0,0,3,0,135,0.52,1.0,15,0.025,0.03,0.01,0.05,3
-9220.21,-0.0922,90779.79,10207.12,0.1011,-0.661,-0.903,0.622,81,0.1975,16,65,7.5,False,True,-0.0319,0.0279,15196.11,24416.32,8,0,50,9,14,0,0,0,0,0,0,3,0,153,0.52,1.0,15,0.025,0.03,0.02,0.03,1
-9220.21,-0.0922,90779.79,10207.12,0.1011,-0.661,-0.903,0.622,81,0.1975,16,65,7.5,False,True,-0.0319,0.0279,15196.11,24416.32,8,0,50,9,14,0,0,0,0,0,0,3,0,153,0.52,1.0,15,0.025,0.03,0.02,0.03,2
-9220.21,-0.0922,90779.79,10207.12,0.1011,-0.661,-0.903,0.622,81,0.1975,16,65,7.5,False,True,-0.0319,0.0279,15196.11,24416.32,8,0,50,9,14,0,0,0,0,0,0,3,0,153,0.52,1.0,15,0.025,0.03,0.02,0.03,3
-7121.53,-0.0712,92878.47,10441.83,0.1011,-0.442,-0.682,0.711,69,0.1884,13,56,7.5,False,True,-0.0319,0.0473,17491.14,24612.67,6,0,44,8,11,0,0,0,0,0,0,2,0,134,0.52,1.0,15,0.025,0.03,0.02,0.05,1
-7121.53,-0.0712,92878.47,10441.83,0.1011,-0.442,-0.682,0.711,69,0.1884,13,56,7.5,False,True,-0.0319,0.0473,17491.14,24612.67,6,0,44,8,11,0,0,0,0,0,0,2,0,134,0.52,1.0,15,0.025,0.03,0.02,0.05,2
-7121.53,-0.0712,92878.47,10441.83,0.1011,-0.442,-0.682,0.711,69,0.1884,13,56,7.5,False,True,-0.0319,0.0473,17491.14,24612.67,6,0,44,8,11,0,0,0,0,0,0,2,0,134,0.52,1.0,15,0.025,0.03,0.02,0.05,3
-9394.03,-0.0939,90605.97,10131.13,0.1006,-0.813,-0.927,0.544,69,0.1739,12,57,7.6,False,True,-0.0319,0.0211,11206.1,20600.13,6,0,45,7,11,0,0,0,0,0,0,3,0,139,0.52,1.0,15,0.035,0.02,0.01,0.03,1
-9394.03,-0.0939,90605.97,10131.13,0.1006,-0.813,-0.927,0.544,69,0.1739,12,57,7.6,False,True,-0.0319,0.0211,11206.1,20600.13,6,0,45,7,11,0,0,0,0,0,0,3,0,139,0.52,1.0,15,0.035,0.02,0.01,0.03,2
-9394.03,-0.0939,90605.97,10131.13,0.1006,-0.813,-0.927,0.544,69,0.1739,12,57,7.6,False,True,-0.0319,0.0211,11206.1,20600.13,6,0,45,7,11,0,0,0,0,0,0,3,0,139,0.52,1.0,15,0.035,0.02,0.01,0.03,3
-7715.27,-0.0772,92284.73,10524.4,0.1024,-0.574,-0.733,0.639,68,0.1765,12,56,7.6,False,True,-0.0319,0.0421,13648.73,21364.0,6,0,44,7,11,0,0,0,0,0,0,3,0,137,0.52,1.0,15,0.035,0.02,0.01,0.05,1
-7715.27,-0.0772,92284.73,10524.4,0.1024,-0.574,-0.733,0.639,68,0.1765,12,56,7.6,False,True,-0.0319,0.0421,13648.73,21364.0,6,0,44,7,11,0,0,0,0,0,0,3,0,137,0.52,1.0,15,0.035,0.02,0.01,0.05,2
-7715.27,-0.0772,92284.73,10524.4,0.1024,-0.574,-0.733,0.639,68,0.1765,12,56,7.6,False,True,-0.0319,0.0421,13648.73,21364.0,6,0,44,7,11,0,0,0,0,0,0,3,0,137,0.52,1.0,15,0.035,0.02,0.01,0.05,3
-9490.68,-0.0949,90509.32,10227.78,0.1015,-0.688,-0.928,0.615,82,0.1951,16,66,7.5,False,True,-0.0319,0.0279,15153.33,24644.01,8,0,51,9,14,0,0,0,0,0,0,0,0,155,0.52,1.0,15,0.035,0.02,0.02,0.03,1
-9490.68,-0.0949,90509.32,10227.78,0.1015,-0.688,-0.928,0.615,82,0.1951,16,66,7.5,False,True,-0.0319,0.0279,15153.33,24644.01,8,0,51,9,14,0,0,0,0,0,0,0,0,155,0.52,1.0,15,0.035,0.02,0.02,0.03,2
-9490.68,-0.0949,90509.32,10227.78,0.1015,-0.688,-0.928,0.615,82,0.1951,16,66,7.5,False,True,-0.0319,0.0279,15153.33,24644.01,8,0,51,9,14,0,0,0,0,0,0,0,0,155,0.52,1.0,15,0.035,0.02,0.02,0.03,3
-7526.58,-0.0753,92473.42,10335.71,0.1005,-0.484,-0.728,0.698,69,0.1884,13,56,7.6,False,True,-0.0319,0.0421,17394.29,24920.87,6,0,44,8,11,0,0,0,0,0,0,0,0,137,0.52,1.0,15,0.035,0.02,0.02,0.05,1
-7526.58,-0.0753,92473.42,10335.71,0.1005,-0.484,-0.728,0.698,69,0.1884,13,56,7.6,False,True,-0.0319,0.0421,17394.29,24920.87,6,0,44,8,11,0,0,0,0,0,0,0,0,137,0.52,1.0,15,0.035,0.02,0.02,0.05,2
-7526.58,-0.0753,92473.42,10335.71,0.1005,-0.484,-0.728,0.698,69,0.1884,13,56,7.6,False,True,-0.0319,0.0421,17394.29,24920.87,6,0,44,8,11,0,0,0,0,0,0,0,0,137,0.52,1.0,15,0.035,0.02,0.02,0.05,3
-9394.03,-0.0939,90605.97,10131.13,0.1006,-0.813,-0.927,0.544,69,0.1739,12,57,7.6,False,True,-0.0319,0.0211,11206.1,20600.13,6,0,45,7,11,0,0,0,0,0,0,4,0,139,0.52,1.0,15,0.035,0.03,0.01,0.03,1
-9394.03,-0.0939,90605.97,10131.13,0.1006,-0.813,-0.927,0.544,69,0.1739,12,57,7.6,False,True,-0.0319,0.0211,11206.1,20600.13,6,0,45,7,11,0,0,0,0,0,0,4,0,139,0.52,1.0,15,0.035,0.03,0.01,0.03,2
-9394.03,-0.0939,90605.97,10131.13,0.1006,-0.813,-0.927,0.544,69,0.1739,12,57,7.6,False,True,-0.0319,0.0211,11206.1,20600.13,6,0,45,7,11,0,0,0,0,0,0,4,0,139,0.52,1.0,15,0.035,0.03,0.01,0.03,3
-7715.27,-0.0772,92284.73,10524.4,0.1024,-0.574,-0.733,0.639,68,0.1765,12,56,7.6,False,True,-0.0319,0.0421,13648.73,21364.0,6,0,44,7,11,0,0,0,0,0,0,3,0,137,0.52,1.0,15,0.035,0.03,0.01,0.05,1
-7715.27,-0.0772,92284.73,10524.4,0.1024,-0.574,-0.733,0.639,68,0.1765,12,56,7.6,False,True,-0.0319,0.0421,13648.73,21364.0,6,0,44,7,11,0,0,0,0,0,0,3,0,137,0.52,1.0,15,0.035,0.03,0.01,0.05,2
-7715.27,-0.0772,92284.73,10524.4,0.1024,-0.574,-0.733,0.639,68,0.1765,12,56,7.6,False,True,-0.0319,0.0421,13648.73,21364.0,6,0,44,7,11,0,0,0,0,0,0,3,0,137,0.52,1.0,15,0.035,0.03,0.01,0.05,3
-9490.68,-0.0949,90509.32,10227.78,0.1015,-0.688,-0.928,0.615,82,0.1951,16,66,7.5,False,True,-0.0319,0.0279,15153.33,24644.01,8,0,51,9,14,0,0,0,0,0,0,3,0,155,0.52,1.0,15,0.035,0.03,0.02,0.03,1
-9490.68,-0.0949,90509.32,10227.78,0.1015,-0.688,-0.928,0.615,82,0.1951,16,66,7.5,False,True,-0.0319,0.0279,15153.33,24644.01,8,0,51,9,14,0,0,0,0,0,0,3,0,155,0.52,1.0,15,0.035,0.03,0.02,0.03,2
-9490.68,-0.0949,90509.32,10227.78,0.1015,-0.688,-0.928,0.615,82,0.1951,16,66,7.5,False,True,-0.0319,0.0279,15153.33,24644.01,8,0,51,9,14,0,0,0,0,0,0,3,0,155,0.52,1.0,15,0.035,0.03,0.02,0.03,3
-7526.58,-0.0753,92473.42,10335.71,0.1005,-0.484,-0.728,0.698,69,0.1884,13,56,7.6,False,True,-0.0319,0.0421,17394.29,24920.87,6,0,44,8,11,0,0,0,0,0,0,2,0,137,0.52,1.0,15,0.035,0.03,0.02,0.05,1
-7526.58,-0.0753,92473.42,10335.71,0.1005,-0.484,-0.728,0.698,69,0.1884,13,56,7.6,False,True,-0.0319,0.0421,17394.29,24920.87,6,0,44,8,11,0,0,0,0,0,0,2,0,137,0.52,1.0,15,0.035,0.03,0.02,0.05,2
-7526.58,-0.0753,92473.42,10335.71,0.1005,-0.484,-0.728,0.698,69,0.1884,13,56,7.6,False,True,-0.0319,0.0421,17394.29,24920.87,6,0,44,8,11,0,0,0,0,0,0,2,0,137,0.52,1.0,15,0.035,0.03,0.02,0.05,3
-9981.37,-0.0998,90018.63,10062.34,0.1005,-0.71,-0.992,0.363,14,0.2143,3,11,8.2,False,True,-0.0478,0.0355,5685.09,15666.46,3,0,6,2,3,0,0,0,0,0,0,0,0,36,0.52,1.5,5,0.025,0.02,0.01,0.03,1
-9981.37,-0.0998,90018.63,10062.34,0.1005,-0.71,-0.992,0.363,14,0.2143,3,11,8.2,False,True,-0.0478,0.0355,5685.09,15666.46,3,0,6,2,3,0,0,0,0,0,0,0,0,36,0.52,1.5,5,0.025,0.02,0.01,0.03,2
-9981.37,-0.0998,90018.63,10062.34,0.1005,-0.71,-0.992,0.363,14,0.2143,3,11,8.2,False,True,-0.0478,0.0355,5685.09,15666.46,3,0,6,2,3,0,0,0,0,0,0,0,0,36,0.52,1.5,5,0.025,0.02,0.01,0.03,3
-5676.65,-0.0568,94323.35,10543.53,0.1005,-0.287,-0.538,0.656,14,0.2143,3,11,8.2,False,True,-0.0478,0.071,10812.87,16489.52,3,0,6,2,3,0,0,0,0,0,0,0,0,36,0.52,1.5,5,0.025,0.02,0.01,0.05,1
-5676.65,-0.0568,94323.35,10543.53,0.1005,-0.287,-0.538,0.656,14,0.2143,3,11,8.2,False,True,-0.0478,0.071,10812.87,16489.52,3,0,6,2,3,0,0,0,0,0,0,0,0,36,0.52,1.5,5,0.025,0.02,0.01,0.05,2
-5676.65,-0.0568,94323.35,10543.53,0.1005,-0.287,-0.538,0.656,14,0.2143,3,11,8.2,False,True,-0.0478,0.071,10812.87,16489.52,3,0,6,2,3,0,0,0,0,0,0,0,0,36,0.52,1.5,5,0.025,0.02,0.01,0.05,3
-9981.37,-0.0998,90018.63,10062.34,0.1005,-0.71,-0.992,0.363,14,0.2143,3,11,8.2,False,True,-0.0478,0.0355,5685.09,15666.46,3,0,6,2,3,0,0,0,0,0,0,0,0,36,0.52,1.5,5,0.025,0.02,0.02,0.03,1
-9981.37,-0.0998,90018.63,10062.34,0.1005,-0.71,-0.992,0.363,14,0.2143,3,11,8.2,False,True,-0.0478,0.0355,5685.09,15666.46,3,0,6,2,3,0,0,0,0,0,0,0,0,36,0.52,1.5,5,0.025,0.02,0.02,0.03,2
-9981.37,-0.0998,90018.63,10062.34,0.1005,-0.71,-0.992,0.363,14,0.2143,3,11,8.2,False,True,-0.0478,0.0355,5685.09,15666.46,3,0,6,2,3,0,0,0,0,0,0,0,0,36,0.52,1.5,5,0.025,0.02,0.02,0.03,3
-5676.65,-0.0568,94323.35,10543.53,0.1005,-0.287,-0.538,0.656,14,0.2143,3,11,8.2,False,True,-0.0478,0.071,10812.87,16489.52,3,0,6,2,3,0,0,0,0,0,0,0,0,36,0.52,1.5,5,0.025,0.02,0.02,0.05,1
-5676.65,-0.0568,94323.35,10543.53,0.1005,-0.287,-0.538,0.656,14,0.2143,3,11,8.2,False,True,-0.0478,0.071,10812.87,16489.52,3,0,6,2,3,0,0,0,0,0,0,0,0,36,0.52,1.5,5,0.025,0.02,0.02,0.05,2
-5676.65,-0.0568,94323.35,10543.53,0.1005,-0.287,-0.538,0.656,14,0.2143,3,11,8.2,False,True,-0.0478,0.071,10812.87,16489.52,3,0,6,2,3,0,0,0,0,0,0,0,0,36,0.52,1.5,5,0.025,0.02,0.02,0.05,3
-9981.37,-0.0998,90018.63,10062.34,0.1005,-0.71,-0.992,0.363,14,0.2143,3,11,8.2,False,True,-0.0478,0.0355,5685.09,15666.46,3,0,6,2,3,0,0,0,0,0,0,0,0,36,0.52,1.5,5,0.025,0.03,0.01,0.03,1
-9981.37,-0.0998,90018.63,10062.34,0.1005,-0.71,-0.992,0.363,14,0.2143,3,11,8.2,False,True,-0.0478,0.0355,5685.09,15666.46,3,0,6,2,3,0,0,0,0,0,0,0,0,36,0.52,1.5,5,0.025,0.03,0.01,0.03,2
-9981.37,-0.0998,90018.63,10062.34,0.1005,-0.71,-0.992,0.363,14,0.2143,3,11,8.2,False,True,-0.0478,0.0355,5685.09,15666.46,3,0,6,2,3,0,0,0,0,0,0,0,0,36,0.52,1.5,5,0.025,0.03,0.01,0.03,3
-5676.65,-0.0568,94323.35,10543.53,0.1005,-0.287,-0.538,0.656,14,0.2143,3,11,8.2,False,True,-0.0478,0.071,10812.87,16489.52,3,0,6,2,3,0,0,0,0,0,0,0,0,36,0.52,1.5,5,0.025,0.03,0.01,0.05,1
-5676.65,-0.0568,94323.35,10543.53,0.1005,-0.287,-0.538,0.656,14,0.2143,3,11,8.2,False,True,-0.0478,0.071,10812.87,16489.52,3,0,6,2,3,0,0,0,0,0,0,0,0,36,0.52,1.5,5,0.025,0.03,0.01,0.05,2
-5676.65,-0.0568,94323.35,10543.53,0.1005,-0.287,-0.538,0.656,14,0.2143,3,11,8.2,False,True,-0.0478,0.071,10812.87,16489.52,3,0,6,2,3,0,0,0,0,0,0,0,0,36,0.52,1.5,5,0.025,0.03,0.01,0.05,3
-9981.37,-0.0998,90018.63,10062.34,0.1005,-0.71,-0.992,0.363,14,0.2143,3,11,8.2,False,True,-0.0478,0.0355,5685.09,15666.46,3,0,6,2,3,0,0,0,0,0,0,0,0,36,0.52,1.5,5,0.025,0.03,0.02,0.03,1
-9981.37,-0.0998,90018.63,10062.34,0.1005,-0.71,-0.992,0.363,14,0.2143,3,11,8.2,False,True,-0.0478,0.0355,5685.09,15666.46,3,0,6,2,3,0,0,0,0,0,0,0,0,36,0.52,1.5,5,0.025,0.03,0.02,0.03,2
-9981.37,-0.0998,90018.63,10062.34,0.1005,-0.71,-0.992,0.363,14,0.2143,3,11,8.2,False,True,-0.0478,0.0355,5685.09,15666.46,3,0,6,2,3,0,0,0,0,0,0,0,0,36,0.52,1.5,5,0.025,0.03,0.02,0.03,3
-5676.65,-0.0568,94323.35,10543.53,0.1005,-0.287,-0.538,0.656,14,0.2143,3,11,8.2,False,True,-0.0478,0.071,10812.87,16489.52,3,0,6,2,3,0,0,0,0,0,0,0,0,36,0.52,1.5,5,0.025,0.03,0.02,0.05,1
-5676.65,-0.0568,94323.35,10543.53,0.1005,-0.287,-0.538,0.656,14,0.2143,3,11,8.2,False,True,-0.0478,0.071,10812.87,16489.52,3,0,6,2,3,0,0,0,0,0,0,0,0,36,0.52,1.5,5,0.025,0.03,0.02,0.05,2
-5676.65,-0.0568,94323.35,10543.53,0.1005,-0.287,-0.538,0.656,14,0.2143,3,11,8.2,False,True,-0.0478,0.071,10812.87,16489.52,3,0,6,2,3,0,0,0,0,0,0,0,0,36,0.52,1.5,5,0.025,0.03,0.02,0.05,3
-9981.37,-0.0998,90018.63,10062.34,0.1005,-0.71,-0.992,0.363,14,0.2143,3,11,8.2,False,True,-0.0478,0.0355,5685.09,15666.46,3,0,6,2,3,0,0,0,0,0,0,0,0,36,0.52,1.5,5,0.035,0.02,0.01,0.03,1
-9981.37,-0.0998,90018.63,10062.34,0.1005,-0.71,-0.992,0.363,14,0.2143,3,11,8.2,False,True,-0.0478,0.0355,5685.09,15666.46,3,0,6,2,3,0,0,0,0,0,0,0,0,36,0.52,1.5,5,0.035,0.02,0.01,0.03,2
-9981.37,-0.0998,90018.63,10062.34,0.1005,-0.71,-0.992,0.363,14,0.2143,3,11,8.2,False,True,-0.0478,0.0355,5685.09,15666.46,3,0,6,2,3,0,0,0,0,0,0,0,0,36,0.52,1.5,5,0.035,0.02,0.01,0.03,3
-5676.65,-0.0568,94323.35,10543.53,0.1005,-0.287,-0.538,0.656,14,0.2143,3,11,8.2,False,True,-0.0478,0.071,10812.87,16489.52,3,0,6,2,3,0,0,0,0,0,0,0,0,36,0.52,1.5,5,0.035,0.02,0.01,0.05,1
-5676.65,-0.0568,94323.35,10543.53,0.1005,-0.287,-0.538,0.656,14,0.2143,3,11,8.2,False,True,-0.0478,0.071,10812.87,16489.52,3,0,6,2,3,0,0,0,0,0,0,0,0,36,0.52,1.5,5,0.035,0.02,0.01,0.05,2
-5676.65,-0.0568,94323.35,10543.53,0.1005,-0.287,-0.538,0.656,14,0.2143,3,11,8.2,False,True,-0.0478,0.071,10812.87,16489.52,3,0,6,2,3,0,0,0,0,0,0,0,0,36,0.52,1.5,5,0.035,0.02,0.01,0.05,3
-9981.37,-0.0998,90018.63,10062.34,0.1005,-0.71,-0.992,0.363,14,0.2143,3,11,8.2,False,True,-0.0478,0.0355,5685.09,15666.46,3,0,6,2,3,0,0,0,0,0,0,0,0,36,0.52,1.5,5,0.035,0.02,0.02,0.03,1
-9981.37,-0.0998,90018.63,10062.34,0.1005,-0.71,-0.992,0.363,14,0.2143,3,11,8.2,False,True,-0.0478,0.0355,5685.09,15666.46,3,0,6,2,3,0,0,0,0,0,0,0,0,36,0.52,1.5,5,0.035,0.02,0.02,0.03,2
-9981.37,-0.0998,90018.63,10062.34,0.1005,-0.71,-0.992,0.363,14,0.2143,3,11,8.2,False,True,-0.0478,0.0355,5685.09,15666.46,3,0,6,2,3,0,0,0,0,0,0,0,0,36,0.52,1.5,5,0.035,0.02,0.02,0.03,3
-5676.65,-0.0568,94323.35,10543.53,0.1005,-0.287,-0.538,0.656,14,0.2143,3,11,8.2,False,True,-0.0478,0.071,10812.87,16489.52,3,0,6,2,3,0,0,0,0,0,0,0,0,36,0.52,1.5,5,0.035,0.02,0.02,0.05,1
-5676.65,-0.0568,94323.35,10543.53,0.1005,-0.287,-0.538,0.656,14,0.2143,3,11,8.2,False,True,-0.0478,0.071,10812.87,16489.52,3,0,6,2,3,0,0,0,0,0,0,0,0,36,0.52,1.5,5,0.035,0.02,0.02,0.05,2
-5676.65,-0.0568,94323.35,10543.53,0.1005,-0.287,-0.538,0.656,14,0.2143,3,11,8.2,False,True,-0.0478,0.071,10812.87,16489.52,3,0,6,2,3,0,0,0,0,0,0,0,0,36,0.52,1.5,5,0.035,0.02,0.02,0.05,3
-9981.37,-0.0998,90018.63,10062.34,0.1005,-0.71,-0.992,0.363,14,0.2143,3,11,8.2,False,True,-0.0478,0.0355,5685.09,15666.46,3,0,6,2,3,0,0,0,0,0,0,0,0,36,0.52,1.5,5,0.035,0.03,0.01,0.03,1
-9981.37,-0.0998,90018.63,10062.34,0.1005,-0.71,-0.992,0.363,14,0.2143,3,11,8.2,False,True,-0.0478,0.0355,5685.09,15666.46,3,0,6,2,3,0,0,0,0,0,0,0,0,36,0.52,1.5,5,0.035,0.03,0.01,0.03,2
-9981.37,-0.0998,90018.63,10062.34,0.1005,-0.71,-0.992,0.363,14,0.2143,3,11,8.2,False,True,-0.0478,0.0355,5685.09,15666.46,3,0,6,2,3,0,0,0,0,0,0,0,0,36,0.52,1.5,5,0.035,0.03,0.01,0.03,3
-5676.65,-0.0568,94323.35,10543.53,0.1005,-0.287,-0.538,0.656,14,0.2143,3,11,8.2,False,True,-0.0478,0.071,10812.87,16489.52,3,0,6,2,3,0,0,0,0,0,0,0,0,36,0.52,1.5,5,0.035,0.03,0.01,0.05,1
-5676.65,-0.0568,94323.35,10543.53,0.1005,-0.287,-0.538,0.656,14,0.2143,3,11,8.2,False,True,-0.0478,0.071,10812.87,16489.52,3,0,6,2,3,0,0,0,0,0,0,0,0,36,0.52,1.5,5,0.035,0.03,0.01,0.05,2
-5676.65,-0.0568,94323.35,10543.53,0.1005,-0.287,-0.538,0.656,14,0.2143,3,11,8.2,False,True,-0.0478,0.071,10812.87,16489.52,3,0,6,2,3,0,0,0,0,0,0,0,0,36,0.52,1.5,5,0.035,0.03,0.01,0.05,3
-9981.37,-0.0998,90018.63,10062.34,0.1005,-0.71,-0.992,0.363,14,0.2143,3,11,8.2,False,True,-0.0478,0.0355,5685.09,15666.46,3,0,6,2,3,0,0,0,0,0,0,0,0,36,0.52,1.5,5,0.035,0.03,0.02,0.03,1
-9981.37,-0.0998,90018.63,10062.34,0.1005,-0.71,-0.992,0.363,14,0.2143,3,11,8.2,False,True,-0.0478,0.0355,5685.09,15666.46,3,0,6,2,3,0,0,0,0,0,0,0,0,36,0.52,1.5,5,0.035,0.03,0.02,0.03,2
-9981.37,-0.0998,90018.63,10062.34,0.1005,-0.71,-0.992,0.363,14,0.2143,3,11,8.2,False,True,-0.0478,0.0355,5685.09,15666.46,3,0,6,2,3,0,0,0,0,0,0,0,0,36,0.52,1.5,5,0.035,0.03,0.02,0.03,3
-5676.65,-0.0568,94323.35,10543.53,0.1005,-0.287,-0.538,0.656,14,0.2143,3,11,8.2,False,True,-0.0478,0.071,10812.87,16489.52,3,0,6,2,3,0,0,0,0,0,0,0,0,36,0.52,1.5,5,0.035,0.03,0.02,0.05,1
-5676.65,-0.0568,94323.35,10543.53,0.1005,-0.287,-0.538,0.656,14,0.2143,3,11,8.2,False,True,-0.0478,0.071,10812.87,16489.52,3,0,6,2,3,0,0,0,0,0,0,0,0,36,0.52,1.5,5,0.035,0.03,0.02,0.05,2
-5676.65,-0.0568,94323.35,10543.53,0.1005,-0.287,-0.538,0.656,14,0.2143,3,11,8.2,False,True,-0.0478,0.071,10812.87,16489.52,3,0,6,2,3,0,0,0,0,0,0,0,0,36,0.52,1.5,5,0.035,0.03,0.02,0.05,3
-9981.37,-0.0998,90018.63,10062.34,0.1005,-0.71,-0.992,0.363,14,0.2143,3,11,8.2,False,True,-0.0478,0.0355,5685.09,15666.46,3,0,6,2,3,0,0,0,0,0,0,0,0,36,0.52,1.5,10,0.025,0.02,0.01,0.03,1
-9981.37,-0.0998,90018.63,10062.34,0.1005,-0.71,-0.992,0.363,14,0.2143,3,11,8.2,False,True,-0.0478,0.0355,5685.09,15666.46,3,0,6,2,3,0,0,0,0,0,0,0,0,36,0.52,1.5,10,0.025,0.02,0.01,0.03,2
-9981.37,-0.0998,90018.63,10062.34,0.1005,-0.71,-0.992,0.363,14,0.2143,3,11,8.2,False,True,-0.0478,0.0355,5685.09,15666.46,3,0,6,2,3,0,0,0,0,0,0,0,0,36,0.52,1.5,10,0.025,0.02,0.01,0.03,3
-5676.65,-0.0568,94323.35,10543.53,0.1005,-0.287,-0.538,0.656,14,0.2143,3,11,8.2,False,True,-0.0478,0.071,10812.87,16489.52,3,0,6,2,3,0,0,0,0,0,0,0,0,36,0.52,1.5,10,0.025,0.02,0.01,0.05,1
-5676.65,-0.0568,94323.35,10543.53,0.1005,-0.287,-0.538,0.656,14,0.2143,3,11,8.2,False,True,-0.0478,0.071,10812.87,16489.52,3,0,6,2,3,0,0,0,0,0,0,0,0,36,0.52,1.5,10,0.025,0.02,0.01,0.05,2
-5676.65,-0.0568,94323.35,10543.53,0.1005,-0.287,-0.538,0.656,14,0.2143,3,11,8.2,False,True,-0.0478,0.071,10812.87,16489.52,3,0,6,2,3,0,0,0,0,0,0,0,0,36,0.52,1.5,10,0.025,0.02,0.01,0.05,3
-9981.37,-0.0998,90018.63,10062.34,0.1005,-0.71,-0.992,0.363,14,0.2143,3,11,8.2,False,True,-0.0478,0.0355,5685.09,15666.46,3,0,6,2,3,0,0,0,0,0,0,0,0,36,0.52,1.5,10,0.025,0.02,0.02,0.03,1
-9981.37,-0.0998,90018.63,10062.34,0.1005,-0.71,-0.992,0.363,14,0.2143,3,11,8.2,False,True,-0.0478,0.0355,5685.09,15666.46,3,0,6,2,3,0,0,0,0,0,0,0,0,36,0.52,1.5,10,0.025,0.02,0.02,0.03,2
-9981.37,-0.0998,90018.63,10062.34,0.1005,-0.71,-0.992,0.363,14,0.2143,3,11,8.2,False,True,-0.0478,0.0355,5685.09,15666.46,3,0,6,2,3,0,0,0,0,0,0,0,0,36,0.52,1.5,10,0.025,0.02,0.02,0.03,3
-5676.65,-0.0568,94323.35,10543.53,0.1005,-0.287,-0.538,0.656,14,0.2143,3,11,8.2,False,True,-0.0478,0.071,10812.87,16489.52,3,0,6,2,3,0,0,0,0,0,0,0,0,36,0.52,1.5,10,0.025,0.02,0.02,0.05,1
-5676.65,-0.0568,94323.35,10543.53,0.1005,-0.287,-0.538,0.656,14,0.2143,3,11,8.2,False,True,-0.0478,0.071,10812.87,16489.52,3,0,6,2,3,0,0,0,0,0,0,0,0,36,0.52,1.5,10,0.025,0.02,0.02,0.05,2
-5676.65,-0.0568,94323.35,10543.53,0.1005,-0.287,-0.538,0.656,14,0.2143,3,11,8.2,False,True,-0.0478,0.071,10812.87,16489.52,3,0,6,2,3,0,0,0,0,0,0,0,0,36,0.52,1.5,10,0.025,0.02,0.02,0.05,3
-9981.37,-0.0998,90018.63,10062.34,0.1005,-0.71,-0.992,0.363,14,0.2143,3,11,8.2,False,True,-0.0478,0.0355,5685.09,15666.46,3,0,6,2,3,0,0,0,0,0,0,0,0,36,0.52,1.5,10,0.025,0.03,0.01,0.03,1
-9981.37,-0.0998,90018.63,10062.34,0.1005,-0.71,-0.992,0.363,14,0.2143,3,11,8.2,False,True,-0.0478,0.0355,5685.09,15666.46,3,0,6,2,3,0,0,0,0,0,0,0,0,36,0.52,1.5,10,0.025,0.03,0.01,0.03,2
-9981.37,-0.0998,90018.63,10062.34,0.1005,-0.71,-0.992,0.363,14,0.2143,3,11,8.2,False,True,-0.0478,0.0355,5685.09,15666.46,3,0,6,2,3,0,0,0,0,0,0,0,0,36,0.52,1.5,10,0.025,0.03,0.01,0.03,3
-5676.65,-0.0568,94323.35,10543.53,0.1005,-0.287,-0.538,0.656,14,0.2143,3,11,8.2,False,True,-0.0478,0.071,10812.87,16489.52,3,0,6,2,3,0,0,0,0,0,0,0,0,36,0.52,1.5,10,0.025,0.03,0.01,0.05,1
-5676.65,-0.0568,94323.35,10543.53,0.1005,-0.287,-0.538,0.656,14,0.2143,3,11,8.2,False,True,-0.0478,0.071,10812.87,16489.52,3,0,6,2,3,0,0,0,0,0,0,0,0,36,0.52,1.5,10,0.025,0.03,0.01,0.05,2
-5676.65,-0.0568,94323.35,10543.53,0.1005,-0.287,-0.538,0.656,14,0.2143,3,11,8.2,False,True,-0.0478,0.071,10812.87,16489.52,3,0,6,2,3,0,0,0,0,0,0,0,0,36,0.52,1.5,10,0.025,0.03,0.01,0.05,3
-9981.37,-0.0998,90018.63,10062.34,0.1005,-0.71,-0.992,0.363,14,0.2143,3,11,8.2,False,True,-0.0478,0.0355,5685.09,15666.46,3,0,6,2,3,0,0,0,0,0,0,0,0,36,0.52,1.5,10,0.025,0.03,0.02,0.03,1
-9981.37,-0.0998,90018.63,10062.34,0.1005,-0.71,-0.992,0.363,14,0.2143,3,11,8.2,False,True,-0.0478,0.0355,5685.09,15666.46,3,0,6,2,3,0,0,0,0,0,0,0,0,36,0.52,1.5,10,0.025,0.03,0.02,0.03,2
-9981.37,-0.0998,90018.63,10062.34,0.1005,-0.71,-0.992,0.363,14,0.2143,3,11,8.2,False,True,-0.0478,0.0355,5685.09,15666.46,3,0,6,2,3,0,0,0,0,0,0,0,0,36,0.52,1.5,10,0.025,0.03,0.02,0.03,3
-5676.65,-0.0568,94323.35,10543.53,0.1005,-0.287,-0.538,0.656,14,0.2143,3,11,8.2,False,True,-0.0478,0.071,10812.87,16489.52,3,0,6,2,3,0,0,0,0,0,0,0,0,36,0.52,1.5,10,0.025,0.03,0.02,0.05,1
-5676.65,-0.0568,94323.35,10543.53,0.1005,-0.287,-0.538,0.656,14,0.2143,3,11,8.2,False,True,-0.0478,0.071,10812.87,16489.52,3,0,6,2,3,0,0,0,0,0,0,0,0,36,0.52,1.5,10,0.025,0.03,0.02,0.05,2
-5676.65,-0.0568,94323.35,10543.53,0.1005,-0.287,-0.538,0.656,14,0.2143,3,11,8.2,False,True,-0.0478,0.071,10812.87,16489.52,3,0,6,2,3,0,0,0,0,0,0,0,0,36,0.52,1.5,10,0.025,0.03,0.02,0.05,3
-9981.37,-0.0998,90018.63,10062.34,0.1005,-0.71,-0.992,0.363,14,0.2143,3,11,8.2,False,True,-0.0478,0.0355,5685.09,15666.46,3,0,6,2,3,0,0,0,0,0,0,0,0,36,0.52,1.5,10,0.035,0.02,0.01,0.03,1
-9981.37,-0.0998,90018.63,10062.34,0.1005,-0.71,-0.992,0.363,14,0.2143,3,11,8.2,False,True,-0.0478,0.0355,5685.09,15666.46,3,0,6,2,3,0,0,0,0,0,0,0,0,36,0.52,1.5,10,0.035,0.02,0.01,0.03,2
-9981.37,-0.0998,90018.63,10062.34,0.1005,-0.71,-0.992,0.363,14,0.2143,3,11,8.2,False,True,-0.0478,0.0355,5685.09,15666.46,3,0,6,2,3,0,0,0,0,0,0,0,0,36,0.52,1.5,10,0.035,0.02,0.01,0.03,3
-5676.65,-0.0568,94323.35,10543.53,0.1005,-0.287,-0.538,0.656,14,0.2143,3,11,8.2,False,True,-0.0478,0.071,10812.87,16489.52,3,0,6,2,3,0,0,0,0,0,0,0,0,36,0.52,1.5,10,0.035,0.02,0.01,0.05,1
-5676.65,-0.0568,94323.35,10543.53,0.1005,-0.287,-0.538,0.656,14,0.2143,3,11,8.2,False,True,-0.0478,0.071,10812.87,16489.52,3,0,6,2,3,0,0,0,0,0,0,0,0,36,0.52,1.5,10,0.035,0.02,0.01,0.05,2
-5676.65,-0.0568,94323.35,10543.53,0.1005,-0.287,-0.538,0.656,14,0.2143,3,11,8.2,False,True,-0.0478,0.071,10812.87,16489.52,3,0,6,2,3,0,0,0,0,0,0,0,0,36,0.52,1.5,10,0.035,0.02,0.01,0.05,3
-9981.37,-0.0998,90018.63,10062.34,0.1005,-0.71,-0.992,0.363,14,0.2143,3,11,8.2,False,True,-0.0478,0.0355,5685.09,15666.46,3,0,6,2,3,0,0,0,0,0,0,0,0,36,0.52,1.5,10,0.035,0.02,0.02,0.03,1
-9981.37,-0.0998,90018.63,10062.34,0.1005,-0.71,-0.992,0.363,14,0.2143,3,11,8.2,False,True,-0.0478,0.0355,5685.09,15666.46,3,0,6,2,3,0,0,0,0,0,0,0,0,36,0.52,1.5,10,0.035,0.02,0.02,0.03,2
-9981.37,-0.0998,90018.63,10062.34,0.1005,-0.71,-0.992,0.363,14,0.2143,3,11,8.2,False,True,-0.0478,0.0355,5685.09,15666.46,3,0,6,2,3,0,0,0,0,0,0,0,0,36,0.52,1.5,10,0.035,0.02,0.02,0.03,3
-5676.65,-0.0568,94323.35,10543.53,0.1005,-0.287,-0.538,0.656,14,0.2143,3,11,8.2,False,True,-0.0478,0.071,10812.87,16489.52,3,0,6,2,3,0,0,0,0,0,0,0,0,36,0.52,1.5,10,0.035,0.02,0.02,0.05,1
-5676.65,-0.0568,94323.35,10543.53,0.1005,-0.287,-0.538,0.656,14,0.2143,3,11,8.2,False,True,-0.0478,0.071,10812.87,16489.52,3,0,6,2,3,0,0,0,0,0,0,0,0,36,0.52,1.5,10,0.035,0.02,0.02,0.05,2
-5676.65,-0.0568,94323.35,10543.53,0.1005,-0.287,-0.538,0.656,14,0.2143,3,11,8.2,False,True,-0.0478,0.071,10812.87,16489.52,3,0,6,2,3,0,0,0,0,0,0,0,0,36,0.52,1.5,10,0.035,0.02,0.02,0.05,3
-9981.37,-0.0998,90018.63,10062.34,0.1005,-0.71,-0.992,0.363,14,0.2143,3,11,8.2,False,True,-0.0478,0.0355,5685.09,15666.46,3,0,6,2,3,0,0,0,0,0,0,0,0,36,0.52,1.5,10,0.035,0.03,0.01,0.03,1
-9981.37,-0.0998,90018.63,10062.34,0.1005,-0.71,-0.992,0.363,14,0.2143,3,11,8.2,False,True,-0.0478,0.0355,5685.09,15666.46,3,0,6,2,3,0,0,0,0,0,0,0,0,36,0.52,1.5,10,0.035,0.03,0.01,0.03,2
-9981.37,-0.0998,90018.63,10062.34,0.1005,-0.71,-0.992,0.363,14,0.2143,3,11,8.2,False,True,-0.0478,0.0355,5685.09,15666.46,3,0,6,2,3,0,0,0,0,0,0,0,0,36,0.52,1.5,10,0.035,0.03,0.01,0.03,3
-5676.65,-0.0568,94323.35,10543.53,0.1005,-0.287,-0.538,0.656,14,0.2143,3,11,8.2,False,True,-0.0478,0.071,10812.87,16489.52,3,0,6,2,3,0,0,0,0,0,0,0,0,36,0.52,1.5,10,0.035,0.03,0.01,0.05,1
-5676.65,-0.0568,94323.35,10543.53,0.1005,-0.287,-0.538,0.656,14,0.2143,3,11,8.2,False,True,-0.0478,0.071,10812.87,16489.52,3,0,6,2,3,0,0,0,0,0,0,0,0,36,0.52,1.5,10,0.035,0.03,0.01,0.05,2
-5676.65,-0.0568,94323.35,10543.53,0.1005,-0.287,-0.538,0.656,14,0.2143,3,11,8.2,False,True,-0.0478,0.071,10812.87,16489.52,3,0,6,2,3,0,0,0,0,0,0,0,0,36,0.52,1.5,10,0.035,0.03,0.01,0.05,3
-9981.37,-0.0998,90018.63,10062.34,0.1005,-0.71,-0.992,0.363,14,0.2143,3,11,8.2,False,True,-0.0478,0.0355,5685.09,15666.46,3,0,6,2,3,0,0,0,0,0,0,0,0,36,0.52,1.5,10,0.035,0.03,0.02,0.03,1
-9981.37,-0.0998,90018.63,10062.34,0.1005,-0.71,-0.992,0.363,14,0.2143,3,11,8.2,False,True,-0.0478,0.0355,5685.09,15666.46,3,0,6,2,3,0,0,0,0,0,0,0,0,36,0.52,1.5,10,0.035,0.03,0.02,0.03,2
-9981.37,-0.0998,90018.63,10062.34,0.1005,-0.71,-0.992,0.363,14,0.2143,3,11,8.2,False,True,-0.0478,0.0355,5685.09,15666.46,3,0,6,2,3,0,0,0,0,0,0,0,0,36,0.52,1.5,10,0.035,0.03,0.02,0.03,3
-5676.65,-0.0568,94323.35,10543.53,0.1005,-0.287,-0.538,0.656,14,0.2143,3,11,8.2,False,True,-0.0478,0.071,10812.87,16489.52,3,0,6,2,3,0,0,0,0,0,0,0,0,36,0.52,1.5,10,0.035,0.03,0.02,0.05,1
-5676.65,-0.0568,94323.35,10543.53,0.1005,-0.287,-0.538,0.656,14,0.2143,3,11,8.2,False,True,-0.0478,0.071,10812.87,16489.52,3,0,6,2,3,0,0,0,0,0,0,0,0,36,0.52,1.5,10,0.035,0.03,0.02,0.05,2
-5676.65,-0.0568,94323.35,10543.53,0.1005,-0.287,-0.538,0.656,14,0.2143,3,11,8.2,False,True,-0.0478,0.071,10812.87,16489.52,3,0,6,2,3,0,0,0,0,0,0,0,0,36,0.52,1.5,10,0.035,0.03,0.02,0.05,3
-9981.37,-0.0998,90018.63,10062.34,0.1005,-0.71,-0.992,0.363,14,0.2143,3,11,8.2,False,True,-0.0478,0.0355,5685.09,15666.46,3,0,6,2,3,0,0,0,0,0,0,0,0,36,0.52,1.5,15,0.025,0.02,0.01,0.03,1
-9981.37,-0.0998,90018.63,10062.34,0.1005,-0.71,-0.992,0.363,14,0.2143,3,11,8.2,False,True,-0.0478,0.0355,5685.09,15666.46,3,0,6,2,3,0,0,0,0,0,0,0,0,36,0.52,1.5,15,0.025,0.02,0.01,0.03,2
-9981.37,-0.0998,90018.63,10062.34,0.1005,-0.71,-0.992,0.363,14,0.2143,3,11,8.2,False,True,-0.0478,0.0355,5685.09,15666.46,3,0,6,2,3,0,0,0,0,0,0,0,0,36,0.52,1.5,15,0.025,0.02,0.01,0.03,3
-5676.65,-0.0568,94323.35,10543.53,0.1005,-0.287,-0.538,0.656,14,0.2143,3,11,8.2,False,True,-0.0478,0.071,10812.87,16489.52,3,0,6,2,3,0,0,0,0,0,0,0,0,36,0.52,1.5,15,0.025,0.02,0.01,0.05,1
-5676.65,-0.0568,94323.35,10543.53,0.1005,-0.287,-0.538,0.656,14,0.2143,3,11,8.2,False,True,-0.0478,0.071,10812.87,16489.52,3,0,6,2,3,0,0,0,0,0,0,0,0,36,0.52,1.5,15,0.025,0.02,0.01,0.05,2
-5676.65,-0.0568,94323.35,10543.53,0.1005,-0.287,-0.538,0.656,14,0.2143,3,11,8.2,False,True,-0.0478,0.071,10812.87,16489.52,3,0,6,2,3,0,0,0,0,0,0,0,0,36,0.52,1.5,15,0.025,0.02,0.01,0.05,3
-9981.37,-0.0998,90018.63,10062.34,0.1005,-0.71,-0.992,0.363,14,0.2143,3,11,8.2,False,True,-0.0478,0.0355,5685.09,15666.46,3,0,6,2,3,0,0,0,0,0,0,0,0,36,0.52,1.5,15,0.025,0.02,0.02,0.03,1
-9981.37,-0.0998,90018.63,10062.34,0.1005,-0.71,-0.992,0.363,14,0.2143,3,11,8.2,False,True,-0.0478,0.0355,5685.09,15666.46,3,0,6,2,3,0,0,0,0,0,0,0,0,36,0.52,1.5,15,0.025,0.02,0.02,0.03,2
-9981.37,-0.0998,90018.63,10062.34,0.1005,-0.71,-0.992,0.363,14,0.2143,3,11,8.2,False,True,-0.0478,0.0355,5685.09,15666.46,3,0,6,2,3,0,0,0,0,0,0,0,0,36,0.52,1.5,15,0.025,0.02,0.02,0.03,3
-5676.65,-0.0568,94323.35,10543.53,0.1005,-0.287,-0.538,0.656,14,0.2143,3,11,8.2,False,True,-0.0478,0.071,10812.87,16489.52,3,0,6,2,3,0,0,0,0,0,0,0,0,36,0.52,1.5,15,0.025,0.02,0.02,0.05,1
-5676.65,-0.0568,94323.35,10543.53,0.1005,-0.287,-0.538,0.656,14,0.2143,3,11,8.2,False,True,-0.0478,0.071,10812.87,16489.52,3,0,6,2,3,0,0,0,0,0,0,0,0,36,0.52,1.5,15,0.025,0.02,0.02,0.05,2
-5676.65,-0.0568,94323.35,10543.53,0.1005,-0.287,-0.538,0.656,14,0.2143,3,11,8.2,False,True,-0.0478,0.071,10812.87,16489.52,3,0,6,2,3,0,0,0,0,0,0,0,0,36,0.52,1.5,15,0.025,0.02,0.02,0.05,3
-9981.37,-0.0998,90018.63,10062.34,0.1005,-0.71,-0.992,0.363,14,0.2143,3,11,8.2,False,True,-0.0478,0.0355,5685.09,15666.46,3,0,6,2,3,0,0,0,0,0,0,0,0,36,0.52,1.5,15,0.025,0.03,0.01,0.03,1
-9981.37,-0.0998,90018.63,10062.34,0.1005,-0.71,-0.992,0.363,14,0.2143,3,11,8.2,False,True,-0.0478,0.0355,5685.09,15666.46,3,0,6,2,3,0,0,0,0,0,0,0,0,36,0.52,1.5,15,0.025,0.03,0.01,0.03,2
-9981.37,-0.0998,90018.63,10062.34,0.1005,-0.71,-0.992,0.363,14,0.2143,3,11,8.2,False,True,-0.0478,0.0355,5685.09,15666.46,3,0,6,2,3,0,0,0,0,0,0,0,0,36,0.52,1.5,15,0.025,0.03,0.01,0.03,3
-5676.65,-0.0568,94323.35,10543.53,0.1005,-0.287,-0.538,0.656,14,0.2143,3,11,8.2,False,True,-0.0478,0.071,10812.87,16489.52,3,0,6,2,3,0,0,0,0,0,0,0,0,36,0.52,1.5,15,0.025,0.03,0.01,0.05,1
-5676.65,-0.0568,94323.35,10543.53,0.1005,-0.287,-0.538,0.656,14,0.2143,3,11,8.2,False,True,-0.0478,0.071,10812.87,16489.52,3,0,6,2,3,0,0,0,0,0,0,0,0,36,0.52,1.5,15,0.025,0.03,0.01,0.05,2
-5676.65,-0.0568,94323.35,10543.53,0.1005,-0.287,-0.538,0.656,14,0.2143,3,11,8.2,False,True,-0.0478,0.071,10812.87,16489.52,3,0,6,2,3,0,0,0,0,0,0,0,0,36,0.52,1.5,15,0.025,0.03,0.01,0.05,3
-9981.37,-0.0998,90018.63,10062.34,0.1005,-0.71,-0.992,0.363,14,0.2143,3,11,8.2,False,True,-0.0478,0.0355,5685.09,15666.46,3,0,6,2,3,0,0,0,0,0,0,0,0,36,0.52,1.5,15,0.025,0.03,0.02,0.03,1
-9981.37,-0.0998,90018.63,10062.34,0.1005,-0.71,-0.992,0.363,14,0.2143,3,11,8.2,False,True,-0.0478,0.0355,5685.09,15666.46,3,0,6,2,3,0,0,0,0,0,0,0,0,36,0.52,1.5,15,0.025,0.03,0.02,0.03,2
-9981.37,-0.0998,90018.63,10062.34,0.1005,-0.71,-0.992,0.363,14,0.2143,3,11,8.2,False,True,-0.0478,0.0355,5685.09,15666.46,3,0,6,2,3,0,0,0,0,0,0,0,0,36,0.52,1.5,15,0.025,0.03,0.02,0.03,3
-5676.65,-0.0568,94323.35,10543.53,0.1005,-0.287,-0.538,0.656,14,0.2143,3,11,8.2,False,True,-0.0478,0.071,10812.87,16489.52,3,0,6,2,3,0,0,0,0,0,0,0,0,36,0.52,1.5,15,0.025,0.03,0.02,0.05,1
-5676.65,-0.0568,94323.35,10543.53,0.1005,-0.287,-0.538,0.656,14,0.2143,3,11,8.2,False,True,-0.0478,0.071,10812.87,16489.52,3,0,6,2,3,0,0,0,0,0,0,0,0,36,0.52,1.5,15,0.025,0.03,0.02,0.05,2
-5676.65,-0.0568,94323.35,10543.53,0.1005,-0.287,-0.538,0.656,14,0.2143,3,11,8.2,False,True,-0.0478,0.071,10812.87,16489.52,3,0,6,2,3,0,0,0,0,0,0,0,0,36,0.52,1.5,15,0.025,0.03,0.02,0.05,3
-9981.37,-0.0998,90018.63,10062.34,0.1005,-0.71,-0.992,0.363,14,0.2143,3,11,8.2,False,True,-0.0478,0.0355,5685.09,15666.46,3,0,6,2,3,0,0,0,0,0,0,0,0,36,0.52,1.5,15,0.035,0.02,0.01,0.03,1
-9981.37,-0.0998,90018.63,10062.34,0.1005,-0.71,-0.992,0.363,14,0.2143,3,11,8.2,False,True,-0.0478,0.0355,5685.09,15666.46,3,0,6,2,3,0,0,0,0,0,0,0,0,36,0.52,1.5,15,0.035,0.02,0.01,0.03,2
-9981.37,-0.0998,90018.63,10062.34,0.1005,-0.71,-0.992,0.363,14,0.2143,3,11,8.2,False,True,-0.0478,0.0355,5685.09,15666.46,3,0,6,2,3,0,0,0,0,0,0,0,0,36,0.52,1.5,15,0.035,0.02,0.01,0.03,3
-5676.65,-0.0568,94323.35,10543.53,0.1005,-0.287,-0.538,0.656,14,0.2143,3,11,8.2,False,True,-0.0478,0.071,10812.87,16489.52,3,0,6,2,3,0,0,0,0,0,0,0,0,36,0.52,1.5,15,0.035,0.02,0.01,0.05,1
-5676.65,-0.0568,94323.35,10543.53,0.1005,-0.287,-0.538,0.656,14,0.2143,3,11,8.2,False,True,-0.0478,0.071,10812.87,16489.52,3,0,6,2,3,0,0,0,0,0,0,0,0,36,0.52,1.5,15,0.035,0.02,0.01,0.05,2
-5676.65,-0.0568,94323.35,10543.53,0.1005,-0.287,-0.538,0.656,14,0.2143,3,11,8.2,False,True,-0.0478,0.071,10812.87,16489.52,3,0,6,2,3,0,0,0,0,0,0,0,0,36,0.52,1.5,15,0.035,0.02,0.01,0.05,3
-9981.37,-0.0998,90018.63,10062.34,0.1005,-0.71,-0.992,0.363,14,0.2143,3,11,8.2,False,True,-0.0478,0.0355,5685.09,15666.46,3,0,6,2,3,0,0,0,0,0,0,0,0,36,0.52,1.5,15,0.035,0.02,0.02,0.03,1
-9981.37,-0.0998,90018.63,10062.34,0.1005,-0.71,-0.992,0.363,14,0.2143,3,11,8.2,False,True,-0.0478,0.0355,5685.09,15666.46,3,0,6,2,3,0,0,0,0,0,0,0,0,36,0.52,1.5,15,0.035,0.02,0.02,0.03,2
-9981.37,-0.0998,90018.63,10062.34,0.1005,-0.71,-0.992,0.363,14,0.2143,3,11,8.2,False,True,-0.0478,0.0355,5685.09,15666.46,3,0,6,2,3,0,0,0,0,0,0,0,0,36,0.52,1.5,15,0.035,0.02,0.02,0.03,3
-5676.65,-0.0568,94323.35,10543.53,0.1005,-0.287,-0.538,0.656,14,0.2143,3,11,8.2,False,True,-0.0478,0.071,10812.87,16489.52,3,0,6,2,3,0,0,0,0,0,0,0,0,36,0.52,1.5,15,0.035,0.02,0.02,0.05,1
-5676.65,-0.0568,94323.35,10543.53,0.1005,-0.287,-0.538,0.656,14,0.2143,3,11,8.2,False,True,-0.0478,0.071,10812.87,16489.52,3,0,6,2,3,0,0,0,0,0,0,0,0,36,0.52,1.5,15,0.035,0.02,0.02,0.05,2
-5676.65,-0.0568,94323.35,10543.53,0.1005,-0.287,-0.538,0.656,14,0.2143,3,11,8.2,False,True,-0.0478,0.071,10812.87,16489.52,3,0,6,2,3,0,0,0,0,0,0,0,0,36,0.52,1.5,15,0.035,0.02,0.02,0.05,3
-9981.37,-0.0998,90018.63,10062.34,0.1005,-0.71,-0.992,0.363,14,0.2143,3,11,8.2,False,True,-0.0478,0.0355,5685.09,15666.46,3,0,6,2,3,0,0,0,0,0,0,0,0,36,0.52,1.5,15,0.035,0.03,0.01,0.03,1
-9981.37,-0.0998,90018.63,10062.34,0.1005,-0.71,-0.992,0.363,14,0.2143,3,11,8.2,False,True,-0.0478,0.0355,5685.09,15666.46,3,0,6,2,3,0,0,0,0,0,0,0,0,36,0.52,1.5,15,0.035,0.03,0.01,0.03,2
-9981.37,-0.0998,90018.63,10062.34,0.1005,-0.71,-0.992,0.363,14,0.2143,3,11,8.2,False,True,-0.0478,0.0355,5685.09,15666.46,3,0,6,2,3,0,0,0,0,0,0,0,0,36,0.52,1.5,15,0.035,0.03,0.01,0.03,3
-5676.65,-0.0568,94323.35,10543.53,0.1005,-0.287,-0.538,0.656,14,0.2143,3,11,8.2,False,True,-0.0478,0.071,10812.87,16489.52,3,0,6,2,3,0,0,0,0,0,0,0,0,36,0.52,1.5,15,0.035,0.03,0.01,0.05,1
-5676.65,-0.0568,94323.35,10543.53,0.1005,-0.287,-0.538,0.656,14,0.2143,3,11,8.2,False,True,-0.0478,0.071,10812.87,16489.52,3,0,6,2,3,0,0,0,0,0,0,0,0,36,0.52,1.5,15,0.035,0.03,0.01,0.05,2
-5676.65,-0.0568,94323.35,10543.53,0.1005,-0.287,-0.538,0.656,14,0.2143,3,11,8.2,False,True,-0.0478,0.071,10812.87,16489.52,3,0,6,2,3,0,0,0,0,0,0,0,0,36,0.52,1.5,15,0.035,0.03,0.01,0.05,3
-9981.37,-0.0998,90018.63,10062.34,0.1005,-0.71,-0.992,0.363,14,0.2143,3,11,8.2,False,True,-0.0478,0.0355,5685.09,15666.46,3,0,6,2,3,0,0,0,0,0,0,0,0,36,0.52,1.5,15,0.035,0.03,0.02,0.03,1
-9981.37,-0.0998,90018.63,10062.34,0.1005,-0.71,-0.992,0.363,14,0.2143,3,11,8.2,False,True,-0.0478,0.0355,5685.09,15666.46,3,0,6,2,3,0,0,0,0,0,0,0,0,36,0.52,1.5,15,0.035,0.03,0.02,0.03,2
-9981.37,-0.0998,90018.63,10062.34,0.1005,-0.71,-0.992,0.363,14,0.2143,3,11,8.2,False,True,-0.0478,0.0355,5685.09,15666.46,3,0,6,2,3,0,0,0,0,0,0,0,0,36,0.52,1.5,15,0.035,0.03,0.02,0.03,3
-5676.65,-0.0568,94323.35,10543.53,0.1005,-0.287,-0.538,0.656,14,0.2143,3,11,8.2,False,True,-0.0478,0.071,10812.87,16489.52,3,0,6,2,3,0,0,0,0,0,0,0,0,36,0.52,1.5,15,0.035,0.03,0.02,0.05,1
-5676.65,-0.0568,94323.35,10543.53,0.1005,-0.287,-0.538,0.656,14,0.2143,3,11,8.2,False,True,-0.0478,0.071,10812.87,16489.52,3,0,6,2,3,0,0,0,0,0,0,0,0,36,0.52,1.5,15,0.035,0.03,0.02,0.05,2
-5676.65,-0.0568,94323.35,10543.53,0.1005,-0.287,-0.538,0.656,14,0.2143,3,11,8.2,False,True,-0.0478,0.071,10812.87,16489.52,3,0,6,2,3,0,0,0,0,0,0,0,0,36,0.52,1.5,15,0.035,0.03,0.02,0.05,3
-8719.98,-0.0872,91280.02,10280.69,0.1016,-0.825,-0.848,0.789,180,0.2222,40,140,6.4,False,True,-0.0215,0.0211,21757.55,27567.07,18,0,113,26,23,0,0,0,0,0,0,5,0,272,0.54,0.5,5,0.025,0.02,0.01,0.03,1
-8719.98,-0.0872,91280.02,10280.69,0.1016,-0.825,-0.848,0.789,180,0.2222,40,140,6.4,False,True,-0.0215,0.0211,21757.55,27567.07,18,0,113,26,23,0,0,0,0,0,0,5,0,272,0.54,0.5,5,0.025,0.02,0.01,0.03,2
-8719.98,-0.0872,91280.02,10280.69,0.1016,-0.825,-0.848,0.789,180,0.2222,40,140,6.4,False,True,-0.0215,0.0211,21757.55,27567.07,18,0,113,26,23,0,0,0,0,0,0,5,0,272,0.54,0.5,5,0.025,0.02,0.01,0.03,3
-8716.27,-0.0872,91283.73,10438.16,0.1031,-0.742,-0.835,0.803,179,0.2235,40,139,6.4,False,True,-0.0215,0.0214,24184.51,30120.14,17,0,113,26,23,0,0,0,0,0,0,3,0,271,0.54,0.5,5,0.025,0.02,0.01,0.05,1
-8716.27,-0.0872,91283.73,10438.16,0.1031,-0.742,-0.835,0.803,179,0.2235,40,139,6.4,False,True,-0.0215,0.0214,24184.51,30120.14,17,0,113,26,23,0,0,0,0,0,0,3,0,271,0.54,0.5,5,0.025,0.02,0.01,0.05,2
-8716.27,-0.0872,91283.73,10438.16,0.1031,-0.742,-0.835,0.803,179,0.2235,40,139,6.4,False,True,-0.0215,0.0214,24184.51,30120.14,17,0,113,26,23,0,0,0,0,0,0,3,0,271,0.54,0.5,5,0.025,0.02,0.01,0.05,3
-8531.22,-0.0853,91468.78,10125.87,0.1,-0.805,-0.843,0.595,183,0.2131,39,144,6.3,False,True,-0.0215,0.0211,19107.72,32109.22,18,0,116,27,22,0,0,0,0,0,0,0,0,280,0.54,0.5,5,0.025,0.02,0.02,0.03,1
-8531.22,-0.0853,91468.78,10125.87,0.1,-0.805,-0.843,0.595,183,0.2131,39,144,6.3,False,True,-0.0215,0.0211,19107.72,32109.22,18,0,116,27,22,0,0,0,0,0,0,0,0,280,0.54,0.5,5,0.025,0.02,0.02,0.03,2
-8531.22,-0.0853,91468.78,10125.87,0.1,-0.805,-0.843,0.595,183,0.2131,39,144,6.3,False,True,-0.0215,0.0211,19107.72,32109.22,18,0,116,27,22,0,0,0,0,0,0,0,0,280,0.54,0.5,5,0.025,0.02,0.02,0.03,3
-8501.58,-0.085,91498.42,10137.95,0.1002,-0.722,-0.839,0.797,177,0.226,40,137,6.3,False,True,-0.0215,0.0214,24015.47,30134.6,16,0,112,27,22,0,0,0,0,0,0,0,0,271,0.54,0.5,5,0.025,0.02,0.02,0.05,1
-8501.58,-0.085,91498.42,10137.95,0.1002,-0.722,-0.839,0.797,177,0.226,40,137,6.3,False,True,-0.0215,0.0214,24015.47,30134.6,16,0,112,27,22,0,0,0,0,0,0,0,0,271,0.54,0.5,5,0.025,0.02,0.02,0.05,2
-8501.58,-0.085,91498.42,10137.95,0.1002,-0.722,-0.839,0.797,177,0.226,40,137,6.3,False,True,-0.0215,0.0214,24015.47,30134.6,16,0,112,27,22,0,0,0,0,0,0,0,0,271,0.54,0.5,5,0.025,0.02,0.02,0.05,3
-8719.98,-0.0872,91280.02,10280.69,0.1016,-0.825,-0.848,0.789,180,0.2222,40,140,6.4,False,True,-0.0215,0.0211,21757.55,27567.07,18,0,113,26,23,0,0,0,0,0,0,6,0,272,0.54,0.5,5,0.025,0.03,0.01,0.03,1
-8719.98,-0.0872,91280.02,10280.69,0.1016,-0.825,-0.848,0.789,180,0.2222,40,140,6.4,False,True,-0.0215,0.0211,21757.55,27567.07,18,0,113,26,23,0,0,0,0,0,0,6,0,272,0.54,0.5,5,0.025,0.03,0.01,0.03,2
-8719.98,-0.0872,91280.02,10280.69,0.1016,-0.825,-0.848,0.789,180,0.2222,40,140,6.4,False,True,-0.0215,0.0211,21757.55,27567.07,18,0,113,26,23,0,0,0,0,0,0,6,0,272,0.54,0.5,5,0.025,0.03,0.01,0.03,3
-8716.27,-0.0872,91283.73,10438.16,0.1031,-0.742,-0.835,0.803,179,0.2235,40,139,6.4,False,True,-0.0215,0.0214,24184.51,30120.14,17,0,113,26,23,0,0,0,0,0,0,6,0,271,0.54,0.5,5,0.025,0.03,0.01,0.05,1
-8716.27,-0.0872,91283.73,10438.16,0.1031,-0.742,-0.835,0.803,179,0.2235,40,139,6.4,False,True,-0.0215,0.0214,24184.51,30120.14,17,0,113,26,23,0,0,0,0,0,0,6,0,271,0.54,0.5,5,0.025,0.03,0.01,0.05,2
-8716.27,-0.0872,91283.73,10438.16,0.1031,-0.742,-0.835,0.803,179,0.2235,40,139,6.4,False,True,-0.0215,0.0214,24184.51,30120.14,17,0,113,26,23,0,0,0,0,0,0,6,0,271,0.54,0.5,5,0.025,0.03,0.01,0.05,3
-8531.22,-0.0853,91468.78,10125.87,0.1,-0.805,-0.843,0.595,183,0.2131,39,144,6.3,False,True,-0.0215,0.0211,19107.72,32109.22,18,0,116,27,22,0,0,0,0,0,0,1,0,280,0.54,0.5,5,0.025,0.03,0.02,0.03,1
-8531.22,-0.0853,91468.78,10125.87,0.1,-0.805,-0.843,0.595,183,0.2131,39,144,6.3,False,True,-0.0215,0.0211,19107.72,32109.22,18,0,116,27,22,0,0,0,0,0,0,1,0,280,0.54,0.5,5,0.025,0.03,0.02,0.03,2
-8531.22,-0.0853,91468.78,10125.87,0.1,-0.805,-0.843,0.595,183,0.2131,39,144,6.3,False,True,-0.0215,0.0211,19107.72,32109.22,18,0,116,27,22,0,0,0,0,0,0,1,0,280,0.54,0.5,5,0.025,0.03,0.02,0.03,3
-8501.58,-0.085,91498.42,10137.95,0.1002,-0.722,-0.839,0.797,177,0.226,40,137,6.3,False,True,-0.0215,0.0214,24015.47,30134.6,16,0,112,27,22,0,0,0,0,0,0,3,0,271,0.54,0.5,5,0.025,0.03,0.02,0.05,1
-8501.58,-0.085,91498.42,10137.95,0.1002,-0.722,-0.839,0.797,177,0.226,40,137,6.3,False,True,-0.0215,0.0214,24015.47,30134.6,16,0,112,27,22,0,0,0,0,0,0,3,0,271,0.54,0.5,5,0.025,0.03,0.02,0.05,2
-8501.58,-0.085,91498.42,10137.95,0.1002,-0.722,-0.839,0.797,177,0.226,40,137,6.3,False,True,-0.0215,0.0214,24015.47,30134.6,16,0,112,27,22,0,0,0,0,0,0,3,0,271,0.54,0.5,5,0.025,0.03,0.02,0.05,3
-8719.98,-0.0872,91280.02,10280.69,0.1016,-0.825,-0.848,0.789,180,0.2222,40,140,6.4,False,True,-0.0215,0.0211,21757.55,27567.07,18,0,113,26,23,0,0,0,0,0,0,5,0,272,0.54,0.5,5,0.035,0.02,0.01,0.03,1
-8719.98,-0.0872,91280.02,10280.69,0.1016,-0.825,-0.848,0.789,180,0.2222,40,140,6.4,False,True,-0.0215,0.0211,21757.55,27567.07,18,0,113,26,23,0,0,0,0,0,0,5,0,272,0.54,0.5,5,0.035,0.02,0.01,0.03,2
-8719.98,-0.0872,91280.02,10280.69,0.1016,-0.825,-0.848,0.789,180,0.2222,40,140,6.4,False,True,-0.0215,0.0211,21757.55,27567.07,18,0,113,26,23,0,0,0,0,0,0,5,0,272,0.54,0.5,5,0.035,0.02,0.01,0.03,3
-8716.27,-0.0872,91283.73,10438.16,0.1031,-0.742,-0.835,0.803,179,0.2235,40,139,6.4,False,True,-0.0215,0.0214,24184.51,30120.14,17,0,113,26,23,0,0,0,0,0,0,3,0,271,0.54,0.5,5,0.035,0.02,0.01,0.05,1
-8716.27,-0.0872,91283.73,10438.16,0.1031,-0.742,-0.835,0.803,179,0.2235,40,139,6.4,False,True,-0.0215,0.0214,24184.51,30120.14,17,0,113,26,23,0,0,0,0,0,0,3,0,271,0.54,0.5,5,0.035,0.02,0.01,0.05,2
-8716.27,-0.0872,91283.73,10438.16,0.1031,-0.742,-0.835,0.803,179,0.2235,40,139,6.4,False,True,-0.0215,0.0214,24184.51,30120.14,17,0,113,26,23,0,0,0,0,0,0,3,0,271,0.54,0.5,5,0.035,0.02,0.01,0.05,3
-8531.22,-0.0853,91468.78,10125.87,0.1,-0.805,-0.843,0.595,183,0.2131,39,144,6.3,False,True,-0.0215,0.0211,19107.72,32109.22,18,0,116,27,22,0,0,0,0,0,0,0,0,280,0.54,0.5,5,0.035,0.02,0.02,0.03,1
-8531.22,-0.0853,91468.78,10125.87,0.1,-0.805,-0.843,0.595,183,0.2131,39,144,6.3,False,True,-0.0215,0.0211,19107.72,32109.22,18,0,116,27,22,0,0,0,0,0,0,0,0,280,0.54,0.5,5,0.035,0.02,0.02,0.03,2
-8531.22,-0.0853,91468.78,10125.87,0.1,-0.805,-0.843,0.595,183,0.2131,39,144,6.3,False,True,-0.0215,0.0211,19107.72,32109.22,18,0,116,27,22,0,0,0,0,0,0,0,0,280,0.54,0.5,5,0.035,0.02,0.02,0.03,3
-8501.58,-0.085,91498.42,10137.95,0.1002,-0.722,-0.839,0.797,177,0.226,40,137,6.3,False,True,-0.0215,0.0214,24015.47,30134.6,16,0,112,27,22,0,0,0,0,0,0,0,0,271,0.54,0.5,5,0.035,0.02,0.02,0.05,1
-8501.58,-0.085,91498.42,10137.95,0.1002,-0.722,-0.839,0.797,177,0.226,40,137,6.3,False,True,-0.0215,0.0214,24015.47,30134.6,16,0,112,27,22,0,0,0,0,0,0,0,0,271,0.54,0.5,5,0.035,0.02,0.02,0.05,2
-8501.58,-0.085,91498.42,10137.95,0.1002,-0.722,-0.839,0.797,177,0.226,40,137,6.3,False,True,-0.0215,0.0214,24015.47,30134.6,16,0,112,27,22,0,0,0,0,0,0,0,0,271,0.54,0.5,5,0.035,0.02,0.02,0.05,3
-8719.98,-0.0872,91280.02,10280.69,0.1016,-0.825,-0.848,0.789,180,0.2222,40,140,6.4,False,True,-0.0215,0.0211,21757.55,27567.07,18,0,113,26,23,0,0,0,0,0,0,6,0,272,0.54,0.5,5,0.035,0.03,0.01,0.03,1
-8719.98,-0.0872,91280.02,10280.69,0.1016,-0.825,-0.848,0.789,180,0.2222,40,140,6.4,False,True,-0.0215,0.0211,21757.55,27567.07,18,0,113,26,23,0,0,0,0,0,0,6,0,272,0.54,0.5,5,0.035,0.03,0.01,0.03,2
-8719.98,-0.0872,91280.02,10280.69,0.1016,-0.825,-0.848,0.789,180,0.2222,40,140,6.4,False,True,-0.0215,0.0211,21757.55,27567.07,18,0,113,26,23,0,0,0,0,0,0,6,0,272,0.54,0.5,5,0.035,0.03,0.01,0.03,3
-8716.27,-0.0872,91283.73,10438.16,0.1031,-0.742,-0.835,0.803,179,0.2235,40,139,6.4,False,True,-0.0215,0.0214,24184.51,30120.14,17,0,113,26,23,0,0,0,0,0,0,6,0,271,0.54,0.5,5,0.035,0.03,0.01,0.05,1
-8716.27,-0.0872,91283.73,10438.16,0.1031,-0.742,-0.835,0.803,179,0.2235,40,139,6.4,False,True,-0.0215,0.0214,24184.51,30120.14,17,0,113,26,23,0,0,0,0,0,0,6,0,271,0.54,0.5,5,0.035,0.03,0.01,0.05,2
-8716.27,-0.0872,91283.73,10438.16,0.1031,-0.742,-0.835,0.803,179,0.2235,40,139,6.4,False,True,-0.0215,0.0214,24184.51,30120.14,17,0,113,26,23,0,0,0,0,0,0,6,0,271,0.54,0.5,5,0.035,0.03,0.01,0.05,3
-8531.22,-0.0853,91468.78,10125.87,0.1,-0.805,-0.843,0.595,183,0.2131,39,144,6.3,False,True,-0.0215,0.0211,19107.72,32109.22,18,0,116,27,22,0,0,0,0,0,0,1,0,280,0.54,0.5,5,0.035,0.03,0.02,0.03,1
-8531.22,-0.0853,91468.78,10125.87,0.1,-0.805,-0.843,0.595,183,0.2131,39,144,6.3,False,True,-0.0215,0.0211,19107.72,32109.22,18,0,116,27,22,0,0,0,0,0,0,1,0,280,0.54,0.5,5,0.035,0.03,0.02,0.03,2
-8531.22,-0.0853,91468.78,10125.87,0.1,-0.805,-0.843,0.595,183,0.2131,39,144,6.3,False,True,-0.0215,0.0211,19107.72,32109.22,18,0,116,27,22,0,0,0,0,0,0,1,0,280,0.54,0.5,5,0.035,0.03,0.02,0.03,3
-8501.58,-0.085,91498.42,10137.95,0.1002,-0.722,-0.839,0.797,177,0.226,40,137,6.3,False,True,-0.0215,0.0214,24015.47,30134.6,16,0,112,27,22,0,0,0,0,0,0,3,0,271,0.54,0.5,5,0.035,0.03,0.02,0.05,1
-8501.58,-0.085,91498.42,10137.95,0.1002,-0.722,-0.839,0.797,177,0.226,40,137,6.3,False,True,-0.0215,0.0214,24015.47,30134.6,16,0,112,27,22,0,0,0,0,0,0,3,0,271,0.54,0.5,5,0.035,0.03,0.02,0.05,2
-8501.58,-0.085,91498.42,10137.95,0.1002,-0.722,-0.839,0.797,177,0.226,40,137,6.3,False,True,-0.0215,0.0214,24015.47,30134.6,16,0,112,27,22,0,0,0,0,0,0,3,0,271,0.54,0.5,5,0.035,0.03,0.02,0.05,3
-8719.98,-0.0872,91280.02,10280.69,0.1016,-0.825,-0.848,0.789,180,0.2222,40,140,6.4,False,True,-0.0215,0.0211,21757.55,27567.07,18,0,113,26,23,0,0,0,0,0,0,5,0,272,0.54,0.5,10,0.025,0.02,0.01,0.03,1
-8719.98,-0.0872,91280.02,10280.69,0.1016,-0.825,-0.848,0.789,180,0.2222,40,140,6.4,False,True,-0.0215,0.0211,21757.55,27567.07,18,0,113,26,23,0,0,0,0,0,0,5,0,272,0.54,0.5,10,0.025,0.02,0.01,0.03,2
-8719.98,-0.0872,91280.02,10280.69,0.1016,-0.825,-0.848,0.789,180,0.2222,40,140,6.4,False,True,-0.0215,0.0211,21757.55,27567.07,18,0,113,26,23,0,0,0,0,0,0,5,0,272,0.54,0.5,10,0.025,0.02,0.01,0.03,3
-8716.27,-0.0872,91283.73,10438.16,0.1031,-0.742,-0.835,0.803,179,0.2235,40,139,6.4,False,True,-0.0215,0.0214,24184.51,30120.14,17,0,113,26,23,0,0,0,0,0,0,3,0,271,0.54,0.5,10,0.025,0.02,0.01,0.05,1
-8716.27,-0.0872,91283.73,10438.16,0.1031,-0.742,-0.835,0.803,179,0.2235,40,139,6.4,False,True,-0.0215,0.0214,24184.51,30120.14,17,0,113,26,23,0,0,0,0,0,0,3,0,271,0.54,0.5,10,0.025,0.02,0.01,0.05,2
-8716.27,-0.0872,91283.73,10438.16,0.1031,-0.742,-0.835,0.803,179,0.2235,40,139,6.4,False,True,-0.0215,0.0214,24184.51,30120.14,17,0,113,26,23,0,0,0,0,0,0,3,0,271,0.54,0.5,10,0.025,0.02,0.01,0.05,3
-8531.22,-0.0853,91468.78,10125.87,0.1,-0.805,-0.843,0.595,183,0.2131,39,144,6.3,False,True,-0.0215,0.0211,19107.72,32109.22,18,0,116,27,22,0,0,0,0,0,0,0,0,280,0.54,0.5,10,0.025,0.02,0.02,0.03,1
-8531.22,-0.0853,91468.78,10125.87,0.1,-0.805,-0.843,0.595,183,0.2131,39,144,6.3,False,True,-0.0215,0.0211,19107.72,32109.22,18,0,116,27,22,0,0,0,0,0,0,0,0,280,0.54,0.5,10,0.025,0.02,0.02,0.03,2
-8531.22,-0.0853,91468.78,10125.87,0.1,-0.805,-0.843,0.595,183,0.2131,39,144,6.3,False,True,-0.0215,0.0211,19107.72,32109.22,18,0,116,27,22,0,0,0,0,0,0,0,0,280,0.54,0.5,10,0.025,0.02,0.02,0.03,3
-8501.58,-0.085,91498.42,10137.95,0.1002,-0.722,-0.839,0.797,177,0.226,40,137,6.3,False,True,-0.0215,0.0214,24015.47,30134.6,16,0,112,27,22,0,0,0,0,0,0,0,0,271,0.54,0.5,10,0.025,0.02,0.02,0.05,1
-8501.58,-0.085,91498.42,10137.95,0.1002,-0.722,-0.839,0.797,177,0.226,40,137,6.3,False,True,-0.0215,0.0214,24015.47,30134.6,16,0,112,27,22,0,0,0,0,0,0,0,0,271,0.54,0.5,10,0.025,0.02,0.02,0.05,2
-8501.58,-0.085,91498.42,10137.95,0.1002,-0.722,-0.839,0.797,177,0.226,40,137,6.3,False,True,-0.0215,0.0214,24015.47,30134.6,16,0,112,27,22,0,0,0,0,0,0,0,0,271,0.54,0.5,10,0.025,0.02,0.02,0.05,3
-8719.98,-0.0872,91280.02,10280.69,0.1016,-0.825,-0.848,0.789,180,0.2222,40,140,6.4,False,True,-0.0215,0.0211,21757.55,27567.07,18,0,113,26,23,0,0,0,0,0,0,6,0,272,0.54,0.5,10,0.025,0.03,0.01,0.03,1
-8719.98,-0.0872,91280.02,10280.69,0.1016,-0.825,-0.848,0.789,180,0.2222,40,140,6.4,False,True,-0.0215,0.0211,21757.55,27567.07,18,0,113,26,23,0,0,0,0,0,0,6,0,272,0.54,0.5,10,0.025,0.03,0.01,0.03,2
-8719.98,-0.0872,91280.02,10280.69,0.1016,-0.825,-0.848,0.789,180,0.2222,40,140,6.4,False,True,-0.0215,0.0211,21757.55,27567.07,18,0,113,26,23,0,0,0,0,0,0,6,0,272,0.54,0.5,10,0.025,0.03,0.01,0.03,3
-8716.27,-0.0872,91283.73,10438.16,0.1031,-0.742,-0.835,0.803,179,0.2235,40,139,6.4,False,True,-0.0215,0.0214,24184.51,30120.14,17,0,113,26,23,0,0,0,0,0,0,6,0,271,0.54,0.5,10,0.025,0.03,0.01,0.05,1
-8716.27,-0.0872,91283.73,10438.16,0.1031,-0.742,-0.835,0.803,179,0.2235,40,139,6.4,False,True,-0.0215,0.0214,24184.51,30120.14,17,0,113,26,23,0,0,0,0,0,0,6,0,271,0.54,0.5,10,0.025,0.03,0.01,0.05,2
-8716.27,-0.0872,91283.73,10438.16,0.1031,-0.742,-0.835,0.803,179,0.2235,40,139,6.4,False,True,-0.0215,0.0214,24184.51,30120.14,17,0,113,26,23,0,0,0,0,0,0,6,0,271,0.54,0.5,10,0.025,0.03,0.01,0.05,3
-8531.22,-0.0853,91468.78,10125.87,0.1,-0.805,-0.843,0.595,183,0.2131,39,144,6.3,False,True,-0.0215,0.0211,19107.72,32109.22,18,0,116,27,22,0,0,0,0,0,0,1,0,280,0.54,0.5,10,0.025,0.03,0.02,0.03,1
-8531.22,-0.0853,91468.78,10125.87,0.1,-0.805,-0.843,0.595,183,0.2131,39,144,6.3,False,True,-0.0215,0.0211,19107.72,32109.22,18,0,116,27,22,0,0,0,0,0,0,1,0,280,0.54,0.5,10,0.025,0.03,0.02,0.03,2
-8531.22,-0.0853,91468.78,10125.87,0.1,-0.805,-0.843,0.595,183,0.2131,39,144,6.3,False,True,-0.0215,0.0211,19107.72,32109.22,18,0,116,27,22,0,0,0,0,0,0,1,0,280,0.54,0.5,10,0.025,0.03,0.02,0.03,3
-8501.58,-0.085,91498.42,10137.95,0.1002,-0.722,-0.839,0.797,177,0.226,40,137,6.3,False,True,-0.0215,0.0214,24015.47,30134.6,16,0,112,27,22,0,0,0,0,0,0,3,0,271,0.54,0.5,10,0.025,0.03,0.02,0.05,1
-8501.58,-0.085,91498.42,10137.95,0.1002,-0.722,-0.839,0.797,177,0.226,40,137,6.3,False,True,-0.0215,0.0214,24015.47,30134.6,16,0,112,27,22,0,0,0,0,0,0,3,0,271,0.54,0.5,10,0.025,0.03,0.02,0.05,2
-8501.58,-0.085,91498.42,10137.95,0.1002,-0.722,-0.839,0.797,177,0.226,40,137,6.3,False,True,-0.0215,0.0214,24015.47,30134.6,16,0,112,27,22,0,0,0,0,0,0,3,0,271,0.54,0.5,10,0.025,0.03,0.02,0.05,3
-8719.98,-0.0872,91280.02,10280.69,0.1016,-0.825,-0.848,0.789,180,0.2222,40,140,6.4,False,True,-0.0215,0.0211,21757.55,27567.07,18,0,113,26,23,0,0,0,0,0,0,5,0,272,0.54,0.5,10,0.035,0.02,0.01,0.03,1
-8719.98,-0.0872,91280.02,10280.69,0.1016,-0.825,-0.848,0.789,180,0.2222,40,140,6.4,False,True,-0.0215,0.0211,21757.55,27567.07,18,0,113,26,23,0,0,0,0,0,0,5,0,272,0.54,0.5,10,0.035,0.02,0.01,0.03,2
-8719.98,-0.0872,91280.02,10280.69,0.1016,-0.825,-0.848,0.789,180,0.2222,40,140,6.4,False,True,-0.0215,0.0211,21757.55,27567.07,18,0,113,26,23,0,0,0,0,0,0,5,0,272,0.54,0.5,10,0.035,0.02,0.01,0.03,3
-8716.27,-0.0872,91283.73,10438.16,0.1031,-0.742,-0.835,0.803,179,0.2235,40,139,6.4,False,True,-0.0215,0.0214,24184.51,30120.14,17,0,113,26,23,0,0,0,0,0,0,3,0,271,0.54,0.5,10,0.035,0.02,0.01,0.05,1
-8716.27,-0.0872,91283.73,10438.16,0.1031,-0.742,-0.835,0.803,179,0.2235,40,139,6.4,False,True,-0.0215,0.0214,24184.51,30120.14,17,0,113,26,23,0,0,0,0,0,0,3,0,271,0.54,0.5,10,0.035,0.02,0.01,0.05,2
-8716.27,-0.0872,91283.73,10438.16,0.1031,-0.742,-0.835,0.803,179,0.2235,40,139,6.4,False,True,-0.0215,0.0214,24184.51,30120.14,17,0,113,26,23,0,0,0,0,0,0,3,0,271,0.54,0.5,10,0.035,0.02,0.01,0.05,3
-8531.22,-0.0853,91468.78,10125.87,0.1,-0.805,-0.843,0.595,183,0.2131,39,144,6.3,False,True,-0.0215,0.0211,19107.72,32109.22,18,0,116,27,22,0,0,0,0,0,0,0,0,280,0.54,0.5,10,0.035,0.02,0.02,0.03,1
-8531.22,-0.0853,91468.78,10125.87,0.1,-0.805,-0.843,0.595,183,0.2131,39,144,6.3,False,True,-0.0215,0.0211,19107.72,32109.22,18,0,116,27,22,0,0,0,0,0,0,0,0,280,0.54,0.5,10,0.035,0.02,0.02,0.03,2
-8531.22,-0.0853,91468.78,10125.87,0.1,-0.805,-0.843,0.595,183,0.2131,39,144,6.3,False,True,-0.0215,0.0211,19107.72,32109.22,18,0,116,27,22,0,0,0,0,0,0,0,0,280,0.54,0.5,10,0.035,0.02,0.02,0.03,3
-8501.58,-0.085,91498.42,10137.95,0.1002,-0.722,-0.839,0.797,177,0.226,40,137,6.3,False,True,-0.0215,0.0214,24015.47,30134.6,16,0,112,27,22,0,0,0,0,0,0,0,0,271,0.54,0.5,10,0.035,0.02,0.02,0.05,1
-8501.58,-0.085,91498.42,10137.95,0.1002,-0.722,-0.839,0.797,177,0.226,40,137,6.3,False,True,-0.0215,0.0214,24015.47,30134.6,16,0,112,27,22,0,0,0,0,0,0,0,0,271,0.54,0.5,10,0.035,0.02,0.02,0.05,2
-8501.58,-0.085,91498.42,10137.95,0.1002,-0.722,-0.839,0.797,177,0.226,40,137,6.3,False,True,-0.0215,0.0214,24015.47,30134.6,16,0,112,27,22,0,0,0,0,0,0,0,0,271,0.54,0.5,10,0.035,0.02,0.02,0.05,3
-8719.98,-0.0872,91280.02,10280.69,0.1016,-0.825,-0.848,0.789,180,0.2222,40,140,6.4,False,True,-0.0215,0.0211,21757.55,27567.07,18,0,113,26,23,0,0,0,0,0,0,6,0,272,0.54,0.5,10,0.035,0.03,0.01,0.03,1
-8719.98,-0.0872,91280.02,10280.69,0.1016,-0.825,-0.848,0.789,180,0.2222,40,140,6.4,False,True,-0.0215,0.0211,21757.55,27567.07,18,0,113,26,23,0,0,0,0,0,0,6,0,272,0.54,0.5,10,0.035,0.03,0.01,0.03,2
-8719.98,-0.0872,91280.02,10280.69,0.1016,-0.825,-0.848,0.789,180,0.2222,40,140,6.4,False,True,-0.0215,0.0211,21757.55,27567.07,18,0,113,26,23,0,0,0,0,0,0,6,0,272,0.54,0.5,10,0.035,0.03,0.01,0.03,3
-8716.27,-0.0872,91283.73,10438.16,0.1031,-0.742,-0.835,0.803,179,0.2235,40,139,6.4,False,True,-0.0215,0.0214,24184.51,30120.14,17,0,113,26,23,0,0,0,0,0,0,6,0,271,0.54,0.5,10,0.035,0.03,0.01,0.05,1
-8716.27,-0.0872,91283.73,10438.16,0.1031,-0.742,-0.835,0.803,179,0.2235,40,139,6.4,False,True,-0.0215,0.0214,24184.51,30120.14,17,0,113,26,23,0,0,0,0,0,0,6,0,271,0.54,0.5,10,0.035,0.03,0.01,0.05,2
-8716.27,-0.0872,91283.73,10438.16,0.1031,-0.742,-0.835,0.803,179,0.2235,40,139,6.4,False,True,-0.0215,0.0214,24184.51,30120.14,17,0,113,26,23,0,0,0,0,0,0,6,0,271,0.54,0.5,10,0.035,0.03,0.01,0.05,3
-8531.22,-0.0853,91468.78,10125.87,0.1,-0.805,-0.843,0.595,183,0.2131,39,144,6.3,False,True,-0.0215,0.0211,19107.72,32109.22,18,0,116,27,22,0,0,0,0,0,0,1,0,280,0.54,0.5,10,0.035,0.03,0.02,0.03,1
-8531.22,-0.0853,91468.78,10125.87,0.1,-0.805,-0.843,0.595,183,0.2131,39,144,6.3,False,True,-0.0215,0.0211,19107.72,32109.22,18,0,116,27,22,0,0,0,0,0,0,1,0,280,0.54,0.5,10,0.035,0.03,0.02,0.03,2
-8531.22,-0.0853,91468.78,10125.87,0.1,-0.805,-0.843,0.595,183,0.2131,39,144,6.3,False,True,-0.0215,0.0211,19107.72,32109.22,18,0,116,27,22,0,0,0,0,0,0,1,0,280,0.54,0.5,10,0.035,0.03,0.02,0.03,3
-8501.58,-0.085,91498.42,10137.95,0.1002,-0.722,-0.839,0.797,177,0.226,40,137,6.3,False,True,-0.0215,0.0214,24015.47,30134.6,16,0,112,27,22,0,0,0,0,0,0,3,0,271,0.54,0.5,10,0.035,0.03,0.02,0.05,1
-8501.58,-0.085,91498.42,10137.95,0.1002,-0.722,-0.839,0.797,177,0.226,40,137,6.3,False,True,-0.0215,0.0214,24015.47,30134.6,16,0,112,27,22,0,0,0,0,0,0,3,0,271,0.54,0.5,10,0.035,0.03,0.02,0.05,2
-8501.58,-0.085,91498.42,10137.95,0.1002,-0.722,-0.839,0.797,177,0.226,40,137,6.3,False,True,-0.0215,0.0214,24015.47,30134.6,16,0,112,27,22,0,0,0,0,0,0,3,0,271,0.54,0.5,10,0.035,0.03,0.02,0.05,3
-8719.98,-0.0872,91280.02,10280.69,0.1016,-0.825,-0.848,0.789,180,0.2222,40,140,6.4,False,True,-0.0215,0.0211,21757.55,27567.07,18,0,113,26,23,0,0,0,0,0,0,5,0,272,0.54,0.5,15,0.025,0.02,0.01,0.03,1
-8719.98,-0.0872,91280.02,10280.69,0.1016,-0.825,-0.848,0.789,180,0.2222,40,140,6.4,False,True,-0.0215,0.0211,21757.55,27567.07,18,0,113,26,23,0,0,0,0,0,0,5,0,272,0.54,0.5,15,0.025,0.02,0.01,0.03,2
-8719.98,-0.0872,91280.02,10280.69,0.1016,-0.825,-0.848,0.789,180,0.2222,40,140,6.4,False,True,-0.0215,0.0211,21757.55,27567.07,18,0,113,26,23,0,0,0,0,0,0,5,0,272,0.54,0.5,15,0.025,0.02,0.01,0.03,3
-8716.27,-0.0872,91283.73,10438.16,0.1031,-0.742,-0.835,0.803,179,0.2235,40,139,6.4,False,True,-0.0215,0.0214,24184.51,30120.14,17,0,113,26,23,0,0,0,0,0,0,3,0,271,0.54,0.5,15,0.025,0.02,0.01,0.05,1
-8716.27,-0.0872,91283.73,10438.16,0.1031,-0.742,-0.835,0.803,179,0.2235,40,139,6.4,False,True,-0.0215,0.0214,24184.51,30120.14,17,0,113,26,23,0,0,0,0,0,0,3,0,271,0.54,0.5,15,0.025,0.02,0.01,0.05,2
-8716.27,-0.0872,91283.73,10438.16,0.1031,-0.742,-0.835,0.803,179,0.2235,40,139,6.4,False,True,-0.0215,0.0214,24184.51,30120.14,17,0,113,26,23,0,0,0,0,0,0,3,0,271,0.54,0.5,15,0.025,0.02,0.01,0.05,3
-8531.22,-0.0853,91468.78,10125.87,0.1,-0.805,-0.843,0.595,183,0.2131,39,144,6.3,False,True,-0.0215,0.0211,19107.72,32109.22,18,0,116,27,22,0,0,0,0,0,0,0,0,280,0.54,0.5,15,0.025,0.02,0.02,0.03,1
-8531.22,-0.0853,91468.78,10125.87,0.1,-0.805,-0.843,0.595,183,0.2131,39,144,6.3,False,True,-0.0215,0.0211,19107.72,32109.22,18,0,116,27,22,0,0,0,0,0,0,0,0,280,0.54,0.5,15,0.025,0.02,0.02,0.03,2
-8531.22,-0.0853,91468.78,10125.87,0.1,-0.805,-0.843,0.595,183,0.2131,39,144,6.3,False,True,-0.0215,0.0211,19107.72,32109.22,18,0,116,27,22,0,0,0,0,0,0,0,0,280,0.54,0.5,15,0.025,0.02,0.02,0.03,3
-8501.58,-0.085,91498.42,10137.95,0.1002,-0.722,-0.839,0.797,177,0.226,40,137,6.3,False,True,-0.0215,0.0214,24015.47,30134.6,16,0,112,27,22,0,0,0,0,0,0,0,0,271,0.54,0.5,15,0.025,0.02,0.02,0.05,1
-8501.58,-0.085,91498.42,10137.95,0.1002,-0.722,-0.839,0.797,177,0.226,40,137,6.3,False,True,-0.0215,0.0214,24015.47,30134.6,16,0,112,27,22,0,0,0,0,0,0,0,0,271,0.54,0.5,15,0.025,0.02,0.02,0.05,2
-8501.58,-0.085,91498.42,10137.95,0.1002,-0.722,-0.839,0.797,177,0.226,40,137,6.3,False,True,-0.0215,0.0214,24015.47,30134.6,16,0,112,27,22,0,0,0,0,0,0,0,0,271,0.54,0.5,15,0.025,0.02,0.02,0.05,3
-8719.98,-0.0872,91280.02,10280.69,0.1016,-0.825,-0.848,0.789,180,0.2222,40,140,6.4,False,True,-0.0215,0.0211,21757.55,27567.07,18,0,113,26,23,0,0,0,0,0,0,6,0,272,0.54,0.5,15,0.025,0.03,0.01,0.03,1
-8719.98,-0.0872,91280.02,10280.69,0.1016,-0.825,-0.848,0.789,180,0.2222,40,140,6.4,False,True,-0.0215,0.0211,21757.55,27567.07,18,0,113,26,23,0,0,0,0,0,0,6,0,272,0.54,0.5,15,0.025,0.03,0.01,0.03,2
-8719.98,-0.0872,91280.02,10280.69,0.1016,-0.825,-0.848,0.789,180,0.2222,40,140,6.4,False,True,-0.0215,0.0211,21757.55,27567.07,18,0,113,26,23,0,0,0,0,0,0,6,0,272,0.54,0.5,15,0.025,0.03,0.01,0.03,3
-8716.27,-0.0872,91283.73,10438.16,0.1031,-0.742,-0.835,0.803,179,0.2235,40,139,6.4,False,True,-0.0215,0.0214,24184.51,30120.14,17,0,113,26,23,0,0,0,0,0,0,6,0,271,0.54,0.5,15,0.025,0.03,0.01,0.05,1
-8716.27,-0.0872,91283.73,10438.16,0.1031,-0.742,-0.835,0.803,179,0.2235,40,139,6.4,False,True,-0.0215,0.0214,24184.51,30120.14,17,0,113,26,23,0,0,0,0,0,0,6,0,271,0.54,0.5,15,0.025,0.03,0.01,0.05,2
-8716.27,-0.0872,91283.73,10438.16,0.1031,-0.742,-0.835,0.803,179,0.2235,40,139,6.4,False,True,-0.0215,0.0214,24184.51,30120.14,17,0,113,26,23,0,0,0,0,0,0,6,0,271,0.54,0.5,15,0.025,0.03,0.01,0.05,3
-8531.22,-0.0853,91468.78,10125.87,0.1,-0.805,-0.843,0.595,183,0.2131,39,144,6.3,False,True,-0.0215,0.0211,19107.72,32109.22,18,0,116,27,22,0,0,0,0,0,0,1,0,280,0.54,0.5,15,0.025,0.03,0.02,0.03,1
-8531.22,-0.0853,91468.78,10125.87,0.1,-0.805,-0.843,0.595,183,0.2131,39,144,6.3,False,True,-0.0215,0.0211,19107.72,32109.22,18,0,116,27,22,0,0,0,0,0,0,1,0,280,0.54,0.5,15,0.025,0.03,0.02,0.03,2
-8531.22,-0.0853,91468.78,10125.87,0.1,-0.805,-0.843,0.595,183,0.2131,39,144,6.3,False,True,-0.0215,0.0211,19107.72,32109.22,18,0,116,27,22,0,0,0,0,0,0,1,0,280,0.54,0.5,15,0.025,0.03,0.02,0.03,3
-8501.58,-0.085,91498.42,10137.95,0.1002,-0.722,-0.839,0.797,177,0.226,40,137,6.3,False,True,-0.0215,0.0214,24015.47,30134.6,16,0,112,27,22,0,0,0,0,0,0,3,0,271,0.54,0.5,15,0.025,0.03,0.02,0.05,1
-8501.58,-0.085,91498.42,10137.95,0.1002,-0.722,-0.839,0.797,177,0.226,40,137,6.3,False,True,-0.0215,0.0214,24015.47,30134.6,16,0,112,27,22,0,0,0,0,0,0,3,0,271,0.54,0.5,15,0.025,0.03,0.02,0.05,2
-8501.58,-0.085,91498.42,10137.95,0.1002,-0.722,-0.839,0.797,177,0.226,40,137,6.3,False,True,-0.0215,0.0214,24015.47,30134.6,16,0,112,27,22,0,0,0,0,0,0,3,0,271,0.54,0.5,15,0.025,0.03,0.02,0.05,3
-8719.98,-0.0872,91280.02,10280.69,0.1016,-0.825,-0.848,0.789,180,0.2222,40,140,6.4,False,True,-0.0215,0.0211,21757.55,27567.07,18,0,113,26,23,0,0,0,0,0,0,5,0,272,0.54,0.5,15,0.035,0.02,0.01,0.03,1
-8719.98,-0.0872,91280.02,10280.69,0.1016,-0.825,-0.848,0.789,180,0.2222,40,140,6.4,False,True,-0.0215,0.0211,21757.55,27567.07,18,0,113,26,23,0,0,0,0,0,0,5,0,272,0.54,0.5,15,0.035,0.02,0.01,0.03,2
-8719.98,-0.0872,91280.02,10280.69,0.1016,-0.825,-0.848,0.789,180,0.2222,40,140,6.4,False,True,-0.0215,0.0211,21757.55,27567.07,18,0,113,26,23,0,0,0,0,0,0,5,0,272,0.54,0.5,15,0.035,0.02,0.01,0.03,3
-8716.27,-0.0872,91283.73,10438.16,0.1031,-0.742,-0.835,0.803,179,0.2235,40,139,6.4,False,True,-0.0215,0.0214,24184.51,30120.14,17,0,113,26,23,0,0,0,0,0,0,3,0,271,0.54,0.5,15,0.035,0.02,0.01,0.05,1
-8716.27,-0.0872,91283.73,10438.16,0.1031,-0.742,-0.835,0.803,179,0.2235,40,139,6.4,False,True,-0.0215,0.0214,24184.51,30120.14,17,0,113,26,23,0,0,0,0,0,0,3,0,271,0.54,0.5,15,0.035,0.02,0.01,0.05,2
-8716.27,-0.0872,91283.73,10438.16,0.1031,-0.742,-0.835,0.803,179,0.2235,40,139,6.4,False,True,-0.0215,0.0214,24184.51,30120.14,17,0,113,26,23,0,0,0,0,0,0,3,0,271,0.54,0.5,15,0.035,0.02,0.01,0.05,3
-8531.22,-0.0853,91468.78,10125.87,0.1,-0.805,-0.843,0.595,183,0.2131,39,144,6.3,False,True,-0.0215,0.0211,19107.72,32109.22,18,0,116,27,22,0,0,0,0,0,0,0,0,280,0.54,0.5,15,0.035,0.02,0.02,0.03,1
-8531.22,-0.0853,91468.78,10125.87,0.1,-0.805,-0.843,0.595,183,0.2131,39,144,6.3,False,True,-0.0215,0.0211,19107.72,32109.22,18,0,116,27,22,0,0,0,0,0,0,0,0,280,0.54,0.5,15,0.035,0.02,0.02,0.03,2
-8531.22,-0.0853,91468.78,10125.87,0.1,-0.805,-0.843,0.595,183,0.2131,39,144,6.3,False,True,-0.0215,0.0211,19107.72,32109.22,18,0,116,27,22,0,0,0,0,0,0,0,0,280,0.54,0.5,15,0.035,0.02,0.02,0.03,3
-8501.58,-0.085,91498.42,10137.95,0.1002,-0.722,-0.839,0.797,177,0.226,40,137,6.3,False,True,-0.0215,0.0214,24015.47,30134.6,16,0,112,27,22,0,0,0,0,0,0,0,0,271,0.54,0.5,15,0.035,0.02,0.02,0.05,1
-8501.58,-0.085,91498.42,10137.95,0.1002,-0.722,-0.839,0.797,177,0.226,40,137,6.3,False,True,-0.0215,0.0214,24015.47,30134.6,16,0,112,27,22,0,0,0,0,0,0,0,0,271,0.54,0.5,15,0.035,0.02,0.02,0.05,2
-8501.58,-0.085,91498.42,10137.95,0.1002,-0.722,-0.839,0.797,177,0.226,40,137,6.3,False,True,-0.0215,0.0214,24015.47,30134.6,16,0,112,27,22,0,0,0,0,0,0,0,0,271,0.54,0.5,15,0.035,0.02,0.02,0.05,3
-8719.98,-0.0872,91280.02,10280.69,0.1016,-0.825,-0.848,0.789,180,0.2222,40,140,6.4,False,True,-0.0215,0.0211,21757.55,27567.07,18,0,113,26,23,0,0,0,0,0,0,6,0,272,0.54,0.5,15,0.035,0.03,0.01,0.03,1
-8719.98,-0.0872,91280.02,10280.69,0.1016,-0.825,-0.848,0.789,180,0.2222,40,140,6.4,False,True,-0.0215,0.0211,21757.55,27567.07,18,0,113,26,23,0,0,0,0,0,0,6,0,272,0.54,0.5,15,0.035,0.03,0.01,0.03,2
-8719.98,-0.0872,91280.02,10280.69,0.1016,-0.825,-0.848,0.789,180,0.2222,40,140,6.4,False,True,-0.0215,0.0211,21757.55,27567.07,18,0,113,26,23,0,0,0,0,0,0,6,0,272,0.54,0.5,15,0.035,0.03,0.01,0.03,3
-8716.27,-0.0872,91283.73,10438.16,0.1031,-0.742,-0.835,0.803,179,0.2235,40,139,6.4,False,True,-0.0215,0.0214,24184.51,30120.14,17,0,113,26,23,0,0,0,0,0,0,6,0,271,0.54,0.5,15,0.035,0.03,0.01,0.05,1
-8716.27,-0.0872,91283.73,10438.16,0.1031,-0.742,-0.835,0.803,179,0.2235,40,139,6.4,False,True,-0.0215,0.0214,24184.51,30120.14,17,0,113,26,23,0,0,0,0,0,0,6,0,271,0.54,0.5,15,0.035,0.03,0.01,0.05,2
-8716.27,-0.0872,91283.73,10438.16,0.1031,-0.742,-0.835,0.803,179,0.2235,40,139,6.4,False,True,-0.0215,0.0214,24184.51,30120.14,17,0,113,26,23,0,0,0,0,0,0,6,0,271,0.54,0.5,15,0.035,0.03,0.01,0.05,3
-8531.22,-0.0853,91468.78,10125.87,0.1,-0.805,-0.843,0.595,183,0.2131,39,144,6.3,False,True,-0.0215,0.0211,19107.72,32109.22,18,0,116,27,22,0,0,0,0,0,0,1,0,280,0.54,0.5,15,0.035,0.03,0.02,0.03,1
-8531.22,-0.0853,91468.78,10125.87,0.1,-0.805,-0.843,0.595,183,0.2131,39,144,6.3,False,True,-0.0215,0.0211,19107.72,32109.22,18,0,116,27,22,0,0,0,0,0,0,1,0,280,0.54,0.5,15,0.035,0.03,0.02,0.03,2
-8531.22,-0.0853,91468.78,10125.87,0.1,-0.805,-0.843,0.595,183,0.2131,39,144,6.3,False,True,-0.0215,0.0211,19107.72,32109.22,18,0,116,27,22,0,0,0,0,0,0,1,0,280,0.54,0.5,15,0.035,0.03,0.02,0.03,3
-8501.58,-0.085,91498.42,10137.95,0.1002,-0.722,-0.839,0.797,177,0.226,40,137,6.3,False,True,-0.0215,0.0214,24015.47,30134.6,16,0,112,27,22,0,0,0,0,0,0,3,0,271,0.54,0.5,15,0.035,0.03,0.02,0.05,1
-8501.58,-0.085,91498.42,10137.95,0.1002,-0.722,-0.839,0.797,177,0.226,40,137,6.3,False,True,-0.0215,0.0214,24015.47,30134.6,16,0,112,27,22,0,0,0,0,0,0,3,0,271,0.54,0.5,15,0.035,0.03,0.02,0.05,2
-8501.58,-0.085,91498.42,10137.95,0.1002,-0.722,-0.839,0.797,177,0.226,40,137,6.3,False,True,-0.0215,0.0214,24015.47,30134.6,16,0,112,27,22,0,0,0,0,0,0,3,0,271,0.54,0.5,15,0.035,0.03,0.02,0.05,3
-9547.18,-0.0955,90452.82,10092.89,0.1004,-0.8,-0.946,0.539,67,0.1642,11,56,7.1,False,True,-0.0319,0.0237,11165.77,20712.95,6,0,44,8,9,0,0,0,0,0,0,3,0,116,0.54,1.0,5,0.025,0.02,0.01,0.03,1
-9547.18,-0.0955,90452.82,10092.89,0.1004,-0.8,-0.946,0.539,67,0.1642,11,56,7.1,False,True,-0.0319,0.0237,11165.77,20712.95,6,0,44,8,9,0,0,0,0,0,0,3,0,116,0.54,1.0,5,0.025,0.02,0.01,0.03,2
-9547.18,-0.0955,90452.82,10092.89,0.1004,-0.8,-0.946,0.539,67,0.1642,11,56,7.1,False,True,-0.0319,0.0237,11165.77,20712.95,6,0,44,8,9,0,0,0,0,0,0,3,0,116,0.54,1.0,5,0.025,0.02,0.01,0.03,3
-7446.78,-0.0745,92553.22,10315.67,0.1003,-0.527,-0.722,0.647,65,0.1692,11,54,7.2,False,True,-0.0319,0.0473,13650.27,21097.04,6,0,42,8,9,0,0,0,0,0,0,3,0,116,0.54,1.0,5,0.025,0.02,0.01,0.05,1
-7446.78,-0.0745,92553.22,10315.67,0.1003,-0.527,-0.722,0.647,65,0.1692,11,54,7.2,False,True,-0.0319,0.0473,13650.27,21097.04,6,0,42,8,9,0,0,0,0,0,0,3,0,116,0.54,1.0,5,0.025,0.02,0.01,0.05,2
-7446.78,-0.0745,92553.22,10315.67,0.1003,-0.527,-0.722,0.647,65,0.1692,11,54,7.2,False,True,-0.0319,0.0473,13650.27,21097.04,6,0,42,8,9,0,0,0,0,0,0,3,0,116,0.54,1.0,5,0.025,0.02,0.01,0.05,3
-9339.28,-0.0934,90660.72,10072.86,0.1002,-0.665,-0.927,0.607,79,0.1899,15,64,7.1,False,True,-0.0319,0.0279,15116.01,24895.52,8,0,48,10,13,0,0,0,0,0,0,0,0,132,0.54,1.0,5,0.025,0.02,0.02,0.03,1
-9339.28,-0.0934,90660.72,10072.86,0.1002,-0.665,-0.927,0.607,79,0.1899,15,64,7.1,False,True,-0.0319,0.0279,15116.01,24895.52,8,0,48,10,13,0,0,0,0,0,0,0,0,132,0.54,1.0,5,0.025,0.02,0.02,0.03,2
-9339.28,-0.0934,90660.72,10072.86,0.1002,-0.665,-0.927,0.607,79,0.1899,15,64,7.1,False,True,-0.0319,0.0279,15116.01,24895.52,8,0,48,10,13,0,0,0,0,0,0,0,0,132,0.54,1.0,5,0.025,0.02,0.02,0.03,3
-7496.55,-0.075,92503.45,10365.44,0.1008,-0.467,-0.723,0.695,67,0.1791,12,55,7.1,False,True,-0.0319,0.0473,17053.6,24550.15,6,0,43,9,9,0,0,0,0,0,0,0,0,113,0.54,1.0,5,0.025,0.02,0.02,0.05,1
-7496.55,-0.075,92503.45,10365.44,0.1008,-0.467,-0.723,0.695,67,0.1791,12,55,7.1,False,True,-0.0319,0.0473,17053.6,24550.15,6,0,43,9,9,0,0,0,0,0,0,0,0,113,0.54,1.0,5,0.025,0.02,0.02,0.05,2
-7496.55,-0.075,92503.45,10365.44,0.1008,-0.467,-0.723,0.695,67,0.1791,12,55,7.1,False,True,-0.0319,0.0473,17053.6,24550.15,6,0,43,9,9,0,0,0,0,0,0,0,0,113,0.54,1.0,5,0.025,0.02,0.02,0.05,3
-9547.18,-0.0955,90452.82,10092.89,0.1004,-0.8,-0.946,0.539,67,0.1642,11,56,7.1,False,True,-0.0319,0.0237,11165.77,20712.95,6,0,44,8,9,0,0,0,0,0,0,4,0,116,0.54,1.0,5,0.025,0.03,0.01,0.03,1
-9547.18,-0.0955,90452.82,10092.89,0.1004,-0.8,-0.946,0.539,67,0.1642,11,56,7.1,False,True,-0.0319,0.0237,11165.77,20712.95,6,0,44,8,9,0,0,0,0,0,0,4,0,116,0.54,1.0,5,0.025,0.03,0.01,0.03,2
-9547.18,-0.0955,90452.82,10092.89,0.1004,-0.8,-0.946,0.539,67,0.1642,11,56,7.1,False,True,-0.0319,0.0237,11165.77,20712.95,6,0,44,8,9,0,0,0,0,0,0,4,0,116,0.54,1.0,5,0.025,0.03,0.01,0.03,3
-7446.78,-0.0745,92553.22,10315.67,0.1003,-0.527,-0.722,0.647,65,0.1692,11,54,7.2,False,True,-0.0319,0.0473,13650.27,21097.04,6,0,42,8,9,0,0,0,0,0,0,3,0,116,0.54,1.0,5,0.025,0.03,0.01,0.05,1
-7446.78,-0.0745,92553.22,10315.67,0.1003,-0.527,-0.722,0.647,65,0.1692,11,54,7.2,False,True,-0.0319,0.0473,13650.27,21097.04,6,0,42,8,9,0,0,0,0,0,0,3,0,116,0.54,1.0,5,0.025,0.03,0.01,0.05,2
-7446.78,-0.0745,92553.22,10315.67,0.1003,-0.527,-0.722,0.647,65,0.1692,11,54,7.2,False,True,-0.0319,0.0473,13650.27,21097.04,6,0,42,8,9,0,0,0,0,0,0,3,0,116,0.54,1.0,5,0.025,0.03,0.01,0.05,3
-9339.28,-0.0934,90660.72,10072.86,0.1002,-0.665,-0.927,0.607,79,0.1899,15,64,7.1,False,True,-0.0319,0.0279,15116.01,24895.52,8,0,48,10,13,0,0,0,0,0,0,3,0,132,0.54,1.0,5,0.025,0.03,0.02,0.03,1
-9339.28,-0.0934,90660.72,10072.86,0.1002,-0.665,-0.927,0.607,79,0.1899,15,64,7.1,False,True,-0.0319,0.0279,15116.01,24895.52,8,0,48,10,13,0,0,0,0,0,0,3,0,132,0.54,1.0,5,0.025,0.03,0.02,0.03,2
-9339.28,-0.0934,90660.72,10072.86,0.1002,-0.665,-0.927,0.607,79,0.1899,15,64,7.1,False,True,-0.0319,0.0279,15116.01,24895.52,8,0,48,10,13,0,0,0,0,0,0,3,0,132,0.54,1.0,5,0.025,0.03,0.02,0.03,3
-7496.55,-0.075,92503.45,10365.44,0.1008,-0.467,-0.723,0.695,67,0.1791,12,55,7.1,False,True,-0.0319,0.0473,17053.6,24550.15,6,0,43,9,9,0,0,0,0,0,0,2,0,113,0.54,1.0,5,0.025,0.03,0.02,0.05,1
-7496.55,-0.075,92503.45,10365.44,0.1008,-0.467,-0.723,0.695,67,0.1791,12,55,7.1,False,True,-0.0319,0.0473,17053.6,24550.15,6,0,43,9,9,0,0,0,0,0,0,2,0,113,0.54,1.0,5,0.025,0.03,0.02,0.05,2
-7496.55,-0.075,92503.45,10365.44,0.1008,-0.467,-0.723,0.695,67,0.1791,12,55,7.1,False,True,-0.0319,0.0473,17053.6,24550.15,6,0,43,9,9,0,0,0,0,0,0,2,0,113,0.54,1.0,5,0.025,0.03,0.02,0.05,3
-10402.1,-0.104,89597.9,10402.1,0.104,-0.934,-1.0,0.49,65,0.1692,11,54,7.2,False,True,-0.0319,0.0211,9980.81,20382.91,6,0,42,8,9,0,0,0,0,0,0,3,0,116,0.54,1.0,5,0.035,0.02,0.01,0.03,1
-10402.1,-0.104,89597.9,10402.1,0.104,-0.934,-1.0,0.49,65,0.1692,11,54,7.2,False,True,-0.0319,0.0211,9980.81,20382.91,6,0,42,8,9,0,0,0,0,0,0,3,0,116,0.54,1.0,5,0.035,0.02,0.01,0.03,2
-10402.1,-0.104,89597.9,10402.1,0.104,-0.934,-1.0,0.49,65,0.1692,11,54,7.2,False,True,-0.0319,0.0211,9980.81,20382.91,6,0,42,8,9,0,0,0,0,0,0,3,0,116,0.54,1.0,5,0.035,0.02,0.01,0.03,3
-7896.78,-0.079,92103.22,10256.74,0.1002,-0.583,-0.77,0.632,65,0.1692,11,54,7.2,False,True,-0.0319,0.0421,13576.29,21473.07,6,0,42,8,9,0,0,0,0,0,0,3,0,116,0.54,1.0,5,0.035,0.02,0.01,0.05,1
-7896.78,-0.079,92103.22,10256.74,0.1002,-0.583,-0.77,0.632,65,0.1692,11,54,7.2,False,True,-0.0319,0.0421,13576.29,21473.07,6,0,42,8,9,0,0,0,0,0,0,3,0,116,0.54,1.0,5,0.035,0.02,0.01,0.05,2
-7896.78,-0.079,92103.22,10256.74,0.1002,-0.583,-0.77,0.632,65,0.1692,11,54,7.2,False,True,-0.0319,0.0421,13576.29,21473.07,6,0,42,8,9,0,0,0,0,0,0,3,0,116,0.54,1.0,5,0.035,0.02,0.01,0.05,3
-9879.38,-0.0988,90120.62,10081.73,0.1008,-0.814,-0.98,0.807,72,0.1806,13,59,7.0,False,True,-0.0319,0.0279,17167.59,21280.85,6,0,46,9,11,0,0,0,0,0,0,0,0,122,0.54,1.0,5,0.035,0.02,0.02,0.03,1
-9879.38,-0.0988,90120.62,10081.73,0.1008,-0.814,-0.98,0.807,72,0.1806,13,59,7.0,False,True,-0.0319,0.0279,17167.59,21280.85,6,0,46,9,11,0,0,0,0,0,0,0,0,122,0.54,1.0,5,0.035,0.02,0.02,0.03,2
-9879.38,-0.0988,90120.62,10081.73,0.1008,-0.814,-0.98,0.807,72,0.1806,13,59,7.0,False,True,-0.0319,0.0279,17167.59,21280.85,6,0,46,9,11,0,0,0,0,0,0,0,0,122,0.54,1.0,5,0.035,0.02,0.02,0.03,3
-8142.75,-0.0814,91857.25,10502.71,0.1026,-0.537,-0.775,0.661,66,0.1818,12,54,7.2,False,True,-0.0319,0.0421,15888.44,24031.19,6,0,42,9,9,0,0,0,0,0,0,0,0,116,0.54,1.0,5,0.035,0.02,0.02,0.05,1
-8142.75,-0.0814,91857.25,10502.71,0.1026,-0.537,-0.775,0.661,66,0.1818,12,54,7.2,False,True,-0.0319,0.0421,15888.44,24031.19,6,0,42,9,9,0,0,0,0,0,0,0,0,116,0.54,1.0,5,0.035,0.02,0.02,0.05,2
-8142.75,-0.0814,91857.25,10502.71,0.1026,-0.537,-0.775,0.661,66,0.1818,12,54,7.2,False,True,-0.0319,0.0421,15888.44,24031.19,6,0,42,9,9,0,0,0,0,0,0,0,0,116,0.54,1.0,5,0.035,0.02,0.02,0.05,3
-10402.1,-0.104,89597.9,10402.1,0.104,-0.934,-1.0,0.49,65,0.1692,11,54,7.2,False,True,-0.0319,0.0211,9980.81,20382.91,6,0,42,8,9,0,0,0,0,0,0,4,0,116,0.54,1.0,5,0.035,0.03,0.01,0.03,1
-10402.1,-0.104,89597.9,10402.1,0.104,-0.934,-1.0,0.49,65,0.1692,11,54,7.2,False,True,-0.0319,0.0211,9980.81,20382.91,6,0,42,8,9,0,0,0,0,0,0,4,0,116,0.54,1.0,5,0.035,0.03,0.01,0.03,2
-10402.1,-0.104,89597.9,10402.1,0.104,-0.934,-1.0,0.49,65,0.1692,11,54,7.2,False,True,-0.0319,0.0211,9980.81,20382.91,6,0,42,8,9,0,0,0,0,0,0,4,0,116,0.54,1.0,5,0.035,0.03,0.01,0.03,3
-7896.78,-0.079,92103.22,10256.74,0.1002,-0.583,-0.77,0.632,65,0.1692,11,54,7.2,False,True,-0.0319,0.0421,13576.29,21473.07,6,0,42,8,9,0,0,0,0,0,0,3,0,116,0.54,1.0,5,0.035,0.03,0.01,0.05,1
-7896.78,-0.079,92103.22,10256.74,0.1002,-0.583,-0.77,0.632,65,0.1692,11,54,7.2,False,True,-0.0319,0.0421,13576.29,21473.07,6,0,42,8,9,0,0,0,0,0,0,3,0,116,0.54,1.0,5,0.035,0.03,0.01,0.05,2
-7896.78,-0.079,92103.22,10256.74,0.1002,-0.583,-0.77,0.632,65,0.1692,11,54,7.2,False,True,-0.0319,0.0421,13576.29,21473.07,6,0,42,8,9,0,0,0,0,0,0,3,0,116,0.54,1.0,5,0.035,0.03,0.01,0.05,3
-9879.38,-0.0988,90120.62,10081.73,0.1008,-0.814,-0.98,0.807,72,0.1806,13,59,7.0,False,True,-0.0319,0.0279,17167.59,21280.85,6,0,46,9,11,0,0,0,0,0,0,3,0,122,0.54,1.0,5,0.035,0.03,0.02,0.03,1
-9879.38,-0.0988,90120.62,10081.73,0.1008,-0.814,-0.98,0.807,72,0.1806,13,59,7.0,False,True,-0.0319,0.0279,17167.59,21280.85,6,0,46,9,11,0,0,0,0,0,0,3,0,122,0.54,1.0,5,0.035,0.03,0.02,0.03,2
-9879.38,-0.0988,90120.62,10081.73,0.1008,-0.814,-0.98,0.807,72,0.1806,13,59,7.0,False,True,-0.0319,0.0279,17167.59,21280.85,6,0,46,9,11,0,0,0,0,0,0,3,0,122,0.54,1.0,5,0.035,0.03,0.02,0.03,3
-8142.75,-0.0814,91857.25,10502.71,0.1026,-0.537,-0.775,0.661,66,0.1818,12,54,7.2,False,True,-0.0319,0.0421,15888.44,24031.19,6,0,42,9,9,0,0,0,0,0,0,2,0,116,0.54,1.0,5,0.035,0.03,0.02,0.05,1
-8142.75,-0.0814,91857.25,10502.71,0.1026,-0.537,-0.775,0.661,66,0.1818,12,54,7.2,False,True,-0.0319,0.0421,15888.44,24031.19,6,0,42,9,9,0,0,0,0,0,0,2,0,116,0.54,1.0,5,0.035,0.03,0.02,0.05,2
-8142.75,-0.0814,91857.25,10502.71,0.1026,-0.537,-0.775,0.661,66,0.1818,12,54,7.2,False,True,-0.0319,0.0421,15888.44,24031.19,6,0,42,9,9,0,0,0,0,0,0,2,0,116,0.54,1.0,5,0.035,0.03,0.02,0.05,3
-9547.18,-0.0955,90452.82,10092.89,0.1004,-0.8,-0.946,0.539,67,0.1642,11,56,7.1,False,True,-0.0319,0.0237,11165.77,20712.95,6,0,44,8,9,0,0,0,0,0,0,3,0,116,0.54,1.0,10,0.025,0.02,0.01,0.03,1
-9547.18,-0.0955,90452.82,10092.89,0.1004,-0.8,-0.946,0.539,67,0.1642,11,56,7.1,False,True,-0.0319,0.0237,11165.77,20712.95,6,0,44,8,9,0,0,0,0,0,0,3,0,116,0.54,1.0,10,0.025,0.02,0.01,0.03,2
-9547.18,-0.0955,90452.82,10092.89,0.1004,-0.8,-0.946,0.539,67,0.1642,11,56,7.1,False,True,-0.0319,0.0237,11165.77,20712.95,6,0,44,8,9,0,0,0,0,0,0,3,0,116,0.54,1.0,10,0.025,0.02,0.01,0.03,3
-7446.78,-0.0745,92553.22,10315.67,0.1003,-0.527,-0.722,0.647,65,0.1692,11,54,7.2,False,True,-0.0319,0.0473,13650.27,21097.04,6,0,42,8,9,0,0,0,0,0,0,3,0,116,0.54,1.0,10,0.025,0.02,0.01,0.05,1
-7446.78,-0.0745,92553.22,10315.67,0.1003,-0.527,-0.722,0.647,65,0.1692,11,54,7.2,False,True,-0.0319,0.0473,13650.27,21097.04,6,0,42,8,9,0,0,0,0,0,0,3,0,116,0.54,1.0,10,0.025,0.02,0.01,0.05,2
-7446.78,-0.0745,92553.22,10315.67,0.1003,-0.527,-0.722,0.647,65,0.1692,11,54,7.2,False,True,-0.0319,0.0473,13650.27,21097.04,6,0,42,8,9,0,0,0,0,0,0,3,0,116,0.54,1.0,10,0.025,0.02,0.01,0.05,3
-9339.28,-0.0934,90660.72,10072.86,0.1002,-0.665,-0.927,0.607,79,0.1899,15,64,7.1,False,True,-0.0319,0.0279,15116.01,24895.52,8,0,48,10,13,0,0,0,0,0,0,0,0,132,0.54,1.0,10,0.025,0.02,0.02,0.03,1
-9339.28,-0.0934,90660.72,10072.86,0.1002,-0.665,-0.927,0.607,79,0.1899,15,64,7.1,False,True,-0.0319,0.0279,15116.01,24895.52,8,0,48,10,13,0,0,0,0,0,0,0,0,132,0.54,1.0,10,0.025,0.02,0.02,0.03,2
-9339.28,-0.0934,90660.72,10072.86,0.1002,-0.665,-0.927,0.607,79,0.1899,15,64,7.1,False,True,-0.0319,0.0279,15116.01,24895.52,8,0,48,10,13,0,0,0,0,0,0,0,0,132,0.54,1.0,10,0.025,0.02,0.02,0.03,3
-7496.55,-0.075,92503.45,10365.44,0.1008,-0.467,-0.723,0.695,67,0.1791,12,55,7.1,False,True,-0.0319,0.0473,17053.6,24550.15,6,0,43,9,9,0,0,0,0,0,0,0,0,113,0.54,1.0,10,0.025,0.02,0.02,0.05,1
-7496.55,-0.075,92503.45,10365.44,0.1008,-0.467,-0.723,0.695,67,0.1791,12,55,7.1,False,True,-0.0319,0.0473,17053.6,24550.15,6,0,43,9,9,0,0,0,0,0,0,0,0,113,0.54,1.0,10,0.025,0.02,0.02,0.05,2
-7496.55,-0.075,92503.45,10365.44,0.1008,-0.467,-0.723,0.695,67,0.1791,12,55,7.1,False,True,-0.0319,0.0473,17053.6,24550.15,6,0,43,9,9,0,0,0,0,0,0,0,0,113,0.54,1.0,10,0.025,0.02,0.02,0.05,3
-9547.18,-0.0955,90452.82,10092.89,0.1004,-0.8,-0.946,0.539,67,0.1642,11,56,7.1,False,True,-0.0319,0.0237,11165.77,20712.95,6,0,44,8,9,0,0,0,0,0,0,4,0,116,0.54,1.0,10,0.025,0.03,0.01,0.03,1
-9547.18,-0.0955,90452.82,10092.89,0.1004,-0.8,-0.946,0.539,67,0.1642,11,56,7.1,False,True,-0.0319,0.0237,11165.77,20712.95,6,0,44,8,9,0,0,0,0,0,0,4,0,116,0.54,1.0,10,0.025,0.03,0.01,0.03,2
-9547.18,-0.0955,90452.82,10092.89,0.1004,-0.8,-0.946,0.539,67,0.1642,11,56,7.1,False,True,-0.0319,0.0237,11165.77,20712.95,6,0,44,8,9,0,0,0,0,0,0,4,0,116,0.54,1.0,10,0.025,0.03,0.01,0.03,3
-7446.78,-0.0745,92553.22,10315.67,0.1003,-0.527,-0.722,0.647,65,0.1692,11,54,7.2,False,True,-0.0319,0.0473,13650.27,21097.04,6,0,42,8,9,0,0,0,0,0,0,3,0,116,0.54,1.0,10,0.025,0.03,0.01,0.05,1
-7446.78,-0.0745,92553.22,10315.67,0.1003,-0.527,-0.722,0.647,65,0.1692,11,54,7.2,False,True,-0.0319,0.0473,13650.27,21097.04,6,0,42,8,9,0,0,0,0,0,0,3,0,116,0.54,1.0,10,0.025,0.03,0.01,0.05,2
-7446.78,-0.0745,92553.22,10315.67,0.1003,-0.527,-0.722,0.647,65,0.1692,11,54,7.2,False,True,-0.0319,0.0473,13650.27,21097.04,6,0,42,8,9,0,0,0,0,0,0,3,0,116,0.54,1.0,10,0.025,0.03,0.01,0.05,3
-9339.28,-0.0934,90660.72,10072.86,0.1002,-0.665,-0.927,0.607,79,0.1899,15,64,7.1,False,True,-0.0319,0.0279,15116.01,24895.52,8,0,48,10,13,0,0,0,0,0,0,3,0,132,0.54,1.0,10,0.025,0.03,0.02,0.03,1
-9339.28,-0.0934,90660.72,10072.86,0.1002,-0.665,-0.927,0.607,79,0.1899,15,64,7.1,False,True,-0.0319,0.0279,15116.01,24895.52,8,0,48,10,13,0,0,0,0,0,0,3,0,132,0.54,1.0,10,0.025,0.03,0.02,0.03,2
-9339.28,-0.0934,90660.72,10072.86,0.1002,-0.665,-0.927,0.607,79,0.1899,15,64,7.1,False,True,-0.0319,0.0279,15116.01,24895.52,8,0,48,10,13,0,0,0,0,0,0,3,0,132,0.54,1.0,10,0.025,0.03,0.02,0.03,3
-7496.55,-0.075,92503.45,10365.44,0.1008,-0.467,-0.723,0.695,67,0.1791,12,55,7.1,False,True,-0.0319,0.0473,17053.6,24550.15,6,0,43,9,9,0,0,0,0,0,0,2,0,113,0.54,1.0,10,0.025,0.03,0.02,0.05,1
-7496.55,-0.075,92503.45,10365.44,0.1008,-0.467,-0.723,0.695,67,0.1791,12,55,7.1,False,True,-0.0319,0.0473,17053.6,24550.15,6,0,43,9,9,0,0,0,0,0,0,2,0,113,0.54,1.0,10,0.025,0.03,0.02,0.05,2
-7496.55,-0.075,92503.45,10365.44,0.1008,-0.467,-0.723,0.695,67,0.1791,12,55,7.1,False,True,-0.0319,0.0473,17053.6,24550.15,6,0,43,9,9,0,0,0,0,0,0,2,0,113,0.54,1.0,10,0.025,0.03,0.02,0.05,3
-10402.1,-0.104,89597.9,10402.1,0.104,-0.934,-1.0,0.49,65,0.1692,11,54,7.2,False,True,-0.0319,0.0211,9980.81,20382.91,6,0,42,8,9,0,0,0,0,0,0,3,0,116,0.54,1.0,10,0.035,0.02,0.01,0.03,1
-10402.1,-0.104,89597.9,10402.1,0.104,-0.934,-1.0,0.49,65,0.1692,11,54,7.2,False,True,-0.0319,0.0211,9980.81,20382.91,6,0,42,8,9,0,0,0,0,0,0,3,0,116,0.54,1.0,10,0.035,0.02,0.01,0.03,2
-10402.1,-0.104,89597.9,10402.1,0.104,-0.934,-1.0,0.49,65,0.1692,11,54,7.2,False,True,-0.0319,0.0211,9980.81,20382.91,6,0,42,8,9,0,0,0,0,0,0,3,0,116,0.54,1.0,10,0.035,0.02,0.01,0.03,3
-7896.78,-0.079,92103.22,10256.74,0.1002,-0.583,-0.77,0.632,65,0.1692,11,54,7.2,False,True,-0.0319,0.0421,13576.29,21473.07,6,0,42,8,9,0,0,0,0,0,0,3,0,116,0.54,1.0,10,0.035,0.02,0.01,0.05,1
-7896.78,-0.079,92103.22,10256.74,0.1002,-0.583,-0.77,0.632,65,0.1692,11,54,7.2,False,True,-0.0319,0.0421,13576.29,21473.07,6,0,42,8,9,0,0,0,0,0,0,3,0,116,0.54,1.0,10,0.035,0.02,0.01,0.05,2
-7896.78,-0.079,92103.22,10256.74,0.1002,-0.583,-0.77,0.632,65,0.1692,11,54,7.2,False,True,-0.0319,0.0421,13576.29,21473.07,6,0,42,8,9,0,0,0,0,0,0,3,0,116,0.54,1.0,10,0.035,0.02,0.01,0.05,3
-9879.38,-0.0988,90120.62,10081.73,0.1008,-0.814,-0.98,0.807,72,0.1806,13,59,7.0,False,True,-0.0319,0.0279,17167.59,21280.85,6,0,46,9,11,0,0,0,0,0,0,0,0,122,0.54,1.0,10,0.035,0.02,0.02,0.03,1
-9879.38,-0.0988,90120.62,10081.73,0.1008,-0.814,-0.98,0.807,72,0.1806,13,59,7.0,False,True,-0.0319,0.0279,17167.59,21280.85,6,0,46,9,11,0,0,0,0,0,0,0,0,122,0.54,1.0,10,0.035,0.02,0.02,0.03,2
-9879.38,-0.0988,90120.62,10081.73,0.1008,-0.814,-0.98,0.807,72,0.1806,13,59,7.0,False,True,-0.0319,0.0279,17167.59,21280.85,6,0,46,9,11,0,0,0,0,0,0,0,0,122,0.54,1.0,10,0.035,0.02,0.02,0.03,3
-8142.75,-0.0814,91857.25,10502.71,0.1026,-0.537,-0.775,0.661,66,0.1818,12,54,7.2,False,True,-0.0319,0.0421,15888.44,24031.19,6,0,42,9,9,0,0,0,0,0,0,0,0,116,0.54,1.0,10,0.035,0.02,0.02,0.05,1
-8142.75,-0.0814,91857.25,10502.71,0.1026,-0.537,-0.775,0.661,66,0.1818,12,54,7.2,False,True,-0.0319,0.0421,15888.44,24031.19,6,0,42,9,9,0,0,0,0,0,0,0,0,116,0.54,1.0,10,0.035,0.02,0.02,0.05,2
-8142.75,-0.0814,91857.25,10502.71,0.1026,-0.537,-0.775,0.661,66,0.1818,12,54,7.2,False,True,-0.0319,0.0421,15888.44,24031.19,6,0,42,9,9,0,0,0,0,0,0,0,0,116,0.54,1.0,10,0.035,0.02,0.02,0.05,3
-10402.1,-0.104,89597.9,10402.1,0.104,-0.934,-1.0,0.49,65,0.1692,11,54,7.2,False,True,-0.0319,0.0211,9980.81,20382.91,6,0,42,8,9,0,0,0,0,0,0,4,0,116,0.54,1.0,10,0.035,0.03,0.01,0.03,1
-10402.1,-0.104,89597.9,10402.1,0.104,-0.934,-1.0,0.49,65,0.1692,11,54,7.2,False,True,-0.0319,0.0211,9980.81,20382.91,6,0,42,8,9,0,0,0,0,0,0,4,0,116,0.54,1.0,10,0.035,0.03,0.01,0.03,2
-10402.1,-0.104,89597.9,10402.1,0.104,-0.934,-1.0,0.49,65,0.1692,11,54,7.2,False,True,-0.0319,0.0211,9980.81,20382.91,6,0,42,8,9,0,0,0,0,0,0,4,0,116,0.54,1.0,10,0.035,0.03,0.01,0.03,3
-7896.78,-0.079,92103.22,10256.74,0.1002,-0.583,-0.77,0.632,65,0.1692,11,54,7.2,False,True,-0.0319,0.0421,13576.29,21473.07,6,0,42,8,9,0,0,0,0,0,0,3,0,116,0.54,1.0,10,0.035,0.03,0.01,0.05,1
-7896.78,-0.079,92103.22,10256.74,0.1002,-0.583,-0.77,0.632,65,0.1692,11,54,7.2,False,True,-0.0319,0.0421,13576.29,21473.07,6,0,42,8,9,0,0,0,0,0,0,3,0,116,0.54,1.0,10,0.035,0.03,0.01,0.05,2
-7896.78,-0.079,92103.22,10256.74,0.1002,-0.583,-0.77,0.632,65,0.1692,11,54,7.2,False,True,-0.0319,0.0421,13576.29,21473.07,6,0,42,8,9,0,0,0,0,0,0,3,0,116,0.54,1.0,10,0.035,0.03,0.01,0.05,3
-9879.38,-0.0988,90120.62,10081.73,0.1008,-0.814,-0.98,0.807,72,0.1806,13,59,7.0,False,True,-0.0319,0.0279,17167.59,21280.85,6,0,46,9,11,0,0,0,0,0,0,3,0,122,0.54,1.0,10,0.035,0.03,0.02,0.03,1
-9879.38,-0.0988,90120.62,10081.73,0.1008,-0.814,-0.98,0.807,72,0.1806,13,59,7.0,False,True,-0.0319,0.0279,17167.59,21280.85,6,0,46,9,11,0,0,0,0,0,0,3,0,122,0.54,1.0,10,0.035,0.03,0.02,0.03,2
-9879.38,-0.0988,90120.62,10081.73,0.1008,-0.814,-0.98,0.807,72,0.1806,13,59,7.0,False,True,-0.0319,0.0279,17167.59,21280.85,6,0,46,9,11,0,0,0,0,0,0,3,0,122,0.54,1.0,10,0.035,0.03,0.02,0.03,3
-8142.75,-0.0814,91857.25,10502.71,0.1026,-0.537,-0.775,0.661,66,0.1818,12,54,7.2,False,True,-0.0319,0.0421,15888.44,24031.19,6,0,42,9,9,0,0,0,0,0,0,2,0,116,0.54,1.0,10,0.035,0.03,0.02,0.05,1
-8142.75,-0.0814,91857.25,10502.71,0.1026,-0.537,-0.775,0.661,66,0.1818,12,54,7.2,False,True,-0.0319,0.0421,15888.44,24031.19,6,0,42,9,9,0,0,0,0,0,0,2,0,116,0.54,1.0,10,0.035,0.03,0.02,0.05,2
-8142.75,-0.0814,91857.25,10502.71,0.1026,-0.537,-0.775,0.661,66,0.1818,12,54,7.2,False,True,-0.0319,0.0421,15888.44,24031.19,6,0,42,9,9,0,0,0,0,0,0,2,0,116,0.54,1.0,10,0.035,0.03,0.02,0.05,3
-9547.18,-0.0955,90452.82,10092.89,0.1004,-0.8,-0.946,0.539,67,0.1642,11,56,7.1,False,True,-0.0319,0.0237,11165.77,20712.95,6,0,44,8,9,0,0,0,0,0,0,3,0,116,0.54,1.0,15,0.025,0.02,0.01,0.03,1
-9547.18,-0.0955,90452.82,10092.89,0.1004,-0.8,-0.946,0.539,67,0.1642,11,56,7.1,False,True,-0.0319,0.0237,11165.77,20712.95,6,0,44,8,9,0,0,0,0,0,0,3,0,116,0.54,1.0,15,0.025,0.02,0.01,0.03,2
-9547.18,-0.0955,90452.82,10092.89,0.1004,-0.8,-0.946,0.539,67,0.1642,11,56,7.1,False,True,-0.0319,0.0237,11165.77,20712.95,6,0,44,8,9,0,0,0,0,0,0,3,0,116,0.54,1.0,15,0.025,0.02,0.01,0.03,3
-7446.78,-0.0745,92553.22,10315.67,0.1003,-0.527,-0.722,0.647,65,0.1692,11,54,7.2,False,True,-0.0319,0.0473,13650.27,21097.04,6,0,42,8,9,0,0,0,0,0,0,3,0,116,0.54,1.0,15,0.025,0.02,0.01,0.05,1
-7446.78,-0.0745,92553.22,10315.67,0.1003,-0.527,-0.722,0.647,65,0.1692,11,54,7.2,False,True,-0.0319,0.0473,13650.27,21097.04,6,0,42,8,9,0,0,0,0,0,0,3,0,116,0.54,1.0,15,0.025,0.02,0.01,0.05,2
-7446.78,-0.0745,92553.22,10315.67,0.1003,-0.527,-0.722,0.647,65,0.1692,11,54,7.2,False,True,-0.0319,0.0473,13650.27,21097.04,6,0,42,8,9,0,0,0,0,0,0,3,0,116,0.54,1.0,15,0.025,0.02,0.01,0.05,3
-9339.28,-0.0934,90660.72,10072.86,0.1002,-0.665,-0.927,0.607,79,0.1899,15,64,7.1,False,True,-0.0319,0.0279,15116.01,24895.52,8,0,48,10,13,0,0,0,0,0,0,0,0,132,0.54,1.0,15,0.025,0.02,0.02,0.03,1
-9339.28,-0.0934,90660.72,10072.86,0.1002,-0.665,-0.927,0.607,79,0.1899,15,64,7.1,False,True,-0.0319,0.0279,15116.01,24895.52,8,0,48,10,13,0,0,0,0,0,0,0,0,132,0.54,1.0,15,0.025,0.02,0.02,0.03,2
-9339.28,-0.0934,90660.72,10072.86,0.1002,-0.665,-0.927,0.607,79,0.1899,15,64,7.1,False,True,-0.0319,0.0279,15116.01,24895.52,8,0,48,10,13,0,0,0,0,0,0,0,0,132,0.54,1.0,15,0.025,0.02,0.02,0.03,3
-7496.55,-0.075,92503.45,10365.44,0.1008,-0.467,-0.723,0.695,67,0.1791,12,55,7.1,False,True,-0.0319,0.0473,17053.6,24550.15,6,0,43,9,9,0,0,0,0,0,0,0,0,113,0.54,1.0,15,0.025,0.02,0.02,0.05,1
-7496.55,-0.075,92503.45,10365.44,0.1008,-0.467,-0.723,0.695,67,0.1791,12,55,7.1,False,True,-0.0319,0.0473,17053.6,24550.15,6,0,43,9,9,0,0,0,0,0,0,0,0,113,0.54,1.0,15,0.025,0.02,0.02,0.05,2
-7496.55,-0.075,92503.45,10365.44,0.1008,-0.467,-0.723,0.695,67,0.1791,12,55,7.1,False,True,-0.0319,0.0473,17053.6,24550.15,6,0,43,9,9,0,0,0,0,0,0,0,0,113,0.54,1.0,15,0.025,0.02,0.02,0.05,3
-9547.18,-0.0955,90452.82,10092.89,0.1004,-0.8,-0.946,0.539,67,0.1642,11,56,7.1,False,True,-0.0319,0.0237,11165.77,20712.95,6,0,44,8,9,0,0,0,0,0,0,4,0,116,0.54,1.0,15,0.025,0.03,0.01,0.03,1
-9547.18,-0.0955,90452.82,10092.89,0.1004,-0.8,-0.946,0.539,67,0.1642,11,56,7.1,False,True,-0.0319,0.0237,11165.77,20712.95,6,0,44,8,9,0,0,0,0,0,0,4,0,116,0.54,1.0,15,0.025,0.03,0.01,0.03,2
-9547.18,-0.0955,90452.82,10092.89,0.1004,-0.8,-0.946,0.539,67,0.1642,11,56,7.1,False,True,-0.0319,0.0237,11165.77,20712.95,6,0,44,8,9,0,0,0,0,0,0,4,0,116,0.54,1.0,15,0.025,0.03,0.01,0.03,3
-7446.78,-0.0745,92553.22,10315.67,0.1003,-0.527,-0.722,0.647,65,0.1692,11,54,7.2,False,True,-0.0319,0.0473,13650.27,21097.04,6,0,42,8,9,0,0,0,0,0,0,3,0,116,0.54,1.0,15,0.025,0.03,0.01,0.05,1
-7446.78,-0.0745,92553.22,10315.67,0.1003,-0.527,-0.722,0.647,65,0.1692,11,54,7.2,False,True,-0.0319,0.0473,13650.27,21097.04,6,0,42,8,9,0,0,0,0,0,0,3,0,116,0.54,1.0,15,0.025,0.03,0.01,0.05,2
-7446.78,-0.0745,92553.22,10315.67,0.1003,-0.527,-0.722,0.647,65,0.1692,11,54,7.2,False,True,-0.0319,0.0473,13650.27,21097.04,6,0,42,8,9,0,0,0,0,0,0,3,0,116,0.54,1.0,15,0.025,0.03,0.01,0.05,3
-9339.28,-0.0934,90660.72,10072.86,0.1002,-0.665,-0.927,0.607,79,0.1899,15,64,7.1,False,True,-0.0319,0.0279,15116.01,24895.52,8,0,48,10,13,0,0,0,0,0,0,3,0,132,0.54,1.0,15,0.025,0.03,0.02,0.03,1
-9339.28,-0.0934,90660.72,10072.86,0.1002,-0.665,-0.927,0.607,79,0.1899,15,64,7.1,False,True,-0.0319,0.0279,15116.01,24895.52,8,0,48,10,13,0,0,0,0,0,0,3,0,132,0.54,1.0,15,0.025,0.03,0.02,0.03,2
-9339.28,-0.0934,90660.72,10072.86,0.1002,-0.665,-0.927,0.607,79,0.1899,15,64,7.1,False,True,-0.0319,0.0279,15116.01,24895.52,8,0,48,10,13,0,0,0,0,0,0,3,0,132,0.54,1.0,15,0.025,0.03,0.02,0.03,3
-7496.55,-0.075,92503.45,10365.44,0.1008,-0.467,-0.723,0.695,67,0.1791,12,55,7.1,False,True,-0.0319,0.0473,17053.6,24550.15,6,0,43,9,9,0,0,0,0,0,0,2,0,113,0.54,1.0,15,0.025,0.03,0.02,0.05,1
-7496.55,-0.075,92503.45,10365.44,0.1008,-0.467,-0.723,0.695,67,0.1791,12,55,7.1,False,True,-0.0319,0.0473,17053.6,24550.15,6,0,43,9,9,0,0,0,0,0,0,2,0,113,0.54,1.0,15,0.025,0.03,0.02,0.05,2
-7496.55,-0.075,92503.45,10365.44,0.1008,-0.467,-0.723,0.695,67,0.1791,12,55,7.1,False,True,-0.0319,0.0473,17053.6,24550.15,6,0,43,9,9,0,0,0,0,0,0,2,0,113,0.54,1.0,15,0.025,0.03,0.02,0.05,3
-10402.1,-0.104,89597.9,10402.1,0.104,-0.934,-1.0,0.49,65,0.1692,11,54,7.2,False,True,-0.0319,0.0211,9980.81,20382.91,6,0,42,8,9,0,0,0,0,0,0,3,0,116,0.54,1.0,15,0.035,0.02,0.01,0.03,1
-10402.1,-0.104,89597.9,10402.1,0.104,-0.934,-1.0,0.49,65,0.1692,11,54,7.2,False,True,-0.0319,0.0211,9980.81,20382.91,6,0,42,8,9,0,0,0,0,0,0,3,0,116,0.54,1.0,15,0.035,0.02,0.01,0.03,2
-10402.1,-0.104,89597.9,10402.1,0.104,-0.934,-1.0,0.49,65,0.1692,11,54,7.2,False,True,-0.0319,0.0211,9980.81,20382.91,6,0,42,8,9,0,0,0,0,0,0,3,0,116,0.54,1.0,15,0.035,0.02,0.01,0.03,3
-7896.78,-0.079,92103.22,10256.74,0.1002,-0.583,-0.77,0.632,65,0.1692,11,54,7.2,False,True,-0.0319,0.0421,13576.29,21473.07,6,0,42,8,9,0,0,0,0,0,0,3,0,116,0.54,1.0,15,0.035,0.02,0.01,0.05,1
-7896.78,-0.079,92103.22,10256.74,0.1002,-0.583,-0.77,0.632,65,0.1692,11,54,7.2,False,True,-0.0319,0.0421,13576.29,21473.07,6,0,42,8,9,0,0,0,0,0,0,3,0,116,0.54,1.0,15,0.035,0.02,0.01,0.05,2
-7896.78,-0.079,92103.22,10256.74,0.1002,-0.583,-0.77,0.632,65,0.1692,11,54,7.2,False,True,-0.0319,0.0421,13576.29,21473.07,6,0,42,8,9,0,0,0,0,0,0,3,0,116,0.54,1.0,15,0.035,0.02,0.01,0.05,3
-9879.38,-0.0988,90120.62,10081.73,0.1008,-0.814,-0.98,0.807,72,0.1806,13,59,7.0,False,True,-0.0319,0.0279,17167.59,21280.85,6,0,46,9,11,0,0,0,0,0,0,0,0,122,0.54,1.0,15,0.035,0.02,0.02,0.03,1
-9879.38,-0.0988,90120.62,10081.73,0.1008,-0.814,-0.98,0.807,72,0.1806,13,59,7.0,False,True,-0.0319,0.0279,17167.59,21280.85,6,0,46,9,11,0,0,0,0,0,0,0,0,122,0.54,1.0,15,0.035,0.02,0.02,0.03,2
-9879.38,-0.0988,90120.62,10081.73,0.1008,-0.814,-0.98,0.807,72,0.1806,13,59,7.0,False,True,-0.0319,0.0279,17167.59,21280.85,6,0,46,9,11,0,0,0,0,0,0,0,0,122,0.54,1.0,15,0.035,0.02,0.02,0.03,3
-8142.75,-0.0814,91857.25,10502.71,0.1026,-0.537,-0.775,0.661,66,0.1818,12,54,7.2,False,True,-0.0319,0.0421,15888.44,24031.19,6,0,42,9,9,0,0,0,0,0,0,0,0,116,0.54,1.0,15,0.035,0.02,0.02,0.05,1
-8142.75,-0.0814,91857.25,10502.71,0.1026,-0.537,-0.775,0.661,66,0.1818,12,54,7.2,False,True,-0.0319,0.0421,15888.44,24031.19,6,0,42,9,9,0,0,0,0,0,0,0,0,116,0.54,1.0,15,0.035,0.02,0.02,0.05,2
-8142.75,-0.0814,91857.25,10502.71,0.1026,-0.537,-0.775,0.661,66,0.1818,12,54,7.2,False,True,-0.0319,0.0421,15888.44,24031.19,6,0,42,9,9,0,0,0,0,0,0,0,0,116,0.54,1.0,15,0.035,0.02,0.02,0.05,3
-10402.1,-0.104,89597.9,10402.1,0.104,-0.934,-1.0,0.49,65,0.1692,11,54,7.2,False,True,-0.0319,0.0211,9980.81,20382.91,6,0,42,8,9,0,0,0,0,0,0,4,0,116,0.54,1.0,15,0.035,0.03,0.01,0.03,1
-10402.1,-0.104,89597.9,10402.1,0.104,-0.934,-1.0,0.49,65,0.1692,11,54,7.2,False,True,-0.0319,0.0211,9980.81,20382.91,6,0,42,8,9,0,0,0,0,0,0,4,0,116,0.54,1.0,15,0.035,0.03,0.01,0.03,2
-10402.1,-0.104,89597.9,10402.1,0.104,-0.934,-1.0,0.49,65,0.1692,11,54,7.2,False,True,-0.0319,0.0211,9980.81,20382.91,6,0,42,8,9,0,0,0,0,0,0,4,0,116,0.54,1.0,15,0.035,0.03,0.01,0.03,3
-7896.78,-0.079,92103.22,10256.74,0.1002,-0.583,-0.77,0.632,65,0.1692,11,54,7.2,False,True,-0.0319,0.0421,13576.29,21473.07,6,0,42,8,9,0,0,0,0,0,0,3,0,116,0.54,1.0,15,0.035,0.03,0.01,0.05,1
-7896.78,-0.079,92103.22,10256.74,0.1002,-0.583,-0.77,0.632,65,0.1692,11,54,7.2,False,True,-0.0319,0.0421,13576.29,21473.07,6,0,42,8,9,0,0,0,0,0,0,3,0,116,0.54,1.0,15,0.035,0.03,0.01,0.05,2
-7896.78,-0.079,92103.22,10256.74,0.1002,-0.583,-0.77,0.632,65,0.1692,11,54,7.2,False,True,-0.0319,0.0421,13576.29,21473.07,6,0,42,8,9,0,0,0,0,0,0,3,0,116,0.54,1.0,15,0.035,0.03,0.01,0.05,3
-9879.38,-0.0988,90120.62,10081.73,0.1008,-0.814,-0.98,0.807,72,0.1806,13,59,7.0,False,True,-0.0319,0.0279,17167.59,21280.85,6,0,46,9,11,0,0,0,0,0,0,3,0,122,0.54,1.0,15,0.035,0.03,0.02,0.03,1
-9879.38,-0.0988,90120.62,10081.73,0.1008,-0.814,-0.98,0.807,72,0.1806,13,59,7.0,False,True,-0.0319,0.0279,17167.59,21280.85,6,0,46,9,11,0,0,0,0,0,0,3,0,122,0.54,1.0,15,0.035,0.03,0.02,0.03,2
-9879.38,-0.0988,90120.62,10081.73,0.1008,-0.814,-0.98,0.807,72,0.1806,13,59,7.0,False,True,-0.0319,0.0279,17167.59,21280.85,6,0,46,9,11,0,0,0,0,0,0,3,0,122,0.54,1.0,15,0.035,0.03,0.02,0.03,3
-8142.75,-0.0814,91857.25,10502.71,0.1026,-0.537,-0.775,0.661,66,0.1818,12,54,7.2,False,True,-0.0319,0.0421,15888.44,24031.19,6,0,42,9,9,0,0,0,0,0,0,2,0,116,0.54,1.0,15,0.035,0.03,0.02,0.05,1
-8142.75,-0.0814,91857.25,10502.71,0.1026,-0.537,-0.775,0.661,66,0.1818,12,54,7.2,False,True,-0.0319,0.0421,15888.44,24031.19,6,0,42,9,9,0,0,0,0,0,0,2,0,116,0.54,1.0,15,0.035,0.03,0.02,0.05,2
-8142.75,-0.0814,91857.25,10502.71,0.1026,-0.537,-0.775,0.661,66,0.1818,12,54,7.2,False,True,-0.0319,0.0421,15888.44,24031.19,6,0,42,9,9,0,0,0,0,0,0,2,0,116,0.54,1.0,15,0.035,0.03,0.02,0.05,3
-10325.7,-0.1033,89674.3,10325.7,0.1033,-0.769,-1.0,0.404,21,0.1905,4,17,7.3,False,True,-0.0478,0.0355,6988.08,17313.78,4,0,10,3,4,0,0,0,0,0,0,0,0,36,0.54,1.5,5,0.025,0.02,0.01,0.03,1
-10325.7,-0.1033,89674.3,10325.7,0.1033,-0.769,-1.0,0.404,21,0.1905,4,17,7.3,False,True,-0.0478,0.0355,6988.08,17313.78,4,0,10,3,4,0,0,0,0,0,0,0,0,36,0.54,1.5,5,0.025,0.02,0.01,0.03,2
-10325.7,-0.1033,89674.3,10325.7,0.1033,-0.769,-1.0,0.404,21,0.1905,4,17,7.3,False,True,-0.0478,0.0355,6988.08,17313.78,4,0,10,3,4,0,0,0,0,0,0,0,0,36,0.54,1.5,5,0.025,0.02,0.01,0.03,3
-6168.81,-0.0617,93831.19,10703.92,0.1027,-0.312,-0.576,0.557,15,0.2,3,12,7.1,False,True,-0.0478,0.071,10786.2,19355.01,3,0,6,2,4,0,0,0,0,0,0,0,0,27,0.54,1.5,5,0.025,0.02,0.01,0.05,1
-6168.81,-0.0617,93831.19,10703.92,0.1027,-0.312,-0.576,0.557,15,0.2,3,12,7.1,False,True,-0.0478,0.071,10786.2,19355.01,3,0,6,2,4,0,0,0,0,0,0,0,0,27,0.54,1.5,5,0.025,0.02,0.01,0.05,2
-6168.81,-0.0617,93831.19,10703.92,0.1027,-0.312,-0.576,0.557,15,0.2,3,12,7.1,False,True,-0.0478,0.071,10786.2,19355.01,3,0,6,2,4,0,0,0,0,0,0,0,0,27,0.54,1.5,5,0.025,0.02,0.01,0.05,3
-10325.7,-0.1033,89674.3,10325.7,0.1033,-0.769,-1.0,0.404,21,0.1905,4,17,7.3,False,True,-0.0478,0.0355,6988.08,17313.78,4,0,10,3,4,0,0,0,0,0,0,0,0,36,0.54,1.5,5,0.025,0.02,0.02,0.03,1
-10325.7,-0.1033,89674.3,10325.7,0.1033,-0.769,-1.0,0.404,21,0.1905,4,17,7.3,False,True,-0.0478,0.0355,6988.08,17313.78,4,0,10,3,4,0,0,0,0,0,0,0,0,36,0.54,1.5,5,0.025,0.02,0.02,0.03,2
-10325.7,-0.1033,89674.3,10325.7,0.1033,-0.769,-1.0,0.404,21,0.1905,4,17,7.3,False,True,-0.0478,0.0355,6988.08,17313.78,4,0,10,3,4,0,0,0,0,0,0,0,0,36,0.54,1.5,5,0.025,0.02,0.02,0.03,3
-6168.81,-0.0617,93831.19,10703.92,0.1027,-0.312,-0.576,0.557,15,0.2,3,12,7.1,False,True,-0.0478,0.071,10786.2,19355.01,3,0,6,2,4,0,0,0,0,0,0,0,0,27,0.54,1.5,5,0.025,0.02,0.02,0.05,1
-6168.81,-0.0617,93831.19,10703.92,0.1027,-0.312,-0.576,0.557,15,0.2,3,12,7.1,False,True,-0.0478,0.071,10786.2,19355.01,3,0,6,2,4,0,0,0,0,0,0,0,0,27,0.54,1.5,5,0.025,0.02,0.02,0.05,2
-6168.81,-0.0617,93831.19,10703.92,0.1027,-0.312,-0.576,0.557,15,0.2,3,12,7.1,False,True,-0.0478,0.071,10786.2,19355.01,3,0,6,2,4,0,0,0,0,0,0,0,0,27,0.54,1.5,5,0.025,0.02,0.02,0.05,3
-10325.7,-0.1033,89674.3,10325.7,0.1033,-0.769,-1.0,0.404,21,0.1905,4,17,7.3,False,True,-0.0478,0.0355,6988.08,17313.78,4,0,10,3,4,0,0,0,0,0,0,0,0,36,0.54,1.5,5,0.025,0.03,0.01,0.03,1
-10325.7,-0.1033,89674.3,10325.7,0.1033,-0.769,-1.0,0.404,21,0.1905,4,17,7.3,False,True,-0.0478,0.0355,6988.08,17313.78,4,0,10,3,4,0,0,0,0,0,0,0,0,36,0.54,1.5,5,0.025,0.03,0.01,0.03,2
-10325.7,-0.1033,89674.3,10325.7,0.1033,-0.769,-1.0,0.404,21,0.1905,4,17,7.3,False,True,-0.0478,0.0355,6988.08,17313.78,4,0,10,3,4,0,0,0,0,0,0,0,0,36,0.54,1.5,5,0.025,0.03,0.01,0.03,3
-6168.81,-0.0617,93831.19,10703.92,0.1027,-0.312,-0.576,0.557,15,0.2,3,12,7.1,False,True,-0.0478,0.071,10786.2,19355.01,3,0,6,2,4,0,0,0,0,0,0,0,0,27,0.54,1.5,5,0.025,0.03,0.01,0.05,1
-6168.81,-0.0617,93831.19,10703.92,0.1027,-0.312,-0.576,0.557,15,0.2,3,12,7.1,False,True,-0.0478,0.071,10786.2,19355.01,3,0,6,2,4,0,0,0,0,0,0,0,0,27,0.54,1.5,5,0.025,0.03,0.01,0.05,2
-6168.81,-0.0617,93831.19,10703.92,0.1027,-0.312,-0.576,0.557,15,0.2,3,12,7.1,False,True,-0.0478,0.071,10786.2,19355.01,3,0,6,2,4,0,0,0,0,0,0,0,0,27,0.54,1.5,5,0.025,0.03,0.01,0.05,3
-10325.7,-0.1033,89674.3,10325.7,0.1033,-0.769,-1.0,0.404,21,0.1905,4,17,7.3,False,True,-0.0478,0.0355,6988.08,17313.78,4,0,10,3,4,0,0,0,0,0,0,0,0,36,0.54,1.5,5,0.025,0.03,0.02,0.03,1
-10325.7,-0.1033,89674.3,10325.7,0.1033,-0.769,-1.0,0.404,21,0.1905,4,17,7.3,False,True,-0.0478,0.0355,6988.08,17313.78,4,0,10,3,4,0,0,0,0,0,0,0,0,36,0.54,1.5,5,0.025,0.03,0.02,0.03,2
-10325.7,-0.1033,89674.3,10325.7,0.1033,-0.769,-1.0,0.404,21,0.1905,4,17,7.3,False,True,-0.0478,0.0355,6988.08,17313.78,4,0,10,3,4,0,0,0,0,0,0,0,0,36,0.54,1.5,5,0.025,0.03,0.02,0.03,3
-6168.81,-0.0617,93831.19,10703.92,0.1027,-0.312,-0.576,0.557,15,0.2,3,12,7.1,False,True,-0.0478,0.071,10786.2,19355.01,3,0,6,2,4,0,0,0,0,0,0,0,0,27,0.54,1.5,5,0.025,0.03,0.02,0.05,1
-6168.81,-0.0617,93831.19,10703.92,0.1027,-0.312,-0.576,0.557,15,0.2,3,12,7.1,False,True,-0.0478,0.071,10786.2,19355.01,3,0,6,2,4,0,0,0,0,0,0,0,0,27,0.54,1.5,5,0.025,0.03,0.02,0.05,2
-6168.81,-0.0617,93831.19,10703.92,0.1027,-0.312,-0.576,0.557,15,0.2,3,12,7.1,False,True,-0.0478,0.071,10786.2,19355.01,3,0,6,2,4,0,0,0,0,0,0,0,0,27,0.54,1.5,5,0.025,0.03,0.02,0.05,3
-10325.7,-0.1033,89674.3,10325.7,0.1033,-0.769,-1.0,0.404,21,0.1905,4,17,7.3,False,True,-0.0478,0.0355,6988.08,17313.78,4,0,10,3,4,0,0,0,0,0,0,0,0,36,0.54,1.5,5,0.035,0.02,0.01,0.03,1
-10325.7,-0.1033,89674.3,10325.7,0.1033,-0.769,-1.0,0.404,21,0.1905,4,17,7.3,False,True,-0.0478,0.0355,6988.08,17313.78,4,0,10,3,4,0,0,0,0,0,0,0,0,36,0.54,1.5,5,0.035,0.02,0.01,0.03,2
-10325.7,-0.1033,89674.3,10325.7,0.1033,-0.769,-1.0,0.404,21,0.1905,4,17,7.3,False,True,-0.0478,0.0355,6988.08,17313.78,4,0,10,3,4,0,0,0,0,0,0,0,0,36,0.54,1.5,5,0.035,0.02,0.01,0.03,3
-6168.81,-0.0617,93831.19,10703.92,0.1027,-0.312,-0.576,0.557,15,0.2,3,12,7.1,False,True,-0.0478,0.071,10786.2,19355.01,3,0,6,2,4,0,0,0,0,0,0,0,0,27,0.54,1.5,5,0.035,0.02,0.01,0.05,1
-6168.81,-0.0617,93831.19,10703.92,0.1027,-0.312,-0.576,0.557,15,0.2,3,12,7.1,False,True,-0.0478,0.071,10786.2,19355.01,3,0,6,2,4,0,0,0,0,0,0,0,0,27,0.54,1.5,5,0.035,0.02,0.01,0.05,2
-6168.81,-0.0617,93831.19,10703.92,0.1027,-0.312,-0.576,0.557,15,0.2,3,12,7.1,False,True,-0.0478,0.071,10786.2,19355.01,3,0,6,2,4,0,0,0,0,0,0,0,0,27,0.54,1.5,5,0.035,0.02,0.01,0.05,3
-10325.7,-0.1033,89674.3,10325.7,0.1033,-0.769,-1.0,0.404,21,0.1905,4,17,7.3,False,True,-0.0478,0.0355,6988.08,17313.78,4,0,10,3,4,0,0,0,0,0,0,0,0,36,0.54,1.5,5,0.035,0.02,0.02,0.03,1
-10325.7,-0.1033,89674.3,10325.7,0.1033,-0.769,-1.0,0.404,21,0.1905,4,17,7.3,False,True,-0.0478,0.0355,6988.08,17313.78,4,0,10,3,4,0,0,0,0,0,0,0,0,36,0.54,1.5,5,0.035,0.02,0.02,0.03,2
-10325.7,-0.1033,89674.3,10325.7,0.1033,-0.769,-1.0,0.404,21,0.1905,4,17,7.3,False,True,-0.0478,0.0355,6988.08,17313.78,4,0,10,3,4,0,0,0,0,0,0,0,0,36,0.54,1.5,5,0.035,0.02,0.02,0.03,3
-6168.81,-0.0617,93831.19,10703.92,0.1027,-0.312,-0.576,0.557,15,0.2,3,12,7.1,False,True,-0.0478,0.071,10786.2,19355.01,3,0,6,2,4,0,0,0,0,0,0,0,0,27,0.54,1.5,5,0.035,0.02,0.02,0.05,1
-6168.81,-0.0617,93831.19,10703.92,0.1027,-0.312,-0.576,0.557,15,0.2,3,12,7.1,False,True,-0.0478,0.071,10786.2,19355.01,3,0,6,2,4,0,0,0,0,0,0,0,0,27,0.54,1.5,5,0.035,0.02,0.02,0.05,2
-6168.81,-0.0617,93831.19,10703.92,0.1027,-0.312,-0.576,0.557,15,0.2,3,12,7.1,False,True,-0.0478,0.071,10786.2,19355.01,3,0,6,2,4,0,0,0,0,0,0,0,0,27,0.54,1.5,5,0.035,0.02,0.02,0.05,3
-10325.7,-0.1033,89674.3,10325.7,0.1033,-0.769,-1.0,0.404,21,0.1905,4,17,7.3,False,True,-0.0478,0.0355,6988.08,17313.78,4,0,10,3,4,0,0,0,0,0,0,0,0,36,0.54,1.5,5,0.035,0.03,0.01,0.03,1
-10325.7,-0.1033,89674.3,10325.7,0.1033,-0.769,-1.0,0.404,21,0.1905,4,17,7.3,False,True,-0.0478,0.0355,6988.08,17313.78,4,0,10,3,4,0,0,0,0,0,0,0,0,36,0.54,1.5,5,0.035,0.03,0.01,0.03,2
-10325.7,-0.1033,89674.3,10325.7,0.1033,-0.769,-1.0,0.404,21,0.1905,4,17,7.3,False,True,-0.0478,0.0355,6988.08,17313.78,4,0,10,3,4,0,0,0,0,0,0,0,0,36,0.54,1.5,5,0.035,0.03,0.01,0.03,3
-6168.81,-0.0617,93831.19,10703.92,0.1027,-0.312,-0.576,0.557,15,0.2,3,12,7.1,False,True,-0.0478,0.071,10786.2,19355.01,3,0,6,2,4,0,0,0,0,0,0,0,0,27,0.54,1.5,5,0.035,0.03,0.01,0.05,1
-6168.81,-0.0617,93831.19,10703.92,0.1027,-0.312,-0.576,0.557,15,0.2,3,12,7.1,False,True,-0.0478,0.071,10786.2,19355.01,3,0,6,2,4,0,0,0,0,0,0,0,0,27,0.54,1.5,5,0.035,0.03,0.01,0.05,2
-6168.81,-0.0617,93831.19,10703.92,0.1027,-0.312,-0.576,0.557,15,0.2,3,12,7.1,False,True,-0.0478,0.071,10786.2,19355.01,3,0,6,2,4,0,0,0,0,0,0,0,0,27,0.54,1.5,5,0.035,0.03,0.01,0.05,3
-10325.7,-0.1033,89674.3,10325.7,0.1033,-0.769,-1.0,0.404,21,0.1905,4,17,7.3,False,True,-0.0478,0.0355,6988.08,17313.78,4,0,10,3,4,0,0,0,0,0,0,0,0,36,0.54,1.5,5,0.035,0.03,0.02,0.03,1
-10325.7,-0.1033,89674.3,10325.7,0.1033,-0.769,-1.0,0.404,21,0.1905,4,17,7.3,False,True,-0.0478,0.0355,6988.08,17313.78,4,0,10,3,4,0,0,0,0,0,0,0,0,36,0.54,1.5,5,0.035,0.03,0.02,0.03,2
-10325.7,-0.1033,89674.3,10325.7,0.1033,-0.769,-1.0,0.404,21,0.1905,4,17,7.3,False,True,-0.0478,0.0355,6988.08,17313.78,4,0,10,3,4,0,0,0,0,0,0,0,0,36,0.54,1.5,5,0.035,0.03,0.02,0.03,3
-6168.81,-0.0617,93831.19,10703.92,0.1027,-0.312,-0.576,0.557,15,0.2,3,12,7.1,False,True,-0.0478,0.071,10786.2,19355.01,3,0,6,2,4,0,0,0,0,0,0,0,0,27,0.54,1.5,5,0.035,0.03,0.02,0.05,1
-6168.81,-0.0617,93831.19,10703.92,0.1027,-0.312,-0.576,0.557,15,0.2,3,12,7.1,False,True,-0.0478,0.071,10786.2,19355.01,3,0,6,2,4,0,0,0,0,0,0,0,0,27,0.54,1.5,5,0.035,0.03,0.02,0.05,2
-6168.81,-0.0617,93831.19,10703.92,0.1027,-0.312,-0.576,0.557,15,0.2,3,12,7.1,False,True,-0.0478,0.071,10786.2,19355.01,3,0,6,2,4,0,0,0,0,0,0,0,0,27,0.54,1.5,5,0.035,0.03,0.02,0.05,3
-10325.7,-0.1033,89674.3,10325.7,0.1033,-0.769,-1.0,0.404,21,0.1905,4,17,7.3,False,True,-0.0478,0.0355,6988.08,17313.78,4,0,10,3,4,0,0,0,0,0,0,0,0,36,0.54,1.5,10,0.025,0.02,0.01,0.03,1
-10325.7,-0.1033,89674.3,10325.7,0.1033,-0.769,-1.0,0.404,21,0.1905,4,17,7.3,False,True,-0.0478,0.0355,6988.08,17313.78,4,0,10,3,4,0,0,0,0,0,0,0,0,36,0.54,1.5,10,0.025,0.02,0.01,0.03,2
-10325.7,-0.1033,89674.3,10325.7,0.1033,-0.769,-1.0,0.404,21,0.1905,4,17,7.3,False,True,-0.0478,0.0355,6988.08,17313.78,4,0,10,3,4,0,0,0,0,0,0,0,0,36,0.54,1.5,10,0.025,0.02,0.01,0.03,3
-6168.81,-0.0617,93831.19,10703.92,0.1027,-0.312,-0.576,0.557,15,0.2,3,12,7.1,False,True,-0.0478,0.071,10786.2,19355.01,3,0,6,2,4,0,0,0,0,0,0,0,0,27,0.54,1.5,10,0.025,0.02,0.01,0.05,1
