total_return,total_return_pct,final_equity,max_dd,max_dd_pct,sharpe,calmar,profit_factor,n_trades,win_rate,wins,losses,avg_bars_held,ftmo_compliant,ftmo_killed,max_daily_loss_pct,max_daily_gain_pct,gross_profit,gross_loss,sl,tp,breakeven,trail,horizon,session,skipped_max_pos,skipped_corr,skipped_spread,skipped_dd_gate,skipped_profit_lock,skipped_profit_gate,skipped_session,skipped_already_in,prob_threshold,risk_scale,max_positions,dd_gate_pct,profit_lock_pct,profit_gate_pct,dd_recovery_threshold,session_buffer_hours
-9287.38,-0.0929,90712.62,10676.45,0.1053,-0.821,-0.87,0.298,32,0.25,8,24,7.2,False,True,-0.0495,0.0,3934.48,13221.86,18,0,5,9,0,0,1091,62,49,0,0,0,93,83,0.44,0.5,5,0.025,0.02,0.01,0.03,1
-9287.38,-0.0929,90712.62,10676.45,0.1053,-0.821,-0.87,0.298,32,0.25,8,24,7.2,False,True,-0.0495,0.0,3934.48,13221.86,18,0,5,9,0,0,1091,62,49,0,0,0,93,83,0.44,0.5,5,0.025,0.02,0.01,0.03,2
-9287.38,-0.0929,90712.62,10676.45,0.1053,-0.821,-0.87,0.298,32,0.25,8,24,7.2,False,True,-0.0495,0.0,3934.48,13221.86,18,0,5,9,0,0,1091,62,49,0,0,0,93,83,0.44,0.5,5,0.025,0.02,0.01,0.03,3
-10509.06,-0.1051,89490.94,11898.13,0.1174,-0.812,-0.883,0.178,28,0.2143,6,22,6.4,False,True,-0.0623,0.0,2444.57,13723.27,14,0,5,7,2,0,1091,60,47,0,0,0,93,83,0.44,0.5,5,0.025,0.02,0.01,0.05,1
-10509.06,-0.1051,89490.94,11898.13,0.1174,-0.812,-0.883,0.178,28,0.2143,6,22,6.4,False,True,-0.0623,0.0,2444.57,13723.27,14,0,5,7,2,0,1091,60,47,0,0,0,93,83,0.44,0.5,5,0.025,0.02,0.01,0.05,2
-10509.06,-0.1051,89490.94,11898.13,0.1174,-0.812,-0.883,0.178,28,0.2143,6,22,6.4,False,True,-0.0623,0.0,2444.57,13723.27,14,0,5,7,2,0,1091,60,47,0,0,0,93,83,0.44,0.5,5,0.025,0.02,0.01,0.05,3
-9287.38,-0.0929,90712.62,10676.45,0.1053,-0.821,-0.87,0.298,32,0.25,8,24,7.2,False,True,-0.0495,0.0,3934.48,13221.86,18,0,5,9,0,0,1091,62,49,0,0,0,93,83,0.44,0.5,5,0.025,0.02,0.02,0.03,1
-9287.38,-0.0929,90712.62,10676.45,0.1053,-0.821,-0.87,0.298,32,0.25,8,24,7.2,False,True,-0.0495,0.0,3934.48,13221.86,18,0,5,9,0,0,1091,62,49,0,0,0,93,83,0.44,0.5,5,0.025,0.02,0.02,0.03,2
-9287.38,-0.0929,90712.62,10676.45,0.1053,-0.821,-0.87,0.298,32,0.25,8,24,7.2,False,True,-0.0495,0.0,3934.48,13221.86,18,0,5,9,0,0,1091,62,49,0,0,0,93,83,0.44,0.5,5,0.025,0.02,0.02,0.03,3
-10509.06,-0.1051,89490.94,11898.13,0.1174,-0.812,-0.883,0.178,28,0.2143,6,22,6.4,False,True,-0.0623,0.0,2444.57,13723.27,14,0,5,7,2,0,1091,60,47,0,0,0,93,83,0.44,0.5,5,0.025,0.02,0.02,0.05,1
-10509.06,-0.1051,89490.94,11898.13,0.1174,-0.812,-0.883,0.178,28,0.2143,6,22,6.4,False,True,-0.0623,0.0,2444.57,13723.27,14,0,5,7,2,0,1091,60,47,0,0,0,93,83,0.44,0.5,5,0.025,0.02,0.02,0.05,2
-10509.06,-0.1051,89490.94,11898.13,0.1174,-0.812,-0.883,0.178,28,0.2143,6,22,6.4,False,True,-0.0623,0.0,2444.57,13723.27,14,0,5,7,2,0,1091,60,47,0,0,0,93,83,0.44,0.5,5,0.025,0.02,0.02,0.05,3
-9287.38,-0.0929,90712.62,10676.45,0.1053,-0.821,-0.87,0.298,32,0.25,8,24,7.2,False,True,-0.0495,0.0,3934.48,13221.86,18,0,5,9,0,0,1091,62,49,0,0,0,93,83,0.44,0.5,5,0.025,0.03,0.01,0.03,1
-9287.38,-0.0929,90712.62,10676.45,0.1053,-0.821,-0.87,0.298,32,0.25,8,24,7.2,False,True,-0.0495,0.0,3934.48,13221.86,18,0,5,9,0,0,1091,62,49,0,0,0,93,83,0.44,0.5,5,0.025,0.03,0.01,0.03,2
-9287.38,-0.0929,90712.62,10676.45,0.1053,-0.821,-0.87,0.298,32,0.25,8,24,7.2,False,True,-0.0495,0.0,3934.48,13221.86,18,0,5,9,0,0,1091,62,49,0,0,0,93,83,0.44,0.5,5,0.025,0.03,0.01,0.03,3
-10509.06,-0.1051,89490.94,11898.13,0.1174,-0.812,-0.883,0.178,28,0.2143,6,22,6.4,False,True,-0.0623,0.0,2444.57,13723.27,14,0,5,7,2,0,1091,60,47,0,0,0,93,83,0.44,0.5,5,0.025,0.03,0.01,0.05,1
-10509.06,-0.1051,89490.94,11898.13,0.1174,-0.812,-0.883,0.178,28,0.2143,6,22,6.4,False,True,-0.0623,0.0,2444.57,13723.27,14,0,5,7,2,0,1091,60,47,0,0,0,93,83,0.44,0.5,5,0.025,0.03,0.01,0.05,2
-10509.06,-0.1051,89490.94,11898.13,0.1174,-0.812,-0.883,0.178,28,0.2143,6,22,6.4,False,True,-0.0623,0.0,2444.57,13723.27,14,0,5,7,2,0,1091,60,47,0,0,0,93,83,0.44,0.5,5,0.025,0.03,0.01,0.05,3
-9287.38,-0.0929,90712.62,10676.45,0.1053,-0.821,-0.87,0.298,32,0.25,8,24,7.2,False,True,-0.0495,0.0,3934.48,13221.86,18,0,5,9,0,0,1091,62,49,0,0,0,93,83,0.44,0.5,5,0.025,0.03,0.02,0.03,1
-9287.38,-0.0929,90712.62,10676.45,0.1053,-0.821,-0.87,0.298,32,0.25,8,24,7.2,False,True,-0.0495,0.0,3934.48,13221.86,18,0,5,9,0,0,1091,62,49,0,0,0,93,83,0.44,0.5,5,0.025,0.03,0.02,0.03,2
-9287.38,-0.0929,90712.62,10676.45,0.1053,-0.821,-0.87,0.298,32,0.25,8,24,7.2,False,True,-0.0495,0.0,3934.48,13221.86,18,0,5,9,0,0,1091,62,49,0,0,0,93,83,0.44,0.5,5,0.025,0.03,0.02,0.03,3
-10509.06,-0.1051,89490.94,11898.13,0.1174,-0.812,-0.883,0.178,28,0.2143,6,22,6.4,False,True,-0.0623,0.0,2444.57,13723.27,14,0,5,7,2,0,1091,60,47,0,0,0,93,83,0.44,0.5,5,0.025,0.03,0.02,0.05,1
-10509.06,-0.1051,89490.94,11898.13,0.1174,-0.812,-0.883,0.178,28,0.2143,6,22,6.4,False,True,-0.0623,0.0,2444.57,13723.27,14,0,5,7,2,0,1091,60,47,0,0,0,93,83,0.44,0.5,5,0.025,0.03,0.02,0.05,2
-10509.06,-0.1051,89490.94,11898.13,0.1174,-0.812,-0.883,0.178,28,0.2143,6,22,6.4,False,True,-0.0623,0.0,2444.57,13723.27,14,0,5,7,2,0,1091,60,47,0,0,0,93,83,0.44,0.5,5,0.025,0.03,0.02,0.05,3
-10693.33,-0.1069,89306.67,12082.4,0.1192,-0.82,-0.885,0.176,34,0.2059,7,27,5.9,False,True,-0.0585,0.0,2457.04,13928.1,17,0,6,8,3,0,1156,60,54,0,0,0,94,93,0.44,0.5,5,0.035,0.02,0.01,0.03,1
-10693.33,-0.1069,89306.67,12082.4,0.1192,-0.82,-0.885,0.176,34,0.2059,7,27,5.9,False,True,-0.0585,0.0,2457.04,13928.1,17,0,6,8,3,0,1156,60,54,0,0,0,94,93,0.44,0.5,5,0.035,0.02,0.01,0.03,2
-10693.33,-0.1069,89306.67,12082.4,0.1192,-0.82,-0.885,0.176,34,0.2059,7,27,5.9,False,True,-0.0585,0.0,2457.04,13928.1,17,0,6,8,3,0,1156,60,54,0,0,0,94,93,0.44,0.5,5,0.035,0.02,0.01,0.03,3
-9842.27,-0.0984,90157.73,11231.34,0.1108,-0.822,-0.876,0.266,34,0.2353,8,26,6.9,False,True,-0.0514,0.0,3914.96,14731.55,17,0,6,9,2,0,1147,62,50,0,0,0,94,86,0.44,0.5,5,0.035,0.02,0.01,0.05,1
-9842.27,-0.0984,90157.73,11231.34,0.1108,-0.822,-0.876,0.266,34,0.2353,8,26,6.9,False,True,-0.0514,0.0,3914.96,14731.55,17,0,6,9,2,0,1147,62,50,0,0,0,94,86,0.44,0.5,5,0.035,0.02,0.01,0.05,2
-9842.27,-0.0984,90157.73,11231.34,0.1108,-0.822,-0.876,0.266,34,0.2353,8,26,6.9,False,True,-0.0514,0.0,3914.96,14731.55,17,0,6,9,2,0,1147,62,50,0,0,0,94,86,0.44,0.5,5,0.035,0.02,0.01,0.05,3
-10693.33,-0.1069,89306.67,12082.4,0.1192,-0.82,-0.885,0.176,34,0.2059,7,27,5.9,False,True,-0.0585,0.0,2457.04,13928.1,17,0,6,8,3,0,1156,60,54,0,0,0,94,93,0.44,0.5,5,0.035,0.02,0.02,0.03,1
-10693.33,-0.1069,89306.67,12082.4,0.1192,-0.82,-0.885,0.176,34,0.2059,7,27,5.9,False,True,-0.0585,0.0,2457.04,13928.1,17,0,6,8,3,0,1156,60,54,0,0,0,94,93,0.44,0.5,5,0.035,0.02,0.02,0.03,2
-10693.33,-0.1069,89306.67,12082.4,0.1192,-0.82,-0.885,0.176,34,0.2059,7,27,5.9,False,True,-0.0585,0.0,2457.04,13928.1,17,0,6,8,3,0,1156,60,54,0,0,0,94,93,0.44,0.5,5,0.035,0.02,0.02,0.03,3
-9842.27,-0.0984,90157.73,11231.34,0.1108,-0.822,-0.876,0.266,34,0.2353,8,26,6.9,False,True,-0.0514,0.0,3914.96,14731.55,17,0,6,9,2,0,1147,62,50,0,0,0,94,86,0.44,0.5,5,0.035,0.02,0.02,0.05,1
-9842.27,-0.0984,90157.73,11231.34,0.1108,-0.822,-0.876,0.266,34,0.2353,8,26,6.9,False,True,-0.0514,0.0,3914.96,14731.55,17,0,6,9,2,0,1147,62,50,0,0,0,94,86,0.44,0.5,5,0.035,0.02,0.02,0.05,2
-9842.27,-0.0984,90157.73,11231.34,0.1108,-0.822,-0.876,0.266,34,0.2353,8,26,6.9,False,True,-0.0514,0.0,3914.96,14731.55,17,0,6,9,2,0,1147,62,50,0,0,0,94,86,0.44,0.5,5,0.035,0.02,0.02,0.05,3
-10693.33,-0.1069,89306.67,12082.4,0.1192,-0.82,-0.885,0.176,34,0.2059,7,27,5.9,False,True,-0.0585,0.0,2457.04,13928.1,17,0,6,8,3,0,1156,60,54,0,0,0,94,93,0.44,0.5,5,0.035,0.03,0.01,0.03,1
-10693.33,-0.1069,89306.67,12082.4,0.1192,-0.82,-0.885,0.176,34,0.2059,7,27,5.9,False,True,-0.0585,0.0,2457.04,13928.1,17,0,6,8,3,0,1156,60,54,0,0,0,94,93,0.44,0.5,5,0.035,0.03,0.01,0.03,2
-10693.33,-0.1069,89306.67,12082.4,0.1192,-0.82,-0.885,0.176,34,0.2059,7,27,5.9,False,True,-0.0585,0.0,2457.04,13928.1,17,0,6,8,3,0,1156,60,54,0,0,0,94,93,0.44,0.5,5,0.035,0.03,0.01,0.03,3
-9842.27,-0.0984,90157.73,11231.34,0.1108,-0.822,-0.876,0.266,34,0.2353,8,26,6.9,False,True,-0.0514,0.0,3914.96,14731.55,17,0,6,9,2,0,1147,62,50,0,0,0,94,86,0.44,0.5,5,0.035,0.03,0.01,0.05,1
-9842.27,-0.0984,90157.73,11231.34,0.1108,-0.822,-0.876,0.266,34,0.2353,8,26,6.9,False,True,-0.0514,0.0,3914.96,14731.55,17,0,6,9,2,0,1147,62,50,0,0,0,94,86,0.44,0.5,5,0.035,0.03,0.01,0.05,2
-9842.27,-0.0984,90157.73,11231.34,0.1108,-0.822,-0.876,0.266,34,0.2353,8,26,6.9,False,True,-0.0514,0.0,3914.96,14731.55,17,0,6,9,2,0,1147,62,50,0,0,0,94,86,0.44,0.5,5,0.035,0.03,0.01,0.05,3
-10693.33,-0.1069,89306.67,12082.4,0.1192,-0.82,-0.885,0.176,34,0.2059,7,27,5.9,False,True,-0.0585,0.0,2457.04,13928.1,17,0,6,8,3,0,1156,60,54,0,0,0,94,93,0.44,0.5,5,0.035,0.03,0.02,0.03,1
-10693.33,-0.1069,89306.67,12082.4,0.1192,-0.82,-0.885,0.176,34,0.2059,7,27,5.9,False,True,-0.0585,0.0,2457.04,13928.1,17,0,6,8,3,0,1156,60,54,0,0,0,94,93,0.44,0.5,5,0.035,0.03,0.02,0.03,2
-10693.33,-0.1069,89306.67,12082.4,0.1192,-0.82,-0.885,0.176,34,0.2059,7,27,5.9,False,True,-0.0585,0.0,2457.04,13928.1,17,0,6,8,3,0,1156,60,54,0,0,0,94,93,0.44,0.5,5,0.035,0.03,0.02,0.03,3
-9842.27,-0.0984,90157.73,11231.34,0.1108,-0.822,-0.876,0.266,34,0.2353,8,26,6.9,False,True,-0.0514,0.0,3914.96,14731.55,17,0,6,9,2,0,1147,62,50,0,0,0,94,86,0.44,0.5,5,0.035,0.03,0.02,0.05,1
-9842.27,-0.0984,90157.73,11231.34,0.1108,-0.822,-0.876,0.266,34,0.2353,8,26,6.9,False,True,-0.0514,0.0,3914.96,14731.55,17,0,6,9,2,0,1147,62,50,0,0,0,94,86,0.44,0.5,5,0.035,0.03,0.02,0.05,2
-9842.27,-0.0984,90157.73,11231.34,0.1108,-0.822,-0.876,0.266,34,0.2353,8,26,6.9,False,True,-0.0514,0.0,3914.96,14731.55,17,0,6,9,2,0,1147,62,50,0,0,0,94,86,0.44,0.5,5,0.035,0.03,0.02,0.05,3
-11171.77,-0.1117,88828.23,11171.77,0.1117,-0.755,-1.0,0.253,34,0.2059,7,27,8.2,False,True,-0.0818,0.0,4106.52,16238.23,16,0,6,8,4,0,348,75,29,0,0,0,46,62,0.44,0.5,10,0.025,0.02,0.01,0.03,1
-11171.77,-0.1117,88828.23,11171.77,0.1117,-0.755,-1.0,0.253,34,0.2059,7,27,8.2,False,True,-0.0818,0.0,4106.52,16238.23,16,0,6,8,4,0,348,75,29,0,0,0,46,62,0.44,0.5,10,0.025,0.02,0.01,0.03,2
-11171.77,-0.1117,88828.23,11171.77,0.1117,-0.755,-1.0,0.253,34,0.2059,7,27,8.2,False,True,-0.0818,0.0,4106.52,16238.23,16,0,6,8,4,0,348,75,29,0,0,0,46,62,0.44,0.5,10,0.025,0.02,0.01,0.03,3
-11171.77,-0.1117,88828.23,11171.77,0.1117,-0.755,-1.0,0.253,34,0.2059,7,27,8.2,False,True,-0.0818,0.0,4106.52,16238.23,16,0,6,8,4,0,348,75,29,0,0,0,46,62,0.44,0.5,10,0.025,0.02,0.01,0.05,1
-11171.77,-0.1117,88828.23,11171.77,0.1117,-0.755,-1.0,0.253,34,0.2059,7,27,8.2,False,True,-0.0818,0.0,4106.52,16238.23,16,0,6,8,4,0,348,75,29,0,0,0,46,62,0.44,0.5,10,0.025,0.02,0.01,0.05,2
-11171.77,-0.1117,88828.23,11171.77,0.1117,-0.755,-1.0,0.253,34,0.2059,7,27,8.2,False,True,-0.0818,0.0,4106.52,16238.23,16,0,6,8,4,0,348,75,29,0,0,0,46,62,0.44,0.5,10,0.025,0.02,0.01,0.05,3
-11171.77,-0.1117,88828.23,11171.77,0.1117,-0.755,-1.0,0.253,34,0.2059,7,27,8.2,False,True,-0.0818,0.0,4106.52,16238.23,16,0,6,8,4,0,348,75,29,0,0,0,46,62,0.44,0.5,10,0.025,0.02,0.02,0.03,1
-11171.77,-0.1117,88828.23,11171.77,0.1117,-0.755,-1.0,0.253,34,0.2059,7,27,8.2,False,True,-0.0818,0.0,4106.52,16238.23,16,0,6,8,4,0,348,75,29,0,0,0,46,62,0.44,0.5,10,0.025,0.02,0.02,0.03,2
-11171.77,-0.1117,88828.23,11171.77,0.1117,-0.755,-1.0,0.253,34,0.2059,7,27,8.2,False,True,-0.0818,0.0,4106.52,16238.23,16,0,6,8,4,0,348,75,29,0,0,0,46,62,0.44,0.5,10,0.025,0.02,0.02,0.03,3
-11171.77,-0.1117,88828.23,11171.77,0.1117,-0.755,-1.0,0.253,34,0.2059,7,27,8.2,False,True,-0.0818,0.0,4106.52,16238.23,16,0,6,8,4,0,348,75,29,0,0,0,46,62,0.44,0.5,10,0.025,0.02,0.02,0.05,1
-11171.77,-0.1117,88828.23,11171.77,0.1117,-0.755,-1.0,0.253,34,0.2059,7,27,8.2,False,True,-0.0818,0.0,4106.52,16238.23,16,0,6,8,4,0,348,75,29,0,0,0,46,62,0.44,0.5,10,0.025,0.02,0.02,0.05,2
-11171.77,-0.1117,88828.23,11171.77,0.1117,-0.755,-1.0,0.253,34,0.2059,7,27,8.2,False,True,-0.0818,0.0,4106.52,16238.23,16,0,6,8,4,0,348,75,29,0,0,0,46,62,0.44,0.5,10,0.025,0.02,0.02,0.05,3
-11171.77,-0.1117,88828.23,11171.77,0.1117,-0.755,-1.0,0.253,34,0.2059,7,27,8.2,False,True,-0.0818,0.0,4106.52,16238.23,16,0,6,8,4,0,348,75,29,0,0,0,46,62,0.44,0.5,10,0.025,0.03,0.01,0.03,1
-11171.77,-0.1117,88828.23,11171.77,0.1117,-0.755,-1.0,0.253,34,0.2059,7,27,8.2,False,True,-0.0818,0.0,4106.52,16238.23,16,0,6,8,4,0,348,75,29,0,0,0,46,62,0.44,0.5,10,0.025,0.03,0.01,0.03,2
-11171.77,-0.1117,88828.23,11171.77,0.1117,-0.755,-1.0,0.253,34,0.2059,7,27,8.2,False,True,-0.0818,0.0,4106.52,16238.23,16,0,6,8,4,0,348,75,29,0,0,0,46,62,0.44,0.5,10,0.025,0.03,0.01,0.03,3
-11171.77,-0.1117,88828.23,11171.77,0.1117,-0.755,-1.0,0.253,34,0.2059,7,27,8.2,False,True,-0.0818,0.0,4106.52,16238.23,16,0,6,8,4,0,348,75,29,0,0,0,46,62,0.44,0.5,10,0.025,0.03,0.01,0.05,1
-11171.77,-0.1117,88828.23,11171.77,0.1117,-0.755,-1.0,0.253,34,0.2059,7,27,8.2,False,True,-0.0818,0.0,4106.52,16238.23,16,0,6,8,4,0,348,75,29,0,0,0,46,62,0.44,0.5,10,0.025,0.03,0.01,0.05,2
-11171.77,-0.1117,88828.23,11171.77,0.1117,-0.755,-1.0,0.253,34,0.2059,7,27,8.2,False,True,-0.0818,0.0,4106.52,16238.23,16,0,6,8,4,0,348,75,29,0,0,0,46,62,0.44,0.5,10,0.025,0.03,0.01,0.05,3
-11171.77,-0.1117,88828.23,11171.77,0.1117,-0.755,-1.0,0.253,34,0.2059,7,27,8.2,False,True,-0.0818,0.0,4106.52,16238.23,16,0,6,8,4,0,348,75,29,0,0,0,46,62,0.44,0.5,10,0.025,0.03,0.02,0.03,1
-11171.77,-0.1117,88828.23,11171.77,0.1117,-0.755,-1.0,0.253,34,0.2059,7,27,8.2,False,True,-0.0818,0.0,4106.52,16238.23,16,0,6,8,4,0,348,75,29,0,0,0,46,62,0.44,0.5,10,0.025,0.03,0.02,0.03,2
-11171.77,-0.1117,88828.23,11171.77,0.1117,-0.755,-1.0,0.253,34,0.2059,7,27,8.2,False,True,-0.0818,0.0,4106.52,16238.23,16,0,6,8,4,0,348,75,29,0,0,0,46,62,0.44,0.5,10,0.025,0.03,0.02,0.03,3
-11171.77,-0.1117,88828.23,11171.77,0.1117,-0.755,-1.0,0.253,34,0.2059,7,27,8.2,False,True,-0.0818,0.0,4106.52,16238.23,16,0,6,8,4,0,348,75,29,0,0,0,46,62,0.44,0.5,10,0.025,0.03,0.02,0.05,1
-11171.77,-0.1117,88828.23,11171.77,0.1117,-0.755,-1.0,0.253,34,0.2059,7,27,8.2,False,True,-0.0818,0.0,4106.52,16238.23,16,0,6,8,4,0,348,75,29,0,0,0,46,62,0.44,0.5,10,0.025,0.03,0.02,0.05,2
-11171.77,-0.1117,88828.23,11171.77,0.1117,-0.755,-1.0,0.253,34,0.2059,7,27,8.2,False,True,-0.0818,0.0,4106.52,16238.23,16,0,6,8,4,0,348,75,29,0,0,0,46,62,0.44,0.5,10,0.025,0.03,0.02,0.05,3
-11893.35,-0.1189,88106.65,11893.35,0.1189,-0.821,-1.0,0.184,33,0.2121,7,26,7.5,False,True,-0.0642,0.0,2861.02,15518.6,13,0,7,8,5,0,422,85,34,0,0,0,45,74,0.44,0.5,10,0.035,0.02,0.01,0.03,1
-11893.35,-0.1189,88106.65,11893.35,0.1189,-0.821,-1.0,0.184,33,0.2121,7,26,7.5,False,True,-0.0642,0.0,2861.02,15518.6,13,0,7,8,5,0,422,85,34,0,0,0,45,74,0.44,0.5,10,0.035,0.02,0.01,0.03,2
-11893.35,-0.1189,88106.65,11893.35,0.1189,-0.821,-1.0,0.184,33,0.2121,7,26,7.5,False,True,-0.0642,0.0,2861.02,15518.6,13,0,7,8,5,0,422,85,34,0,0,0,45,74,0.44,0.5,10,0.035,0.02,0.01,0.03,3
-11053.73,-0.1105,88946.27,11053.73,0.1105,-0.815,-1.0,0.264,33,0.2424,8,25,8.5,False,True,-0.0642,0.0,4299.36,16314.31,13,0,7,9,4,0,422,79,30,0,0,0,45,66,0.44,0.5,10,0.035,0.02,0.01,0.05,1
-11053.73,-0.1105,88946.27,11053.73,0.1105,-0.815,-1.0,0.264,33,0.2424,8,25,8.5,False,True,-0.0642,0.0,4299.36,16314.31,13,0,7,9,4,0,422,79,30,0,0,0,45,66,0.44,0.5,10,0.035,0.02,0.01,0.05,2
-11053.73,-0.1105,88946.27,11053.73,0.1105,-0.815,-1.0,0.264,33,0.2424,8,25,8.5,False,True,-0.0642,0.0,4299.36,16314.31,13,0,7,9,4,0,422,79,30,0,0,0,45,66,0.44,0.5,10,0.035,0.02,0.01,0.05,3
-11893.35,-0.1189,88106.65,11893.35,0.1189,-0.821,-1.0,0.184,33,0.2121,7,26,7.5,False,True,-0.0642,0.0,2861.02,15518.6,13,0,7,8,5,0,422,85,34,0,0,0,45,74,0.44,0.5,10,0.035,0.02,0.02,0.03,1
-11893.35,-0.1189,88106.65,11893.35,0.1189,-0.821,-1.0,0.184,33,0.2121,7,26,7.5,False,True,-0.0642,0.0,2861.02,15518.6,13,0,7,8,5,0,422,85,34,0,0,0,45,74,0.44,0.5,10,0.035,0.02,0.02,0.03,2
-11893.35,-0.1189,88106.65,11893.35,0.1189,-0.821,-1.0,0.184,33,0.2121,7,26,7.5,False,True,-0.0642,0.0,2861.02,15518.6,13,0,7,8,5,0,422,85,34,0,0,0,45,74,0.44,0.5,10,0.035,0.02,0.02,0.03,3
-11053.73,-0.1105,88946.27,11053.73,0.1105,-0.815,-1.0,0.264,33,0.2424,8,25,8.5,False,True,-0.0642,0.0,4299.36,16314.31,13,0,7,9,4,0,422,79,30,0,0,0,45,66,0.44,0.5,10,0.035,0.02,0.02,0.05,1
-11053.73,-0.1105,88946.27,11053.73,0.1105,-0.815,-1.0,0.264,33,0.2424,8,25,8.5,False,True,-0.0642,0.0,4299.36,16314.31,13,0,7,9,4,0,422,79,30,0,0,0,45,66,0.44,0.5,10,0.035,0.02,0.02,0.05,2
-11053.73,-0.1105,88946.27,11053.73,0.1105,-0.815,-1.0,0.264,33,0.2424,8,25,8.5,False,True,-0.0642,0.0,4299.36,16314.31,13,0,7,9,4,0,422,79,30,0,0,0,45,66,0.44,0.5,10,0.035,0.02,0.02,0.05,3
-11893.35,-0.1189,88106.65,11893.35,0.1189,-0.821,-1.0,0.184,33,0.2121,7,26,7.5,False,True,-0.0642,0.0,2861.02,15518.6,13,0,7,8,5,0,422,85,34,0,0,0,45,74,0.44,0.5,10,0.035,0.03,0.01,0.03,1
-11893.35,-0.1189,88106.65,11893.35,0.1189,-0.821,-1.0,0.184,33,0.2121,7,26,7.5,False,True,-0.0642,0.0,2861.02,15518.6,13,0,7,8,5,0,422,85,34,0,0,0,45,74,0.44,0.5,10,0.035,0.03,0.01,0.03,2
-11893.35,-0.1189,88106.65,11893.35,0.1189,-0.821,-1.0,0.184,33,0.2121,7,26,7.5,False,True,-0.0642,0.0,2861.02,15518.6,13,0,7,8,5,0,422,85,34,0,0,0,45,74,0.44,0.5,10,0.035,0.03,0.01,0.03,3
-11053.73,-0.1105,88946.27,11053.73,0.1105,-0.815,-1.0,0.264,33,0.2424,8,25,8.5,False,True,-0.0642,0.0,4299.36,16314.31,13,0,7,9,4,0,422,79,30,0,0,0,45,66,0.44,0.5,10,0.035,0.03,0.01,0.05,1
-11053.73,-0.1105,88946.27,11053.73,0.1105,-0.815,-1.0,0.264,33,0.2424,8,25,8.5,False,True,-0.0642,0.0,4299.36,16314.31,13,0,7,9,4,0,422,79,30,0,0,0,45,66,0.44,0.5,10,0.035,0.03,0.01,0.05,2
-11053.73,-0.1105,88946.27,11053.73,0.1105,-0.815,-1.0,0.264,33,0.2424,8,25,8.5,False,True,-0.0642,0.0,4299.36,16314.31,13,0,7,9,4,0,422,79,30,0,0,0,45,66,0.44,0.5,10,0.035,0.03,0.01,0.05,3
-11893.35,-0.1189,88106.65,11893.35,0.1189,-0.821,-1.0,0.184,33,0.2121,7,26,7.5,False,True,-0.0642,0.0,2861.02,15518.6,13,0,7,8,5,0,422,85,34,0,0,0,45,74,0.44,0.5,10,0.035,0.03,0.02,0.03,1
-11893.35,-0.1189,88106.65,11893.35,0.1189,-0.821,-1.0,0.184,33,0.2121,7,26,7.5,False,True,-0.0642,0.0,2861.02,15518.6,13,0,7,8,5,0,422,85,34,0,0,0,45,74,0.44,0.5,10,0.035,0.03,0.02,0.03,2
-11893.35,-0.1189,88106.65,11893.35,0.1189,-0.821,-1.0,0.184,33,0.2121,7,26,7.5,False,True,-0.0642,0.0,2861.02,15518.6,13,0,7,8,5,0,422,85,34,0,0,0,45,74,0.44,0.5,10,0.035,0.03,0.02,0.03,3
-11053.73,-0.1105,88946.27,11053.73,0.1105,-0.815,-1.0,0.264,33,0.2424,8,25,8.5,False,True,-0.0642,0.0,4299.36,16314.31,13,0,7,9,4,0,422,79,30,0,0,0,45,66,0.44,0.5,10,0.035,0.03,0.02,0.05,1
-11053.73,-0.1105,88946.27,11053.73,0.1105,-0.815,-1.0,0.264,33,0.2424,8,25,8.5,False,True,-0.0642,0.0,4299.36,16314.31,13,0,7,9,4,0,422,79,30,0,0,0,45,66,0.44,0.5,10,0.035,0.03,0.02,0.05,2
-11053.73,-0.1105,88946.27,11053.73,0.1105,-0.815,-1.0,0.264,33,0.2424,8,25,8.5,False,True,-0.0642,0.0,4299.36,16314.31,13,0,7,9,4,0,422,79,30,0,0,0,45,66,0.44,0.5,10,0.035,0.03,0.02,0.05,3
-10170.71,-0.1017,89829.29,10170.71,0.1017,-0.974,-1.0,0.308,35,0.2286,8,27,9.2,False,True,-0.0466,0.0,4524.95,14706.55,15,0,7,9,4,0,227,130,37,0,0,0,42,86,0.44,0.5,15,0.025,0.02,0.01,0.03,1
-10170.71,-0.1017,89829.29,10170.71,0.1017,-0.974,-1.0,0.308,35,0.2286,8,27,9.2,False,True,-0.0466,0.0,4524.95,14706.55,15,0,7,9,4,0,227,130,37,0,0,0,42,86,0.44,0.5,15,0.025,0.02,0.01,0.03,2
-10170.71,-0.1017,89829.29,10170.71,0.1017,-0.974,-1.0,0.308,35,0.2286,8,27,9.2,False,True,-0.0466,0.0,4524.95,14706.55,15,0,7,9,4,0,227,130,37,0,0,0,42,86,0.44,0.5,15,0.025,0.02,0.01,0.03,3
-9845.71,-0.0985,90154.29,10328.88,0.103,-0.889,-0.953,0.313,34,0.1765,6,28,8.6,False,True,-0.0553,0.0,4745.53,15145.0,15,0,7,8,4,0,227,115,35,0,0,0,42,72,0.44,0.5,15,0.025,0.02,0.01,0.05,1
-9845.71,-0.0985,90154.29,10328.88,0.103,-0.889,-0.953,0.313,34,0.1765,6,28,8.6,False,True,-0.0553,0.0,4745.53,15145.0,15,0,7,8,4,0,227,115,35,0,0,0,42,72,0.44,0.5,15,0.025,0.02,0.01,0.05,2
-9845.71,-0.0985,90154.29,10328.88,0.103,-0.889,-0.953,0.313,34,0.1765,6,28,8.6,False,True,-0.0553,0.0,4745.53,15145.0,15,0,7,8,4,0,227,115,35,0,0,0,42,72,0.44,0.5,15,0.025,0.02,0.01,0.05,3
-10170.71,-0.1017,89829.29,10170.71,0.1017,-0.974,-1.0,0.308,35,0.2286,8,27,9.2,False,True,-0.0466,0.0,4524.95,14706.55,15,0,7,9,4,0,227,130,37,0,0,0,42,86,0.44,0.5,15,0.025,0.02,0.02,0.03,1
-10170.71,-0.1017,89829.29,10170.71,0.1017,-0.974,-1.0,0.308,35,0.2286,8,27,9.2,False,True,-0.0466,0.0,4524.95,14706.55,15,0,7,9,4,0,227,130,37,0,0,0,42,86,0.44,0.5,15,0.025,0.02,0.02,0.03,2
-10170.71,-0.1017,89829.29,10170.71,0.1017,-0.974,-1.0,0.308,35,0.2286,8,27,9.2,False,True,-0.0466,0.0,4524.95,14706.55,15,0,7,9,4,0,227,130,37,0,0,0,42,86,0.44,0.5,15,0.025,0.02,0.02,0.03,3
-9845.71,-0.0985,90154.29,10328.88,0.103,-0.889,-0.953,0.313,34,0.1765,6,28,8.6,False,True,-0.0553,0.0,4745.53,15145.0,15,0,7,8,4,0,227,115,35,0,0,0,42,72,0.44,0.5,15,0.025,0.02,0.02,0.05,1
-9845.71,-0.0985,90154.29,10328.88,0.103,-0.889,-0.953,0.313,34,0.1765,6,28,8.6,False,True,-0.0553,0.0,4745.53,15145.0,15,0,7,8,4,0,227,115,35,0,0,0,42,72,0.44,0.5,15,0.025,0.02,0.02,0.05,2
-9845.71,-0.0985,90154.29,10328.88,0.103,-0.889,-0.953,0.313,34,0.1765,6,28,8.6,False,True,-0.0553,0.0,4745.53,15145.0,15,0,7,8,4,0,227,115,35,0,0,0,42,72,0.44,0.5,15,0.025,0.02,0.02,0.05,3
-10170.71,-0.1017,89829.29,10170.71,0.1017,-0.974,-1.0,0.308,35,0.2286,8,27,9.2,False,True,-0.0466,0.0,4524.95,14706.55,15,0,7,9,4,0,227,130,37,0,0,0,42,86,0.44,0.5,15,0.025,0.03,0.01,0.03,1
-10170.71,-0.1017,89829.29,10170.71,0.1017,-0.974,-1.0,0.308,35,0.2286,8,27,9.2,False,True,-0.0466,0.0,4524.95,14706.55,15,0,7,9,4,0,227,130,37,0,0,0,42,86,0.44,0.5,15,0.025,0.03,0.01,0.03,2
-10170.71,-0.1017,89829.29,10170.71,0.1017,-0.974,-1.0,0.308,35,0.2286,8,27,9.2,False,True,-0.0466,0.0,4524.95,14706.55,15,0,7,9,4,0,227,130,37,0,0,0,42,86,0.44,0.5,15,0.025,0.03,0.01,0.03,3
-9845.71,-0.0985,90154.29,10328.88,0.103,-0.889,-0.953,0.313,34,0.1765,6,28,8.6,False,True,-0.0553,0.0,4745.53,15145.0,15,0,7,8,4,0,227,115,35,0,0,0,42,72,0.44,0.5,15,0.025,0.03,0.01,0.05,1
-9845.71,-0.0985,90154.29,10328.88,0.103,-0.889,-0.953,0.313,34,0.1765,6,28,8.6,False,True,-0.0553,0.0,4745.53,15145.0,15,0,7,8,4,0,227,115,35,0,0,0,42,72,0.44,0.5,15,0.025,0.03,0.01,0.05,2
-9845.71,-0.0985,90154.29,10328.88,0.103,-0.889,-0.953,0.313,34,0.1765,6,28,8.6,False,True,-0.0553,0.0,4745.53,15145.0,15,0,7,8,4,0,227,115,35,0,0,0,42,72,0.44,0.5,15,0.025,0.03,0.01,0.05,3
-10170.71,-0.1017,89829.29,10170.71,0.1017,-0.974,-1.0,0.308,35,0.2286,8,27,9.2,False,True,-0.0466,0.0,4524.95,14706.55,15,0,7,9,4,0,227,130,37,0,0,0,42,86,0.44,0.5,15,0.025,0.03,0.02,0.03,1
-10170.71,-0.1017,89829.29,10170.71,0.1017,-0.974,-1.0,0.308,35,0.2286,8,27,9.2,False,True,-0.0466,0.0,4524.95,14706.55,15,0,7,9,4,0,227,130,37,0,0,0,42,86,0.44,0.5,15,0.025,0.03,0.02,0.03,2
-10170.71,-0.1017,89829.29,10170.71,0.1017,-0.974,-1.0,0.308,35,0.2286,8,27,9.2,False,True,-0.0466,0.0,4524.95,14706.55,15,0,7,9,4,0,227,130,37,0,0,0,42,86,0.44,0.5,15,0.025,0.03,0.02,0.03,3
-9845.71,-0.0985,90154.29,10328.88,0.103,-0.889,-0.953,0.313,34,0.1765,6,28,8.6,False,True,-0.0553,0.0,4745.53,15145.0,15,0,7,8,4,0,227,115,35,0,0,0,42,72,0.44,0.5,15,0.025,0.03,0.02,0.05,1
-9845.71,-0.0985,90154.29,10328.88,0.103,-0.889,-0.953,0.313,34,0.1765,6,28,8.6,False,True,-0.0553,0.0,4745.53,15145.0,15,0,7,8,4,0,227,115,35,0,0,0,42,72,0.44,0.5,15,0.025,0.03,0.02,0.05,2
-9845.71,-0.0985,90154.29,10328.88,0.103,-0.889,-0.953,0.313,34,0.1765,6,28,8.6,False,True,-0.0553,0.0,4745.53,15145.0,15,0,7,8,4,0,227,115,35,0,0,0,42,72,0.44,0.5,15,0.025,0.03,0.02,0.05,3
-12937.5,-0.1294,87062.5,12937.5,0.1294,-0.816,-1.0,0.184,38,0.2105,8,30,8.6,False,True,-0.0753,0.0,3089.03,16781.7,16,0,8,9,5,0,362,111,34,0,0,0,45,98,0.44,0.5,15,0.035,0.02,0.01,0.03,1
-12937.5,-0.1294,87062.5,12937.5,0.1294,-0.816,-1.0,0.184,38,0.2105,8,30,8.6,False,True,-0.0753,0.0,3089.03,16781.7,16,0,8,9,5,0,362,111,34,0,0,0,45,98,0.44,0.5,15,0.035,0.02,0.01,0.03,2
-12937.5,-0.1294,87062.5,12937.5,0.1294,-0.816,-1.0,0.184,38,0.2105,8,30,8.6,False,True,-0.0753,0.0,3089.03,16781.7,16,0,8,9,5,0,362,111,34,0,0,0,45,98,0.44,0.5,15,0.035,0.02,0.01,0.03,3
-12937.5,-0.1294,87062.5,12937.5,0.1294,-0.816,-1.0,0.184,38,0.2105,8,30,8.6,False,True,-0.0753,0.0,3089.03,16781.7,16,0,8,9,5,0,362,111,34,0,0,0,45,98,0.44,0.5,15,0.035,0.02,0.01,0.05,1
-12937.5,-0.1294,87062.5,12937.5,0.1294,-0.816,-1.0,0.184,38,0.2105,8,30,8.6,False,True,-0.0753,0.0,3089.03,16781.7,16,0,8,9,5,0,362,111,34,0,0,0,45,98,0.44,0.5,15,0.035,0.02,0.01,0.05,2
-12937.5,-0.1294,87062.5,12937.5,0.1294,-0.816,-1.0,0.184,38,0.2105,8,30,8.6,False,True,-0.0753,0.0,3089.03,16781.7,16,0,8,9,5,0,362,111,34,0,0,0,45,98,0.44,0.5,15,0.035,0.02,0.01,0.05,3
-12937.5,-0.1294,87062.5,12937.5,0.1294,-0.816,-1.0,0.184,38,0.2105,8,30,8.6,False,True,-0.0753,0.0,3089.03,16781.7,16,0,8,9,5,0,362,111,34,0,0,0,45,98,0.44,0.5,15,0.035,0.02,0.02,0.03,1
-12937.5,-0.1294,87062.5,12937.5,0.1294,-0.816,-1.0,0.184,38,0.2105,8,30,8.6,False,True,-0.0753,0.0,3089.03,16781.7,16,0,8,9,5,0,362,111,34,0,0,0,45,98,0.44,0.5,15,0.035,0.02,0.02,0.03,2
-12937.5,-0.1294,87062.5,12937.5,0.1294,-0.816,-1.0,0.184,38,0.2105,8,30,8.6,False,True,-0.0753,0.0,3089.03,16781.7,16,0,8,9,5,0,362,111,34,0,0,0,45,98,0.44,0.5,15,0.035,0.02,0.02,0.03,3
-12937.5,-0.1294,87062.5,12937.5,0.1294,-0.816,-1.0,0.184,38,0.2105,8,30,8.6,False,True,-0.0753,0.0,3089.03,16781.7,16,0,8,9,5,0,362,111,34,0,0,0,45,98,0.44,0.5,15,0.035,0.02,0.02,0.05,1
-12937.5,-0.1294,87062.5,12937.5,0.1294,-0.816,-1.0,0.184,38,0.2105,8,30,8.6,False,True,-0.0753,0.0,3089.03,16781.7,16,0,8,9,5,0,362,111,34,0,0,0,45,98,0.44,0.5,15,0.035,0.02,0.02,0.05,2
-12937.5,-0.1294,87062.5,12937.5,0.1294,-0.816,-1.0,0.184,38,0.2105,8,30,8.6,False,True,-0.0753,0.0,3089.03,16781.7,16,0,8,9,5,0,362,111,34,0,0,0,45,98,0.44,0.5,15,0.035,0.02,0.02,0.05,3
-12937.5,-0.1294,87062.5,12937.5,0.1294,-0.816,-1.0,0.184,38,0.2105,8,30,8.6,False,True,-0.0753,0.0,3089.03,16781.7,16,0,8,9,5,0,362,111,34,0,0,0,45,98,0.44,0.5,15,0.035,0.03,0.01,0.03,1
-12937.5,-0.1294,87062.5,12937.5,0.1294,-0.816,-1.0,0.184,38,0.2105,8,30,8.6,False,True,-0.0753,0.0,3089.03,16781.7,16,0,8,9,5,0,362,111,34,0,0,0,45,98,0.44,0.5,15,0.035,0.03,0.01,0.03,2
-12937.5,-0.1294,87062.5,12937.5,0.1294,-0.816,-1.0,0.184,38,0.2105,8,30,8.6,False,True,-0.0753,0.0,3089.03,16781.7,16,0,8,9,5,0,362,111,34,0,0,0,45,98,0.44,0.5,15,0.035,0.03,0.01,0.03,3
-12937.5,-0.1294,87062.5,12937.5,0.1294,-0.816,-1.0,0.184,38,0.2105,8,30,8.6,False,True,-0.0753,0.0,3089.03,16781.7,16,0,8,9,5,0,362,111,34,0,0,0,45,98,0.44,0.5,15,0.035,0.03,0.01,0.05,1
-12937.5,-0.1294,87062.5,12937.5,0.1294,-0.816,-1.0,0.184,38,0.2105,8,30,8.6,False,True,-0.0753,0.0,3089.03,16781.7,16,0,8,9,5,0,362,111,34,0,0,0,45,98,0.44,0.5,15,0.035,0.03,0.01,0.05,2
-12937.5,-0.1294,87062.5,12937.5,0.1294,-0.816,-1.0,0.184,38,0.2105,8,30,8.6,False,True,-0.0753,0.0,3089.03,16781.7,16,0,8,9,5,0,362,111,34,0,0,0,45,98,0.44,0.5,15,0.035,0.03,0.01,0.05,3
-12937.5,-0.1294,87062.5,12937.5,0.1294,-0.816,-1.0,0.184,38,0.2105,8,30,8.6,False,True,-0.0753,0.0,3089.03,16781.7,16,0,8,9,5,0,362,111,34,0,0,0,45,98,0.44,0.5,15,0.035,0.03,0.02,0.03,1
-12937.5,-0.1294,87062.5,12937.5,0.1294,-0.816,-1.0,0.184,38,0.2105,8,30,8.6,False,True,-0.0753,0.0,3089.03,16781.7,16,0,8,9,5,0,362,111,34,0,0,0,45,98,0.44,0.5,15,0.035,0.03,0.02,0.03,2
-12937.5,-0.1294,87062.5,12937.5,0.1294,-0.816,-1.0,0.184,38,0.2105,8,30,8.6,False,True,-0.0753,0.0,3089.03,16781.7,16,0,8,9,5,0,362,111,34,0,0,0,45,98,0.44,0.5,15,0.035,0.03,0.02,0.03,3
-12937.5,-0.1294,87062.5,12937.5,0.1294,-0.816,-1.0,0.184,38,0.2105,8,30,8.6,False,True,-0.0753,0.0,3089.03,16781.7,16,0,8,9,5,0,362,111,34,0,0,0,45,98,0.44,0.5,15,0.035,0.03,0.02,0.05,1
-12937.5,-0.1294,87062.5,12937.5,0.1294,-0.816,-1.0,0.184,38,0.2105,8,30,8.6,False,True,-0.0753,0.0,3089.03,16781.7,16,0,8,9,5,0,362,111,34,0,0,0,45,98,0.44,0.5,15,0.035,0.03,0.02,0.05,2
-12937.5,-0.1294,87062.5,12937.5,0.1294,-0.816,-1.0,0.184,38,0.2105,8,30,8.6,False,True,-0.0753,0.0,3089.03,16781.7,16,0,8,9,5,0,362,111,34,0,0,0,45,98,0.44,0.5,15,0.035,0.03,0.02,0.05,3
-11442.15,-0.1144,88557.85,13762.89,0.1345,-0.668,-0.831,0.254,15,0.2,3,12,6.3,False,True,-0.0958,0.0101,3912.51,15379.61,7,0,3,4,1,0,189,62,89,0,0,289,38,28,0.44,1.0,5,0.025,0.02,0.01,0.03,1
-11442.15,-0.1144,88557.85,13762.89,0.1345,-0.668,-0.831,0.254,15,0.2,3,12,6.3,False,True,-0.0958,0.0101,3912.51,15379.61,7,0,3,4,1,0,189,62,89,0,0,289,38,28,0.44,1.0,5,0.025,0.02,0.01,0.03,2
-11442.15,-0.1144,88557.85,13762.89,0.1345,-0.668,-0.831,0.254,15,0.2,3,12,6.3,False,True,-0.0958,0.0101,3912.51,15379.61,7,0,3,4,1,0,189,62,89,0,0,289,38,28,0.44,1.0,5,0.025,0.02,0.01,0.03,3
-8757.91,-0.0876,91242.09,13297.75,0.1272,-0.768,-0.659,0.432,19,0.1579,3,16,6.1,False,True,-0.0483,0.0197,7383.09,17089.33,9,0,5,4,1,0,189,63,92,0,0,289,38,32,0.44,1.0,5,0.025,0.02,0.01,0.05,1
-8757.91,-0.0876,91242.09,13297.75,0.1272,-0.768,-0.659,0.432,19,0.1579,3,16,6.1,False,True,-0.0483,0.0197,7383.09,17089.33,9,0,5,4,1,0,189,63,92,0,0,289,38,32,0.44,1.0,5,0.025,0.02,0.01,0.05,2
-8757.91,-0.0876,91242.09,13297.75,0.1272,-0.768,-0.659,0.432,19,0.1579,3,16,6.1,False,True,-0.0483,0.0197,7383.09,17089.33,9,0,5,4,1,0,189,63,92,0,0,289,38,32,0.44,1.0,5,0.025,0.02,0.01,0.05,3
-10903.8,-0.109,89096.2,12041.88,0.1195,-0.927,-0.905,0.246,18,0.1667,3,15,5.8,False,True,-0.0597,0.0,3912.51,15923.56,8,0,4,4,2,0,189,64,27,0,0,0,38,30,0.44,1.0,5,0.025,0.02,0.02,0.03,1
-10903.8,-0.109,89096.2,12041.88,0.1195,-0.927,-0.905,0.246,18,0.1667,3,15,5.8,False,True,-0.0597,0.0,3912.51,15923.56,8,0,4,4,2,0,189,64,27,0,0,0,38,30,0.44,1.0,5,0.025,0.02,0.02,0.03,2
-10903.8,-0.109,89096.2,12041.88,0.1195,-0.927,-0.905,0.246,18,0.1667,3,15,5.8,False,True,-0.0597,0.0,3912.51,15923.56,8,0,4,4,2,0,189,64,27,0,0,0,38,30,0.44,1.0,5,0.025,0.02,0.02,0.03,3
-10425.15,-0.1043,89574.85,14964.99,0.1432,-0.755,-0.697,0.413,17,0.1765,3,14,4.9,False,True,-0.0762,0.0,7383.09,17862.01,9,0,2,4,2,0,189,42,22,0,0,0,38,23,0.44,1.0,5,0.025,0.02,0.02,0.05,1
-10425.15,-0.1043,89574.85,14964.99,0.1432,-0.755,-0.697,0.413,17,0.1765,3,14,4.9,False,True,-0.0762,0.0,7383.09,17862.01,9,0,2,4,2,0,189,42,22,0,0,0,38,23,0.44,1.0,5,0.025,0.02,0.02,0.05,2
-10425.15,-0.1043,89574.85,14964.99,0.1432,-0.755,-0.697,0.413,17,0.1765,3,14,4.9,False,True,-0.0762,0.0,7383.09,17862.01,9,0,2,4,2,0,189,42,22,0,0,0,38,23,0.44,1.0,5,0.025,0.02,0.02,0.05,3
-11442.15,-0.1144,88557.85,13762.89,0.1345,-0.668,-0.831,0.254,15,0.2,3,12,6.3,False,True,-0.0958,0.0101,3912.51,15379.61,7,0,3,4,1,0,189,62,89,0,0,289,38,28,0.44,1.0,5,0.025,0.03,0.01,0.03,1
-11442.15,-0.1144,88557.85,13762.89,0.1345,-0.668,-0.831,0.254,15,0.2,3,12,6.3,False,True,-0.0958,0.0101,3912.51,15379.61,7,0,3,4,1,0,189,62,89,0,0,289,38,28,0.44,1.0,5,0.025,0.03,0.01,0.03,2
-11442.15,-0.1144,88557.85,13762.89,0.1345,-0.668,-0.831,0.254,15,0.2,3,12,6.3,False,True,-0.0958,0.0101,3912.51,15379.61,7,0,3,4,1,0,189,62,89,0,0,289,38,28,0.44,1.0,5,0.025,0.03,0.01,0.03,3
-8757.91,-0.0876,91242.09,13297.75,0.1272,-0.768,-0.659,0.432,19,0.1579,3,16,6.1,False,True,-0.0483,0.0197,7383.09,17089.33,9,0,5,4,1,0,189,63,92,0,0,289,38,32,0.44,1.0,5,0.025,0.03,0.01,0.05,1
-8757.91,-0.0876,91242.09,13297.75,0.1272,-0.768,-0.659,0.432,19,0.1579,3,16,6.1,False,True,-0.0483,0.0197,7383.09,17089.33,9,0,5,4,1,0,189,63,92,0,0,289,38,32,0.44,1.0,5,0.025,0.03,0.01,0.05,2
-8757.91,-0.0876,91242.09,13297.75,0.1272,-0.768,-0.659,0.432,19,0.1579,3,16,6.1,False,True,-0.0483,0.0197,7383.09,17089.33,9,0,5,4,1,0,189,63,92,0,0,289,38,32,0.44,1.0,5,0.025,0.03,0.01,0.05,3
-10903.8,-0.109,89096.2,12041.88,0.1195,-0.927,-0.905,0.246,18,0.1667,3,15,5.8,False,True,-0.0597,0.0,3912.51,15923.56,8,0,4,4,2,0,189,64,27,0,0,0,38,30,0.44,1.0,5,0.025,0.03,0.02,0.03,1
-10903.8,-0.109,89096.2,12041.88,0.1195,-0.927,-0.905,0.246,18,0.1667,3,15,5.8,False,True,-0.0597,0.0,3912.51,15923.56,8,0,4,4,2,0,189,64,27,0,0,0,38,30,0.44,1.0,5,0.025,0.03,0.02,0.03,2
-10903.8,-0.109,89096.2,12041.88,0.1195,-0.927,-0.905,0.246,18,0.1667,3,15,5.8,False,True,-0.0597,0.0,3912.51,15923.56,8,0,4,4,2,0,189,64,27,0,0,0,38,30,0.44,1.0,5,0.025,0.03,0.02,0.03,3
-10425.15,-0.1043,89574.85,14964.99,0.1432,-0.755,-0.697,0.413,17,0.1765,3,14,4.9,False,True,-0.0762,0.0,7383.09,17862.01,9,0,2,4,2,0,189,42,22,0,0,0,38,23,0.44,1.0,5,0.025,0.03,0.02,0.05,1
-10425.15,-0.1043,89574.85,14964.99,0.1432,-0.755,-0.697,0.413,17,0.1765,3,14,4.9,False,True,-0.0762,0.0,7383.09,17862.01,9,0,2,4,2,0,189,42,22,0,0,0,38,23,0.44,1.0,5,0.025,0.03,0.02,0.05,2
-10425.15,-0.1043,89574.85,14964.99,0.1432,-0.755,-0.697,0.413,17,0.1765,3,14,4.9,False,True,-0.0762,0.0,7383.09,17862.01,9,0,2,4,2,0,189,42,22,0,0,0,38,23,0.44,1.0,5,0.025,0.03,0.02,0.05,3
-8269.63,-0.0827,91730.37,10962.32,0.1067,-0.581,-0.754,0.141,16,0.1875,3,13,7.6,False,True,-0.0827,0.0,1354.56,9624.18,7,0,5,4,0,0,842,20,24,0,0,0,47,43,0.44,1.0,5,0.035,0.02,0.01,0.03,1
-8269.63,-0.0827,91730.37,10962.32,0.1067,-0.581,-0.754,0.141,16,0.1875,3,13,7.6,False,True,-0.0827,0.0,1354.56,9624.18,7,0,5,4,0,0,842,20,24,0,0,0,47,43,0.44,1.0,5,0.035,0.02,0.01,0.03,2
-8269.63,-0.0827,91730.37,10962.32,0.1067,-0.581,-0.754,0.141,16,0.1875,3,13,7.6,False,True,-0.0827,0.0,1354.56,9624.18,7,0,5,4,0,0,842,20,24,0,0,0,47,43,0.44,1.0,5,0.035,0.02,0.01,0.03,3
-8269.63,-0.0827,91730.37,10962.32,0.1067,-0.581,-0.754,0.141,16,0.1875,3,13,7.6,False,True,-0.0827,0.0,1354.56,9624.18,7,0,5,4,0,0,842,20,24,0,0,0,47,43,0.44,1.0,5,0.035,0.02,0.01,0.05,1
-8269.63,-0.0827,91730.37,10962.32,0.1067,-0.581,-0.754,0.141,16,0.1875,3,13,7.6,False,True,-0.0827,0.0,1354.56,9624.18,7,0,5,4,0,0,842,20,24,0,0,0,47,43,0.44,1.0,5,0.035,0.02,0.01,0.05,2
-8269.63,-0.0827,91730.37,10962.32,0.1067,-0.581,-0.754,0.141,16,0.1875,3,13,7.6,False,True,-0.0827,0.0,1354.56,9624.18,7,0,5,4,0,0,842,20,24,0,0,0,47,43,0.44,1.0,5,0.035,0.02,0.01,0.05,3
-8269.63,-0.0827,91730.37,10962.32,0.1067,-0.581,-0.754,0.141,16,0.1875,3,13,7.6,False,True,-0.0827,0.0,1354.56,9624.18,7,0,5,4,0,0,842,20,24,0,0,0,47,43,0.44,1.0,5,0.035,0.02,0.02,0.03,1
-8269.63,-0.0827,91730.37,10962.32,0.1067,-0.581,-0.754,0.141,16,0.1875,3,13,7.6,False,True,-0.0827,0.0,1354.56,9624.18,7,0,5,4,0,0,842,20,24,0,0,0,47,43,0.44,1.0,5,0.035,0.02,0.02,0.03,2
-8269.63,-0.0827,91730.37,10962.32,0.1067,-0.581,-0.754,0.141,16,0.1875,3,13,7.6,False,True,-0.0827,0.0,1354.56,9624.18,7,0,5,4,0,0,842,20,24,0,0,0,47,43,0.44,1.0,5,0.035,0.02,0.02,0.03,3
-8269.63,-0.0827,91730.37,10962.32,0.1067,-0.581,-0.754,0.141,16,0.1875,3,13,7.6,False,True,-0.0827,0.0,1354.56,9624.18,7,0,5,4,0,0,842,20,24,0,0,0,47,43,0.44,1.0,5,0.035,0.02,0.02,0.05,1
-8269.63,-0.0827,91730.37,10962.32,0.1067,-0.581,-0.754,0.141,16,0.1875,3,13,7.6,False,True,-0.0827,0.0,1354.56,9624.18,7,0,5,4,0,0,842,20,24,0,0,0,47,43,0.44,1.0,5,0.035,0.02,0.02,0.05,2
-8269.63,-0.0827,91730.37,10962.32,0.1067,-0.581,-0.754,0.141,16,0.1875,3,13,7.6,False,True,-0.0827,0.0,1354.56,9624.18,7,0,5,4,0,0,842,20,24,0,0,0,47,43,0.44,1.0,5,0.035,0.02,0.02,0.05,3
-8269.63,-0.0827,91730.37,10962.32,0.1067,-0.581,-0.754,0.141,16,0.1875,3,13,7.6,False,True,-0.0827,0.0,1354.56,9624.18,7,0,5,4,0,0,842,20,24,0,0,0,47,43,0.44,1.0,5,0.035,0.03,0.01,0.03,1
-8269.63,-0.0827,91730.37,10962.32,0.1067,-0.581,-0.754,0.141,16,0.1875,3,13,7.6,False,True,-0.0827,0.0,1354.56,9624.18,7,0,5,4,0,0,842,20,24,0,0,0,47,43,0.44,1.0,5,0.035,0.03,0.01,0.03,2
-8269.63,-0.0827,91730.37,10962.32,0.1067,-0.581,-0.754,0.141,16,0.1875,3,13,7.6,False,True,-0.0827,0.0,1354.56,9624.18,7,0,5,4,0,0,842,20,24,0,0,0,47,43,0.44,1.0,5,0.035,0.03,0.01,0.03,3
-8269.63,-0.0827,91730.37,10962.32,0.1067,-0.581,-0.754,0.141,16,0.1875,3,13,7.6,False,True,-0.0827,0.0,1354.56,9624.18,7,0,5,4,0,0,842,20,24,0,0,0,47,43,0.44,1.0,5,0.035,0.03,0.01,0.05,1
-8269.63,-0.0827,91730.37,10962.32,0.1067,-0.581,-0.754,0.141,16,0.1875,3,13,7.6,False,True,-0.0827,0.0,1354.56,9624.18,7,0,5,4,0,0,842,20,24,0,0,0,47,43,0.44,1.0,5,0.035,0.03,0.01,0.05,2
-8269.63,-0.0827,91730.37,10962.32,0.1067,-0.581,-0.754,0.141,16,0.1875,3,13,7.6,False,True,-0.0827,0.0,1354.56,9624.18,7,0,5,4,0,0,842,20,24,0,0,0,47,43,0.44,1.0,5,0.035,0.03,0.01,0.05,3
-8269.63,-0.0827,91730.37,10962.32,0.1067,-0.581,-0.754,0.141,16,0.1875,3,13,7.6,False,True,-0.0827,0.0,1354.56,9624.18,7,0,5,4,0,0,842,20,24,0,0,0,47,43,0.44,1.0,5,0.035,0.03,0.02,0.03,1
-8269.63,-0.0827,91730.37,10962.32,0.1067,-0.581,-0.754,0.141,16,0.1875,3,13,7.6,False,True,-0.0827,0.0,1354.56,9624.18,7,0,5,4,0,0,842,20,24,0,0,0,47,43,0.44,1.0,5,0.035,0.03,0.02,0.03,2
-8269.63,-0.0827,91730.37,10962.32,0.1067,-0.581,-0.754,0.141,16,0.1875,3,13,7.6,False,True,-0.0827,0.0,1354.56,9624.18,7,0,5,4,0,0,842,20,24,0,0,0,47,43,0.44,1.0,5,0.035,0.03,0.02,0.03,3
-8269.63,-0.0827,91730.37,10962.32,0.1067,-0.581,-0.754,0.141,16,0.1875,3,13,7.6,False,True,-0.0827,0.0,1354.56,9624.18,7,0,5,4,0,0,842,20,24,0,0,0,47,43,0.44,1.0,5,0.035,0.03,0.02,0.05,1
-8269.63,-0.0827,91730.37,10962.32,0.1067,-0.581,-0.754,0.141,16,0.1875,3,13,7.6,False,True,-0.0827,0.0,1354.56,9624.18,7,0,5,4,0,0,842,20,24,0,0,0,47,43,0.44,1.0,5,0.035,0.03,0.02,0.05,2
-8269.63,-0.0827,91730.37,10962.32,0.1067,-0.581,-0.754,0.141,16,0.1875,3,13,7.6,False,True,-0.0827,0.0,1354.56,9624.18,7,0,5,4,0,0,842,20,24,0,0,0,47,43,0.44,1.0,5,0.035,0.03,0.02,0.05,3
-12206.65,-0.1221,87793.35,13644.08,0.1345,-0.696,-0.895,0.283,18,0.2222,4,14,8.4,False,True,-0.0958,0.0101,4826.92,17058.3,8,0,3,5,2,0,14,73,88,0,0,289,35,20,0.44,1.0,10,0.025,0.02,0.01,0.03,1
-12206.65,-0.1221,87793.35,13644.08,0.1345,-0.696,-0.895,0.283,18,0.2222,4,14,8.4,False,True,-0.0958,0.0101,4826.92,17058.3,8,0,3,5,2,0,14,73,88,0,0,289,35,20,0.44,1.0,10,0.025,0.02,0.01,0.03,2
-12206.65,-0.1221,87793.35,13644.08,0.1345,-0.696,-0.895,0.283,18,0.2222,4,14,8.4,False,True,-0.0958,0.0101,4826.92,17058.3,8,0,3,5,2,0,14,73,88,0,0,289,35,20,0.44,1.0,10,0.025,0.02,0.01,0.03,3
-9545.58,-0.0955,90454.42,13182.95,0.1272,-0.792,-0.724,0.441,22,0.1818,4,18,7.8,False,True,-0.0483,0.0197,8267.54,18753.26,10,0,5,5,2,0,14,74,91,0,0,289,35,24,0.44,1.0,10,0.025,0.02,0.01,0.05,1
-9545.58,-0.0955,90454.42,13182.95,0.1272,-0.792,-0.724,0.441,22,0.1818,4,18,7.8,False,True,-0.0483,0.0197,8267.54,18753.26,10,0,5,5,2,0,14,74,91,0,0,289,35,24,0.44,1.0,10,0.025,0.02,0.01,0.05,2
-9545.58,-0.0955,90454.42,13182.95,0.1272,-0.792,-0.724,0.441,22,0.1818,4,18,7.8,False,True,-0.0483,0.0197,8267.54,18753.26,10,0,5,5,2,0,14,74,91,0,0,289,35,24,0.44,1.0,10,0.025,0.02,0.01,0.05,3
-11672.95,-0.1167,88327.05,12033.33,0.1203,-0.943,-0.97,0.274,21,0.1905,4,17,7.7,False,True,-0.0597,0.0,4826.92,17597.56,9,0,4,5,3,0,14,75,26,0,0,0,35,22,0.44,1.0,10,0.025,0.02,0.02,0.03,1
-11672.95,-0.1167,88327.05,12033.33,0.1203,-0.943,-0.97,0.274,21,0.1905,4,17,7.7,False,True,-0.0597,0.0,4826.92,17597.56,9,0,4,5,3,0,14,75,26,0,0,0,35,22,0.44,1.0,10,0.025,0.02,0.02,0.03,2
-11672.95,-0.1167,88327.05,12033.33,0.1203,-0.943,-0.97,0.274,21,0.1905,4,17,7.7,False,True,-0.0597,0.0,4826.92,17597.56,9,0,4,5,3,0,14,75,26,0,0,0,35,22,0.44,1.0,10,0.025,0.02,0.02,0.03,3
-11198.43,-0.112,88801.57,14835.8,0.1432,-0.781,-0.755,0.424,20,0.2,4,16,7.0,False,True,-0.0762,0.0,8267.54,19519.27,10,0,2,5,3,0,14,53,21,0,0,0,35,15,0.44,1.0,10,0.025,0.02,0.02,0.05,1
-11198.43,-0.112,88801.57,14835.8,0.1432,-0.781,-0.755,0.424,20,0.2,4,16,7.0,False,True,-0.0762,0.0,8267.54,19519.27,10,0,2,5,3,0,14,53,21,0,0,0,35,15,0.44,1.0,10,0.025,0.02,0.02,0.05,2
-11198.43,-0.112,88801.57,14835.8,0.1432,-0.781,-0.755,0.424,20,0.2,4,16,7.0,False,True,-0.0762,0.0,8267.54,19519.27,10,0,2,5,3,0,14,53,21,0,0,0,35,15,0.44,1.0,10,0.025,0.02,0.02,0.05,3
-12206.65,-0.1221,87793.35,13644.08,0.1345,-0.696,-0.895,0.283,18,0.2222,4,14,8.4,False,True,-0.0958,0.0101,4826.92,17058.3,8,0,3,5,2,0,14,73,88,0,0,289,35,20,0.44,1.0,10,0.025,0.03,0.01,0.03,1
-12206.65,-0.1221,87793.35,13644.08,0.1345,-0.696,-0.895,0.283,18,0.2222,4,14,8.4,False,True,-0.0958,0.0101,4826.92,17058.3,8,0,3,5,2,0,14,73,88,0,0,289,35,20,0.44,1.0,10,0.025,0.03,0.01,0.03,2
-12206.65,-0.1221,87793.35,13644.08,0.1345,-0.696,-0.895,0.283,18,0.2222,4,14,8.4,False,True,-0.0958,0.0101,4826.92,17058.3,8,0,3,5,2,0,14,73,88,0,0,289,35,20,0.44,1.0,10,0.025,0.03,0.01,0.03,3
-9545.58,-0.0955,90454.42,13182.95,0.1272,-0.792,-0.724,0.441,22,0.1818,4,18,7.8,False,True,-0.0483,0.0197,8267.54,18753.26,10,0,5,5,2,0,14,74,91,0,0,289,35,24,0.44,1.0,10,0.025,0.03,0.01,0.05,1
-9545.58,-0.0955,90454.42,13182.95,0.1272,-0.792,-0.724,0.441,22,0.1818,4,18,7.8,False,True,-0.0483,0.0197,8267.54,18753.26,10,0,5,5,2,0,14,74,91,0,0,289,35,24,0.44,1.0,10,0.025,0.03,0.01,0.05,2
-9545.58,-0.0955,90454.42,13182.95,0.1272,-0.792,-0.724,0.441,22,0.1818,4,18,7.8,False,True,-0.0483,0.0197,8267.54,18753.26,10,0,5,5,2,0,14,74,91,0,0,289,35,24,0.44,1.0,10,0.025,0.03,0.01,0.05,3
-11672.95,-0.1167,88327.05,12033.33,0.1203,-0.943,-0.97,0.274,21,0.1905,4,17,7.7,False,True,-0.0597,0.0,4826.92,17597.56,9,0,4,5,3,0,14,75,26,0,0,0,35,22,0.44,1.0,10,0.025,0.03,0.02,0.03,1
-11672.95,-0.1167,88327.05,12033.33,0.1203,-0.943,-0.97,0.274,21,0.1905,4,17,7.7,False,True,-0.0597,0.0,4826.92,17597.56,9,0,4,5,3,0,14,75,26,0,0,0,35,22,0.44,1.0,10,0.025,0.03,0.02,0.03,2
-11672.95,-0.1167,88327.05,12033.33,0.1203,-0.943,-0.97,0.274,21,0.1905,4,17,7.7,False,True,-0.0597,0.0,4826.92,17597.56,9,0,4,5,3,0,14,75,26,0,0,0,35,22,0.44,1.0,10,0.025,0.03,0.02,0.03,3
-11198.43,-0.112,88801.57,14835.8,0.1432,-0.781,-0.755,0.424,20,0.2,4,16,7.0,False,True,-0.0762,0.0,8267.54,19519.27,10,0,2,5,3,0,14,53,21,0,0,0,35,15,0.44,1.0,10,0.025,0.03,0.02,0.05,1
-11198.43,-0.112,88801.57,14835.8,0.1432,-0.781,-0.755,0.424,20,0.2,4,16,7.0,False,True,-0.0762,0.0,8267.54,19519.27,10,0,2,5,3,0,14,53,21,0,0,0,35,15,0.44,1.0,10,0.025,0.03,0.02,0.05,2
-11198.43,-0.112,88801.57,14835.8,0.1432,-0.781,-0.755,0.424,20,0.2,4,16,7.0,False,True,-0.0762,0.0,8267.54,19519.27,10,0,2,5,3,0,14,53,21,0,0,0,35,15,0.44,1.0,10,0.025,0.03,0.02,0.05,3
-12756.11,-0.1276,87243.89,14988.36,0.1466,-0.761,-0.851,0.253,20,0.2,4,16,6.9,False,True,-0.0924,0.0,4826.92,19112.82,9,0,3,5,3,0,14,67,22,0,0,0,35,26,0.44,1.0,10,0.035,0.02,0.01,0.03,1
-12756.11,-0.1276,87243.89,14988.36,0.1466,-0.761,-0.851,0.253,20,0.2,4,16,6.9,False,True,-0.0924,0.0,4826.92,19112.82,9,0,3,5,3,0,14,67,22,0,0,0,35,26,0.44,1.0,10,0.035,0.02,0.01,0.03,2
-12756.11,-0.1276,87243.89,14988.36,0.1466,-0.761,-0.851,0.253,20,0.2,4,16,6.9,False,True,-0.0924,0.0,4826.92,19112.82,9,0,3,5,3,0,14,67,22,0,0,0,35,26,0.44,1.0,10,0.035,0.02,0.01,0.03,3
-9545.58,-0.0955,90454.42,13182.95,0.1272,-0.792,-0.724,0.441,22,0.1818,4,18,7.8,False,True,-0.0483,0.0197,8267.54,18753.26,10,0,5,5,2,0,14,74,91,0,0,289,35,24,0.44,1.0,10,0.035,0.02,0.01,0.05,1
-9545.58,-0.0955,90454.42,13182.95,0.1272,-0.792,-0.724,0.441,22,0.1818,4,18,7.8,False,True,-0.0483,0.0197,8267.54,18753.26,10,0,5,5,2,0,14,74,91,0,0,289,35,24,0.44,1.0,10,0.035,0.02,0.01,0.05,2
-9545.58,-0.0955,90454.42,13182.95,0.1272,-0.792,-0.724,0.441,22,0.1818,4,18,7.8,False,True,-0.0483,0.0197,8267.54,18753.26,10,0,5,5,2,0,14,74,91,0,0,289,35,24,0.44,1.0,10,0.035,0.02,0.01,0.05,3
-12756.11,-0.1276,87243.89,14988.36,0.1466,-0.761,-0.851,0.253,20,0.2,4,16,6.9,False,True,-0.0924,0.0,4826.92,19112.82,9,0,3,5,3,0,14,67,22,0,0,0,35,26,0.44,1.0,10,0.035,0.02,0.02,0.03,1
-12756.11,-0.1276,87243.89,14988.36,0.1466,-0.761,-0.851,0.253,20,0.2,4,16,6.9,False,True,-0.0924,0.0,4826.92,19112.82,9,0,3,5,3,0,14,67,22,0,0,0,35,26,0.44,1.0,10,0.035,0.02,0.02,0.03,2
-12756.11,-0.1276,87243.89,14988.36,0.1466,-0.761,-0.851,0.253,20,0.2,4,16,6.9,False,True,-0.0924,0.0,4826.92,19112.82,9,0,3,5,3,0,14,67,22,0,0,0,35,26,0.44,1.0,10,0.035,0.02,0.02,0.03,3
-11198.43,-0.112,88801.57,14835.8,0.1432,-0.781,-0.755,0.424,20,0.2,4,16,7.0,False,True,-0.0762,0.0,8267.54,19519.27,10,0,2,5,3,0,14,53,21,0,0,0,35,15,0.44,1.0,10,0.035,0.02,0.02,0.05,1
-11198.43,-0.112,88801.57,14835.8,0.1432,-0.781,-0.755,0.424,20,0.2,4,16,7.0,False,True,-0.0762,0.0,8267.54,19519.27,10,0,2,5,3,0,14,53,21,0,0,0,35,15,0.44,1.0,10,0.035,0.02,0.02,0.05,2
-11198.43,-0.112,88801.57,14835.8,0.1432,-0.781,-0.755,0.424,20,0.2,4,16,7.0,False,True,-0.0762,0.0,8267.54,19519.27,10,0,2,5,3,0,14,53,21,0,0,0,35,15,0.44,1.0,10,0.035,0.02,0.02,0.05,3
-12756.11,-0.1276,87243.89,14988.36,0.1466,-0.761,-0.851,0.253,20,0.2,4,16,6.9,False,True,-0.0924,0.0,4826.92,19112.82,9,0,3,5,3,0,14,67,22,0,0,0,35,26,0.44,1.0,10,0.035,0.03,0.01,0.03,1
-12756.11,-0.1276,87243.89,14988.36,0.1466,-0.761,-0.851,0.253,20,0.2,4,16,6.9,False,True,-0.0924,0.0,4826.92,19112.82,9,0,3,5,3,0,14,67,22,0,0,0,35,26,0.44,1.0,10,0.035,0.03,0.01,0.03,2
-12756.11,-0.1276,87243.89,14988.36,0.1466,-0.761,-0.851,0.253,20,0.2,4,16,6.9,False,True,-0.0924,0.0,4826.92,19112.82,9,0,3,5,3,0,14,67,22,0,0,0,35,26,0.44,1.0,10,0.035,0.03,0.01,0.03,3
-9545.58,-0.0955,90454.42,13182.95,0.1272,-0.792,-0.724,0.441,22,0.1818,4,18,7.8,False,True,-0.0483,0.0197,8267.54,18753.26,10,0,5,5,2,0,14,74,91,0,0,289,35,24,0.44,1.0,10,0.035,0.03,0.01,0.05,1
-9545.58,-0.0955,90454.42,13182.95,0.1272,-0.792,-0.724,0.441,22,0.1818,4,18,7.8,False,True,-0.0483,0.0197,8267.54,18753.26,10,0,5,5,2,0,14,74,91,0,0,289,35,24,0.44,1.0,10,0.035,0.03,0.01,0.05,2
-9545.58,-0.0955,90454.42,13182.95,0.1272,-0.792,-0.724,0.441,22,0.1818,4,18,7.8,False,True,-0.0483,0.0197,8267.54,18753.26,10,0,5,5,2,0,14,74,91,0,0,289,35,24,0.44,1.0,10,0.035,0.03,0.01,0.05,3
-12756.11,-0.1276,87243.89,14988.36,0.1466,-0.761,-0.851,0.253,20,0.2,4,16,6.9,False,True,-0.0924,0.0,4826.92,19112.82,9,0,3,5,3,0,14,67,22,0,0,0,35,26,0.44,1.0,10,0.035,0.03,0.02,0.03,1
-12756.11,-0.1276,87243.89,14988.36,0.1466,-0.761,-0.851,0.253,20,0.2,4,16,6.9,False,True,-0.0924,0.0,4826.92,19112.82,9,0,3,5,3,0,14,67,22,0,0,0,35,26,0.44,1.0,10,0.035,0.03,0.02,0.03,2
-12756.11,-0.1276,87243.89,14988.36,0.1466,-0.761,-0.851,0.253,20,0.2,4,16,6.9,False,True,-0.0924,0.0,4826.92,19112.82,9,0,3,5,3,0,14,67,22,0,0,0,35,26,0.44,1.0,10,0.035,0.03,0.02,0.03,3
-11198.43,-0.112,88801.57,14835.8,0.1432,-0.781,-0.755,0.424,20,0.2,4,16,7.0,False,True,-0.0762,0.0,8267.54,19519.27,10,0,2,5,3,0,14,53,21,0,0,0,35,15,0.44,1.0,10,0.035,0.03,0.02,0.05,1
-11198.43,-0.112,88801.57,14835.8,0.1432,-0.781,-0.755,0.424,20,0.2,4,16,7.0,False,True,-0.0762,0.0,8267.54,19519.27,10,0,2,5,3,0,14,53,21,0,0,0,35,15,0.44,1.0,10,0.035,0.03,0.02,0.05,2
-11198.43,-0.112,88801.57,14835.8,0.1432,-0.781,-0.755,0.424,20,0.2,4,16,7.0,False,True,-0.0762,0.0,8267.54,19519.27,10,0,2,5,3,0,14,53,21,0,0,0,35,15,0.44,1.0,10,0.035,0.03,0.02,0.05,3
-12206.65,-0.1221,87793.35,13644.08,0.1345,-0.696,-0.895,0.283,18,0.2222,4,14,8.4,False,True,-0.0958,0.0101,4826.92,17058.3,8,0,3,5,2,0,0,84,88,0,0,289,35,20,0.44,1.0,15,0.025,0.02,0.01,0.03,1
-12206.65,-0.1221,87793.35,13644.08,0.1345,-0.696,-0.895,0.283,18,0.2222,4,14,8.4,False,True,-0.0958,0.0101,4826.92,17058.3,8,0,3,5,2,0,0,84,88,0,0,289,35,20,0.44,1.0,15,0.025,0.02,0.01,0.03,2
-12206.65,-0.1221,87793.35,13644.08,0.1345,-0.696,-0.895,0.283,18,0.2222,4,14,8.4,False,True,-0.0958,0.0101,4826.92,17058.3,8,0,3,5,2,0,0,84,88,0,0,289,35,20,0.44,1.0,15,0.025,0.02,0.01,0.03,3
-9545.58,-0.0955,90454.42,13182.95,0.1272,-0.792,-0.724,0.441,22,0.1818,4,18,7.8,False,True,-0.0483,0.0197,8267.54,18753.26,10,0,5,5,2,0,0,85,91,0,0,289,35,24,0.44,1.0,15,0.025,0.02,0.01,0.05,1
-9545.58,-0.0955,90454.42,13182.95,0.1272,-0.792,-0.724,0.441,22,0.1818,4,18,7.8,False,True,-0.0483,0.0197,8267.54,18753.26,10,0,5,5,2,0,0,85,91,0,0,289,35,24,0.44,1.0,15,0.025,0.02,0.01,0.05,2
-9545.58,-0.0955,90454.42,13182.95,0.1272,-0.792,-0.724,0.441,22,0.1818,4,18,7.8,False,True,-0.0483,0.0197,8267.54,18753.26,10,0,5,5,2,0,0,85,91,0,0,289,35,24,0.44,1.0,15,0.025,0.02,0.01,0.05,3
-11672.95,-0.1167,88327.05,12033.33,0.1203,-0.943,-0.97,0.274,21,0.1905,4,17,7.7,False,True,-0.0597,0.0,4826.92,17597.56,9,0,4,5,3,0,0,86,26,0,0,0,35,22,0.44,1.0,15,0.025,0.02,0.02,0.03,1
-11672.95,-0.1167,88327.05,12033.33,0.1203,-0.943,-0.97,0.274,21,0.1905,4,17,7.7,False,True,-0.0597,0.0,4826.92,17597.56,9,0,4,5,3,0,0,86,26,0,0,0,35,22,0.44,1.0,15,0.025,0.02,0.02,0.03,2
-11672.95,-0.1167,88327.05,12033.33,0.1203,-0.943,-0.97,0.274,21,0.1905,4,17,7.7,False,True,-0.0597,0.0,4826.92,17597.56,9,0,4,5,3,0,0,86,26,0,0,0,35,22,0.44,1.0,15,0.025,0.02,0.02,0.03,3
-11198.43,-0.112,88801.57,14835.8,0.1432,-0.781,-0.755,0.424,20,0.2,4,16,7.0,False,True,-0.0762,0.0,8267.54,19519.27,10,0,2,5,3,0,0,64,21,0,0,0,35,15,0.44,1.0,15,0.025,0.02,0.02,0.05,1
-11198.43,-0.112,88801.57,14835.8,0.1432,-0.781,-0.755,0.424,20,0.2,4,16,7.0,False,True,-0.0762,0.0,8267.54,19519.27,10,0,2,5,3,0,0,64,21,0,0,0,35,15,0.44,1.0,15,0.025,0.02,0.02,0.05,2
-11198.43,-0.112,88801.57,14835.8,0.1432,-0.781,-0.755,0.424,20,0.2,4,16,7.0,False,True,-0.0762,0.0,8267.54,19519.27,10,0,2,5,3,0,0,64,21,0,0,0,35,15,0.44,1.0,15,0.025,0.02,0.02,0.05,3
-12206.65,-0.1221,87793.35,13644.08,0.1345,-0.696,-0.895,0.283,18,0.2222,4,14,8.4,False,True,-0.0958,0.0101,4826.92,17058.3,8,0,3,5,2,0,0,84,88,0,0,289,35,20,0.44,1.0,15,0.025,0.03,0.01,0.03,1
-12206.65,-0.1221,87793.35,13644.08,0.1345,-0.696,-0.895,0.283,18,0.2222,4,14,8.4,False,True,-0.0958,0.0101,4826.92,17058.3,8,0,3,5,2,0,0,84,88,0,0,289,35,20,0.44,1.0,15,0.025,0.03,0.01,0.03,2
-12206.65,-0.1221,87793.35,13644.08,0.1345,-0.696,-0.895,0.283,18,0.2222,4,14,8.4,False,True,-0.0958,0.0101,4826.92,17058.3,8,0,3,5,2,0,0,84,88,0,0,289,35,20,0.44,1.0,15,0.025,0.03,0.01,0.03,3
-9545.58,-0.0955,90454.42,13182.95,0.1272,-0.792,-0.724,0.441,22,0.1818,4,18,7.8,False,True,-0.0483,0.0197,8267.54,18753.26,10,0,5,5,2,0,0,85,91,0,0,289,35,24,0.44,1.0,15,0.025,0.03,0.01,0.05,1
-9545.58,-0.0955,90454.42,13182.95,0.1272,-0.792,-0.724,0.441,22,0.1818,4,18,7.8,False,True,-0.0483,0.0197,8267.54,18753.26,10,0,5,5,2,0,0,85,91,0,0,289,35,24,0.44,1.0,15,0.025,0.03,0.01,0.05,2
-9545.58,-0.0955,90454.42,13182.95,0.1272,-0.792,-0.724,0.441,22,0.1818,4,18,7.8,False,True,-0.0483,0.0197,8267.54,18753.26,10,0,5,5,2,0,0,85,91,0,0,289,35,24,0.44,1.0,15,0.025,0.03,0.01,0.05,3
-11672.95,-0.1167,88327.05,12033.33,0.1203,-0.943,-0.97,0.274,21,0.1905,4,17,7.7,False,True,-0.0597,0.0,4826.92,17597.56,9,0,4,5,3,0,0,86,26,0,0,0,35,22,0.44,1.0,15,0.025,0.03,0.02,0.03,1
-11672.95,-0.1167,88327.05,12033.33,0.1203,-0.943,-0.97,0.274,21,0.1905,4,17,7.7,False,True,-0.0597,0.0,4826.92,17597.56,9,0,4,5,3,0,0,86,26,0,0,0,35,22,0.44,1.0,15,0.025,0.03,0.02,0.03,2
-11672.95,-0.1167,88327.05,12033.33,0.1203,-0.943,-0.97,0.274,21,0.1905,4,17,7.7,False,True,-0.0597,0.0,4826.92,17597.56,9,0,4,5,3,0,0,86,26,0,0,0,35,22,0.44,1.0,15,0.025,0.03,0.02,0.03,3
-11198.43,-0.112,88801.57,14835.8,0.1432,-0.781,-0.755,0.424,20,0.2,4,16,7.0,False,True,-0.0762,0.0,8267.54,19519.27,10,0,2,5,3,0,0,64,21,0,0,0,35,15,0.44,1.0,15,0.025,0.03,0.02,0.05,1
-11198.43,-0.112,88801.57,14835.8,0.1432,-0.781,-0.755,0.424,20,0.2,4,16,7.0,False,True,-0.0762,0.0,8267.54,19519.27,10,0,2,5,3,0,0,64,21,0,0,0,35,15,0.44,1.0,15,0.025,0.03,0.02,0.05,2
-11198.43,-0.112,88801.57,14835.8,0.1432,-0.781,-0.755,0.424,20,0.2,4,16,7.0,False,True,-0.0762,0.0,8267.54,19519.27,10,0,2,5,3,0,0,64,21,0,0,0,35,15,0.44,1.0,15,0.025,0.03,0.02,0.05,3
-12756.11,-0.1276,87243.89,14988.36,0.1466,-0.761,-0.851,0.253,20,0.2,4,16,6.9,False,True,-0.0924,0.0,4826.92,19112.82,9,0,3,5,3,0,0,78,22,0,0,0,35,26,0.44,1.0,15,0.035,0.02,0.01,0.03,1
-12756.11,-0.1276,87243.89,14988.36,0.1466,-0.761,-0.851,0.253,20,0.2,4,16,6.9,False,True,-0.0924,0.0,4826.92,19112.82,9,0,3,5,3,0,0,78,22,0,0,0,35,26,0.44,1.0,15,0.035,0.02,0.01,0.03,2
-12756.11,-0.1276,87243.89,14988.36,0.1466,-0.761,-0.851,0.253,20,0.2,4,16,6.9,False,True,-0.0924,0.0,4826.92,19112.82,9,0,3,5,3,0,0,78,22,0,0,0,35,26,0.44,1.0,15,0.035,0.02,0.01,0.03,3
-9545.58,-0.0955,90454.42,13182.95,0.1272,-0.792,-0.724,0.441,22,0.1818,4,18,7.8,False,True,-0.0483,0.0197,8267.54,18753.26,10,0,5,5,2,0,0,85,91,0,0,289,35,24,0.44,1.0,15,0.035,0.02,0.01,0.05,1
-9545.58,-0.0955,90454.42,13182.95,0.1272,-0.792,-0.724,0.441,22,0.1818,4,18,7.8,False,True,-0.0483,0.0197,8267.54,18753.26,10,0,5,5,2,0,0,85,91,0,0,289,35,24,0.44,1.0,15,0.035,0.02,0.01,0.05,2
-9545.58,-0.0955,90454.42,13182.95,0.1272,-0.792,-0.724,0.441,22,0.1818,4,18,7.8,False,True,-0.0483,0.0197,8267.54,18753.26,10,0,5,5,2,0,0,85,91,0,0,289,35,24,0.44,1.0,15,0.035,0.02,0.01,0.05,3
-12756.11,-0.1276,87243.89,14988.36,0.1466,-0.761,-0.851,0.253,20,0.2,4,16,6.9,False,True,-0.0924,0.0,4826.92,19112.82,9,0,3,5,3,0,0,78,22,0,0,0,35,26,0.44,1.0,15,0.035,0.02,0.02,0.03,1
-12756.11,-0.1276,87243.89,14988.36,0.1466,-0.761,-0.851,0.253,20,0.2,4,16,6.9,False,True,-0.0924,0.0,4826.92,19112.82,9,0,3,5,3,0,0,78,22,0,0,0,35,26,0.44,1.0,15,0.035,0.02,0.02,0.03,2
-12756.11,-0.1276,87243.89,14988.36,0.1466,-0.761,-0.851,0.253,20,0.2,4,16,6.9,False,True,-0.0924,0.0,4826.92,19112.82,9,0,3,5,3,0,0,78,22,0,0,0,35,26,0.44,1.0,15,0.035,0.02,0.02,0.03,3
-11198.43,-0.112,88801.57,14835.8,0.1432,-0.781,-0.755,0.424,20,0.2,4,16,7.0,False,True,-0.0762,0.0,8267.54,19519.27,10,0,2,5,3,0,0,64,21,0,0,0,35,15,0.44,1.0,15,0.035,0.02,0.02,0.05,1
-11198.43,-0.112,88801.57,14835.8,0.1432,-0.781,-0.755,0.424,20,0.2,4,16,7.0,False,True,-0.0762,0.0,8267.54,19519.27,10,0,2,5,3,0,0,64,21,0,0,0,35,15,0.44,1.0,15,0.035,0.02,0.02,0.05,2
-11198.43,-0.112,88801.57,14835.8,0.1432,-0.781,-0.755,0.424,20,0.2,4,16,7.0,False,True,-0.0762,0.0,8267.54,19519.27,10,0,2,5,3,0,0,64,21,0,0,0,35,15,0.44,1.0,15,0.035,0.02,0.02,0.05,3
-12756.11,-0.1276,87243.89,14988.36,0.1466,-0.761,-0.851,0.253,20,0.2,4,16,6.9,False,True,-0.0924,0.0,4826.92,19112.82,9,0,3,5,3,0,0,78,22,0,0,0,35,26,0.44,1.0,15,0.035,0.03,0.01,0.03,1
-12756.11,-0.1276,87243.89,14988.36,0.1466,-0.761,-0.851,0.253,20,0.2,4,16,6.9,False,True,-0.0924,0.0,4826.92,19112.82,9,0,3,5,3,0,0,78,22,0,0,0,35,26,0.44,1.0,15,0.035,0.03,0.01,0.03,2
-12756.11,-0.1276,87243.89,14988.36,0.1466,-0.761,-0.851,0.253,20,0.2,4,16,6.9,False,True,-0.0924,0.0,4826.92,19112.82,9,0,3,5,3,0,0,78,22,0,0,0,35,26,0.44,1.0,15,0.035,0.03,0.01,0.03,3
-9545.58,-0.0955,90454.42,13182.95,0.1272,-0.792,-0.724,0.441,22,0.1818,4,18,7.8,False,True,-0.0483,0.0197,8267.54,18753.26,10,0,5,5,2,0,0,85,91,0,0,289,35,24,0.44,1.0,15,0.035,0.03,0.01,0.05,1
-9545.58,-0.0955,90454.42,13182.95,0.1272,-0.792,-0.724,0.441,22,0.1818,4,18,7.8,False,True,-0.0483,0.0197,8267.54,18753.26,10,0,5,5,2,0,0,85,91,0,0,289,35,24,0.44,1.0,15,0.035,0.03,0.01,0.05,2
-9545.58,-0.0955,90454.42,13182.95,0.1272,-0.792,-0.724,0.441,22,0.1818,4,18,7.8,False,True,-0.0483,0.0197,8267.54,18753.26,10,0,5,5,2,0,0,85,91,0,0,289,35,24,0.44,1.0,15,0.035,0.03,0.01,0.05,3
-12756.11,-0.1276,87243.89,14988.36,0.1466,-0.761,-0.851,0.253,20,0.2,4,16,6.9,False,True,-0.0924,0.0,4826.92,19112.82,9,0,3,5,3,0,0,78,22,0,0,0,35,26,0.44,1.0,15,0.035,0.03,0.02,0.03,1
-12756.11,-0.1276,87243.89,14988.36,0.1466,-0.761,-0.851,0.253,20,0.2,4,16,6.9,False,True,-0.0924,0.0,4826.92,19112.82,9,0,3,5,3,0,0,78,22,0,0,0,35,26,0.44,1.0,15,0.035,0.03,0.02,0.03,2
-12756.11,-0.1276,87243.89,14988.36,0.1466,-0.761,-0.851,0.253,20,0.2,4,16,6.9,False,True,-0.0924,0.0,4826.92,19112.82,9,0,3,5,3,0,0,78,22,0,0,0,35,26,0.44,1.0,15,0.035,0.03,0.02,0.03,3
-11198.43,-0.112,88801.57,14835.8,0.1432,-0.781,-0.755,0.424,20,0.2,4,16,7.0,False,True,-0.0762,0.0,8267.54,19519.27,10,0,2,5,3,0,0,64,21,0,0,0,35,15,0.44,1.0,15,0.035,0.03,0.02,0.05,1
-11198.43,-0.112,88801.57,14835.8,0.1432,-0.781,-0.755,0.424,20,0.2,4,16,7.0,False,True,-0.0762,0.0,8267.54,19519.27,10,0,2,5,3,0,0,64,21,0,0,0,35,15,0.44,1.0,15,0.035,0.03,0.02,0.05,2
-11198.43,-0.112,88801.57,14835.8,0.1432,-0.781,-0.755,0.424,20,0.2,4,16,7.0,False,True,-0.0762,0.0,8267.54,19519.27,10,0,2,5,3,0,0,64,21,0,0,0,35,15,0.44,1.0,15,0.035,0.03,0.02,0.05,3
-10412.48,-0.1041,89587.52,13320.13,0.1305,-0.741,-0.782,0.034,9,0.1111,1,8,5.0,False,True,-0.0786,0.0,591.82,17458.57,4,0,1,2,2,0,41,31,11,0,0,0,35,5,0.44,1.5,5,0.025,0.02,0.01,0.03,1
-10412.48,-0.1041,89587.52,13320.13,0.1305,-0.741,-0.782,0.034,9,0.1111,1,8,5.0,False,True,-0.0786,0.0,591.82,17458.57,4,0,1,2,2,0,41,31,11,0,0,0,35,5,0.44,1.5,5,0.025,0.02,0.01,0.03,2
-10412.48,-0.1041,89587.52,13320.13,0.1305,-0.741,-0.782,0.034,9,0.1111,1,8,5.0,False,True,-0.0786,0.0,591.82,17458.57,4,0,1,2,2,0,41,31,11,0,0,0,35,5,0.44,1.5,5,0.025,0.02,0.01,0.03,3
-10412.48,-0.1041,89587.52,13320.13,0.1305,-0.741,-0.782,0.034,9,0.1111,1,8,5.0,False,True,-0.0786,0.0,591.82,17458.57,4,0,1,2,2,0,41,31,11,0,0,0,35,5,0.44,1.5,5,0.025,0.02,0.01,0.05,1
-10412.48,-0.1041,89587.52,13320.13,0.1305,-0.741,-0.782,0.034,9,0.1111,1,8,5.0,False,True,-0.0786,0.0,591.82,17458.57,4,0,1,2,2,0,41,31,11,0,0,0,35,5,0.44,1.5,5,0.025,0.02,0.01,0.05,2
-10412.48,-0.1041,89587.52,13320.13,0.1305,-0.741,-0.782,0.034,9,0.1111,1,8,5.0,False,True,-0.0786,0.0,591.82,17458.57,4,0,1,2,2,0,41,31,11,0,0,0,35,5,0.44,1.5,5,0.025,0.02,0.01,0.05,3
-10412.48,-0.1041,89587.52,13320.13,0.1305,-0.741,-0.782,0.034,9,0.1111,1,8,5.0,False,True,-0.0786,0.0,591.82,17458.57,4,0,1,2,2,0,41,31,11,0,0,0,35,5,0.44,1.5,5,0.025,0.02,0.02,0.03,1
-10412.48,-0.1041,89587.52,13320.13,0.1305,-0.741,-0.782,0.034,9,0.1111,1,8,5.0,False,True,-0.0786,0.0,591.82,17458.57,4,0,1,2,2,0,41,31,11,0,0,0,35,5,0.44,1.5,5,0.025,0.02,0.02,0.03,2
-10412.48,-0.1041,89587.52,13320.13,0.1305,-0.741,-0.782,0.034,9,0.1111,1,8,5.0,False,True,-0.0786,0.0,591.82,17458.57,4,0,1,2,2,0,41,31,11,0,0,0,35,5,0.44,1.5,5,0.025,0.02,0.02,0.03,3
-10412.48,-0.1041,89587.52,13320.13,0.1305,-0.741,-0.782,0.034,9,0.1111,1,8,5.0,False,True,-0.0786,0.0,591.82,17458.57,4,0,1,2,2,0,41,31,11,0,0,0,35,5,0.44,1.5,5,0.025,0.02,0.02,0.05,1
-10412.48,-0.1041,89587.52,13320.13,0.1305,-0.741,-0.782,0.034,9,0.1111,1,8,5.0,False,True,-0.0786,0.0,591.82,17458.57,4,0,1,2,2,0,41,31,11,0,0,0,35,5,0.44,1.5,5,0.025,0.02,0.02,0.05,2
-10412.48,-0.1041,89587.52,13320.13,0.1305,-0.741,-0.782,0.034,9,0.1111,1,8,5.0,False,True,-0.0786,0.0,591.82,17458.57,4,0,1,2,2,0,41,31,11,0,0,0,35,5,0.44,1.5,5,0.025,0.02,0.02,0.05,3
-10412.48,-0.1041,89587.52,13320.13,0.1305,-0.741,-0.782,0.034,9,0.1111,1,8,5.0,False,True,-0.0786,0.0,591.82,17458.57,4,0,1,2,2,0,41,31,11,0,0,0,35,5,0.44,1.5,5,0.025,0.03,0.01,0.03,1
-10412.48,-0.1041,89587.52,13320.13,0.1305,-0.741,-0.782,0.034,9,0.1111,1,8,5.0,False,True,-0.0786,0.0,591.82,17458.57,4,0,1,2,2,0,41,31,11,0,0,0,35,5,0.44,1.5,5,0.025,0.03,0.01,0.03,2
-10412.48,-0.1041,89587.52,13320.13,0.1305,-0.741,-0.782,0.034,9,0.1111,1,8,5.0,False,True,-0.0786,0.0,591.82,17458.57,4,0,1,2,2,0,41,31,11,0,0,0,35,5,0.44,1.5,5,0.025,0.03,0.01,0.03,3
-10412.48,-0.1041,89587.52,13320.13,0.1305,-0.741,-0.782,0.034,9,0.1111,1,8,5.0,False,True,-0.0786,0.0,591.82,17458.57,4,0,1,2,2,0,41,31,11,0,0,0,35,5,0.44,1.5,5,0.025,0.03,0.01,0.05,1
-10412.48,-0.1041,89587.52,13320.13,0.1305,-0.741,-0.782,0.034,9,0.1111,1,8,5.0,False,True,-0.0786,0.0,591.82,17458.57,4,0,1,2,2,0,41,31,11,0,0,0,35,5,0.44,1.5,5,0.025,0.03,0.01,0.05,2
-10412.48,-0.1041,89587.52,13320.13,0.1305,-0.741,-0.782,0.034,9,0.1111,1,8,5.0,False,True,-0.0786,0.0,591.82,17458.57,4,0,1,2,2,0,41,31,11,0,0,0,35,5,0.44,1.5,5,0.025,0.03,0.01,0.05,3
-10412.48,-0.1041,89587.52,13320.13,0.1305,-0.741,-0.782,0.034,9,0.1111,1,8,5.0,False,True,-0.0786,0.0,591.82,17458.57,4,0,1,2,2,0,41,31,11,0,0,0,35,5,0.44,1.5,5,0.025,0.03,0.02,0.03,1
-10412.48,-0.1041,89587.52,13320.13,0.1305,-0.741,-0.782,0.034,9,0.1111,1,8,5.0,False,True,-0.0786,0.0,591.82,17458.57,4,0,1,2,2,0,41,31,11,0,0,0,35,5,0.44,1.5,5,0.025,0.03,0.02,0.03,2
-10412.48,-0.1041,89587.52,13320.13,0.1305,-0.741,-0.782,0.034,9,0.1111,1,8,5.0,False,True,-0.0786,0.0,591.82,17458.57,4,0,1,2,2,0,41,31,11,0,0,0,35,5,0.44,1.5,5,0.025,0.03,0.02,0.03,3
-10412.48,-0.1041,89587.52,13320.13,0.1305,-0.741,-0.782,0.034,9,0.1111,1,8,5.0,False,True,-0.0786,0.0,591.82,17458.57,4,0,1,2,2,0,41,31,11,0,0,0,35,5,0.44,1.5,5,0.025,0.03,0.02,0.05,1
-10412.48,-0.1041,89587.52,13320.13,0.1305,-0.741,-0.782,0.034,9,0.1111,1,8,5.0,False,True,-0.0786,0.0,591.82,17458.57,4,0,1,2,2,0,41,31,11,0,0,0,35,5,0.44,1.5,5,0.025,0.03,0.02,0.05,2
-10412.48,-0.1041,89587.52,13320.13,0.1305,-0.741,-0.782,0.034,9,0.1111,1,8,5.0,False,True,-0.0786,0.0,591.82,17458.57,4,0,1,2,2,0,41,31,11,0,0,0,35,5,0.44,1.5,5,0.025,0.03,0.02,0.05,3
-10091.04,-0.1009,89908.96,11145.43,0.1103,-0.69,-0.905,0.362,16,0.1875,3,13,5.9,False,True,-0.0718,0.0148,5751.99,15895.54,7,0,3,4,2,0,189,63,90,0,0,289,38,31,0.44,1.5,5,0.035,0.02,0.01,0.03,1
-10091.04,-0.1009,89908.96,11145.43,0.1103,-0.69,-0.905,0.362,16,0.1875,3,13,5.9,False,True,-0.0718,0.0148,5751.99,15895.54,7,0,3,4,2,0,189,63,90,0,0,289,38,31,0.44,1.5,5,0.035,0.02,0.01,0.03,2
-10091.04,-0.1009,89908.96,11145.43,0.1103,-0.69,-0.905,0.362,16,0.1875,3,13,5.9,False,True,-0.0718,0.0148,5751.99,15895.54,7,0,3,4,2,0,189,63,90,0,0,289,38,31,0.44,1.5,5,0.035,0.02,0.01,0.03,3
-12041.89,-0.1204,87958.11,13077.86,0.1305,-0.794,-0.921,0.031,11,0.0909,1,10,4.6,False,True,-0.0786,0.0,591.82,18970.59,5,0,2,2,2,0,189,31,12,0,0,0,38,13,0.44,1.5,5,0.035,0.02,0.01,0.05,1
-12041.89,-0.1204,87958.11,13077.86,0.1305,-0.794,-0.921,0.031,11,0.0909,1,10,4.6,False,True,-0.0786,0.0,591.82,18970.59,5,0,2,2,2,0,189,31,12,0,0,0,38,13,0.44,1.5,5,0.035,0.02,0.01,0.05,2
-12041.89,-0.1204,87958.11,13077.86,0.1305,-0.794,-0.921,0.031,11,0.0909,1,10,4.6,False,True,-0.0786,0.0,591.82,18970.59,5,0,2,2,2,0,189,31,12,0,0,0,38,13,0.44,1.5,5,0.035,0.02,0.01,0.05,3
-11306.95,-0.1131,88693.05,12910.57,0.1278,-1.0,-0.876,0.307,18,0.1667,3,15,5.8,False,True,-0.0454,0.0,5751.99,18731.8,8,0,4,4,2,0,189,64,27,0,0,0,38,30,0.44,1.5,5,0.035,0.02,0.02,0.03,1
-11306.95,-0.1131,88693.05,12910.57,0.1278,-1.0,-0.876,0.307,18,0.1667,3,15,5.8,False,True,-0.0454,0.0,5751.99,18731.8,8,0,4,4,2,0,189,64,27,0,0,0,38,30,0.44,1.5,5,0.035,0.02,0.02,0.03,2
-11306.95,-0.1131,88693.05,12910.57,0.1278,-1.0,-0.876,0.307,18,0.1667,3,15,5.8,False,True,-0.0454,0.0,5751.99,18731.8,8,0,4,4,2,0,189,64,27,0,0,0,38,30,0.44,1.5,5,0.035,0.02,0.02,0.03,3
-12041.89,-0.1204,87958.11,13077.86,0.1305,-0.794,-0.921,0.031,11,0.0909,1,10,4.6,False,True,-0.0786,0.0,591.82,18970.59,5,0,2,2,2,0,189,31,12,0,0,0,38,13,0.44,1.5,5,0.035,0.02,0.02,0.05,1
-12041.89,-0.1204,87958.11,13077.86,0.1305,-0.794,-0.921,0.031,11,0.0909,1,10,4.6,False,True,-0.0786,0.0,591.82,18970.59,5,0,2,2,2,0,189,31,12,0,0,0,38,13,0.44,1.5,5,0.035,0.02,0.02,0.05,2
-12041.89,-0.1204,87958.11,13077.86,0.1305,-0.794,-0.921,0.031,11,0.0909,1,10,4.6,False,True,-0.0786,0.0,591.82,18970.59,5,0,2,2,2,0,189,31,12,0,0,0,38,13,0.44,1.5,5,0.035,0.02,0.02,0.05,3
-10091.04,-0.1009,89908.96,11145.43,0.1103,-0.69,-0.905,0.362,16,0.1875,3,13,5.9,False,True,-0.0718,0.0148,5751.99,15895.54,7,0,3,4,2,0,189,63,90,0,0,289,38,31,0.44,1.5,5,0.035,0.03,0.01,0.03,1
-10091.04,-0.1009,89908.96,11145.43,0.1103,-0.69,-0.905,0.362,16,0.1875,3,13,5.9,False,True,-0.0718,0.0148,5751.99,15895.54,7,0,3,4,2,0,189,63,90,0,0,289,38,31,0.44,1.5,5,0.035,0.03,0.01,0.03,2
-10091.04,-0.1009,89908.96,11145.43,0.1103,-0.69,-0.905,0.362,16,0.1875,3,13,5.9,False,True,-0.0718,0.0148,5751.99,15895.54,7,0,3,4,2,0,189,63,90,0,0,289,38,31,0.44,1.5,5,0.035,0.03,0.01,0.03,3
-12041.89,-0.1204,87958.11,13077.86,0.1305,-0.794,-0.921,0.031,11,0.0909,1,10,4.6,False,True,-0.0786,0.0,591.82,18970.59,5,0,2,2,2,0,189,31,12,0,0,0,38,13,0.44,1.5,5,0.035,0.03,0.01,0.05,1
-12041.89,-0.1204,87958.11,13077.86,0.1305,-0.794,-0.921,0.031,11,0.0909,1,10,4.6,False,True,-0.0786,0.0,591.82,18970.59,5,0,2,2,2,0,189,31,12,0,0,0,38,13,0.44,1.5,5,0.035,0.03,0.01,0.05,2
-12041.89,-0.1204,87958.11,13077.86,0.1305,-0.794,-0.921,0.031,11,0.0909,1,10,4.6,False,True,-0.0786,0.0,591.82,18970.59,5,0,2,2,2,0,189,31,12,0,0,0,38,13,0.44,1.5,5,0.035,0.03,0.01,0.05,3
-11306.95,-0.1131,88693.05,12910.57,0.1278,-1.0,-0.876,0.307,18,0.1667,3,15,5.8,False,True,-0.0454,0.0,5751.99,18731.8,8,0,4,4,2,0,189,64,27,0,0,0,38,30,0.44,1.5,5,0.035,0.03,0.02,0.03,1
-11306.95,-0.1131,88693.05,12910.57,0.1278,-1.0,-0.876,0.307,18,0.1667,3,15,5.8,False,True,-0.0454,0.0,5751.99,18731.8,8,0,4,4,2,0,189,64,27,0,0,0,38,30,0.44,1.5,5,0.035,0.03,0.02,0.03,2
-11306.95,-0.1131,88693.05,12910.57,0.1278,-1.0,-0.876,0.307,18,0.1667,3,15,5.8,False,True,-0.0454,0.0,5751.99,18731.8,8,0,4,4,2,0,189,64,27,0,0,0,38,30,0.44,1.5,5,0.035,0.03,0.02,0.03,3
-12041.89,-0.1204,87958.11,13077.86,0.1305,-0.794,-0.921,0.031,11,0.0909,1,10,4.6,False,True,-0.0786,0.0,591.82,18970.59,5,0,2,2,2,0,189,31,12,0,0,0,38,13,0.44,1.5,5,0.035,0.03,0.02,0.05,1
-12041.89,-0.1204,87958.11,13077.86,0.1305,-0.794,-0.921,0.031,11,0.0909,1,10,4.6,False,True,-0.0786,0.0,591.82,18970.59,5,0,2,2,2,0,189,31,12,0,0,0,38,13,0.44,1.5,5,0.035,0.03,0.02,0.05,2
-12041.89,-0.1204,87958.11,13077.86,0.1305,-0.794,-0.921,0.031,11,0.0909,1,10,4.6,False,True,-0.0786,0.0,591.82,18970.59,5,0,2,2,2,0,189,31,12,0,0,0,38,13,0.44,1.5,5,0.035,0.03,0.02,0.05,3
-11288.85,-0.1129,88711.15,11288.85,0.1129,-0.715,-1.0,0.385,18,0.2222,4,14,8.4,False,True,-0.0718,0.0148,7100.41,18425.79,8,0,3,5,2,0,14,73,88,0,0,289,35,20,0.44,1.5,10,0.025,0.02,0.01,0.03,1
-11288.85,-0.1129,88711.15,11288.85,0.1129,-0.715,-1.0,0.385,18,0.2222,4,14,8.4,False,True,-0.0718,0.0148,7100.41,18425.79,8,0,3,5,2,0,14,73,88,0,0,289,35,20,0.44,1.5,10,0.025,0.02,0.01,0.03,2
-11288.85,-0.1129,88711.15,11288.85,0.1129,-0.715,-1.0,0.385,18,0.2222,4,14,8.4,False,True,-0.0718,0.0148,7100.41,18425.79,8,0,3,5,2,0,14,73,88,0,0,289,35,20,0.44,1.5,10,0.025,0.02,0.01,0.03,3
-10921.81,-0.1092,89078.19,14092.86,0.1381,-0.711,-0.775,0.331,18,0.2222,4,14,7.9,False,True,-0.0683,0.0151,7134.93,21540.21,7,0,3,5,3,0,14,73,88,0,0,289,35,20,0.44,1.5,10,0.025,0.02,0.01,0.05,1
-10921.81,-0.1092,89078.19,14092.86,0.1381,-0.711,-0.775,0.331,18,0.2222,4,14,7.9,False,True,-0.0683,0.0151,7134.93,21540.21,7,0,3,5,3,0,14,73,88,0,0,289,35,20,0.44,1.5,10,0.025,0.02,0.01,0.05,2
-10921.81,-0.1092,89078.19,14092.86,0.1381,-0.711,-0.775,0.331,18,0.2222,4,14,7.9,False,True,-0.0683,0.0151,7134.93,21540.21,7,0,3,5,3,0,14,73,88,0,0,289,35,20,0.44,1.5,10,0.025,0.02,0.01,0.05,3
-12488.57,-0.1249,87511.43,13030.48,0.1303,-0.979,-0.958,0.334,21,0.1905,4,17,7.7,False,True,-0.0581,0.0,7100.41,21239.55,9,0,4,5,3,0,14,75,26,0,0,0,35,22,0.44,1.5,10,0.025,0.02,0.02,0.03,1
-12488.57,-0.1249,87511.43,13030.48,0.1303,-0.979,-0.958,0.334,21,0.1905,4,17,7.7,False,True,-0.0581,0.0,7100.41,21239.55,9,0,4,5,3,0,14,75,26,0,0,0,35,22,0.44,1.5,10,0.025,0.02,0.02,0.03,2
-12488.57,-0.1249,87511.43,13030.48,0.1303,-0.979,-0.958,0.334,21,0.1905,4,17,7.7,False,True,-0.0581,0.0,7100.41,21239.55,9,0,4,5,3,0,14,75,26,0,0,0,35,22,0.44,1.5,10,0.025,0.02,0.02,0.03,3
-14261.03,-0.1426,85738.97,14266.75,0.1427,-0.804,-1.0,0.333,17,0.2353,4,13,7.9,False,True,-0.0897,0.0,7134.93,21431.42,8,0,2,5,2,0,14,44,15,0,0,0,35,7,0.44,1.5,10,0.025,0.02,0.02,0.05,1
-14261.03,-0.1426,85738.97,14266.75,0.1427,-0.804,-1.0,0.333,17,0.2353,4,13,7.9,False,True,-0.0897,0.0,7134.93,21431.42,8,0,2,5,2,0,14,44,15,0,0,0,35,7,0.44,1.5,10,0.025,0.02,0.02,0.05,2
-14261.03,-0.1426,85738.97,14266.75,0.1427,-0.804,-1.0,0.333,17,0.2353,4,13,7.9,False,True,-0.0897,0.0,7134.93,21431.42,8,0,2,5,2,0,14,44,15,0,0,0,35,7,0.44,1.5,10,0.025,0.02,0.02,0.05,3
-11288.85,-0.1129,88711.15,11288.85,0.1129,-0.715,-1.0,0.385,18,0.2222,4,14,8.4,False,True,-0.0718,0.0148,7100.41,18425.79,8,0,3,5,2,0,14,73,88,0,0,289,35,20,0.44,1.5,10,0.025,0.03,0.01,0.03,1
-11288.85,-0.1129,88711.15,11288.85,0.1129,-0.715,-1.0,0.385,18,0.2222,4,14,8.4,False,True,-0.0718,0.0148,7100.41,18425.79,8,0,3,5,2,0,14,73,88,0,0,289,35,20,0.44,1.5,10,0.025,0.03,0.01,0.03,2
-11288.85,-0.1129,88711.15,11288.85,0.1129,-0.715,-1.0,0.385,18,0.2222,4,14,8.4,False,True,-0.0718,0.0148,7100.41,18425.79,8,0,3,5,2,0,14,73,88,0,0,289,35,20,0.44,1.5,10,0.025,0.03,0.01,0.03,3
-10921.81,-0.1092,89078.19,14092.86,0.1381,-0.711,-0.775,0.331,18,0.2222,4,14,7.9,False,True,-0.0683,0.0151,7134.93,21540.21,7,0,3,5,3,0,14,73,88,0,0,289,35,20,0.44,1.5,10,0.025,0.03,0.01,0.05,1
-10921.81,-0.1092,89078.19,14092.86,0.1381,-0.711,-0.775,0.331,18,0.2222,4,14,7.9,False,True,-0.0683,0.0151,7134.93,21540.21,7,0,3,5,3,0,14,73,88,0,0,289,35,20,0.44,1.5,10,0.025,0.03,0.01,0.05,2
-10921.81,-0.1092,89078.19,14092.86,0.1381,-0.711,-0.775,0.331,18,0.2222,4,14,7.9,False,True,-0.0683,0.0151,7134.93,21540.21,7,0,3,5,3,0,14,73,88,0,0,289,35,20,0.44,1.5,10,0.025,0.03,0.01,0.05,3
-12488.57,-0.1249,87511.43,13030.48,0.1303,-0.979,-0.958,0.334,21,0.1905,4,17,7.7,False,True,-0.0581,0.0,7100.41,21239.55,9,0,4,5,3,0,14,75,26,0,0,0,35,22,0.44,1.5,10,0.025,0.03,0.02,0.03,1
-12488.57,-0.1249,87511.43,13030.48,0.1303,-0.979,-0.958,0.334,21,0.1905,4,17,7.7,False,True,-0.0581,0.0,7100.41,21239.55,9,0,4,5,3,0,14,75,26,0,0,0,35,22,0.44,1.5,10,0.025,0.03,0.02,0.03,2
-12488.57,-0.1249,87511.43,13030.48,0.1303,-0.979,-0.958,0.334,21,0.1905,4,17,7.7,False,True,-0.0581,0.0,7100.41,21239.55,9,0,4,5,3,0,14,75,26,0,0,0,35,22,0.44,1.5,10,0.025,0.03,0.02,0.03,3
-14261.03,-0.1426,85738.97,14266.75,0.1427,-0.804,-1.0,0.333,17,0.2353,4,13,7.9,False,True,-0.0897,0.0,7134.93,21431.42,8,0,2,5,2,0,14,44,15,0,0,0,35,7,0.44,1.5,10,0.025,0.03,0.02,0.05,1
-14261.03,-0.1426,85738.97,14266.75,0.1427,-0.804,-1.0,0.333,17,0.2353,4,13,7.9,False,True,-0.0897,0.0,7134.93,21431.42,8,0,2,5,2,0,14,44,15,0,0,0,35,7,0.44,1.5,10,0.025,0.03,0.02,0.05,2
-14261.03,-0.1426,85738.97,14266.75,0.1427,-0.804,-1.0,0.333,17,0.2353,4,13,7.9,False,True,-0.0897,0.0,7134.93,21431.42,8,0,2,5,2,0,14,44,15,0,0,0,35,7,0.44,1.5,10,0.025,0.03,0.02,0.05,3
-11288.85,-0.1129,88711.15,11288.85,0.1129,-0.715,-1.0,0.385,19,0.2105,4,15,8.0,False,True,-0.0718,0.0148,7100.41,18441.08,8,0,3,5,3,0,14,74,89,0,0,289,35,23,0.44,1.5,10,0.035,0.02,0.01,0.03,1
-11288.85,-0.1129,88711.15,11288.85,0.1129,-0.715,-1.0,0.385,19,0.2105,4,15,8.0,False,True,-0.0718,0.0148,7100.41,18441.08,8,0,3,5,3,0,14,74,89,0,0,289,35,23,0.44,1.5,10,0.035,0.02,0.01,0.03,2
-11288.85,-0.1129,88711.15,11288.85,0.1129,-0.715,-1.0,0.385,19,0.2105,4,15,8.0,False,True,-0.0718,0.0148,7100.41,18441.08,8,0,3,5,3,0,14,74,89,0,0,289,35,23,0.44,1.5,10,0.035,0.02,0.01,0.03,3
-10921.81,-0.1092,89078.19,14092.86,0.1381,-0.711,-0.775,0.331,18,0.2222,4,14,7.9,False,True,-0.0683,0.0151,7134.93,21540.21,7,0,3,5,3,0,14,73,88,0,0,289,35,20,0.44,1.5,10,0.035,0.02,0.01,0.05,1
-10921.81,-0.1092,89078.19,14092.86,0.1381,-0.711,-0.775,0.331,18,0.2222,4,14,7.9,False,True,-0.0683,0.0151,7134.93,21540.21,7,0,3,5,3,0,14,73,88,0,0,289,35,20,0.44,1.5,10,0.035,0.02,0.01,0.05,2
-10921.81,-0.1092,89078.19,14092.86,0.1381,-0.711,-0.775,0.331,18,0.2222,4,14,7.9,False,True,-0.0683,0.0151,7134.93,21540.21,7,0,3,5,3,0,14,73,88,0,0,289,35,20,0.44,1.5,10,0.035,0.02,0.01,0.05,3
-12488.57,-0.1249,87511.43,13030.48,0.1303,-0.979,-0.958,0.334,21,0.1905,4,17,7.7,False,True,-0.0581,0.0,7100.41,21239.55,9,0,4,5,3,0,14,75,26,0,0,0,35,22,0.44,1.5,10,0.035,0.02,0.02,0.03,1
-12488.57,-0.1249,87511.43,13030.48,0.1303,-0.979,-0.958,0.334,21,0.1905,4,17,7.7,False,True,-0.0581,0.0,7100.41,21239.55,9,0,4,5,3,0,14,75,26,0,0,0,35,22,0.44,1.5,10,0.035,0.02,0.02,0.03,2
-12488.57,-0.1249,87511.43,13030.48,0.1303,-0.979,-0.958,0.334,21,0.1905,4,17,7.7,False,True,-0.0581,0.0,7100.41,21239.55,9,0,4,5,3,0,14,75,26,0,0,0,35,22,0.44,1.5,10,0.035,0.02,0.02,0.03,3
-14261.03,-0.1426,85738.97,14266.75,0.1427,-0.804,-1.0,0.333,17,0.2353,4,13,7.9,False,True,-0.0897,0.0,7134.93,21431.42,8,0,2,5,2,0,14,44,15,0,0,0,35,7,0.44,1.5,10,0.035,0.02,0.02,0.05,1
-14261.03,-0.1426,85738.97,14266.75,0.1427,-0.804,-1.0,0.333,17,0.2353,4,13,7.9,False,True,-0.0897,0.0,7134.93,21431.42,8,0,2,5,2,0,14,44,15,0,0,0,35,7,0.44,1.5,10,0.035,0.02,0.02,0.05,2
-14261.03,-0.1426,85738.97,14266.75,0.1427,-0.804,-1.0,0.333,17,0.2353,4,13,7.9,False,True,-0.0897,0.0,7134.93,21431.42,8,0,2,5,2,0,14,44,15,0,0,0,35,7,0.44,1.5,10,0.035,0.02,0.02,0.05,3
-11288.85,-0.1129,88711.15,11288.85,0.1129,-0.715,-1.0,0.385,19,0.2105,4,15,8.0,False,True,-0.0718,0.0148,7100.41,18441.08,8,0,3,5,3,0,14,74,89,0,0,289,35,23,0.44,1.5,10,0.035,0.03,0.01,0.03,1
-11288.85,-0.1129,88711.15,11288.85,0.1129,-0.715,-1.0,0.385,19,0.2105,4,15,8.0,False,True,-0.0718,0.0148,7100.41,18441.08,8,0,3,5,3,0,14,74,89,0,0,289,35,23,0.44,1.5,10,0.035,0.03,0.01,0.03,2
-11288.85,-0.1129,88711.15,11288.85,0.1129,-0.715,-1.0,0.385,19,0.2105,4,15,8.0,False,True,-0.0718,0.0148,7100.41,18441.08,8,0,3,5,3,0,14,74,89,0,0,289,35,23,0.44,1.5,10,0.035,0.03,0.01,0.03,3
-10921.81,-0.1092,89078.19,14092.86,0.1381,-0.711,-0.775,0.331,18,0.2222,4,14,7.9,False,True,-0.0683,0.0151,7134.93,21540.21,7,0,3,5,3,0,14,73,88,0,0,289,35,20,0.44,1.5,10,0.035,0.03,0.01,0.05,1
-10921.81,-0.1092,89078.19,14092.86,0.1381,-0.711,-0.775,0.331,18,0.2222,4,14,7.9,False,True,-0.0683,0.0151,7134.93,21540.21,7,0,3,5,3,0,14,73,88,0,0,289,35,20,0.44,1.5,10,0.035,0.03,0.01,0.05,2
-10921.81,-0.1092,89078.19,14092.86,0.1381,-0.711,-0.775,0.331,18,0.2222,4,14,7.9,False,True,-0.0683,0.0151,7134.93,21540.21,7,0,3,5,3,0,14,73,88,0,0,289,35,20,0.44,1.5,10,0.035,0.03,0.01,0.05,3
-12488.57,-0.1249,87511.43,13030.48,0.1303,-0.979,-0.958,0.334,21,0.1905,4,17,7.7,False,True,-0.0581,0.0,7100.41,21239.55,9,0,4,5,3,0,14,75,26,0,0,0,35,22,0.44,1.5,10,0.035,0.03,0.02,0.03,1
-12488.57,-0.1249,87511.43,13030.48,0.1303,-0.979,-0.958,0.334,21,0.1905,4,17,7.7,False,True,-0.0581,0.0,7100.41,21239.55,9,0,4,5,3,0,14,75,26,0,0,0,35,22,0.44,1.5,10,0.035,0.03,0.02,0.03,2
-12488.57,-0.1249,87511.43,13030.48,0.1303,-0.979,-0.958,0.334,21,0.1905,4,17,7.7,False,True,-0.0581,0.0,7100.41,21239.55,9,0,4,5,3,0,14,75,26,0,0,0,35,22,0.44,1.5,10,0.035,0.03,0.02,0.03,3
-14261.03,-0.1426,85738.97,14266.75,0.1427,-0.804,-1.0,0.333,17,0.2353,4,13,7.9,False,True,-0.0897,0.0,7134.93,21431.42,8,0,2,5,2,0,14,44,15,0,0,0,35,7,0.44,1.5,10,0.035,0.03,0.02,0.05,1
-14261.03,-0.1426,85738.97,14266.75,0.1427,-0.804,-1.0,0.333,17,0.2353,4,13,7.9,False,True,-0.0897,0.0,7134.93,21431.42,8,0,2,5,2,0,14,44,15,0,0,0,35,7,0.44,1.5,10,0.035,0.03,0.02,0.05,2
-14261.03,-0.1426,85738.97,14266.75,0.1427,-0.804,-1.0,0.333,17,0.2353,4,13,7.9,False,True,-0.0897,0.0,7134.93,21431.42,8,0,2,5,2,0,14,44,15,0,0,0,35,7,0.44,1.5,10,0.035,0.03,0.02,0.05,3
-11288.85,-0.1129,88711.15,11288.85,0.1129,-0.715,-1.0,0.385,18,0.2222,4,14,8.4,False,True,-0.0718,0.0148,7100.41,18425.79,8,0,3,5,2,0,0,84,88,0,0,289,35,20,0.44,1.5,15,0.025,0.02,0.01,0.03,1
-11288.85,-0.1129,88711.15,11288.85,0.1129,-0.715,-1.0,0.385,18,0.2222,4,14,8.4,False,True,-0.0718,0.0148,7100.41,18425.79,8,0,3,5,2,0,0,84,88,0,0,289,35,20,0.44,1.5,15,0.025,0.02,0.01,0.03,2
-11288.85,-0.1129,88711.15,11288.85,0.1129,-0.715,-1.0,0.385,18,0.2222,4,14,8.4,False,True,-0.0718,0.0148,7100.41,18425.79,8,0,3,5,2,0,0,84,88,0,0,289,35,20,0.44,1.5,15,0.025,0.02,0.01,0.03,3
-10921.81,-0.1092,89078.19,14092.86,0.1381,-0.711,-0.775,0.331,18,0.2222,4,14,7.9,False,True,-0.0683,0.0151,7134.93,21540.21,7,0,3,5,3,0,0,84,88,0,0,289,35,20,0.44,1.5,15,0.025,0.02,0.01,0.05,1
-10921.81,-0.1092,89078.19,14092.86,0.1381,-0.711,-0.775,0.331,18,0.2222,4,14,7.9,False,True,-0.0683,0.0151,7134.93,21540.21,7,0,3,5,3,0,0,84,88,0,0,289,35,20,0.44,1.5,15,0.025,0.02,0.01,0.05,2
-10921.81,-0.1092,89078.19,14092.86,0.1381,-0.711,-0.775,0.331,18,0.2222,4,14,7.9,False,True,-0.0683,0.0151,7134.93,21540.21,7,0,3,5,3,0,0,84,88,0,0,289,35,20,0.44,1.5,15,0.025,0.02,0.01,0.05,3
-12488.57,-0.1249,87511.43,13030.48,0.1303,-0.979,-0.958,0.334,21,0.1905,4,17,7.7,False,True,-0.0581,0.0,7100.41,21239.55,9,0,4,5,3,0,0,86,26,0,0,0,35,22,0.44,1.5,15,0.025,0.02,0.02,0.03,1
-12488.57,-0.1249,87511.43,13030.48,0.1303,-0.979,-0.958,0.334,21,0.1905,4,17,7.7,False,True,-0.0581,0.0,7100.41,21239.55,9,0,4,5,3,0,0,86,26,0,0,0,35,22,0.44,1.5,15,0.025,0.02,0.02,0.03,2
-12488.57,-0.1249,87511.43,13030.48,0.1303,-0.979,-0.958,0.334,21,0.1905,4,17,7.7,False,True,-0.0581,0.0,7100.41,21239.55,9,0,4,5,3,0,0,86,26,0,0,0,35,22,0.44,1.5,15,0.025,0.02,0.02,0.03,3
-14261.03,-0.1426,85738.97,14266.75,0.1427,-0.804,-1.0,0.333,17,0.2353,4,13,7.9,False,True,-0.0897,0.0,7134.93,21431.42,8,0,2,5,2,0,0,55,15,0,0,0,35,7,0.44,1.5,15,0.025,0.02,0.02,0.05,1
-14261.03,-0.1426,85738.97,14266.75,0.1427,-0.804,-1.0,0.333,17,0.2353,4,13,7.9,False,True,-0.0897,0.0,7134.93,21431.42,8,0,2,5,2,0,0,55,15,0,0,0,35,7,0.44,1.5,15,0.025,0.02,0.02,0.05,2
-14261.03,-0.1426,85738.97,14266.75,0.1427,-0.804,-1.0,0.333,17,0.2353,4,13,7.9,False,True,-0.0897,0.0,7134.93,21431.42,8,0,2,5,2,0,0,55,15,0,0,0,35,7,0.44,1.5,15,0.025,0.02,0.02,0.05,3
-11288.85,-0.1129,88711.15,11288.85,0.1129,-0.715,-1.0,0.385,18,0.2222,4,14,8.4,False,True,-0.0718,0.0148,7100.41,18425.79,8,0,3,5,2,0,0,84,88,0,0,289,35,20,0.44,1.5,15,0.025,0.03,0.01,0.03,1
-11288.85,-0.1129,88711.15,11288.85,0.1129,-0.715,-1.0,0.385,18,0.2222,4,14,8.4,False,True,-0.0718,0.0148,7100.41,18425.79,8,0,3,5,2,0,0,84,88,0,0,289,35,20,0.44,1.5,15,0.025,0.03,0.01,0.03,2
-11288.85,-0.1129,88711.15,11288.85,0.1129,-0.715,-1.0,0.385,18,0.2222,4,14,8.4,False,True,-0.0718,0.0148,7100.41,18425.79,8,0,3,5,2,0,0,84,88,0,0,289,35,20,0.44,1.5,15,0.025,0.03,0.01,0.03,3
-10921.81,-0.1092,89078.19,14092.86,0.1381,-0.711,-0.775,0.331,18,0.2222,4,14,7.9,False,True,-0.0683,0.0151,7134.93,21540.21,7,0,3,5,3,0,0,84,88,0,0,289,35,20,0.44,1.5,15,0.025,0.03,0.01,0.05,1
-10921.81,-0.1092,89078.19,14092.86,0.1381,-0.711,-0.775,0.331,18,0.2222,4,14,7.9,False,True,-0.0683,0.0151,7134.93,21540.21,7,0,3,5,3,0,0,84,88,0,0,289,35,20,0.44,1.5,15,0.025,0.03,0.01,0.05,2
-10921.81,-0.1092,89078.19,14092.86,0.1381,-0.711,-0.775,0.331,18,0.2222,4,14,7.9,False,True,-0.0683,0.0151,7134.93,21540.21,7,0,3,5,3,0,0,84,88,0,0,289,35,20,0.44,1.5,15,0.025,0.03,0.01,0.05,3
-12488.57,-0.1249,87511.43,13030.48,0.1303,-0.979,-0.958,0.334,21,0.1905,4,17,7.7,False,True,-0.0581,0.0,7100.41,21239.55,9,0,4,5,3,0,0,86,26,0,0,0,35,22,0.44,1.5,15,0.025,0.03,0.02,0.03,1
-12488.57,-0.1249,87511.43,13030.48,0.1303,-0.979,-0.958,0.334,21,0.1905,4,17,7.7,False,True,-0.0581,0.0,7100.41,21239.55,9,0,4,5,3,0,0,86,26,0,0,0,35,22,0.44,1.5,15,0.025,0.03,0.02,0.03,2
-12488.57,-0.1249,87511.43,13030.48,0.1303,-0.979,-0.958,0.334,21,0.1905,4,17,7.7,False,True,-0.0581,0.0,7100.41,21239.55,9,0,4,5,3,0,0,86,26,0,0,0,35,22,0.44,1.5,15,0.025,0.03,0.02,0.03,3
-14261.03,-0.1426,85738.97,14266.75,0.1427,-0.804,-1.0,0.333,17,0.2353,4,13,7.9,False,True,-0.0897,0.0,7134.93,21431.42,8,0,2,5,2,0,0,55,15,0,0,0,35,7,0.44,1.5,15,0.025,0.03,0.02,0.05,1
-14261.03,-0.1426,85738.97,14266.75,0.1427,-0.804,-1.0,0.333,17,0.2353,4,13,7.9,False,True,-0.0897,0.0,7134.93,21431.42,8,0,2,5,2,0,0,55,15,0,0,0,35,7,0.44,1.5,15,0.025,0.03,0.02,0.05,2
-14261.03,-0.1426,85738.97,14266.75,0.1427,-0.804,-1.0,0.333,17,0.2353,4,13,7.9,False,True,-0.0897,0.0,7134.93,21431.42,8,0,2,5,2,0,0,55,15,0,0,0,35,7,0.44,1.5,15,0.025,0.03,0.02,0.05,3
-11288.85,-0.1129,88711.15,11288.85,0.1129,-0.715,-1.0,0.385,19,0.2105,4,15,8.0,False,True,-0.0718,0.0148,7100.41,18441.08,8,0,3,5,3,0,0,85,89,0,0,289,35,23,0.44,1.5,15,0.035,0.02,0.01,0.03,1
-11288.85,-0.1129,88711.15,11288.85,0.1129,-0.715,-1.0,0.385,19,0.2105,4,15,8.0,False,True,-0.0718,0.0148,7100.41,18441.08,8,0,3,5,3,0,0,85,89,0,0,289,35,23,0.44,1.5,15,0.035,0.02,0.01,0.03,2
-11288.85,-0.1129,88711.15,11288.85,0.1129,-0.715,-1.0,0.385,19,0.2105,4,15,8.0,False,True,-0.0718,0.0148,7100.41,18441.08,8,0,3,5,3,0,0,85,89,0,0,289,35,23,0.44,1.5,15,0.035,0.02,0.01,0.03,3
-10921.81,-0.1092,89078.19,14092.86,0.1381,-0.711,-0.775,0.331,18,0.2222,4,14,7.9,False,True,-0.0683,0.0151,7134.93,21540.21,7,0,3,5,3,0,0,84,88,0,0,289,35,20,0.44,1.5,15,0.035,0.02,0.01,0.05,1
-10921.81,-0.1092,89078.19,14092.86,0.1381,-0.711,-0.775,0.331,18,0.2222,4,14,7.9,False,True,-0.0683,0.0151,7134.93,21540.21,7,0,3,5,3,0,0,84,88,0,0,289,35,20,0.44,1.5,15,0.035,0.02,0.01,0.05,2
-10921.81,-0.1092,89078.19,14092.86,0.1381,-0.711,-0.775,0.331,18,0.2222,4,14,7.9,False,True,-0.0683,0.0151,7134.93,21540.21,7,0,3,5,3,0,0,84,88,0,0,289,35,20,0.44,1.5,15,0.035,0.02,0.01,0.05,3
-12488.57,-0.1249,87511.43,13030.48,0.1303,-0.979,-0.958,0.334,21,0.1905,4,17,7.7,False,True,-0.0581,0.0,7100.41,21239.55,9,0,4,5,3,0,0,86,26,0,0,0,35,22,0.44,1.5,15,0.035,0.02,0.02,0.03,1
-12488.57,-0.1249,87511.43,13030.48,0.1303,-0.979,-0.958,0.334,21,0.1905,4,17,7.7,False,True,-0.0581,0.0,7100.41,21239.55,9,0,4,5,3,0,0,86,26,0,0,0,35,22,0.44,1.5,15,0.035,0.02,0.02,0.03,2
-12488.57,-0.1249,87511.43,13030.48,0.1303,-0.979,-0.958,0.334,21,0.1905,4,17,7.7,False,True,-0.0581,0.0,7100.41,21239.55,9,0,4,5,3,0,0,86,26,0,0,0,35,22,0.44,1.5,15,0.035,0.02,0.02,0.03,3
-14261.03,-0.1426,85738.97,14266.75,0.1427,-0.804,-1.0,0.333,17,0.2353,4,13,7.9,False,True,-0.0897,0.0,7134.93,21431.42,8,0,2,5,2,0,0,55,15,0,0,0,35,7,0.44,1.5,15,0.035,0.02,0.02,0.05,1
-14261.03,-0.1426,85738.97,14266.75,0.1427,-0.804,-1.0,0.333,17,0.2353,4,13,7.9,False,True,-0.0897,0.0,7134.93,21431.42,8,0,2,5,2,0,0,55,15,0,0,0,35,7,0.44,1.5,15,0.035,0.02,0.02,0.05,2
-14261.03,-0.1426,85738.97,14266.75,0.1427,-0.804,-1.0,0.333,17,0.2353,4,13,7.9,False,True,-0.0897,0.0,7134.93,21431.42,8,0,2,5,2,0,0,55,15,0,0,0,35,7,0.44,1.5,15,0.035,0.02,0.02,0.05,3
-11288.85,-0.1129,88711.15,11288.85,0.1129,-0.715,-1.0,0.385,19,0.2105,4,15,8.0,False,True,-0.0718,0.0148,7100.41,18441.08,8,0,3,5,3,0,0,85,89,0,0,289,35,23,0.44,1.5,15,0.035,0.03,0.01,0.03,1
-11288.85,-0.1129,88711.15,11288.85,0.1129,-0.715,-1.0,0.385,19,0.2105,4,15,8.0,False,True,-0.0718,0.0148,7100.41,18441.08,8,0,3,5,3,0,0,85,89,0,0,289,35,23,0.44,1.5,15,0.035,0.03,0.01,0.03,2
-11288.85,-0.1129,88711.15,11288.85,0.1129,-0.715,-1.0,0.385,19,0.2105,4,15,8.0,False,True,-0.0718,0.0148,7100.41,18441.08,8,0,3,5,3,0,0,85,89,0,0,289,35,23,0.44,1.5,15,0.035,0.03,0.01,0.03,3
-10921.81,-0.1092,89078.19,14092.86,0.1381,-0.711,-0.775,0.331,18,0.2222,4,14,7.9,False,True,-0.0683,0.0151,7134.93,21540.21,7,0,3,5,3,0,0,84,88,0,0,289,35,20,0.44,1.5,15,0.035,0.03,0.01,0.05,1
-10921.81,-0.1092,89078.19,14092.86,0.1381,-0.711,-0.775,0.331,18,0.2222,4,14,7.9,False,True,-0.0683,0.0151,7134.93,21540.21,7,0,3,5,3,0,0,84,88,0,0,289,35,20,0.44,1.5,15,0.035,0.03,0.01,0.05,2
-10921.81,-0.1092,89078.19,14092.86,0.1381,-0.711,-0.775,0.331,18,0.2222,4,14,7.9,False,True,-0.0683,0.0151,7134.93,21540.21,7,0,3,5,3,0,0,84,88,0,0,289,35,20,0.44,1.5,15,0.035,0.03,0.01,0.05,3
-12488.57,-0.1249,87511.43,13030.48,0.1303,-0.979,-0.958,0.334,21,0.1905,4,17,7.7,False,True,-0.0581,0.0,7100.41,21239.55,9,0,4,5,3,0,0,86,26,0,0,0,35,22,0.44,1.5,15,0.035,0.03,0.02,0.03,1
-12488.57,-0.1249,87511.43,13030.48,0.1303,-0.979,-0.958,0.334,21,0.1905,4,17,7.7,False,True,-0.0581,0.0,7100.41,21239.55,9,0,4,5,3,0,0,86,26,0,0,0,35,22,0.44,1.5,15,0.035,0.03,0.02,0.03,2
-12488.57,-0.1249,87511.43,13030.48,0.1303,-0.979,-0.958,0.334,21,0.1905,4,17,7.7,False,True,-0.0581,0.0,7100.41,21239.55,9,0,4,5,3,0,0,86,26,0,0,0,35,22,0.44,1.5,15,0.035,0.03,0.02,0.03,3
-14261.03,-0.1426,85738.97,14266.75,0.1427,-0.804,-1.0,0.333,17,0.2353,4,13,7.9,False,True,-0.0897,0.0,7134.93,21431.42,8,0,2,5,2,0,0,55,15,0,0,0,35,7,0.44,1.5,15,0.035,0.03,0.02,0.05,1
-14261.03,-0.1426,85738.97,14266.75,0.1427,-0.804,-1.0,0.333,17,0.2353,4,13,7.9,False,True,-0.0897,0.0,7134.93,21431.42,8,0,2,5,2,0,0,55,15,0,0,0,35,7,0.44,1.5,15,0.035,0.03,0.02,0.05,2
-14261.03,-0.1426,85738.97,14266.75,0.1427,-0.804,-1.0,0.333,17,0.2353,4,13,7.9,False,True,-0.0897,0.0,7134.93,21431.42,8,0,2,5,2,0,0,55,15,0,0,0,35,7,0.44,1.5,15,0.035,0.03,0.02,0.05,3
-9287.38,-0.0929,90712.62,10676.45,0.1053,-0.821,-0.87,0.298,32,0.25,8,24,7.2,False,True,-0.0495,0.0,3934.48,13221.86,18,0,5,9,0,0,1091,62,49,0,0,0,93,83,0.46,0.5,5,0.025,0.02,0.01,0.03,1
-9287.38,-0.0929,90712.62,10676.45,0.1053,-0.821,-0.87,0.298,32,0.25,8,24,7.2,False,True,-0.0495,0.0,3934.48,13221.86,18,0,5,9,0,0,1091,62,49,0,0,0,93,83,0.46,0.5,5,0.025,0.02,0.01,0.03,2
-9287.38,-0.0929,90712.62,10676.45,0.1053,-0.821,-0.87,0.298,32,0.25,8,24,7.2,False,True,-0.0495,0.0,3934.48,13221.86,18,0,5,9,0,0,1091,62,49,0,0,0,93,83,0.46,0.5,5,0.025,0.02,0.01,0.03,3
-10509.06,-0.1051,89490.94,11898.13,0.1174,-0.812,-0.883,0.178,28,0.2143,6,22,6.4,False,True,-0.0623,0.0,2444.57,13723.27,14,0,5,7,2,0,1091,60,47,0,0,0,93,83,0.46,0.5,5,0.025,0.02,0.01,0.05,1
-10509.06,-0.1051,89490.94,11898.13,0.1174,-0.812,-0.883,0.178,28,0.2143,6,22,6.4,False,True,-0.0623,0.0,2444.57,13723.27,14,0,5,7,2,0,1091,60,47,0,0,0,93,83,0.46,0.5,5,0.025,0.02,0.01,0.05,2
-10509.06,-0.1051,89490.94,11898.13,0.1174,-0.812,-0.883,0.178,28,0.2143,6,22,6.4,False,True,-0.0623,0.0,2444.57,13723.27,14,0,5,7,2,0,1091,60,47,0,0,0,93,83,0.46,0.5,5,0.025,0.02,0.01,0.05,3
-9287.38,-0.0929,90712.62,10676.45,0.1053,-0.821,-0.87,0.298,32,0.25,8,24,7.2,False,True,-0.0495,0.0,3934.48,13221.86,18,0,5,9,0,0,1091,62,49,0,0,0,93,83,0.46,0.5,5,0.025,0.02,0.02,0.03,1
-9287.38,-0.0929,90712.62,10676.45,0.1053,-0.821,-0.87,0.298,32,0.25,8,24,7.2,False,True,-0.0495,0.0,3934.48,13221.86,18,0,5,9,0,0,1091,62,49,0,0,0,93,83,0.46,0.5,5,0.025,0.02,0.02,0.03,2
-9287.38,-0.0929,90712.62,10676.45,0.1053,-0.821,-0.87,0.298,32,0.25,8,24,7.2,False,True,-0.0495,0.0,3934.48,13221.86,18,0,5,9,0,0,1091,62,49,0,0,0,93,83,0.46,0.5,5,0.025,0.02,0.02,0.03,3
-10509.06,-0.1051,89490.94,11898.13,0.1174,-0.812,-0.883,0.178,28,0.2143,6,22,6.4,False,True,-0.0623,0.0,2444.57,13723.27,14,0,5,7,2,0,1091,60,47,0,0,0,93,83,0.46,0.5,5,0.025,0.02,0.02,0.05,1
-10509.06,-0.1051,89490.94,11898.13,0.1174,-0.812,-0.883,0.178,28,0.2143,6,22,6.4,False,True,-0.0623,0.0,2444.57,13723.27,14,0,5,7,2,0,1091,60,47,0,0,0,93,83,0.46,0.5,5,0.025,0.02,0.02,0.05,2
-10509.06,-0.1051,89490.94,11898.13,0.1174,-0.812,-0.883,0.178,28,0.2143,6,22,6.4,False,True,-0.0623,0.0,2444.57,13723.27,14,0,5,7,2,0,1091,60,47,0,0,0,93,83,0.46,0.5,5,0.025,0.02,0.02,0.05,3
-9287.38,-0.0929,90712.62,10676.45,0.1053,-0.821,-0.87,0.298,32,0.25,8,24,7.2,False,True,-0.0495,0.0,3934.48,13221.86,18,0,5,9,0,0,1091,62,49,0,0,0,93,83,0.46,0.5,5,0.025,0.03,0.01,0.03,1
-9287.38,-0.0929,90712.62,10676.45,0.1053,-0.821,-0.87,0.298,32,0.25,8,24,7.2,False,True,-0.0495,0.0,3934.48,13221.86,18,0,5,9,0,0,1091,62,49,0,0,0,93,83,0.46,0.5,5,0.025,0.03,0.01,0.03,2
-9287.38,-0.0929,90712.62,10676.45,0.1053,-0.821,-0.87,0.298,32,0.25,8,24,7.2,False,True,-0.0495,0.0,3934.48,13221.86,18,0,5,9,0,0,1091,62,49,0,0,0,93,83,0.46,0.5,5,0.025,0.03,0.01,0.03,3
-10509.06,-0.1051,89490.94,11898.13,0.1174,-0.812,-0.883,0.178,28,0.2143,6,22,6.4,False,True,-0.0623,0.0,2444.57,13723.27,14,0,5,7,2,0,1091,60,47,0,0,0,93,83,0.46,0.5,5,0.025,0.03,0.01,0.05,1
-10509.06,-0.1051,89490.94,11898.13,0.1174,-0.812,-0.883,0.178,28,0.2143,6,22,6.4,False,True,-0.0623,0.0,2444.57,13723.27,14,0,5,7,2,0,1091,60,47,0,0,0,93,83,0.46,0.5,5,0.025,0.03,0.01,0.05,2
-10509.06,-0.1051,89490.94,11898.13,0.1174,-0.812,-0.883,0.178,28,0.2143,6,22,6.4,False,True,-0.0623,0.0,2444.57,13723.27,14,0,5,7,2,0,1091,60,47,0,0,0,93,83,0.46,0.5,5,0.025,0.03,0.01,0.05,3
-9287.38,-0.0929,90712.62,10676.45,0.1053,-0.821,-0.87,0.298,32,0.25,8,24,7.2,False,True,-0.0495,0.0,3934.48,13221.86,18,0,5,9,0,0,1091,62,49,0,0,0,93,83,0.46,0.5,5,0.025,0.03,0.02,0.03,1
-9287.38,-0.0929,90712.62,10676.45,0.1053,-0.821,-0.87,0.298,32,0.25,8,24,7.2,False,True,-0.0495,0.0,3934.48,13221.86,18,0,5,9,0,0,1091,62,49,0,0,0,93,83,0.46,0.5,5,0.025,0.03,0.02,0.03,2
-9287.38,-0.0929,90712.62,10676.45,0.1053,-0.821,-0.87,0.298,32,0.25,8,24,7.2,False,True,-0.0495,0.0,3934.48,13221.86,18,0,5,9,0,0,1091,62,49,0,0,0,93,83,0.46,0.5,5,0.025,0.03,0.02,0.03,3
-10509.06,-0.1051,89490.94,11898.13,0.1174,-0.812,-0.883,0.178,28,0.2143,6,22,6.4,False,True,-0.0623,0.0,2444.57,13723.27,14,0,5,7,2,0,1091,60,47,0,0,0,93,83,0.46,0.5,5,0.025,0.03,0.02,0.05,1
-10509.06,-0.1051,89490.94,11898.13,0.1174,-0.812,-0.883,0.178,28,0.2143,6,22,6.4,False,True,-0.0623,0.0,2444.57,13723.27,14,0,5,7,2,0,1091,60,47,0,0,0,93,83,0.46,0.5,5,0.025,0.03,0.02,0.05,2
-10509.06,-0.1051,89490.94,11898.13,0.1174,-0.812,-0.883,0.178,28,0.2143,6,22,6.4,False,True,-0.0623,0.0,2444.57,13723.27,14,0,5,7,2,0,1091,60,47,0,0,0,93,83,0.46,0.5,5,0.025,0.03,0.02,0.05,3
-10693.33,-0.1069,89306.67,12082.4,0.1192,-0.82,-0.885,0.176,34,0.2059,7,27,5.9,False,True,-0.0585,0.0,2457.04,13928.1,17,0,6,8,3,0,1156,60,54,0,0,0,94,93,0.46,0.5,5,0.035,0.02,0.01,0.03,1
-10693.33,-0.1069,89306.67,12082.4,0.1192,-0.82,-0.885,0.176,34,0.2059,7,27,5.9,False,True,-0.0585,0.0,2457.04,13928.1,17,0,6,8,3,0,1156,60,54,0,0,0,94,93,0.46,0.5,5,0.035,0.02,0.01,0.03,2
-10693.33,-0.1069,89306.67,12082.4,0.1192,-0.82,-0.885,0.176,34,0.2059,7,27,5.9,False,True,-0.0585,0.0,2457.04,13928.1,17,0,6,8,3,0,1156,60,54,0,0,0,94,93,0.46,0.5,5,0.035,0.02,0.01,0.03,3
-9842.27,-0.0984,90157.73,11231.34,0.1108,-0.822,-0.876,0.266,34,0.2353,8,26,6.9,False,True,-0.0514,0.0,3914.96,14731.55,17,0,6,9,2,0,1147,62,50,0,0,0,94,86,0.46,0.5,5,0.035,0.02,0.01,0.05,1
-9842.27,-0.0984,90157.73,11231.34,0.1108,-0.822,-0.876,0.266,34,0.2353,8,26,6.9,False,True,-0.0514,0.0,3914.96,14731.55,17,0,6,9,2,0,1147,62,50,0,0,0,94,86,0.46,0.5,5,0.035,0.02,0.01,0.05,2
-9842.27,-0.0984,90157.73,11231.34,0.1108,-0.822,-0.876,0.266,34,0.2353,8,26,6.9,False,True,-0.0514,0.0,3914.96,14731.55,17,0,6,9,2,0,1147,62,50,0,0,0,94,86,0.46,0.5,5,0.035,0.02,0.01,0.05,3
-10693.33,-0.1069,89306.67,12082.4,0.1192,-0.82,-0.885,0.176,34,0.2059,7,27,5.9,False,True,-0.0585,0.0,2457.04,13928.1,17,0,6,8,3,0,1156,60,54,0,0,0,94,93,0.46,0.5,5,0.035,0.02,0.02,0.03,1
-10693.33,-0.1069,89306.67,12082.4,0.1192,-0.82,-0.885,0.176,34,0.2059,7,27,5.9,False,True,-0.0585,0.0,2457.04,13928.1,17,0,6,8,3,0,1156,60,54,0,0,0,94,93,0.46,0.5,5,0.035,0.02,0.02,0.03,2
-10693.33,-0.1069,89306.67,12082.4,0.1192,-0.82,-0.885,0.176,34,0.2059,7,27,5.9,False,True,-0.0585,0.0,2457.04,13928.1,17,0,6,8,3,0,1156,60,54,0,0,0,94,93,0.46,0.5,5,0.035,0.02,0.02,0.03,3
-9842.27,-0.0984,90157.73,11231.34,0.1108,-0.822,-0.876,0.266,34,0.2353,8,26,6.9,False,True,-0.0514,0.0,3914.96,14731.55,17,0,6,9,2,0,1147,62,50,0,0,0,94,86,0.46,0.5,5,0.035,0.02,0.02,0.05,1
-9842.27,-0.0984,90157.73,11231.34,0.1108,-0.822,-0.876,0.266,34,0.2353,8,26,6.9,False,True,-0.0514,0.0,3914.96,14731.55,17,0,6,9,2,0,1147,62,50,0,0,0,94,86,0.46,0.5,5,0.035,0.02,0.02,0.05,2
-9842.27,-0.0984,90157.73,11231.34,0.1108,-0.822,-0.876,0.266,34,0.2353,8,26,6.9,False,True,-0.0514,0.0,3914.96,14731.55,17,0,6,9,2,0,1147,62,50,0,0,0,94,86,0.46,0.5,5,0.035,0.02,0.02,0.05,3
-10693.33,-0.1069,89306.67,12082.4,0.1192,-0.82,-0.885,0.176,34,0.2059,7,27,5.9,False,True,-0.0585,0.0,2457.04,13928.1,17,0,6,8,3,0,1156,60,54,0,0,0,94,93,0.46,0.5,5,0.035,0.03,0.01,0.03,1
-10693.33,-0.1069,89306.67,12082.4,0.1192,-0.82,-0.885,0.176,34,0.2059,7,27,5.9,False,True,-0.0585,0.0,2457.04,13928.1,17,0,6,8,3,0,1156,60,54,0,0,0,94,93,0.46,0.5,5,0.035,0.03,0.01,0.03,2
-10693.33,-0.1069,89306.67,12082.4,0.1192,-0.82,-0.885,0.176,34,0.2059,7,27,5.9,False,True,-0.0585,0.0,2457.04,13928.1,17,0,6,8,3,0,1156,60,54,0,0,0,94,93,0.46,0.5,5,0.035,0.03,0.01,0.03,3
-9842.27,-0.0984,90157.73,11231.34,0.1108,-0.822,-0.876,0.266,34,0.2353,8,26,6.9,False,True,-0.0514,0.0,3914.96,14731.55,17,0,6,9,2,0,1147,62,50,0,0,0,94,86,0.46,0.5,5,0.035,0.03,0.01,0.05,1
-9842.27,-0.0984,90157.73,11231.34,0.1108,-0.822,-0.876,0.266,34,0.2353,8,26,6.9,False,True,-0.0514,0.0,3914.96,14731.55,17,0,6,9,2,0,1147,62,50,0,0,0,94,86,0.46,0.5,5,0.035,0.03,0.01,0.05,2
-9842.27,-0.0984,90157.73,11231.34,0.1108,-0.822,-0.876,0.266,34,0.2353,8,26,6.9,False,True,-0.0514,0.0,3914.96,14731.55,17,0,6,9,2,0,1147,62,50,0,0,0,94,86,0.46,0.5,5,0.035,0.03,0.01,0.05,3
-10693.33,-0.1069,89306.67,12082.4,0.1192,-0.82,-0.885,0.176,34,0.2059,7,27,5.9,False,True,-0.0585,0.0,2457.04,13928.1,17,0,6,8,3,0,1156,60,54,0,0,0,94,93,0.46,0.5,5,0.035,0.03,0.02,0.03,1
-10693.33,-0.1069,89306.67,12082.4,0.1192,-0.82,-0.885,0.176,34,0.2059,7,27,5.9,False,True,-0.0585,0.0,2457.04,13928.1,17,0,6,8,3,0,1156,60,54,0,0,0,94,93,0.46,0.5,5,0.035,0.03,0.02,0.03,2
-10693.33,-0.1069,89306.67,12082.4,0.1192,-0.82,-0.885,0.176,34,0.2059,7,27,5.9,False,True,-0.0585,0.0,2457.04,13928.1,17,0,6,8,3,0,1156,60,54,0,0,0,94,93,0.46,0.5,5,0.035,0.03,0.02,0.03,3
-9842.27,-0.0984,90157.73,11231.34,0.1108,-0.822,-0.876,0.266,34,0.2353,8,26,6.9,False,True,-0.0514,0.0,3914.96,14731.55,17,0,6,9,2,0,1147,62,50,0,0,0,94,86,0.46,0.5,5,0.035,0.03,0.02,0.05,1
-9842.27,-0.0984,90157.73,11231.34,0.1108,-0.822,-0.876,0.266,34,0.2353,8,26,6.9,False,True,-0.0514,0.0,3914.96,14731.55,17,0,6,9,2,0,1147,62,50,0,0,0,94,86,0.46,0.5,5,0.035,0.03,0.02,0.05,2
-9842.27,-0.0984,90157.73,11231.34,0.1108,-0.822,-0.876,0.266,34,0.2353,8,26,6.9,False,True,-0.0514,0.0,3914.96,14731.55,17,0,6,9,2,0,1147,62,50,0,0,0,94,86,0.46,0.5,5,0.035,0.03,0.02,0.05,3
-11171.77,-0.1117,88828.23,11171.77,0.1117,-0.755,-1.0,0.253,34,0.2059,7,27,8.2,False,True,-0.0818,0.0,4106.52,16238.23,16,0,6,8,4,0,348,75,29,0,0,0,46,62,0.46,0.5,10,0.025,0.02,0.01,0.03,1
-11171.77,-0.1117,88828.23,11171.77,0.1117,-0.755,-1.0,0.253,34,0.2059,7,27,8.2,False,True,-0.0818,0.0,4106.52,16238.23,16,0,6,8,4,0,348,75,29,0,0,0,46,62,0.46,0.5,10,0.025,0.02,0.01,0.03,2
-11171.77,-0.1117,88828.23,11171.77,0.1117,-0.755,-1.0,0.253,34,0.2059,7,27,8.2,False,True,-0.0818,0.0,4106.52,16238.23,16,0,6,8,4,0,348,75,29,0,0,0,46,62,0.46,0.5,10,0.025,0.02,0.01,0.03,3
-11171.77,-0.1117,88828.23,11171.77,0.1117,-0.755,-1.0,0.253,34,0.2059,7,27,8.2,False,True,-0.0818,0.0,4106.52,16238.23,16,0,6,8,4,0,348,75,29,0,0,0,46,62,0.46,0.5,10,0.025,0.02,0.01,0.05,1
-11171.77,-0.1117,88828.23,11171.77,0.1117,-0.755,-1.0,0.253,34,0.2059,7,27,8.2,False,True,-0.0818,0.0,4106.52,16238.23,16,0,6,8,4,0,348,75,29,0,0,0,46,62,0.46,0.5,10,0.025,0.02,0.01,0.05,2
-11171.77,-0.1117,88828.23,11171.77,0.1117,-0.755,-1.0,0.253,34,0.2059,7,27,8.2,False,True,-0.0818,0.0,4106.52,16238.23,16,0,6,8,4,0,348,75,29,0,0,0,46,62,0.46,0.5,10,0.025,0.02,0.01,0.05,3
-11171.77,-0.1117,88828.23,11171.77,0.1117,-0.755,-1.0,0.253,34,0.2059,7,27,8.2,False,True,-0.0818,0.0,4106.52,16238.23,16,0,6,8,4,0,348,75,29,0,0,0,46,62,0.46,0.5,10,0.025,0.02,0.02,0.03,1
-11171.77,-0.1117,88828.23,11171.77,0.1117,-0.755,-1.0,0.253,34,0.2059,7,27,8.2,False,True,-0.0818,0.0,4106.52,16238.23,16,0,6,8,4,0,348,75,29,0,0,0,46,62,0.46,0.5,10,0.025,0.02,0.02,0.03,2
-11171.77,-0.1117,88828.23,11171.77,0.1117,-0.755,-1.0,0.253,34,0.2059,7,27,8.2,False,True,-0.0818,0.0,4106.52,16238.23,16,0,6,8,4,0,348,75,29,0,0,0,46,62,0.46,0.5,10,0.025,0.02,0.02,0.03,3
-11171.77,-0.1117,88828.23,11171.77,0.1117,-0.755,-1.0,0.253,34,0.2059,7,27,8.2,False,True,-0.0818,0.0,4106.52,16238.23,16,0,6,8,4,0,348,75,29,0,0,0,46,62,0.46,0.5,10,0.025,0.02,0.02,0.05,1
-11171.77,-0.1117,88828.23,11171.77,0.1117,-0.755,-1.0,0.253,34,0.2059,7,27,8.2,False,True,-0.0818,0.0,4106.52,16238.23,16,0,6,8,4,0,348,75,29,0,0,0,46,62,0.46,0.5,10,0.025,0.02,0.02,0.05,2
-11171.77,-0.1117,88828.23,11171.77,0.1117,-0.755,-1.0,0.253,34,0.2059,7,27,8.2,False,True,-0.0818,0.0,4106.52,16238.23,16,0,6,8,4,0,348,75,29,0,0,0,46,62,0.46,0.5,10,0.025,0.02,0.02,0.05,3
-11171.77,-0.1117,88828.23,11171.77,0.1117,-0.755,-1.0,0.253,34,0.2059,7,27,8.2,False,True,-0.0818,0.0,4106.52,16238.23,16,0,6,8,4,0,348,75,29,0,0,0,46,62,0.46,0.5,10,0.025,0.03,0.01,0.03,1
-11171.77,-0.1117,88828.23,11171.77,0.1117,-0.755,-1.0,0.253,34,0.2059,7,27,8.2,False,True,-0.0818,0.0,4106.52,16238.23,16,0,6,8,4,0,348,75,29,0,0,0,46,62,0.46,0.5,10,0.025,0.03,0.01,0.03,2
-11171.77,-0.1117,88828.23,11171.77,0.1117,-0.755,-1.0,0.253,34,0.2059,7,27,8.2,False,True,-0.0818,0.0,4106.52,16238.23,16,0,6,8,4,0,348,75,29,0,0,0,46,62,0.46,0.5,10,0.025,0.03,0.01,0.03,3
-11171.77,-0.1117,88828.23,11171.77,0.1117,-0.755,-1.0,0.253,34,0.2059,7,27,8.2,False,True,-0.0818,0.0,4106.52,16238.23,16,0,6,8,4,0,348,75,29,0,0,0,46,62,0.46,0.5,10,0.025,0.03,0.01,0.05,1
-11171.77,-0.1117,88828.23,11171.77,0.1117,-0.755,-1.0,0.253,34,0.2059,7,27,8.2,False,True,-0.0818,0.0,4106.52,16238.23,16,0,6,8,4,0,348,75,29,0,0,0,46,62,0.46,0.5,10,0.025,0.03,0.01,0.05,2
-11171.77,-0.1117,88828.23,11171.77,0.1117,-0.755,-1.0,0.253,34,0.2059,7,27,8.2,False,True,-0.0818,0.0,4106.52,16238.23,16,0,6,8,4,0,348,75,29,0,0,0,46,62,0.46,0.5,10,0.025,0.03,0.01,0.05,3
-11171.77,-0.1117,88828.23,11171.77,0.1117,-0.755,-1.0,0.253,34,0.2059,7,27,8.2,False,True,-0.0818,0.0,4106.52,16238.23,16,0,6,8,4,0,348,75,29,0,0,0,46,62,0.46,0.5,10,0.025,0.03,0.02,0.03,1
-11171.77,-0.1117,88828.23,11171.77,0.1117,-0.755,-1.0,0.253,34,0.2059,7,27,8.2,False,True,-0.0818,0.0,4106.52,16238.23,16,0,6,8,4,0,348,75,29,0,0,0,46,62,0.46,0.5,10,0.025,0.03,0.02,0.03,2
-11171.77,-0.1117,88828.23,11171.77,0.1117,-0.755,-1.0,0.253,34,0.2059,7,27,8.2,False,True,-0.0818,0.0,4106.52,16238.23,16,0,6,8,4,0,348,75,29,0,0,0,46,62,0.46,0.5,10,0.025,0.03,0.02,0.03,3
-11171.77,-0.1117,88828.23,11171.77,0.1117,-0.755,-1.0,0.253,34,0.2059,7,27,8.2,False,True,-0.0818,0.0,4106.52,16238.23,16,0,6,8,4,0,348,75,29,0,0,0,46,62,0.46,0.5,10,0.025,0.03,0.02,0.05,1
-11171.77,-0.1117,88828.23,11171.77,0.1117,-0.755,-1.0,0.253,34,0.2059,7,27,8.2,False,True,-0.0818,0.0,4106.52,16238.23,16,0,6,8,4,0,348,75,29,0,0,0,46,62,0.46,0.5,10,0.025,0.03,0.02,0.05,2
-11171.77,-0.1117,88828.23,11171.77,0.1117,-0.755,-1.0,0.253,34,0.2059,7,27,8.2,False,True,-0.0818,0.0,4106.52,16238.23,16,0,6,8,4,0,348,75,29,0,0,0,46,62,0.46,0.5,10,0.025,0.03,0.02,0.05,3
-11893.35,-0.1189,88106.65,11893.35,0.1189,-0.821,-1.0,0.184,33,0.2121,7,26,7.5,False,True,-0.0642,0.0,2861.02,15518.6,13,0,7,8,5,0,422,85,34,0,0,0,45,74,0.46,0.5,10,0.035,0.02,0.01,0.03,1
-11893.35,-0.1189,88106.65,11893.35,0.1189,-0.821,-1.0,0.184,33,0.2121,7,26,7.5,False,True,-0.0642,0.0,2861.02,15518.6,13,0,7,8,5,0,422,85,34,0,0,0,45,74,0.46,0.5,10,0.035,0.02,0.01,0.03,2
-11893.35,-0.1189,88106.65,11893.35,0.1189,-0.821,-1.0,0.184,33,0.2121,7,26,7.5,False,True,-0.0642,0.0,2861.02,15518.6,13,0,7,8,5,0,422,85,34,0,0,0,45,74,0.46,0.5,10,0.035,0.02,0.01,0.03,3
-11053.73,-0.1105,88946.27,11053.73,0.1105,-0.815,-1.0,0.264,33,0.2424,8,25,8.5,False,True,-0.0642,0.0,4299.36,16314.31,13,0,7,9,4,0,422,79,30,0,0,0,45,66,0.46,0.5,10,0.035,0.02,0.01,0.05,1
-11053.73,-0.1105,88946.27,11053.73,0.1105,-0.815,-1.0,0.264,33,0.2424,8,25,8.5,False,True,-0.0642,0.0,4299.36,16314.31,13,0,7,9,4,0,422,79,30,0,0,0,45,66,0.46,0.5,10,0.035,0.02,0.01,0.05,2
-11053.73,-0.1105,88946.27,11053.73,0.1105,-0.815,-1.0,0.264,33,0.2424,8,25,8.5,False,True,-0.0642,0.0,4299.36,16314.31,13,0,7,9,4,0,422,79,30,0,0,0,45,66,0.46,0.5,10,0.035,0.02,0.01,0.05,3
-11893.35,-0.1189,88106.65,11893.35,0.1189,-0.821,-1.0,0.184,33,0.2121,7,26,7.5,False,True,-0.0642,0.0,2861.02,15518.6,13,0,7,8,5,0,422,85,34,0,0,0,45,74,0.46,0.5,10,0.035,0.02,0.02,0.03,1
-11893.35,-0.1189,88106.65,11893.35,0.1189,-0.821,-1.0,0.184,33,0.2121,7,26,7.5,False,True,-0.0642,0.0,2861.02,15518.6,13,0,7,8,5,0,422,85,34,0,0,0,45,74,0.46,0.5,10,0.035,0.02,0.02,0.03,2
-11893.35,-0.1189,88106.65,11893.35,0.1189,-0.821,-1.0,0.184,33,0.2121,7,26,7.5,False,True,-0.0642,0.0,2861.02,15518.6,13,0,7,8,5,0,422,85,34,0,0,0,45,74,0.46,0.5,10,0.035,0.02,0.02,0.03,3
-11053.73,-0.1105,88946.27,11053.73,0.1105,-0.815,-1.0,0.264,33,0.2424,8,25,8.5,False,True,-0.0642,0.0,4299.36,16314.31,13,0,7,9,4,0,422,79,30,0,0,0,45,66,0.46,0.5,10,0.035,0.02,0.02,0.05,1
-11053.73,-0.1105,88946.27,11053.73,0.1105,-0.815,-1.0,0.264,33,0.2424,8,25,8.5,False,True,-0.0642,0.0,4299.36,16314.31,13,0,7,9,4,0,422,79,30,0,0,0,45,66,0.46,0.5,10,0.035,0.02,0.02,0.05,2
-11053.73,-0.1105,88946.27,11053.73,0.1105,-0.815,-1.0,0.264,33,0.2424,8,25,8.5,False,True,-0.0642,0.0,4299.36,16314.31,13,0,7,9,4,0,422,79,30,0,0,0,45,66,0.46,0.5,10,0.035,0.02,0.02,0.05,3
-11893.35,-0.1189,88106.65,11893.35,0.1189,-0.821,-1.0,0.184,33,0.2121,7,26,7.5,False,True,-0.0642,0.0,2861.02,15518.6,13,0,7,8,5,0,422,85,34,0,0,0,45,74,0.46,0.5,10,0.035,0.03,0.01,0.03,1
-11893.35,-0.1189,88106.65,11893.35,0.1189,-0.821,-1.0,0.184,33,0.2121,7,26,7.5,False,True,-0.0642,0.0,2861.02,15518.6,13,0,7,8,5,0,422,85,34,0,0,0,45,74,0.46,0.5,10,0.035,0.03,0.01,0.03,2
-11893.35,-0.1189,88106.65,11893.35,0.1189,-0.821,-1.0,0.184,33,0.2121,7,26,7.5,False,True,-0.0642,0.0,2861.02,15518.6,13,0,7,8,5,0,422,85,34,0,0,0,45,74,0.46,0.5,10,0.035,0.03,0.01,0.03,3
-11053.73,-0.1105,88946.27,11053.73,0.1105,-0.815,-1.0,0.264,33,0.2424,8,25,8.5,False,True,-0.0642,0.0,4299.36,16314.31,13,0,7,9,4,0,422,79,30,0,0,0,45,66,0.46,0.5,10,0.035,0.03,0.01,0.05,1
-11053.73,-0.1105,88946.27,11053.73,0.1105,-0.815,-1.0,0.264,33,0.2424,8,25,8.5,False,True,-0.0642,0.0,4299.36,16314.31,13,0,7,9,4,0,422,79,30,0,0,0,45,66,0.46,0.5,10,0.035,0.03,0.01,0.05,2
-11053.73,-0.1105,88946.27,11053.73,0.1105,-0.815,-1.0,0.264,33,0.2424,8,25,8.5,False,True,-0.0642,0.0,4299.36,16314.31,13,0,7,9,4,0,422,79,30,0,0,0,45,66,0.46,0.5,10,0.035,0.03,0.01,0.05,3
-11893.35,-0.1189,88106.65,11893.35,0.1189,-0.821,-1.0,0.184,33,0.2121,7,26,7.5,False,True,-0.0642,0.0,2861.02,15518.6,13,0,7,8,5,0,422,85,34,0,0,0,45,74,0.46,0.5,10,0.035,0.03,0.02,0.03,1
-11893.35,-0.1189,88106.65,11893.35,0.1189,-0.821,-1.0,0.184,33,0.2121,7,26,7.5,False,True,-0.0642,0.0,2861.02,15518.6,13,0,7,8,5,0,422,85,34,0,0,0,45,74,0.46,0.5,10,0.035,0.03,0.02,0.03,2
-11893.35,-0.1189,88106.65,11893.35,0.1189,-0.821,-1.0,0.184,33,0.2121,7,26,7.5,False,True,-0.0642,0.0,2861.02,15518.6,13,0,7,8,5,0,422,85,34,0,0,0,45,74,0.46,0.5,10,0.035,0.03,0.02,0.03,3
-11053.73,-0.1105,88946.27,11053.73,0.1105,-0.815,-1.0,0.264,33,0.2424,8,25,8.5,False,True,-0.0642,0.0,4299.36,16314.31,13,0,7,9,4,0,422,79,30,0,0,0,45,66,0.46,0.5,10,0.035,0.03,0.02,0.05,1
-11053.73,-0.1105,88946.27,11053.73,0.1105,-0.815,-1.0,0.264,33,0.2424,8,25,8.5,False,True,-0.0642,0.0,4299.36,16314.31,13,0,7,9,4,0,422,79,30,0,0,0,45,66,0.46,0.5,10,0.035,0.03,0.02,0.05,2
-11053.73,-0.1105,88946.27,11053.73,0.1105,-0.815,-1.0,0.264,33,0.2424,8,25,8.5,False,True,-0.0642,0.0,4299.36,16314.31,13,0,7,9,4,0,422,79,30,0,0,0,45,66,0.46,0.5,10,0.035,0.03,0.02,0.05,3
-10170.71,-0.1017,89829.29,10170.71,0.1017,-0.974,-1.0,0.308,35,0.2286,8,27,9.2,False,True,-0.0466,0.0,4524.95,14706.55,15,0,7,9,4,0,227,130,37,0,0,0,42,86,0.46,0.5,15,0.025,0.02,0.01,0.03,1
-10170.71,-0.1017,89829.29,10170.71,0.1017,-0.974,-1.0,0.308,35,0.2286,8,27,9.2,False,True,-0.0466,0.0,4524.95,14706.55,15,0,7,9,4,0,227,130,37,0,0,0,42,86,0.46,0.5,15,0.025,0.02,0.01,0.03,2
-10170.71,-0.1017,89829.29,10170.71,0.1017,-0.974,-1.0,0.308,35,0.2286,8,27,9.2,False,True,-0.0466,0.0,4524.95,14706.55,15,0,7,9,4,0,227,130,37,0,0,0,42,86,0.46,0.5,15,0.025,0.02,0.01,0.03,3
-9845.71,-0.0985,90154.29,10328.88,0.103,-0.889,-0.953,0.313,34,0.1765,6,28,8.6,False,True,-0.0553,0.0,4745.53,15145.0,15,0,7,8,4,0,227,115,35,0,0,0,42,72,0.46,0.5,15,0.025,0.02,0.01,0.05,1
-9845.71,-0.0985,90154.29,10328.88,0.103,-0.889,-0.953,0.313,34,0.1765,6,28,8.6,False,True,-0.0553,0.0,4745.53,15145.0,15,0,7,8,4,0,227,115,35,0,0,0,42,72,0.46,0.5,15,0.025,0.02,0.01,0.05,2
-9845.71,-0.0985,90154.29,10328.88,0.103,-0.889,-0.953,0.313,34,0.1765,6,28,8.6,False,True,-0.0553,0.0,4745.53,15145.0,15,0,7,8,4,0,227,115,35,0,0,0,42,72,0.46,0.5,15,0.025,0.02,0.01,0.05,3
-10170.71,-0.1017,89829.29,10170.71,0.1017,-0.974,-1.0,0.308,35,0.2286,8,27,9.2,False,True,-0.0466,0.0,4524.95,14706.55,15,0,7,9,4,0,227,130,37,0,0,0,42,86,0.46,0.5,15,0.025,0.02,0.02,0.03,1
-10170.71,-0.1017,89829.29,10170.71,0.1017,-0.974,-1.0,0.308,35,0.2286,8,27,9.2,False,True,-0.0466,0.0,4524.95,14706.55,15,0,7,9,4,0,227,130,37,0,0,0,42,86,0.46,0.5,15,0.025,0.02,0.02,0.03,2
-10170.71,-0.1017,89829.29,10170.71,0.1017,-0.974,-1.0,0.308,35,0.2286,8,27,9.2,False,True,-0.0466,0.0,4524.95,14706.55,15,0,7,9,4,0,227,130,37,0,0,0,42,86,0.46,0.5,15,0.025,0.02,0.02,0.03,3
-9845.71,-0.0985,90154.29,10328.88,0.103,-0.889,-0.953,0.313,34,0.1765,6,28,8.6,False,True,-0.0553,0.0,4745.53,15145.0,15,0,7,8,4,0,227,115,35,0,0,0,42,72,0.46,0.5,15,0.025,0.02,0.02,0.05,1
-9845.71,-0.0985,90154.29,10328.88,0.103,-0.889,-0.953,0.313,34,0.1765,6,28,8.6,False,True,-0.0553,0.0,4745.53,15145.0,15,0,7,8,4,0,227,115,35,0,0,0,42,72,0.46,0.5,15,0.025,0.02,0.02,0.05,2
-9845.71,-0.0985,90154.29,10328.88,0.103,-0.889,-0.953,0.313,34,0.1765,6,28,8.6,False,True,-0.0553,0.0,4745.53,15145.0,15,0,7,8,4,0,227,115,35,0,0,0,42,72,0.46,0.5,15,0.025,0.02,0.02,0.05,3
-10170.71,-0.1017,89829.29,10170.71,0.1017,-0.974,-1.0,0.308,35,0.2286,8,27,9.2,False,True,-0.0466,0.0,4524.95,14706.55,15,0,7,9,4,0,227,130,37,0,0,0,42,86,0.46,0.5,15,0.025,0.03,0.01,0.03,1
-10170.71,-0.1017,89829.29,10170.71,0.1017,-0.974,-1.0,0.308,35,0.2286,8,27,9.2,False,True,-0.0466,0.0,4524.95,14706.55,15,0,7,9,4,0,227,130,37,0,0,0,42,86,0.46,0.5,15,0.025,0.03,0.01,0.03,2
-10170.71,-0.1017,89829.29,10170.71,0.1017,-0.974,-1.0,0.308,35,0.2286,8,27,9.2,False,True,-0.0466,0.0,4524.95,14706.55,15,0,7,9,4,0,227,130,37,0,0,0,42,86,0.46,0.5,15,0.025,0.03,0.01,0.03,3
-9845.71,-0.0985,90154.29,10328.88,0.103,-0.889,-0.953,0.313,34,0.1765,6,28,8.6,False,True,-0.0553,0.0,4745.53,15145.0,15,0,7,8,4,0,227,115,35,0,0,0,42,72,0.46,0.5,15,0.025,0.03,0.01,0.05,1
-9845.71,-0.0985,90154.29,10328.88,0.103,-0.889,-0.953,0.313,34,0.1765,6,28,8.6,False,True,-0.0553,0.0,4745.53,15145.0,15,0,7,8,4,0,227,115,35,0,0,0,42,72,0.46,0.5,15,0.025,0.03,0.01,0.05,2
-9845.71,-0.0985,90154.29,10328.88,0.103,-0.889,-0.953,0.313,34,0.1765,6,28,8.6,False,True,-0.0553,0.0,4745.53,15145.0,15,0,7,8,4,0,227,115,35,0,0,0,42,72,0.46,0.5,15,0.025,0.03,0.01,0.05,3
-10170.71,-0.1017,89829.29,10170.71,0.1017,-0.974,-1.0,0.308,35,0.2286,8,27,9.2,False,True,-0.0466,0.0,4524.95,14706.55,15,0,7,9,4,0,227,130,37,0,0,0,42,86,0.46,0.5,15,0.025,0.03,0.02,0.03,1
-10170.71,-0.1017,89829.29,10170.71,0.1017,-0.974,-1.0,0.308,35,0.2286,8,27,9.2,False,True,-0.0466,0.0,4524.95,14706.55,15,0,7,9,4,0,227,130,37,0,0,0,42,86,0.46,0.5,15,0.025,0.03,0.02,0.03,2
-10170.71,-0.1017,89829.29,10170.71,0.1017,-0.974,-1.0,0.308,35,0.2286,8,27,9.2,False,True,-0.0466,0.0,4524.95,14706.55,15,0,7,9,4,0,227,130,37,0,0,0,42,86,0.46,0.5,15,0.025,0.03,0.02,0.03,3
-9845.71,-0.0985,90154.29,10328.88,0.103,-0.889,-0.953,0.313,34,0.1765,6,28,8.6,False,True,-0.0553,0.0,4745.53,15145.0,15,0,7,8,4,0,227,115,35,0,0,0,42,72,0.46,0.5,15,0.025,0.03,0.02,0.05,1
-9845.71,-0.0985,90154.29,10328.88,0.103,-0.889,-0.953,0.313,34,0.1765,6,28,8.6,False,True,-0.0553,0.0,4745.53,15145.0,15,0,7,8,4,0,227,115,35,0,0,0,42,72,0.46,0.5,15,0.025,0.03,0.02,0.05,2
-9845.71,-0.0985,90154.29,10328.88,0.103,-0.889,-0.953,0.313,34,0.1765,6,28,8.6,False,True,-0.0553,0.0,4745.53,15145.0,15,0,7,8,4,0,227,115,35,0,0,0,42,72,0.46,0.5,15,0.025,0.03,0.02,0.05,3
-12937.5,-0.1294,87062.5,12937.5,0.1294,-0.816,-1.0,0.184,38,0.2105,8,30,8.6,False,True,-0.0753,0.0,3089.03,16781.7,16,0,8,9,5,0,362,111,34,0,0,0,45,98,0.46,0.5,15,0.035,0.02,0.01,0.03,1
-12937.5,-0.1294,87062.5,12937.5,0.1294,-0.816,-1.0,0.184,38,0.2105,8,30,8.6,False,True,-0.0753,0.0,3089.03,16781.7,16,0,8,9,5,0,362,111,34,0,0,0,45,98,0.46,0.5,15,0.035,0.02,0.01,0.03,2
-12937.5,-0.1294,87062.5,12937.5,0.1294,-0.816,-1.0,0.184,38,0.2105,8,30,8.6,False,True,-0.0753,0.0,3089.03,16781.7,16,0,8,9,5,0,362,111,34,0,0,0,45,98,0.46,0.5,15,0.035,0.02,0.01,0.03,3
-12937.5,-0.1294,87062.5,12937.5,0.1294,-0.816,-1.0,0.184,38,0.2105,8,30,8.6,False,True,-0.0753,0.0,3089.03,16781.7,16,0,8,9,5,0,362,111,34,0,0,0,45,98,0.46,0.5,15,0.035,0.02,0.01,0.05,1
-12937.5,-0.1294,87062.5,12937.5,0.1294,-0.816,-1.0,0.184,38,0.2105,8,30,8.6,False,True,-0.0753,0.0,3089.03,16781.7,16,0,8,9,5,0,362,111,34,0,0,0,45,98,0.46,0.5,15,0.035,0.02,0.01,0.05,2
-12937.5,-0.1294,87062.5,12937.5,0.1294,-0.816,-1.0,0.184,38,0.2105,8,30,8.6,False,True,-0.0753,0.0,3089.03,16781.7,16,0,8,9,5,0,362,111,34,0,0,0,45,98,0.46,0.5,15,0.035,0.02,0.01,0.05,3
-12937.5,-0.1294,87062.5,12937.5,0.1294,-0.816,-1.0,0.184,38,0.2105,8,30,8.6,False,True,-0.0753,0.0,3089.03,16781.7,16,0,8,9,5,0,362,111,34,0,0,0,45,98,0.46,0.5,15,0.035,0.02,0.02,0.03,1
-12937.5,-0.1294,87062.5,12937.5,0.1294,-0.816,-1.0,0.184,38,0.2105,8,30,8.6,False,True,-0.0753,0.0,3089.03,16781.7,16,0,8,9,5,0,362,111,34,0,0,0,45,98,0.46,0.5,15,0.035,0.02,0.02,0.03,2
-12937.5,-0.1294,87062.5,12937.5,0.1294,-0.816,-1.0,0.184,38,0.2105,8,30,8.6,False,True,-0.0753,0.0,3089.03,16781.7,16,0,8,9,5,0,362,111,34,0,0,0,45,98,0.46,0.5,15,0.035,0.02,0.02,0.03,3
-12937.5,-0.1294,87062.5,12937.5,0.1294,-0.816,-1.0,0.184,38,0.2105,8,30,8.6,False,True,-0.0753,0.0,3089.03,16781.7,16,0,8,9,5,0,362,111,34,0,0,0,45,98,0.46,0.5,15,0.035,0.02,0.02,0.05,1
-12937.5,-0.1294,87062.5,12937.5,0.1294,-0.816,-1.0,0.184,38,0.2105,8,30,8.6,False,True,-0.0753,0.0,3089.03,16781.7,16,0,8,9,5,0,362,111,34,0,0,0,45,98,0.46,0.5,15,0.035,0.02,0.02,0.05,2
-12937.5,-0.1294,87062.5,12937.5,0.1294,-0.816,-1.0,0.184,38,0.2105,8,30,8.6,False,True,-0.0753,0.0,3089.03,16781.7,16,0,8,9,5,0,362,111,34,0,0,0,45,98,0.46,0.5,15,0.035,0.02,0.02,0.05,3
-12937.5,-0.1294,87062.5,12937.5,0.1294,-0.816,-1.0,0.184,38,0.2105,8,30,8.6,False,True,-0.0753,0.0,3089.03,16781.7,16,0,8,9,5,0,362,111,34,0,0,0,45,98,0.46,0.5,15,0.035,0.03,0.01,0.03,1
-12937.5,-0.1294,87062.5,12937.5,0.1294,-0.816,-1.0,0.184,38,0.2105,8,30,8.6,False,True,-0.0753,0.0,3089.03,16781.7,16,0,8,9,5,0,362,111,34,0,0,0,45,98,0.46,0.5,15,0.035,0.03,0.01,0.03,2
-12937.5,-0.1294,87062.5,12937.5,0.1294,-0.816,-1.0,0.184,38,0.2105,8,30,8.6,False,True,-0.0753,0.0,3089.03,16781.7,16,0,8,9,5,0,362,111,34,0,0,0,45,98,0.46,0.5,15,0.035,0.03,0.01,0.03,3
-12937.5,-0.1294,87062.5,12937.5,0.1294,-0.816,-1.0,0.184,38,0.2105,8,30,8.6,False,True,-0.0753,0.0,3089.03,16781.7,16,0,8,9,5,0,362,111,34,0,0,0,45,98,0.46,0.5,15,0.035,0.03,0.01,0.05,1
-12937.5,-0.1294,87062.5,12937.5,0.1294,-0.816,-1.0,0.184,38,0.2105,8,30,8.6,False,True,-0.0753,0.0,3089.03,16781.7,16,0,8,9,5,0,362,111,34,0,0,0,45,98,0.46,0.5,15,0.035,0.03,0.01,0.05,2
-12937.5,-0.1294,87062.5,12937.5,0.1294,-0.816,-1.0,0.184,38,0.2105,8,30,8.6,False,True,-0.0753,0.0,3089.03,16781.7,16,0,8,9,5,0,362,111,34,0,0,0,45,98,0.46,0.5,15,0.035,0.03,0.01,0.05,3
-12937.5,-0.1294,87062.5,12937.5,0.1294,-0.816,-1.0,0.184,38,0.2105,8,30,8.6,False,True,-0.0753,0.0,3089.03,16781.7,16,0,8,9,5,0,362,111,34,0,0,0,45,98,0.46,0.5,15,0.035,0.03,0.02,0.03,1
-12937.5,-0.1294,87062.5,12937.5,0.1294,-0.816,-1.0,0.184,38,0.2105,8,30,8.6,False,True,-0.0753,0.0,3089.03,16781.7,16,0,8,9,5,0,362,111,34,0,0,0,45,98,0.46,0.5,15,0.035,0.03,0.02,0.03,2
-12937.5,-0.1294,87062.5,12937.5,0.1294,-0.816,-1.0,0.184,38,0.2105,8,30,8.6,False,True,-0.0753,0.0,3089.03,16781.7,16,0,8,9,5,0,362,111,34,0,0,0,45,98,0.46,0.5,15,0.035,0.03,0.02,0.03,3
-12937.5,-0.1294,87062.5,12937.5,0.1294,-0.816,-1.0,0.184,38,0.2105,8,30,8.6,False,True,-0.0753,0.0,3089.03,16781.7,16,0,8,9,5,0,362,111,34,0,0,0,45,98,0.46,0.5,15,0.035,0.03,0.02,0.05,1
-12937.5,-0.1294,87062.5,12937.5,0.1294,-0.816,-1.0,0.184,38,0.2105,8,30,8.6,False,True,-0.0753,0.0,3089.03,16781.7,16,0,8,9,5,0,362,111,34,0,0,0,45,98,0.46,0.5,15,0.035,0.03,0.02,0.05,2
-12937.5,-0.1294,87062.5,12937.5,0.1294,-0.816,-1.0,0.184,38,0.2105,8,30,8.6,False,True,-0.0753,0.0,3089.03,16781.7,16,0,8,9,5,0,362,111,34,0,0,0,45,98,0.46,0.5,15,0.035,0.03,0.02,0.05,3
-11442.15,-0.1144,88557.85,13762.89,0.1345,-0.668,-0.831,0.254,15,0.2,3,12,6.3,False,True,-0.0958,0.0101,3912.51,15379.61,7,0,3,4,1,0,189,62,89,0,0,289,38,28,0.46,1.0,5,0.025,0.02,0.01,0.03,1
-11442.15,-0.1144,88557.85,13762.89,0.1345,-0.668,-0.831,0.254,15,0.2,3,12,6.3,False,True,-0.0958,0.0101,3912.51,15379.61,7,0,3,4,1,0,189,62,89,0,0,289,38,28,0.46,1.0,5,0.025,0.02,0.01,0.03,2
-11442.15,-0.1144,88557.85,13762.89,0.1345,-0.668,-0.831,0.254,15,0.2,3,12,6.3,False,True,-0.0958,0.0101,3912.51,15379.61,7,0,3,4,1,0,189,62,89,0,0,289,38,28,0.46,1.0,5,0.025,0.02,0.01,0.03,3
-8757.91,-0.0876,91242.09,13297.75,0.1272,-0.768,-0.659,0.432,19,0.1579,3,16,6.1,False,True,-0.0483,0.0197,7383.09,17089.33,9,0,5,4,1,0,189,63,92,0,0,289,38,32,0.46,1.0,5,0.025,0.02,0.01,0.05,1
-8757.91,-0.0876,91242.09,13297.75,0.1272,-0.768,-0.659,0.432,19,0.1579,3,16,6.1,False,True,-0.0483,0.0197,7383.09,17089.33,9,0,5,4,1,0,189,63,92,0,0,289,38,32,0.46,1.0,5,0.025,0.02,0.01,0.05,2
-8757.91,-0.0876,91242.09,13297.75,0.1272,-0.768,-0.659,0.432,19,0.1579,3,16,6.1,False,True,-0.0483,0.0197,7383.09,17089.33,9,0,5,4,1,0,189,63,92,0,0,289,38,32,0.46,1.0,5,0.025,0.02,0.01,0.05,3
-10903.8,-0.109,89096.2,12041.88,0.1195,-0.927,-0.905,0.246,18,0.1667,3,15,5.8,False,True,-0.0597,0.0,3912.51,15923.56,8,0,4,4,2,0,189,64,27,0,0,0,38,30,0.46,1.0,5,0.025,0.02,0.02,0.03,1
-10903.8,-0.109,89096.2,12041.88,0.1195,-0.927,-0.905,0.246,18,0.1667,3,15,5.8,False,True,-0.0597,0.0,3912.51,15923.56,8,0,4,4,2,0,189,64,27,0,0,0,38,30,0.46,1.0,5,0.025,0.02,0.02,0.03,2
-10903.8,-0.109,89096.2,12041.88,0.1195,-0.927,-0.905,0.246,18,0.1667,3,15,5.8,False,True,-0.0597,0.0,3912.51,15923.56,8,0,4,4,2,0,189,64,27,0,0,0,38,30,0.46,1.0,5,0.025,0.02,0.02,0.03,3
-10425.15,-0.1043,89574.85,14964.99,0.1432,-0.755,-0.697,0.413,17,0.1765,3,14,4.9,False,True,-0.0762,0.0,7383.09,17862.01,9,0,2,4,2,0,189,42,22,0,0,0,38,23,0.46,1.0,5,0.025,0.02,0.02,0.05,1
-10425.15,-0.1043,89574.85,14964.99,0.1432,-0.755,-0.697,0.413,17,0.1765,3,14,4.9,False,True,-0.0762,0.0,7383.09,17862.01,9,0,2,4,2,0,189,42,22,0,0,0,38,23,0.46,1.0,5,0.025,0.02,0.02,0.05,2
-10425.15,-0.1043,89574.85,14964.99,0.1432,-0.755,-0.697,0.413,17,0.1765,3,14,4.9,False,True,-0.0762,0.0,7383.09,17862.01,9,0,2,4,2,0,189,42,22,0,0,0,38,23,0.46,1.0,5,0.025,0.02,0.02,0.05,3
-11442.15,-0.1144,88557.85,13762.89,0.1345,-0.668,-0.831,0.254,15,0.2,3,12,6.3,False,True,-0.0958,0.0101,3912.51,15379.61,7,0,3,4,1,0,189,62,89,0,0,289,38,28,0.46,1.0,5,0.025,0.03,0.01,0.03,1
-11442.15,-0.1144,88557.85,13762.89,0.1345,-0.668,-0.831,0.254,15,0.2,3,12,6.3,False,True,-0.0958,0.0101,3912.51,15379.61,7,0,3,4,1,0,189,62,89,0,0,289,38,28,0.46,1.0,5,0.025,0.03,0.01,0.03,2
-11442.15,-0.1144,88557.85,13762.89,0.1345,-0.668,-0.831,0.254,15,0.2,3,12,6.3,False,True,-0.0958,0.0101,3912.51,15379.61,7,0,3,4,1,0,189,62,89,0,0,289,38,28,0.46,1.0,5,0.025,0.03,0.01,0.03,3
-8757.91,-0.0876,91242.09,13297.75,0.1272,-0.768,-0.659,0.432,19,0.1579,3,16,6.1,False,True,-0.0483,0.0197,7383.09,17089.33,9,0,5,4,1,0,189,63,92,0,0,289,38,32,0.46,1.0,5,0.025,0.03,0.01,0.05,1
-8757.91,-0.0876,91242.09,13297.75,0.1272,-0.768,-0.659,0.432,19,0.1579,3,16,6.1,False,True,-0.0483,0.0197,7383.09,17089.33,9,0,5,4,1,0,189,63,92,0,0,289,38,32,0.46,1.0,5,0.025,0.03,0.01,0.05,2
-8757.91,-0.0876,91242.09,13297.75,0.1272,-0.768,-0.659,0.432,19,0.1579,3,16,6.1,False,True,-0.0483,0.0197,7383.09,17089.33,9,0,5,4,1,0,189,63,92,0,0,289,38,32,0.46,1.0,5,0.025,0.03,0.01,0.05,3
-10903.8,-0.109,89096.2,12041.88,0.1195,-0.927,-0.905,0.246,18,0.1667,3,15,5.8,False,True,-0.0597,0.0,3912.51,15923.56,8,0,4,4,2,0,189,64,27,0,0,0,38,30,0.46,1.0,5,0.025,0.03,0.02,0.03,1
-10903.8,-0.109,89096.2,12041.88,0.1195,-0.927,-0.905,0.246,18,0.1667,3,15,5.8,False,True,-0.0597,0.0,3912.51,15923.56,8,0,4,4,2,0,189,64,27,0,0,0,38,30,0.46,1.0,5,0.025,0.03,0.02,0.03,2
-10903.8,-0.109,89096.2,12041.88,0.1195,-0.927,-0.905,0.246,18,0.1667,3,15,5.8,False,True,-0.0597,0.0,3912.51,15923.56,8,0,4,4,2,0,189,64,27,0,0,0,38,30,0.46,1.0,5,0.025,0.03,0.02,0.03,3
-10425.15,-0.1043,89574.85,14964.99,0.1432,-0.755,-0.697,0.413,17,0.1765,3,14,4.9,False,True,-0.0762,0.0,7383.09,17862.01,9,0,2,4,2,0,189,42,22,0,0,0,38,23,0.46,1.0,5,0.025,0.03,0.02,0.05,1
-10425.15,-0.1043,89574.85,14964.99,0.1432,-0.755,-0.697,0.413,17,0.1765,3,14,4.9,False,True,-0.0762,0.0,7383.09,17862.01,9,0,2,4,2,0,189,42,22,0,0,0,38,23,0.46,1.0,5,0.025,0.03,0.02,0.05,2
-10425.15,-0.1043,89574.85,14964.99,0.1432,-0.755,-0.697,0.413,17,0.1765,3,14,4.9,False,True,-0.0762,0.0,7383.09,17862.01,9,0,2,4,2,0,189,42,22,0,0,0,38,23,0.46,1.0,5,0.025,0.03,0.02,0.05,3
-8269.63,-0.0827,91730.37,10962.32,0.1067,-0.581,-0.754,0.141,16,0.1875,3,13,7.6,False,True,-0.0827,0.0,1354.56,9624.18,7,0,5,4,0,0,842,20,24,0,0,0,47,43,0.46,1.0,5,0.035,0.02,0.01,0.03,1
-8269.63,-0.0827,91730.37,10962.32,0.1067,-0.581,-0.754,0.141,16,0.1875,3,13,7.6,False,True,-0.0827,0.0,1354.56,9624.18,7,0,5,4,0,0,842,20,24,0,0,0,47,43,0.46,1.0,5,0.035,0.02,0.01,0.03,2
-8269.63,-0.0827,91730.37,10962.32,0.1067,-0.581,-0.754,0.141,16,0.1875,3,13,7.6,False,True,-0.0827,0.0,1354.56,9624.18,7,0,5,4,0,0,842,20,24,0,0,0,47,43,0.46,1.0,5,0.035,0.02,0.01,0.03,3
-8269.63,-0.0827,91730.37,10962.32,0.1067,-0.581,-0.754,0.141,16,0.1875,3,13,7.6,False,True,-0.0827,0.0,1354.56,9624.18,7,0,5,4,0,0,842,20,24,0,0,0,47,43,0.46,1.0,5,0.035,0.02,0.01,0.05,1
-8269.63,-0.0827,91730.37,10962.32,0.1067,-0.581,-0.754,0.141,16,0.1875,3,13,7.6,False,True,-0.0827,0.0,1354.56,9624.18,7,0,5,4,0,0,842,20,24,0,0,0,47,43,0.46,1.0,5,0.035,0.02,0.01,0.05,2
-8269.63,-0.0827,91730.37,10962.32,0.1067,-0.581,-0.754,0.141,16,0.1875,3,13,7.6,False,True,-0.0827,0.0,1354.56,9624.18,7,0,5,4,0,0,842,20,24,0,0,0,47,43,0.46,1.0,5,0.035,0.02,0.01,0.05,3
-8269.63,-0.0827,91730.37,10962.32,0.1067,-0.581,-0.754,0.141,16,0.1875,3,13,7.6,False,True,-0.0827,0.0,1354.56,9624.18,7,0,5,4,0,0,842,20,24,0,0,0,47,43,0.46,1.0,5,0.035,0.02,0.02,0.03,1
-8269.63,-0.0827,91730.37,10962.32,0.1067,-0.581,-0.754,0.141,16,0.1875,3,13,7.6,False,True,-0.0827,0.0,1354.56,9624.18,7,0,5,4,0,0,842,20,24,0,0,0,47,43,0.46,1.0,5,0.035,0.02,0.02,0.03,2
-8269.63,-0.0827,91730.37,10962.32,0.1067,-0.581,-0.754,0.141,16,0.1875,3,13,7.6,False,True,-0.0827,0.0,1354.56,9624.18,7,0,5,4,0,0,842,20,24,0,0,0,47,43,0.46,1.0,5,0.035,0.02,0.02,0.03,3
-8269.63,-0.0827,91730.37,10962.32,0.1067,-0.581,-0.754,0.141,16,0.1875,3,13,7.6,False,True,-0.0827,0.0,1354.56,9624.18,7,0,5,4,0,0,842,20,24,0,0,0,47,43,0.46,1.0,5,0.035,0.02,0.02,0.05,1
-8269.63,-0.0827,91730.37,10962.32,0.1067,-0.581,-0.754,0.141,16,0.1875,3,13,7.6,False,True,-0.0827,0.0,1354.56,9624.18,7,0,5,4,0,0,842,20,24,0,0,0,47,43,0.46,1.0,5,0.035,0.02,0.02,0.05,2
-8269.63,-0.0827,91730.37,10962.32,0.1067,-0.581,-0.754,0.141,16,0.1875,3,13,7.6,False,True,-0.0827,0.0,1354.56,9624.18,7,0,5,4,0,0,842,20,24,0,0,0,47,43,0.46,1.0,5,0.035,0.02,0.02,0.05,3
-8269.63,-0.0827,91730.37,10962.32,0.1067,-0.581,-0.754,0.141,16,0.1875,3,13,7.6,False,True,-0.0827,0.0,1354.56,9624.18,7,0,5,4,0,0,842,20,24,0,0,0,47,43,0.46,1.0,5,0.035,0.03,0.01,0.03,1
-8269.63,-0.0827,91730.37,10962.32,0.1067,-0.581,-0.754,0.141,16,0.1875,3,13,7.6,False,True,-0.0827,0.0,1354.56,9624.18,7,0,5,4,0,0,842,20,24,0,0,0,47,43,0.46,1.0,5,0.035,0.03,0.01,0.03,2
-8269.63,-0.0827,91730.37,10962.32,0.1067,-0.581,-0.754,0.141,16,0.1875,3,13,7.6,False,True,-0.0827,0.0,1354.56,9624.18,7,0,5,4,0,0,842,20,24,0,0,0,47,43,0.46,1.0,5,0.035,0.03,0.01,0.03,3
-8269.63,-0.0827,91730.37,10962.32,0.1067,-0.581,-0.754,0.141,16,0.1875,3,13,7.6,False,True,-0.0827,0.0,1354.56,9624.18,7,0,5,4,0,0,842,20,24,0,0,0,47,43,0.46,1.0,5,0.035,0.03,0.01,0.05,1
-8269.63,-0.0827,91730.37,10962.32,0.1067,-0.581,-0.754,0.141,16,0.1875,3,13,7.6,False,True,-0.0827,0.0,1354.56,9624.18,7,0,5,4,0,0,842,20,24,0,0,0,47,43,0.46,1.0,5,0.035,0.03,0.01,0.05,2
-8269.63,-0.0827,91730.37,10962.32,0.1067,-0.581,-0.754,0.141,16,0.1875,3,13,7.6,False,True,-0.0827,0.0,1354.56,9624.18,7,0,5,4,0,0,842,20,24,0,0,0,47,43,0.46,1.0,5,0.035,0.03,0.01,0.05,3
-8269.63,-0.0827,91730.37,10962.32,0.1067,-0.581,-0.754,0.141,16,0.1875,3,13,7.6,False,True,-0.0827,0.0,1354.56,9624.18,7,0,5,4,0,0,842,20,24,0,0,0,47,43,0.46,1.0,5,0.035,0.03,0.02,0.03,1
-8269.63,-0.0827,91730.37,10962.32,0.1067,-0.581,-0.754,0.141,16,0.1875,3,13,7.6,False,True,-0.0827,0.0,1354.56,9624.18,7,0,5,4,0,0,842,20,24,0,0,0,47,43,0.46,1.0,5,0.035,0.03,0.02,0.03,2
-8269.63,-0.0827,91730.37,10962.32,0.1067,-0.581,-0.754,0.141,16,0.1875,3,13,7.6,False,True,-0.0827,0.0,1354.56,9624.18,7,0,5,4,0,0,842,20,24,0,0,0,47,43,0.46,1.0,5,0.035,0.03,0.02,0.03,3
-8269.63,-0.0827,91730.37,10962.32,0.1067,-0.581,-0.754,0.141,16,0.1875,3,13,7.6,False,True,-0.0827,0.0,1354.56,9624.18,7,0,5,4,0,0,842,20,24,0,0,0,47,43,0.46,1.0,5,0.035,0.03,0.02,0.05,1
-8269.63,-0.0827,91730.37,10962.32,0.1067,-0.581,-0.754,0.141,16,0.1875,3,13,7.6,False,True,-0.0827,0.0,1354.56,9624.18,7,0,5,4,0,0,842,20,24,0,0,0,47,43,0.46,1.0,5,0.035,0.03,0.02,0.05,2
-8269.63,-0.0827,91730.37,10962.32,0.1067,-0.581,-0.754,0.141,16,0.1875,3,13,7.6,False,True,-0.0827,0.0,1354.56,9624.18,7,0,5,4,0,0,842,20,24,0,0,0,47,43,0.46,1.0,5,0.035,0.03,0.02,0.05,3
-12206.65,-0.1221,87793.35,13644.08,0.1345,-0.696,-0.895,0.283,18,0.2222,4,14,8.4,False,True,-0.0958,0.0101,4826.92,17058.3,8,0,3,5,2,0,14,73,88,0,0,289,35,20,0.46,1.0,10,0.025,0.02,0.01,0.03,1
-12206.65,-0.1221,87793.35,13644.08,0.1345,-0.696,-0.895,0.283,18,0.2222,4,14,8.4,False,True,-0.0958,0.0101,4826.92,17058.3,8,0,3,5,2,0,14,73,88,0,0,289,35,20,0.46,1.0,10,0.025,0.02,0.01,0.03,2
-12206.65,-0.1221,87793.35,13644.08,0.1345,-0.696,-0.895,0.283,18,0.2222,4,14,8.4,False,True,-0.0958,0.0101,4826.92,17058.3,8,0,3,5,2,0,14,73,88,0,0,289,35,20,0.46,1.0,10,0.025,0.02,0.01,0.03,3
-9545.58,-0.0955,90454.42,13182.95,0.1272,-0.792,-0.724,0.441,22,0.1818,4,18,7.8,False,True,-0.0483,0.0197,8267.54,18753.26,10,0,5,5,2,0,14,74,91,0,0,289,35,24,0.46,1.0,10,0.025,0.02,0.01,0.05,1
-9545.58,-0.0955,90454.42,13182.95,0.1272,-0.792,-0.724,0.441,22,0.1818,4,18,7.8,False,True,-0.0483,0.0197,8267.54,18753.26,10,0,5,5,2,0,14,74,91,0,0,289,35,24,0.46,1.0,10,0.025,0.02,0.01,0.05,2
-9545.58,-0.0955,90454.42,13182.95,0.1272,-0.792,-0.724,0.441,22,0.1818,4,18,7.8,False,True,-0.0483,0.0197,8267.54,18753.26,10,0,5,5,2,0,14,74,91,0,0,289,35,24,0.46,1.0,10,0.025,0.02,0.01,0.05,3
-11672.95,-0.1167,88327.05,12033.33,0.1203,-0.943,-0.97,0.274,21,0.1905,4,17,7.7,False,True,-0.0597,0.0,4826.92,17597.56,9,0,4,5,3,0,14,75,26,0,0,0,35,22,0.46,1.0,10,0.025,0.02,0.02,0.03,1
-11672.95,-0.1167,88327.05,12033.33,0.1203,-0.943,-0.97,0.274,21,0.1905,4,17,7.7,False,True,-0.0597,0.0,4826.92,17597.56,9,0,4,5,3,0,14,75,26,0,0,0,35,22,0.46,1.0,10,0.025,0.02,0.02,0.03,2
-11672.95,-0.1167,88327.05,12033.33,0.1203,-0.943,-0.97,0.274,21,0.1905,4,17,7.7,False,True,-0.0597,0.0,4826.92,17597.56,9,0,4,5,3,0,14,75,26,0,0,0,35,22,0.46,1.0,10,0.025,0.02,0.02,0.03,3
-11198.43,-0.112,88801.57,14835.8,0.1432,-0.781,-0.755,0.424,20,0.2,4,16,7.0,False,True,-0.0762,0.0,8267.54,19519.27,10,0,2,5,3,0,14,53,21,0,0,0,35,15,0.46,1.0,10,0.025,0.02,0.02,0.05,1
-11198.43,-0.112,88801.57,14835.8,0.1432,-0.781,-0.755,0.424,20,0.2,4,16,7.0,False,True,-0.0762,0.0,8267.54,19519.27,10,0,2,5,3,0,14,53,21,0,0,0,35,15,0.46,1.0,10,0.025,0.02,0.02,0.05,2
-11198.43,-0.112,88801.57,14835.8,0.1432,-0.781,-0.755,0.424,20,0.2,4,16,7.0,False,True,-0.0762,0.0,8267.54,19519.27,10,0,2,5,3,0,14,53,21,0,0,0,35,15,0.46,1.0,10,0.025,0.02,0.02,0.05,3
-12206.65,-0.1221,87793.35,13644.08,0.1345,-0.696,-0.895,0.283,18,0.2222,4,14,8.4,False,True,-0.0958,0.0101,4826.92,17058.3,8,0,3,5,2,0,14,73,88,0,0,289,35,20,0.46,1.0,10,0.025,0.03,0.01,0.03,1
-12206.65,-0.1221,87793.35,13644.08,0.1345,-0.696,-0.895,0.283,18,0.2222,4,14,8.4,False,True,-0.0958,0.0101,4826.92,17058.3,8,0,3,5,2,0,14,73,88,0,0,289,35,20,0.46,1.0,10,0.025,0.03,0.01,0.03,2
-12206.65,-0.1221,87793.35,13644.08,0.1345,-0.696,-0.895,0.283,18,0.2222,4,14,8.4,False,True,-0.0958,0.0101,4826.92,17058.3,8,0,3,5,2,0,14,73,88,0,0,289,35,20,0.46,1.0,10,0.025,0.03,0.01,0.03,3
-9545.58,-0.0955,90454.42,13182.95,0.1272,-0.792,-0.724,0.441,22,0.1818,4,18,7.8,False,True,-0.0483,0.0197,8267.54,18753.26,10,0,5,5,2,0,14,74,91,0,0,289,35,24,0.46,1.0,10,0.025,0.03,0.01,0.05,1
-9545.58,-0.0955,90454.42,13182.95,0.1272,-0.792,-0.724,0.441,22,0.1818,4,18,7.8,False,True,-0.0483,0.0197,8267.54,18753.26,10,0,5,5,2,0,14,74,91,0,0,289,35,24,0.46,1.0,10,0.025,0.03,0.01,0.05,2
-9545.58,-0.0955,90454.42,13182.95,0.1272,-0.792,-0.724,0.441,22,0.1818,4,18,7.8,False,True,-0.0483,0.0197,8267.54,18753.26,10,0,5,5,2,0,14,74,91,0,0,289,35,24,0.46,1.0,10,0.025,0.03,0.01,0.05,3
-11672.95,-0.1167,88327.05,12033.33,0.1203,-0.943,-0.97,0.274,21,0.1905,4,17,7.7,False,True,-0.0597,0.0,4826.92,17597.56,9,0,4,5,3,0,14,75,26,0,0,0,35,22,0.46,1.0,10,0.025,0.03,0.02,0.03,1
-11672.95,-0.1167,88327.05,12033.33,0.1203,-0.943,-0.97,0.274,21,0.1905,4,17,7.7,False,True,-0.0597,0.0,4826.92,17597.56,9,0,4,5,3,0,14,75,26,0,0,0,35,22,0.46,1.0,10,0.025,0.03,0.02,0.03,2
-11672.95,-0.1167,88327.05,12033.33,0.1203,-0.943,-0.97,0.274,21,0.1905,4,17,7.7,False,True,-0.0597,0.0,4826.92,17597.56,9,0,4,5,3,0,14,75,26,0,0,0,35,22,0.46,1.0,10,0.025,0.03,0.02,0.03,3
-11198.43,-0.112,88801.57,14835.8,0.1432,-0.781,-0.755,0.424,20,0.2,4,16,7.0,False,True,-0.0762,0.0,8267.54,19519.27,10,0,2,5,3,0,14,53,21,0,0,0,35,15,0.46,1.0,10,0.025,0.03,0.02,0.05,1
-11198.43,-0.112,88801.57,14835.8,0.1432,-0.781,-0.755,0.424,20,0.2,4,16,7.0,False,True,-0.0762,0.0,8267.54,19519.27,10,0,2,5,3,0,14,53,21,0,0,0,35,15,0.46,1.0,10,0.025,0.03,0.02,0.05,2
-11198.43,-0.112,88801.57,14835.8,0.1432,-0.781,-0.755,0.424,20,0.2,4,16,7.0,False,True,-0.0762,0.0,8267.54,19519.27,10,0,2,5,3,0,14,53,21,0,0,0,35,15,0.46,1.0,10,0.025,0.03,0.02,0.05,3
-12756.11,-0.1276,87243.89,14988.36,0.1466,-0.761,-0.851,0.253,20,0.2,4,16,6.9,False,True,-0.0924,0.0,4826.92,19112.82,9,0,3,5,3,0,14,67,22,0,0,0,35,26,0.46,1.0,10,0.035,0.02,0.01,0.03,1
-12756.11,-0.1276,87243.89,14988.36,0.1466,-0.761,-0.851,0.253,20,0.2,4,16,6.9,False,True,-0.0924,0.0,4826.92,19112.82,9,0,3,5,3,0,14,67,22,0,0,0,35,26,0.46,1.0,10,0.035,0.02,0.01,0.03,2
-12756.11,-0.1276,87243.89,14988.36,0.1466,-0.761,-0.851,0.253,20,0.2,4,16,6.9,False,True,-0.0924,0.0,4826.92,19112.82,9,0,3,5,3,0,14,67,22,0,0,0,35,26,0.46,1.0,10,0.035,0.02,0.01,0.03,3
-9545.58,-0.0955,90454.42,13182.95,0.1272,-0.792,-0.724,0.441,22,0.1818,4,18,7.8,False,True,-0.0483,0.0197,8267.54,18753.26,10,0,5,5,2,0,14,74,91,0,0,289,35,24,0.46,1.0,10,0.035,0.02,0.01,0.05,1
-9545.58,-0.0955,90454.42,13182.95,0.1272,-0.792,-0.724,0.441,22,0.1818,4,18,7.8,False,True,-0.0483,0.0197,8267.54,18753.26,10,0,5,5,2,0,14,74,91,0,0,289,35,24,0.46,1.0,10,0.035,0.02,0.01,0.05,2
-9545.58,-0.0955,90454.42,13182.95,0.1272,-0.792,-0.724,0.441,22,0.1818,4,18,7.8,False,True,-0.0483,0.0197,8267.54,18753.26,10,0,5,5,2,0,14,74,91,0,0,289,35,24,0.46,1.0,10,0.035,0.02,0.01,0.05,3
-12756.11,-0.1276,87243.89,14988.36,0.1466,-0.761,-0.851,0.253,20,0.2,4,16,6.9,False,True,-0.0924,0.0,4826.92,19112.82,9,0,3,5,3,0,14,67,22,0,0,0,35,26,0.46,1.0,10,0.035,0.02,0.02,0.03,1
-12756.11,-0.1276,87243.89,14988.36,0.1466,-0.761,-0.851,0.253,20,0.2,4,16,6.9,False,True,-0.0924,0.0,4826.92,19112.82,9,0,3,5,3,0,14,67,22,0,0,0,35,26,0.46,1.0,10,0.035,0.02,0.02,0.03,2
-12756.11,-0.1276,87243.89,14988.36,0.1466,-0.761,-0.851,0.253,20,0.2,4,16,6.9,False,True,-0.0924,0.0,4826.92,19112.82,9,0,3,5,3,0,14,67,22,0,0,0,35,26,0.46,1.0,10,0.035,0.02,0.02,0.03,3
-11198.43,-0.112,88801.57,14835.8,0.1432,-0.781,-0.755,0.424,20,0.2,4,16,7.0,False,True,-0.0762,0.0,8267.54,19519.27,10,0,2,5,3,0,14,53,21,0,0,0,35,15,0.46,1.0,10,0.035,0.02,0.02,0.05,1
-11198.43,-0.112,88801.57,14835.8,0.1432,-0.781,-0.755,0.424,20,0.2,4,16,7.0,False,True,-0.0762,0.0,8267.54,19519.27,10,0,2,5,3,0,14,53,21,0,0,0,35,15,0.46,1.0,10,0.035,0.02,0.02,0.05,2
-11198.43,-0.112,88801.57,14835.8,0.1432,-0.781,-0.755,0.424,20,0.2,4,16,7.0,False,True,-0.0762,0.0,8267.54,19519.27,10,0,2,5,3,0,14,53,21,0,0,0,35,15,0.46,1.0,10,0.035,0.02,0.02,0.05,3
-12756.11,-0.1276,87243.89,14988.36,0.1466,-0.761,-0.851,0.253,20,0.2,4,16,6.9,False,True,-0.0924,0.0,4826.92,19112.82,9,0,3,5,3,0,14,67,22,0,0,0,35,26,0.46,1.0,10,0.035,0.03,0.01,0.03,1
-12756.11,-0.1276,87243.89,14988.36,0.1466,-0.761,-0.851,0.253,20,0.2,4,16,6.9,False,True,-0.0924,0.0,4826.92,19112.82,9,0,3,5,3,0,14,67,22,0,0,0,35,26,0.46,1.0,10,0.035,0.03,0.01,0.03,2
-12756.11,-0.1276,87243.89,14988.36,0.1466,-0.761,-0.851,0.253,20,0.2,4,16,6.9,False,True,-0.0924,0.0,4826.92,19112.82,9,0,3,5,3,0,14,67,22,0,0,0,35,26,0.46,1.0,10,0.035,0.03,0.01,0.03,3
-9545.58,-0.0955,90454.42,13182.95,0.1272,-0.792,-0.724,0.441,22,0.1818,4,18,7.8,False,True,-0.0483,0.0197,8267.54,18753.26,10,0,5,5,2,0,14,74,91,0,0,289,35,24,0.46,1.0,10,0.035,0.03,0.01,0.05,1
-9545.58,-0.0955,90454.42,13182.95,0.1272,-0.792,-0.724,0.441,22,0.1818,4,18,7.8,False,True,-0.0483,0.0197,8267.54,18753.26,10,0,5,5,2,0,14,74,91,0,0,289,35,24,0.46,1.0,10,0.035,0.03,0.01,0.05,2
-9545.58,-0.0955,90454.42,13182.95,0.1272,-0.792,-0.724,0.441,22,0.1818,4,18,7.8,False,True,-0.0483,0.0197,8267.54,18753.26,10,0,5,5,2,0,14,74,91,0,0,289,35,24,0.46,1.0,10,0.035,0.03,0.01,0.05,3
-12756.11,-0.1276,87243.89,14988.36,0.1466,-0.761,-0.851,0.253,20,0.2,4,16,6.9,False,True,-0.0924,0.0,4826.92,19112.82,9,0,3,5,3,0,14,67,22,0,0,0,35,26,0.46,1.0,10,0.035,0.03,0.02,0.03,1
-12756.11,-0.1276,87243.89,14988.36,0.1466,-0.761,-0.851,0.253,20,0.2,4,16,6.9,False,True,-0.0924,0.0,4826.92,19112.82,9,0,3,5,3,0,14,67,22,0,0,0,35,26,0.46,1.0,10,0.035,0.03,0.02,0.03,2
-12756.11,-0.1276,87243.89,14988.36,0.1466,-0.761,-0.851,0.253,20,0.2,4,16,6.9,False,True,-0.0924,0.0,4826.92,19112.82,9,0,3,5,3,0,14,67,22,0,0,0,35,26,0.46,1.0,10,0.035,0.03,0.02,0.03,3
-11198.43,-0.112,88801.57,14835.8,0.1432,-0.781,-0.755,0.424,20,0.2,4,16,7.0,False,True,-0.0762,0.0,8267.54,19519.27,10,0,2,5,3,0,14,53,21,0,0,0,35,15,0.46,1.0,10,0.035,0.03,0.02,0.05,1
-11198.43,-0.112,88801.57,14835.8,0.1432,-0.781,-0.755,0.424,20,0.2,4,16,7.0,False,True,-0.0762,0.0,8267.54,19519.27,10,0,2,5,3,0,14,53,21,0,0,0,35,15,0.46,1.0,10,0.035,0.03,0.02,0.05,2
-11198.43,-0.112,88801.57,14835.8,0.1432,-0.781,-0.755,0.424,20,0.2,4,16,7.0,False,True,-0.0762,0.0,8267.54,19519.27,10,0,2,5,3,0,14,53,21,0,0,0,35,15,0.46,1.0,10,0.035,0.03,0.02,0.05,3
-12206.65,-0.1221,87793.35,13644.08,0.1345,-0.696,-0.895,0.283,18,0.2222,4,14,8.4,False,True,-0.0958,0.0101,4826.92,17058.3,8,0,3,5,2,0,0,84,88,0,0,289,35,20,0.46,1.0,15,0.025,0.02,0.01,0.03,1
-12206.65,-0.1221,87793.35,13644.08,0.1345,-0.696,-0.895,0.283,18,0.2222,4,14,8.4,False,True,-0.0958,0.0101,4826.92,17058.3,8,0,3,5,2,0,0,84,88,0,0,289,35,20,0.46,1.0,15,0.025,0.02,0.01,0.03,2
-12206.65,-0.1221,87793.35,13644.08,0.1345,-0.696,-0.895,0.283,18,0.2222,4,14,8.4,False,True,-0.0958,0.0101,4826.92,17058.3,8,0,3,5,2,0,0,84,88,0,0,289,35,20,0.46,1.0,15,0.025,0.02,0.01,0.03,3
-9545.58,-0.0955,90454.42,13182.95,0.1272,-0.792,-0.724,0.441,22,0.1818,4,18,7.8,False,True,-0.0483,0.0197,8267.54,18753.26,10,0,5,5,2,0,0,85,91,0,0,289,35,24,0.46,1.0,15,0.025,0.02,0.01,0.05,1
-9545.58,-0.0955,90454.42,13182.95,0.1272,-0.792,-0.724,0.441,22,0.1818,4,18,7.8,False,True,-0.0483,0.0197,8267.54,18753.26,10,0,5,5,2,0,0,85,91,0,0,289,35,24,0.46,1.0,15,0.025,0.02,0.01,0.05,2
-9545.58,-0.0955,90454.42,13182.95,0.1272,-0.792,-0.724,0.441,22,0.1818,4,18,7.8,False,True,-0.0483,0.0197,8267.54,18753.26,10,0,5,5,2,0,0,85,91,0,0,289,35,24,0.46,1.0,15,0.025,0.02,0.01,0.05,3
-11672.95,-0.1167,88327.05,12033.33,0.1203,-0.943,-0.97,0.274,21,0.1905,4,17,7.7,False,True,-0.0597,0.0,4826.92,17597.56,9,0,4,5,3,0,0,86,26,0,0,0,35,22,0.46,1.0,15,0.025,0.02,0.02,0.03,1
-11672.95,-0.1167,88327.05,12033.33,0.1203,-0.943,-0.97,0.274,21,0.1905,4,17,7.7,False,True,-0.0597,0.0,4826.92,17597.56,9,0,4,5,3,0,0,86,26,0,0,0,35,22,0.46,1.0,15,0.025,0.02,0.02,0.03,2
-11672.95,-0.1167,88327.05,12033.33,0.1203,-0.943,-0.97,0.274,21,0.1905,4,17,7.7,False,True,-0.0597,0.0,4826.92,17597.56,9,0,4,5,3,0,0,86,26,0,0,0,35,22,0.46,1.0,15,0.025,0.02,0.02,0.03,3
-11198.43,-0.112,88801.57,14835.8,0.1432,-0.781,-0.755,0.424,20,0.2,4,16,7.0,False,True,-0.0762,0.0,8267.54,19519.27,10,0,2,5,3,0,0,64,21,0,0,0,35,15,0.46,1.0,15,0.025,0.02,0.02,0.05,1
-11198.43,-0.112,88801.57,14835.8,0.1432,-0.781,-0.755,0.424,20,0.2,4,16,7.0,False,True,-0.0762,0.0,8267.54,19519.27,10,0,2,5,3,0,0,64,21,0,0,0,35,15,0.46,1.0,15,0.025,0.02,0.02,0.05,2
-11198.43,-0.112,88801.57,14835.8,0.1432,-0.781,-0.755,0.424,20,0.2,4,16,7.0,False,True,-0.0762,0.0,8267.54,19519.27,10,0,2,5,3,0,0,64,21,0,0,0,35,15,0.46,1.0,15,0.025,0.02,0.02,0.05,3
-12206.65,-0.1221,87793.35,13644.08,0.1345,-0.696,-0.895,0.283,18,0.2222,4,14,8.4,False,True,-0.0958,0.0101,4826.92,17058.3,8,0,3,5,2,0,0,84,88,0,0,289,35,20,0.46,1.0,15,0.025,0.03,0.01,0.03,1
-12206.65,-0.1221,87793.35,13644.08,0.1345,-0.696,-0.895,0.283,18,0.2222,4,14,8.4,False,True,-0.0958,0.0101,4826.92,17058.3,8,0,3,5,2,0,0,84,88,0,0,289,35,20,0.46,1.0,15,0.025,0.03,0.01,0.03,2
-12206.65,-0.1221,87793.35,13644.08,0.1345,-0.696,-0.895,0.283,18,0.2222,4,14,8.4,False,True,-0.0958,0.0101,4826.92,17058.3,8,0,3,5,2,0,0,84,88,0,0,289,35,20,0.46,1.0,15,0.025,0.03,0.01,0.03,3
-9545.58,-0.0955,90454.42,13182.95,0.1272,-0.792,-0.724,0.441,22,0.1818,4,18,7.8,False,True,-0.0483,0.0197,8267.54,18753.26,10,0,5,5,2,0,0,85,91,0,0,289,35,24,0.46,1.0,15,0.025,0.03,0.01,0.05,1
-9545.58,-0.0955,90454.42,13182.95,0.1272,-0.792,-0.724,0.441,22,0.1818,4,18,7.8,False,True,-0.0483,0.0197,8267.54,18753.26,10,0,5,5,2,0,0,85,91,0,0,289,35,24,0.46,1.0,15,0.025,0.03,0.01,0.05,2
-9545.58,-0.0955,90454.42,13182.95,0.1272,-0.792,-0.724,0.441,22,0.1818,4,18,7.8,False,True,-0.0483,0.0197,8267.54,18753.26,10,0,5,5,2,0,0,85,91,0,0,289,35,24,0.46,1.0,15,0.025,0.03,0.01,0.05,3
-11672.95,-0.1167,88327.05,12033.33,0.1203,-0.943,-0.97,0.274,21,0.1905,4,17,7.7,False,True,-0.0597,0.0,4826.92,17597.56,9,0,4,5,3,0,0,86,26,0,0,0,35,22,0.46,1.0,15,0.025,0.03,0.02,0.03,1
-11672.95,-0.1167,88327.05,12033.33,0.1203,-0.943,-0.97,0.274,21,0.1905,4,17,7.7,False,True,-0.0597,0.0,4826.92,17597.56,9,0,4,5,3,0,0,86,26,0,0,0,35,22,0.46,1.0,15,0.025,0.03,0.02,0.03,2
-11672.95,-0.1167,88327.05,12033.33,0.1203,-0.943,-0.97,0.274,21,0.1905,4,17,7.7,False,True,-0.0597,0.0,4826.92,17597.56,9,0,4,5,3,0,0,86,26,0,0,0,35,22,0.46,1.0,15,0.025,0.03,0.02,0.03,3
-11198.43,-0.112,88801.57,14835.8,0.1432,-0.781,-0.755,0.424,20,0.2,4,16,7.0,False,True,-0.0762,0.0,8267.54,19519.27,10,0,2,5,3,0,0,64,21,0,0,0,35,15,0.46,1.0,15,0.025,0.03,0.02,0.05,1
-11198.43,-0.112,88801.57,14835.8,0.1432,-0.781,-0.755,0.424,20,0.2,4,16,7.0,False,True,-0.0762,0.0,8267.54,19519.27,10,0,2,5,3,0,0,64,21,0,0,0,35,15,0.46,1.0,15,0.025,0.03,0.02,0.05,2
-11198.43,-0.112,88801.57,14835.8,0.1432,-0.781,-0.755,0.424,20,0.2,4,16,7.0,False,True,-0.0762,0.0,8267.54,19519.27,10,0,2,5,3,0,0,64,21,0,0,0,35,15,0.46,1.0,15,0.025,0.03,0.02,0.05,3
-12756.11,-0.1276,87243.89,14988.36,0.1466,-0.761,-0.851,0.253,20,0.2,4,16,6.9,False,True,-0.0924,0.0,4826.92,19112.82,9,0,3,5,3,0,0,78,22,0,0,0,35,26,0.46,1.0,15,0.035,0.02,0.01,0.03,1
-12756.11,-0.1276,87243.89,14988.36,0.1466,-0.761,-0.851,0.253,20,0.2,4,16,6.9,False,True,-0.0924,0.0,4826.92,19112.82,9,0,3,5,3,0,0,78,22,0,0,0,35,26,0.46,1.0,15,0.035,0.02,0.01,0.03,2
-12756.11,-0.1276,87243.89,14988.36,0.1466,-0.761,-0.851,0.253,20,0.2,4,16,6.9,False,True,-0.0924,0.0,4826.92,19112.82,9,0,3,5,3,0,0,78,22,0,0,0,35,26,0.46,1.0,15,0.035,0.02,0.01,0.03,3
-9545.58,-0.0955,90454.42,13182.95,0.1272,-0.792,-0.724,0.441,22,0.1818,4,18,7.8,False,True,-0.0483,0.0197,8267.54,18753.26,10,0,5,5,2,0,0,85,91,0,0,289,35,24,0.46,1.0,15,0.035,0.02,0.01,0.05,1
-9545.58,-0.0955,90454.42,13182.95,0.1272,-0.792,-0.724,0.441,22,0.1818,4,18,7.8,False,True,-0.0483,0.0197,8267.54,18753.26,10,0,5,5,2,0,0,85,91,0,0,289,35,24,0.46,1.0,15,0.035,0.02,0.01,0.05,2
-9545.58,-0.0955,90454.42,13182.95,0.1272,-0.792,-0.724,0.441,22,0.1818,4,18,7.8,False,True,-0.0483,0.0197,8267.54,18753.26,10,0,5,5,2,0,0,85,91,0,0,289,35,24,0.46,1.0,15,0.035,0.02,0.01,0.05,3
-12756.11,-0.1276,87243.89,14988.36,0.1466,-0.761,-0.851,0.253,20,0.2,4,16,6.9,False,True,-0.0924,0.0,4826.92,19112.82,9,0,3,5,3,0,0,78,22,0,0,0,35,26,0.46,1.0,15,0.035,0.02,0.02,0.03,1
-12756.11,-0.1276,87243.89,14988.36,0.1466,-0.761,-0.851,0.253,20,0.2,4,16,6.9,False,True,-0.0924,0.0,4826.92,19112.82,9,0,3,5,3,0,0,78,22,0,0,0,35,26,0.46,1.0,15,0.035,0.02,0.02,0.03,2
-12756.11,-0.1276,87243.89,14988.36,0.1466,-0.761,-0.851,0.253,20,0.2,4,16,6.9,False,True,-0.0924,0.0,4826.92,19112.82,9,0,3,5,3,0,0,78,22,0,0,0,35,26,0.46,1.0,15,0.035,0.02,0.02,0.03,3
-11198.43,-0.112,88801.57,14835.8,0.1432,-0.781,-0.755,0.424,20,0.2,4,16,7.0,False,True,-0.0762,0.0,8267.54,19519.27,10,0,2,5,3,0,0,64,21,0,0,0,35,15,0.46,1.0,15,0.035,0.02,0.02,0.05,1
-11198.43,-0.112,88801.57,14835.8,0.1432,-0.781,-0.755,0.424,20,0.2,4,16,7.0,False,True,-0.0762,0.0,8267.54,19519.27,10,0,2,5,3,0,0,64,21,0,0,0,35,15,0.46,1.0,15,0.035,0.02,0.02,0.05,2
-11198.43,-0.112,88801.57,14835.8,0.1432,-0.781,-0.755,0.424,20,0.2,4,16,7.0,False,True,-0.0762,0.0,8267.54,19519.27,10,0,2,5,3,0,0,64,21,0,0,0,35,15,0.46,1.0,15,0.035,0.02,0.02,0.05,3
-12756.11,-0.1276,87243.89,14988.36,0.1466,-0.761,-0.851,0.253,20,0.2,4,16,6.9,False,True,-0.0924,0.0,4826.92,19112.82,9,0,3,5,3,0,0,78,22,0,0,0,35,26,0.46,1.0,15,0.035,0.03,0.01,0.03,1
-12756.11,-0.1276,87243.89,14988.36,0.1466,-0.761,-0.851,0.253,20,0.2,4,16,6.9,False,True,-0.0924,0.0,4826.92,19112.82,9,0,3,5,3,0,0,78,22,0,0,0,35,26,0.46,1.0,15,0.035,0.03,0.01,0.03,2
-12756.11,-0.1276,87243.89,14988.36,0.1466,-0.761,-0.851,0.253,20,0.2,4,16,6.9,False,True,-0.0924,0.0,4826.92,19112.82,9,0,3,5,3,0,0,78,22,0,0,0,35,26,0.46,1.0,15,0.035,0.03,0.01,0.03,3
-9545.58,-0.0955,90454.42,13182.95,0.1272,-0.792,-0.724,0.441,22,0.1818,4,18,7.8,False,True,-0.0483,0.0197,8267.54,18753.26,10,0,5,5,2,0,0,85,91,0,0,289,35,24,0.46,1.0,15,0.035,0.03,0.01,0.05,1
-9545.58,-0.0955,90454.42,13182.95,0.1272,-0.792,-0.724,0.441,22,0.1818,4,18,7.8,False,True,-0.0483,0.0197,8267.54,18753.26,10,0,5,5,2,0,0,85,91,0,0,289,35,24,0.46,1.0,15,0.035,0.03,0.01,0.05,2
-9545.58,-0.0955,90454.42,13182.95,0.1272,-0.792,-0.724,0.441,22,0.1818,4,18,7.8,False,True,-0.0483,0.0197,8267.54,18753.26,10,0,5,5,2,0,0,85,91,0,0,289,35,24,0.46,1.0,15,0.035,0.03,0.01,0.05,3
-12756.11,-0.1276,87243.89,14988.36,0.1466,-0.761,-0.851,0.253,20,0.2,4,16,6.9,False,True,-0.0924,0.0,4826.92,19112.82,9,0,3,5,3,0,0,78,22,0,0,0,35,26,0.46,1.0,15,0.035,0.03,0.02,0.03,1
-12756.11,-0.1276,87243.89,14988.36,0.1466,-0.761,-0.851,0.253,20,0.2,4,16,6.9,False,True,-0.0924,0.0,4826.92,19112.82,9,0,3,5,3,0,0,78,22,0,0,0,35,26,0.46,1.0,15,0.035,0.03,0.02,0.03,2
-12756.11,-0.1276,87243.89,14988.36,0.1466,-0.761,-0.851,0.253,20,0.2,4,16,6.9,False,True,-0.0924,0.0,4826.92,19112.82,9,0,3,5,3,0,0,78,22,0,0,0,35,26,0.46,1.0,15,0.035,0.03,0.02,0.03,3
-11198.43,-0.112,88801.57,14835.8,0.1432,-0.781,-0.755,0.424,20,0.2,4,16,7.0,False,True,-0.0762,0.0,8267.54,19519.27,10,0,2,5,3,0,0,64,21,0,0,0,35,15,0.46,1.0,15,0.035,0.03,0.02,0.05,1
-11198.43,-0.112,88801.57,14835.8,0.1432,-0.781,-0.755,0.424,20,0.2,4,16,7.0,False,True,-0.0762,0.0,8267.54,19519.27,10,0,2,5,3,0,0,64,21,0,0,0,35,15,0.46,1.0,15,0.035,0.03,0.02,0.05,2
-11198.43,-0.112,88801.57,14835.8,0.1432,-0.781,-0.755,0.424,20,0.2,4,16,7.0,False,True,-0.0762,0.0,8267.54,19519.27,10,0,2,5,3,0,0,64,21,0,0,0,35,15,0.46,1.0,15,0.035,0.03,0.02,0.05,3
-10412.48,-0.1041,89587.52,13320.13,0.1305,-0.741,-0.782,0.034,9,0.1111,1,8,5.0,False,True,-0.0786,0.0,591.82,17458.57,4,0,1,2,2,0,41,31,11,0,0,0,35,5,0.46,1.5,5,0.025,0.02,0.01,0.03,1
-10412.48,-0.1041,89587.52,13320.13,0.1305,-0.741,-0.782,0.034,9,0.1111,1,8,5.0,False,True,-0.0786,0.0,591.82,17458.57,4,0,1,2,2,0,41,31,11,0,0,0,35,5,0.46,1.5,5,0.025,0.02,0.01,0.03,2
-10412.48,-0.1041,89587.52,13320.13,0.1305,-0.741,-0.782,0.034,9,0.1111,1,8,5.0,False,True,-0.0786,0.0,591.82,17458.57,4,0,1,2,2,0,41,31,11,0,0,0,35,5,0.46,1.5,5,0.025,0.02,0.01,0.03,3
-10412.48,-0.1041,89587.52,13320.13,0.1305,-0.741,-0.782,0.034,9,0.1111,1,8,5.0,False,True,-0.0786,0.0,591.82,17458.57,4,0,1,2,2,0,41,31,11,0,0,0,35,5,0.46,1.5,5,0.025,0.02,0.01,0.05,1
-10412.48,-0.1041,89587.52,13320.13,0.1305,-0.741,-0.782,0.034,9,0.1111,1,8,5.0,False,True,-0.0786,0.0,591.82,17458.57,4,0,1,2,2,0,41,31,11,0,0,0,35,5,0.46,1.5,5,0.025,0.02,0.01,0.05,2
-10412.48,-0.1041,89587.52,13320.13,0.1305,-0.741,-0.782,0.034,9,0.1111,1,8,5.0,False,True,-0.0786,0.0,591.82,17458.57,4,0,1,2,2,0,41,31,11,0,0,0,35,5,0.46,1.5,5,0.025,0.02,0.01,0.05,3
-10412.48,-0.1041,89587.52,13320.13,0.1305,-0.741,-0.782,0.034,9,0.1111,1,8,5.0,False,True,-0.0786,0.0,591.82,17458.57,4,0,1,2,2,0,41,31,11,0,0,0,35,5,0.46,1.5,5,0.025,0.02,0.02,0.03,1
-10412.48,-0.1041,89587.52,13320.13,0.1305,-0.741,-0.782,0.034,9,0.1111,1,8,5.0,False,True,-0.0786,0.0,591.82,17458.57,4,0,1,2,2,0,41,31,11,0,0,0,35,5,0.46,1.5,5,0.025,0.02,0.02,0.03,2
-10412.48,-0.1041,89587.52,13320.13,0.1305,-0.741,-0.782,0.034,9,0.1111,1,8,5.0,False,True,-0.0786,0.0,591.82,17458.57,4,0,1,2,2,0,41,31,11,0,0,0,35,5,0.46,1.5,5,0.025,0.02,0.02,0.03,3
-10412.48,-0.1041,89587.52,13320.13,0.1305,-0.741,-0.782,0.034,9,0.1111,1,8,5.0,False,True,-0.0786,0.0,591.82,17458.57,4,0,1,2,2,0,41,31,11,0,0,0,35,5,0.46,1.5,5,0.025,0.02,0.02,0.05,1
-10412.48,-0.1041,89587.52,13320.13,0.1305,-0.741,-0.782,0.034,9,0.1111,1,8,5.0,False,True,-0.0786,0.0,591.82,17458.57,4,0,1,2,2,0,41,31,11,0,0,0,35,5,0.46,1.5,5,0.025,0.02,0.02,0.05,2
-10412.48,-0.1041,89587.52,13320.13,0.1305,-0.741,-0.782,0.034,9,0.1111,1,8,5.0,False,True,-0.0786,0.0,591.82,17458.57,4,0,1,2,2,0,41,31,11,0,0,0,35,5,0.46,1.5,5,0.025,0.02,0.02,0.05,3
-10412.48,-0.1041,89587.52,13320.13,0.1305,-0.741,-0.782,0.034,9,0.1111,1,8,5.0,False,True,-0.0786,0.0,591.82,17458.57,4,0,1,2,2,0,41,31,11,0,0,0,35,5,0.46,1.5,5,0.025,0.03,0.01,0.03,1
-10412.48,-0.1041,89587.52,13320.13,0.1305,-0.741,-0.782,0.034,9,0.1111,1,8,5.0,False,True,-0.0786,0.0,591.82,17458.57,4,0,1,2,2,0,41,31,11,0,0,0,35,5,0.46,1.5,5,0.025,0.03,0.01,0.03,2
-10412.48,-0.1041,89587.52,13320.13,0.1305,-0.741,-0.782,0.034,9,0.1111,1,8,5.0,False,True,-0.0786,0.0,591.82,17458.57,4,0,1,2,2,0,41,31,11,0,0,0,35,5,0.46,1.5,5,0.025,0.03,0.01,0.03,3
-10412.48,-0.1041,89587.52,13320.13,0.1305,-0.741,-0.782,0.034,9,0.1111,1,8,5.0,False,True,-0.0786,0.0,591.82,17458.57,4,0,1,2,2,0,41,31,11,0,0,0,35,5,0.46,1.5,5,0.025,0.03,0.01,0.05,1
-10412.48,-0.1041,89587.52,13320.13,0.1305,-0.741,-0.782,0.034,9,0.1111,1,8,5.0,False,True,-0.0786,0.0,591.82,17458.57,4,0,1,2,2,0,41,31,11,0,0,0,35,5,0.46,1.5,5,0.025,0.03,0.01,0.05,2
-10412.48,-0.1041,89587.52,13320.13,0.1305,-0.741,-0.782,0.034,9,0.1111,1,8,5.0,False,True,-0.0786,0.0,591.82,17458.57,4,0,1,2,2,0,41,31,11,0,0,0,35,5,0.46,1.5,5,0.025,0.03,0.01,0.05,3
-10412.48,-0.1041,89587.52,13320.13,0.1305,-0.741,-0.782,0.034,9,0.1111,1,8,5.0,False,True,-0.0786,0.0,591.82,17458.57,4,0,1,2,2,0,41,31,11,0,0,0,35,5,0.46,1.5,5,0.025,0.03,0.02,0.03,1
-10412.48,-0.1041,89587.52,13320.13,0.1305,-0.741,-0.782,0.034,9,0.1111,1,8,5.0,False,True,-0.0786,0.0,591.82,17458.57,4,0,1,2,2,0,41,31,11,0,0,0,35,5,0.46,1.5,5,0.025,0.03,0.02,0.03,2
-10412.48,-0.1041,89587.52,13320.13,0.1305,-0.741,-0.782,0.034,9,0.1111,1,8,5.0,False,True,-0.0786,0.0,591.82,17458.57,4,0,1,2,2,0,41,31,11,0,0,0,35,5,0.46,1.5,5,0.025,0.03,0.02,0.03,3
-10412.48,-0.1041,89587.52,13320.13,0.1305,-0.741,-0.782,0.034,9,0.1111,1,8,5.0,False,True,-0.0786,0.0,591.82,17458.57,4,0,1,2,2,0,41,31,11,0,0,0,35,5,0.46,1.5,5,0.025,0.03,0.02,0.05,1
-10412.48,-0.1041,89587.52,13320.13,0.1305,-0.741,-0.782,0.034,9,0.1111,1,8,5.0,False,True,-0.0786,0.0,591.82,17458.57,4,0,1,2,2,0,41,31,11,0,0,0,35,5,0.46,1.5,5,0.025,0.03,0.02,0.05,2
-10412.48,-0.1041,89587.52,13320.13,0.1305,-0.741,-0.782,0.034,9,0.1111,1,8,5.0,False,True,-0.0786,0.0,591.82,17458.57,4,0,1,2,2,0,41,31,11,0,0,0,35,5,0.46,1.5,5,0.025,0.03,0.02,0.05,3
-10091.04,-0.1009,89908.96,11145.43,0.1103,-0.69,-0.905,0.362,16,0.1875,3,13,5.9,False,True,-0.0718,0.0148,5751.99,15895.54,7,0,3,4,2,0,189,63,90,0,0,289,38,31,0.46,1.5,5,0.035,0.02,0.01,0.03,1
-10091.04,-0.1009,89908.96,11145.43,0.1103,-0.69,-0.905,0.362,16,0.1875,3,13,5.9,False,True,-0.0718,0.0148,5751.99,15895.54,7,0,3,4,2,0,189,63,90,0,0,289,38,31,0.46,1.5,5,0.035,0.02,0.01,0.03,2
-10091.04,-0.1009,89908.96,11145.43,0.1103,-0.69,-0.905,0.362,16,0.1875,3,13,5.9,False,True,-0.0718,0.0148,5751.99,15895.54,7,0,3,4,2,0,189,63,90,0,0,289,38,31,0.46,1.5,5,0.035,0.02,0.01,0.03,3
-12041.89,-0.1204,87958.11,13077.86,0.1305,-0.794,-0.921,0.031,11,0.0909,1,10,4.6,False,True,-0.0786,0.0,591.82,18970.59,5,0,2,2,2,0,189,31,12,0,0,0,38,13,0.46,1.5,5,0.035,0.02,0.01,0.05,1
-12041.89,-0.1204,87958.11,13077.86,0.1305,-0.794,-0.921,0.031,11,0.0909,1,10,4.6,False,True,-0.0786,0.0,591.82,18970.59,5,0,2,2,2,0,189,31,12,0,0,0,38,13,0.46,1.5,5,0.035,0.02,0.01,0.05,2
-12041.89,-0.1204,87958.11,13077.86,0.1305,-0.794,-0.921,0.031,11,0.0909,1,10,4.6,False,True,-0.0786,0.0,591.82,18970.59,5,0,2,2,2,0,189,31,12,0,0,0,38,13,0.46,1.5,5,0.035,0.02,0.01,0.05,3
-11306.95,-0.1131,88693.05,12910.57,0.1278,-1.0,-0.876,0.307,18,0.1667,3,15,5.8,False,True,-0.0454,0.0,5751.99,18731.8,8,0,4,4,2,0,189,64,27,0,0,0,38,30,0.46,1.5,5,0.035,0.02,0.02,0.03,1
-11306.95,-0.1131,88693.05,12910.57,0.1278,-1.0,-0.876,0.307,18,0.1667,3,15,5.8,False,True,-0.0454,0.0,5751.99,18731.8,8,0,4,4,2,0,189,64,27,0,0,0,38,30,0.46,1.5,5,0.035,0.02,0.02,0.03,2
-11306.95,-0.1131,88693.05,12910.57,0.1278,-1.0,-0.876,0.307,18,0.1667,3,15,5.8,False,True,-0.0454,0.0,5751.99,18731.8,8,0,4,4,2,0,189,64,27,0,0,0,38,30,0.46,1.5,5,0.035,0.02,0.02,0.03,3
-12041.89,-0.1204,87958.11,13077.86,0.1305,-0.794,-0.921,0.031,11,0.0909,1,10,4.6,False,True,-0.0786,0.0,591.82,18970.59,5,0,2,2,2,0,189,31,12,0,0,0,38,13,0.46,1.5,5,0.035,0.02,0.02,0.05,1
-12041.89,-0.1204,87958.11,13077.86,0.1305,-0.794,-0.921,0.031,11,0.0909,1,10,4.6,False,True,-0.0786,0.0,591.82,18970.59,5,0,2,2,2,0,189,31,12,0,0,0,38,13,0.46,1.5,5,0.035,0.02,0.02,0.05,2
-12041.89,-0.1204,87958.11,13077.86,0.1305,-0.794,-0.921,0.031,11,0.0909,1,10,4.6,False,True,-0.0786,0.0,591.82,18970.59,5,0,2,2,2,0,189,31,12,0,0,0,38,13,0.46,1.5,5,0.035,0.02,0.02,0.05,3
-10091.04,-0.1009,89908.96,11145.43,0.1103,-0.69,-0.905,0.362,16,0.1875,3,13,5.9,False,True,-0.0718,0.0148,5751.99,15895.54,7,0,3,4,2,0,189,63,90,0,0,289,38,31,0.46,1.5,5,0.035,0.03,0.01,0.03,1
-10091.04,-0.1009,89908.96,11145.43,0.1103,-0.69,-0.905,0.362,16,0.1875,3,13,5.9,False,True,-0.0718,0.0148,5751.99,15895.54,7,0,3,4,2,0,189,63,90,0,0,289,38,31,0.46,1.5,5,0.035,0.03,0.01,0.03,2
-10091.04,-0.1009,89908.96,11145.43,0.1103,-0.69,-0.905,0.362,16,0.1875,3,13,5.9,False,True,-0.0718,0.0148,5751.99,15895.54,7,0,3,4,2,0,189,63,90,0,0,289,38,31,0.46,1.5,5,0.035,0.03,0.01,0.03,3
-12041.89,-0.1204,87958.11,13077.86,0.1305,-0.794,-0.921,0.031,11,0.0909,1,10,4.6,False,True,-0.0786,0.0,591.82,18970.59,5,0,2,2,2,0,189,31,12,0,0,0,38,13,0.46,1.5,5,0.035,0.03,0.01,0.05,1
-12041.89,-0.1204,87958.11,13077.86,0.1305,-0.794,-0.921,0.031,11,0.0909,1,10,4.6,False,True,-0.0786,0.0,591.82,18970.59,5,0,2,2,2,0,189,31,12,0,0,0,38,13,0.46,1.5,5,0.035,0.03,0.01,0.05,2
-12041.89,-0.1204,87958.11,13077.86,0.1305,-0.794,-0.921,0.031,11,0.0909,1,10,4.6,False,True,-0.0786,0.0,591.82,18970.59,5,0,2,2,2,0,189,31,12,0,0,0,38,13,0.46,1.5,5,0.035,0.03,0.01,0.05,3
-11306.95,-0.1131,88693.05,12910.57,0.1278,-1.0,-0.876,0.307,18,0.1667,3,15,5.8,False,True,-0.0454,0.0,5751.99,18731.8,8,0,4,4,2,0,189,64,27,0,0,0,38,30,0.46,1.5,5,0.035,0.03,0.02,0.03,1
-11306.95,-0.1131,88693.05,12910.57,0.1278,-1.0,-0.876,0.307,18,0.1667,3,15,5.8,False,True,-0.0454,0.0,5751.99,18731.8,8,0,4,4,2,0,189,64,27,0,0,0,38,30,0.46,1.5,5,0.035,0.03,0.02,0.03,2
-11306.95,-0.1131,88693.05,12910.57,0.1278,-1.0,-0.876,0.307,18,0.1667,3,15,5.8,False,True,-0.0454,0.0,5751.99,18731.8,8,0,4,4,2,0,189,64,27,0,0,0,38,30,0.46,1.5,5,0.035,0.03,0.02,0.03,3
-12041.89,-0.1204,87958.11,13077.86,0.1305,-0.794,-0.921,0.031,11,0.0909,1,10,4.6,False,True,-0.0786,0.0,591.82,18970.59,5,0,2,2,2,0,189,31,12,0,0,0,38,13,0.46,1.5,5,0.035,0.03,0.02,0.05,1
-12041.89,-0.1204,87958.11,13077.86,0.1305,-0.794,-0.921,0.031,11,0.0909,1,10,4.6,False,True,-0.0786,0.0,591.82,18970.59,5,0,2,2,2,0,189,31,12,0,0,0,38,13,0.46,1.5,5,0.035,0.03,0.02,0.05,2
-12041.89,-0.1204,87958.11,13077.86,0.1305,-0.794,-0.921,0.031,11,0.0909,1,10,4.6,False,True,-0.0786,0.0,591.82,18970.59,5,0,2,2,2,0,189,31,12,0,0,0,38,13,0.46,1.5,5,0.035,0.03,0.02,0.05,3
-11288.85,-0.1129,88711.15,11288.85,0.1129,-0.715,-1.0,0.385,18,0.2222,4,14,8.4,False,True,-0.0718,0.0148,7100.41,18425.79,8,0,3,5,2,0,14,73,88,0,0,289,35,20,0.46,1.5,10,0.025,0.02,0.01,0.03,1
-11288.85,-0.1129,88711.15,11288.85,0.1129,-0.715,-1.0,0.385,18,0.2222,4,14,8.4,False,True,-0.0718,0.0148,7100.41,18425.79,8,0,3,5,2,0,14,73,88,0,0,289,35,20,0.46,1.5,10,0.025,0.02,0.01,0.03,2
-11288.85,-0.1129,88711.15,11288.85,0.1129,-0.715,-1.0,0.385,18,0.2222,4,14,8.4,False,True,-0.0718,0.0148,7100.41,18425.79,8,0,3,5,2,0,14,73,88,0,0,289,35,20,0.46,1.5,10,0.025,0.02,0.01,0.03,3
-10921.81,-0.1092,89078.19,14092.86,0.1381,-0.711,-0.775,0.331,18,0.2222,4,14,7.9,False,True,-0.0683,0.0151,7134.93,21540.21,7,0,3,5,3,0,14,73,88,0,0,289,35,20,0.46,1.5,10,0.025,0.02,0.01,0.05,1
-10921.81,-0.1092,89078.19,14092.86,0.1381,-0.711,-0.775,0.331,18,0.2222,4,14,7.9,False,True,-0.0683,0.0151,7134.93,21540.21,7,0,3,5,3,0,14,73,88,0,0,289,35,20,0.46,1.5,10,0.025,0.02,0.01,0.05,2
-10921.81,-0.1092,89078.19,14092.86,0.1381,-0.711,-0.775,0.331,18,0.2222,4,14,7.9,False,True,-0.0683,0.0151,7134.93,21540.21,7,0,3,5,3,0,14,73,88,0,0,289,35,20,0.46,1.5,10,0.025,0.02,0.01,0.05,3
-12488.57,-0.1249,87511.43,13030.48,0.1303,-0.979,-0.958,0.334,21,0.1905,4,17,7.7,False,True,-0.0581,0.0,7100.41,21239.55,9,0,4,5,3,0,14,75,26,0,0,0,35,22,0.46,1.5,10,0.025,0.02,0.02,0.03,1
-12488.57,-0.1249,87511.43,13030.48,0.1303,-0.979,-0.958,0.334,21,0.1905,4,17,7.7,False,True,-0.0581,0.0,7100.41,21239.55,9,0,4,5,3,0,14,75,26,0,0,0,35,22,0.46,1.5,10,0.025,0.02,0.02,0.03,2
-12488.57,-0.1249,87511.43,13030.48,0.1303,-0.979,-0.958,0.334,21,0.1905,4,17,7.7,False,True,-0.0581,0.0,7100.41,21239.55,9,0,4,5,3,0,14,75,26,0,0,0,35,22,0.46,1.5,10,0.025,0.02,0.02,0.03,3
-14261.03,-0.1426,85738.97,14266.75,0.1427,-0.804,-1.0,0.333,17,0.2353,4,13,7.9,False,True,-0.0897,0.0,7134.93,21431.42,8,0,2,5,2,0,14,44,15,0,0,0,35,7,0.46,1.5,10,0.025,0.02,0.02,0.05,1
-14261.03,-0.1426,85738.97,14266.75,0.1427,-0.804,-1.0,0.333,17,0.2353,4,13,7.9,False,True,-0.0897,0.0,7134.93,21431.42,8,0,2,5,2,0,14,44,15,0,0,0,35,7,0.46,1.5,10,0.025,0.02,0.02,0.05,2
-14261.03,-0.1426,85738.97,14266.75,0.1427,-0.804,-1.0,0.333,17,0.2353,4,13,7.9,False,True,-0.0897,0.0,7134.93,21431.42,8,0,2,5,2,0,14,44,15,0,0,0,35,7,0.46,1.5,10,0.025,0.02,0.02,0.05,3
-11288.85,-0.1129,88711.15,11288.85,0.1129,-0.715,-1.0,0.385,18,0.2222,4,14,8.4,False,True,-0.0718,0.0148,7100.41,18425.79,8,0,3,5,2,0,14,73,88,0,0,289,35,20,0.46,1.5,10,0.025,0.03,0.01,0.03,1
-11288.85,-0.1129,88711.15,11288.85,0.1129,-0.715,-1.0,0.385,18,0.2222,4,14,8.4,False,True,-0.0718,0.0148,7100.41,18425.79,8,0,3,5,2,0,14,73,88,0,0,289,35,20,0.46,1.5,10,0.025,0.03,0.01,0.03,2
-11288.85,-0.1129,88711.15,11288.85,0.1129,-0.715,-1.0,0.385,18,0.2222,4,14,8.4,False,True,-0.0718,0.0148,7100.41,18425.79,8,0,3,5,2,0,14,73,88,0,0,289,35,20,0.46,1.5,10,0.025,0.03,0.01,0.03,3
-10921.81,-0.1092,89078.19,14092.86,0.1381,-0.711,-0.775,0.331,18,0.2222,4,14,7.9,False,True,-0.0683,0.0151,7134.93,21540.21,7,0,3,5,3,0,14,73,88,0,0,289,35,20,0.46,1.5,10,0.025,0.03,0.01,0.05,1
-10921.81,-0.1092,89078.19,14092.86,0.1381,-0.711,-0.775,0.331,18,0.2222,4,14,7.9,False,True,-0.0683,0.0151,7134.93,21540.21,7,0,3,5,3,0,14,73,88,0,0,289,35,20,0.46,1.5,10,0.025,0.03,0.01,0.05,2
-10921.81,-0.1092,89078.19,14092.86,0.1381,-0.711,-0.775,0.331,18,0.2222,4,14,7.9,False,True,-0.0683,0.0151,7134.93,21540.21,7,0,3,5,3,0,14,73,88,0,0,289,35,20,0.46,1.5,10,0.025,0.03,0.01,0.05,3
-12488.57,-0.1249,87511.43,13030.48,0.1303,-0.979,-0.958,0.334,21,0.1905,4,17,7.7,False,True,-0.0581,0.0,7100.41,21239.55,9,0,4,5,3,0,14,75,26,0,0,0,35,22,0.46,1.5,10,0.025,0.03,0.02,0.03,1
-12488.57,-0.1249,87511.43,13030.48,0.1303,-0.979,-0.958,0.334,21,0.1905,4,17,7.7,False,True,-0.0581,0.0,7100.41,21239.55,9,0,4,5,3,0,14,75,26,0,0,0,35,22,0.46,1.5,10,0.025,0.03,0.02,0.03,2
-12488.57,-0.1249,87511.43,13030.48,0.1303,-0.979,-0.958,0.334,21,0.1905,4,17,7.7,False,True,-0.0581,0.0,7100.41,21239.55,9,0,4,5,3,0,14,75,26,0,0,0,35,22,0.46,1.5,10,0.025,0.03,0.02,0.03,3
-14261.03,-0.1426,85738.97,14266.75,0.1427,-0.804,-1.0,0.333,17,0.2353,4,13,7.9,False,True,-0.0897,0.0,7134.93,21431.42,8,0,2,5,2,0,14,44,15,0,0,0,35,7,0.46,1.5,10,0.025,0.03,0.02,0.05,1
-14261.03,-0.1426,85738.97,14266.75,0.1427,-0.804,-1.0,0.333,17,0.2353,4,13,7.9,False,True,-0.0897,0.0,7134.93,21431.42,8,0,2,5,2,0,14,44,15,0,0,0,35,7,0.46,1.5,10,0.025,0.03,0.02,0.05,2
-14261.03,-0.1426,85738.97,14266.75,0.1427,-0.804,-1.0,0.333,17,0.2353,4,13,7.9,False,True,-0.0897,0.0,7134.93,21431.42,8,0,2,5,2,0,14,44,15,0,0,0,35,7,0.46,1.5,10,0.025,0.03,0.02,0.05,3
-11288.85,-0.1129,88711.15,11288.85,0.1129,-0.715,-1.0,0.385,19,0.2105,4,15,8.0,False,True,-0.0718,0.0148,7100.41,18441.08,8,0,3,5,3,0,14,74,89,0,0,289,35,23,0.46,1.5,10,0.035,0.02,0.01,0.03,1
-11288.85,-0.1129,88711.15,11288.85,0.1129,-0.715,-1.0,0.385,19,0.2105,4,15,8.0,False,True,-0.0718,0.0148,7100.41,18441.08,8,0,3,5,3,0,14,74,89,0,0,289,35,23,0.46,1.5,10,0.035,0.02,0.01,0.03,2
-11288.85,-0.1129,88711.15,11288.85,0.1129,-0.715,-1.0,0.385,19,0.2105,4,15,8.0,False,True,-0.0718,0.0148,7100.41,18441.08,8,0,3,5,3,0,14,74,89,0,0,289,35,23,0.46,1.5,10,0.035,0.02,0.01,0.03,3
-10921.81,-0.1092,89078.19,14092.86,0.1381,-0.711,-0.775,0.331,18,0.2222,4,14,7.9,False,True,-0.0683,0.0151,7134.93,21540.21,7,0,3,5,3,0,14,73,88,0,0,289,35,20,0.46,1.5,10,0.035,0.02,0.01,0.05,1
-10921.81,-0.1092,89078.19,14092.86,0.1381,-0.711,-0.775,0.331,18,0.2222,4,14,7.9,False,True,-0.0683,0.0151,7134.93,21540.21,7,0,3,5,3,0,14,73,88,0,0,289,35,20,0.46,1.5,10,0.035,0.02,0.01,0.05,2
-10921.81,-0.1092,89078.19,14092.86,0.1381,-0.711,-0.775,0.331,18,0.2222,4,14,7.9,False,True,-0.0683,0.0151,7134.93,21540.21,7,0,3,5,3,0,14,73,88,0,0,289,35,20,0.46,1.5,10,0.035,0.02,0.01,0.05,3
-12488.57,-0.1249,87511.43,13030.48,0.1303,-0.979,-0.958,0.334,21,0.1905,4,17,7.7,False,True,-0.0581,0.0,7100.41,21239.55,9,0,4,5,3,0,14,75,26,0,0,0,35,22,0.46,1.5,10,0.035,0.02,0.02,0.03,1
-12488.57,-0.1249,87511.43,13030.48,0.1303,-0.979,-0.958,0.334,21,0.1905,4,17,7.7,False,True,-0.0581,0.0,7100.41,21239.55,9,0,4,5,3,0,14,75,26,0,0,0,35,22,0.46,1.5,10,0.035,0.02,0.02,0.03,2
-12488.57,-0.1249,87511.43,13030.48,0.1303,-0.979,-0.958,0.334,21,0.1905,4,17,7.7,False,True,-0.0581,0.0,7100.41,21239.55,9,0,4,5,3,0,14,75,26,0,0,0,35,22,0.46,1.5,10,0.035,0.02,0.02,0.03,3
-14261.03,-0.1426,85738.97,14266.75,0.1427,-0.804,-1.0,0.333,17,0.2353,4,13,7.9,False,True,-0.0897,0.0,7134.93,21431.42,8,0,2,5,2,0,14,44,15,0,0,0,35,7,0.46,1.5,10,0.035,0.02,0.02,0.05,1
-14261.03,-0.1426,85738.97,14266.75,0.1427,-0.804,-1.0,0.333,17,0.2353,4,13,7.9,False,True,-0.0897,0.0,7134.93,21431.42,8,0,2,5,2,0,14,44,15,0,0,0,35,7,0.46,1.5,10,0.035,0.02,0.02,0.05,2
-14261.03,-0.1426,85738.97,14266.75,0.1427,-0.804,-1.0,0.333,17,0.2353,4,13,7.9,False,True,-0.0897,0.0,7134.93,21431.42,8,0,2,5,2,0,14,44,15,0,0,0,35,7,0.46,1.5,10,0.035,0.02,0.02,0.05,3
-11288.85,-0.1129,88711.15,11288.85,0.1129,-0.715,-1.0,0.385,19,0.2105,4,15,8.0,False,True,-0.0718,0.0148,7100.41,18441.08,8,0,3,5,3,0,14,74,89,0,0,289,35,23,0.46,1.5,10,0.035,0.03,0.01,0.03,1
-11288.85,-0.1129,88711.15,11288.85,0.1129,-0.715,-1.0,0.385,19,0.2105,4,15,8.0,False,True,-0.0718,0.0148,7100.41,18441.08,8,0,3,5,3,0,14,74,89,0,0,289,35,23,0.46,1.5,10,0.035,0.03,0.01,0.03,2
-11288.85,-0.1129,88711.15,11288.85,0.1129,-0.715,-1.0,0.385,19,0.2105,4,15,8.0,False,True,-0.0718,0.0148,7100.41,18441.08,8,0,3,5,3,0,14,74,89,0,0,289,35,23,0.46,1.5,10,0.035,0.03,0.01,0.03,3
-10921.81,-0.1092,89078.19,14092.86,0.1381,-0.711,-0.775,0.331,18,0.2222,4,14,7.9,False,True,-0.0683,0.0151,7134.93,21540.21,7,0,3,5,3,0,14,73,88,0,0,289,35,20,0.46,1.5,10,0.035,0.03,0.01,0.05,1
-10921.81,-0.1092,89078.19,14092.86,0.1381,-0.711,-0.775,0.331,18,0.2222,4,14,7.9,False,True,-0.0683,0.0151,7134.93,21540.21,7,0,3,5,3,0,14,73,88,0,0,289,35,20,0.46,1.5,10,0.035,0.03,0.01,0.05,2
-10921.81,-0.1092,89078.19,14092.86,0.1381,-0.711,-0.775,0.331,18,0.2222,4,14,7.9,False,True,-0.0683,0.0151,7134.93,21540.21,7,0,3,5,3,0,14,73,88,0,0,289,35,20,0.46,1.5,10,0.035,0.03,0.01,0.05,3
-12488.57,-0.1249,87511.43,13030.48,0.1303,-0.979,-0.958,0.334,21,0.1905,4,17,7.7,False,True,-0.0581,0.0,7100.41,21239.55,9,0,4,5,3,0,14,75,26,0,0,0,35,22,0.46,1.5,10,0.035,0.03,0.02,0.03,1
-12488.57,-0.1249,87511.43,13030.48,0.1303,-0.979,-0.958,0.334,21,0.1905,4,17,7.7,False,True,-0.0581,0.0,7100.41,21239.55,9,0,4,5,3,0,14,75,26,0,0,0,35,22,0.46,1.5,10,0.035,0.03,0.02,0.03,2
-12488.57,-0.1249,87511.43,13030.48,0.1303,-0.979,-0.958,0.334,21,0.1905,4,17,7.7,False,True,-0.0581,0.0,7100.41,21239.55,9,0,4,5,3,0,14,75,26,0,0,0,35,22,0.46,1.5,10,0.035,0.03,0.02,0.03,3
-14261.03,-0.1426,85738.97,14266.75,0.1427,-0.804,-1.0,0.333,17,0.2353,4,13,7.9,False,True,-0.0897,0.0,7134.93,21431.42,8,0,2,5,2,0,14,44,15,0,0,0,35,7,0.46,1.5,10,0.035,0.03,0.02,0.05,1
-14261.03,-0.1426,85738.97,14266.75,0.1427,-0.804,-1.0,0.333,17,0.2353,4,13,7.9,False,True,-0.0897,0.0,7134.93,21431.42,8,0,2,5,2,0,14,44,15,0,0,0,35,7,0.46,1.5,10,0.035,0.03,0.02,0.05,2
-14261.03,-0.1426,85738.97,14266.75,0.1427,-0.804,-1.0,0.333,17,0.2353,4,13,7.9,False,True,-0.0897,0.0,7134.93,21431.42,8,0,2,5,2,0,14,44,15,0,0,0,35,7,0.46,1.5,10,0.035,0.03,0.02,0.05,3
-11288.85,-0.1129,88711.15,11288.85,0.1129,-0.715,-1.0,0.385,18,0.2222,4,14,8.4,False,True,-0.0718,0.0148,7100.41,18425.79,8,0,3,5,2,0,0,84,88,0,0,289,35,20,0.46,1.5,15,0.025,0.02,0.01,0.03,1
-11288.85,-0.1129,88711.15,11288.85,0.1129,-0.715,-1.0,0.385,18,0.2222,4,14,8.4,False,True,-0.0718,0.0148,7100.41,18425.79,8,0,3,5,2,0,0,84,88,0,0,289,35,20,0.46,1.5,15,0.025,0.02,0.01,0.03,2
-11288.85,-0.1129,88711.15,11288.85,0.1129,-0.715,-1.0,0.385,18,0.2222,4,14,8.4,False,True,-0.0718,0.0148,7100.41,18425.79,8,0,3,5,2,0,0,84,88,0,0,289,35,20,0.46,1.5,15,0.025,0.02,0.01,0.03,3
-10921.81,-0.1092,89078.19,14092.86,0.1381,-0.711,-0.775,0.331,18,0.2222,4,14,7.9,False,True,-0.0683,0.0151,7134.93,21540.21,7,0,3,5,3,0,0,84,88,0,0,289,35,20,0.46,1.5,15,0.025,0.02,0.01,0.05,1
-10921.81,-0.1092,89078.19,14092.86,0.1381,-0.711,-0.775,0.331,18,0.2222,4,14,7.9,False,True,-0.0683,0.0151,7134.93,21540.21,7,0,3,5,3,0,0,84,88,0,0,289,35,20,0.46,1.5,15,0.025,0.02,0.01,0.05,2
-10921.81,-0.1092,89078.19,14092.86,0.1381,-0.711,-0.775,0.331,18,0.2222,4,14,7.9,False,True,-0.0683,0.0151,7134.93,21540.21,7,0,3,5,3,0,0,84,88,0,0,289,35,20,0.46,1.5,15,0.025,0.02,0.01,0.05,3
-12488.57,-0.1249,87511.43,13030.48,0.1303,-0.979,-0.958,0.334,21,0.1905,4,17,7.7,False,True,-0.0581,0.0,7100.41,21239.55,9,0,4,5,3,0,0,86,26,0,0,0,35,22,0.46,1.5,15,0.025,0.02,0.02,0.03,1
-12488.57,-0.1249,87511.43,13030.48,0.1303,-0.979,-0.958,0.334,21,0.1905,4,17,7.7,False,True,-0.0581,0.0,7100.41,21239.55,9,0,4,5,3,0,0,86,26,0,0,0,35,22,0.46,1.5,15,0.025,0.02,0.02,0.03,2
-12488.57,-0.1249,87511.43,13030.48,0.1303,-0.979,-0.958,0.334,21,0.1905,4,17,7.7,False,True,-0.0581,0.0,7100.41,21239.55,9,0,4,5,3,0,0,86,26,0,0,0,35,22,0.46,1.5,15,0.025,0.02,0.02,0.03,3
-14261.03,-0.1426,85738.97,14266.75,0.1427,-0.804,-1.0,0.333,17,0.2353,4,13,7.9,False,True,-0.0897,0.0,7134.93,21431.42,8,0,2,5,2,0,0,55,15,0,0,0,35,7,0.46,1.5,15,0.025,0.02,0.02,0.05,1
-14261.03,-0.1426,85738.97,14266.75,0.1427,-0.804,-1.0,0.333,17,0.2353,4,13,7.9,False,True,-0.0897,0.0,7134.93,21431.42,8,0,2,5,2,0,0,55,15,0,0,0,35,7,0.46,1.5,15,0.025,0.02,0.02,0.05,2
-14261.03,-0.1426,85738.97,14266.75,0.1427,-0.804,-1.0,0.333,17,0.2353,4,13,7.9,False,True,-0.0897,0.0,7134.93,21431.42,8,0,2,5,2,0,0,55,15,0,0,0,35,7,0.46,1.5,15,0.025,0.02,0.02,0.05,3
-11288.85,-0.1129,88711.15,11288.85,0.1129,-0.715,-1.0,0.385,18,0.2222,4,14,8.4,False,True,-0.0718,0.0148,7100.41,18425.79,8,0,3,5,2,0,0,84,88,0,0,289,35,20,0.46,1.5,15,0.025,0.03,0.01,0.03,1
-11288.85,-0.1129,88711.15,11288.85,0.1129,-0.715,-1.0,0.385,18,0.2222,4,14,8.4,False,True,-0.0718,0.0148,7100.41,18425.79,8,0,3,5,2,0,0,84,88,0,0,289,35,20,0.46,1.5,15,0.025,0.03,0.01,0.03,2
-11288.85,-0.1129,88711.15,11288.85,0.1129,-0.715,-1.0,0.385,18,0.2222,4,14,8.4,False,True,-0.0718,0.0148,7100.41,18425.79,8,0,3,5,2,0,0,84,88,0,0,289,35,20,0.46,1.5,15,0.025,0.03,0.01,0.03,3
-10921.81,-0.1092,89078.19,14092.86,0.1381,-0.711,-0.775,0.331,18,0.2222,4,14,7.9,False,True,-0.0683,0.0151,7134.93,21540.21,7,0,3,5,3,0,0,84,88,0,0,289,35,20,0.46,1.5,15,0.025,0.03,0.01,0.05,1
-10921.81,-0.1092,89078.19,14092.86,0.1381,-0.711,-0.775,0.331,18,0.2222,4,14,7.9,False,True,-0.0683,0.0151,7134.93,21540.21,7,0,3,5,3,0,0,84,88,0,0,289,35,20,0.46,1.5,15,0.025,0.03,0.01,0.05,2
-10921.81,-0.1092,89078.19,14092.86,0.1381,-0.711,-0.775,0.331,18,0.2222,4,14,7.9,False,True,-0.0683,0.0151,7134.93,21540.21,7,0,3,5,3,0,0,84,88,0,0,289,35,20,0.46,1.5,15,0.025,0.03,0.01,0.05,3
-12488.57,-0.1249,87511.43,13030.48,0.1303,-0.979,-0.958,0.334,21,0.1905,4,17,7.7,False,True,-0.0581,0.0,7100.41,21239.55,9,0,4,5,3,0,0,86,26,0,0,0,35,22,0.46,1.5,15,0.025,0.03,0.02,0.03,1
-12488.57,-0.1249,87511.43,13030.48,0.1303,-0.979,-0.958,0.334,21,0.1905,4,17,7.7,False,True,-0.0581,0.0,7100.41,21239.55,9,0,4,5,3,0,0,86,26,0,0,0,35,22,0.46,1.5,15,0.025,0.03,0.02,0.03,2
-12488.57,-0.1249,87511.43,13030.48,0.1303,-0.979,-0.958,0.334,21,0.1905,4,17,7.7,False,True,-0.0581,0.0,7100.41,21239.55,9,0,4,5,3,0,0,86,26,0,0,0,35,22,0.46,1.5,15,0.025,0.03,0.02,0.03,3
-14261.03,-0.1426,85738.97,14266.75,0.1427,-0.804,-1.0,0.333,17,0.2353,4,13,7.9,False,True,-0.0897,0.0,7134.93,21431.42,8,0,2,5,2,0,0,55,15,0,0,0,35,7,0.46,1.5,15,0.025,0.03,0.02,0.05,1
-14261.03,-0.1426,85738.97,14266.75,0.1427,-0.804,-1.0,0.333,17,0.2353,4,13,7.9,False,True,-0.0897,0.0,7134.93,21431.42,8,0,2,5,2,0,0,55,15,0,0,0,35,7,0.46,1.5,15,0.025,0.03,0.02,0.05,2
-14261.03,-0.1426,85738.97,14266.75,0.1427,-0.804,-1.0,0.333,17,0.2353,4,13,7.9,False,True,-0.0897,0.0,7134.93,21431.42,8,0,2,5,2,0,0,55,15,0,0,0,35,7,0.46,1.5,15,0.025,0.03,0.02,0.05,3
-11288.85,-0.1129,88711.15,11288.85,0.1129,-0.715,-1.0,0.385,19,0.2105,4,15,8.0,False,True,-0.0718,0.0148,7100.41,18441.08,8,0,3,5,3,0,0,85,89,0,0,289,35,23,0.46,1.5,15,0.035,0.02,0.01,0.03,1
-11288.85,-0.1129,88711.15,11288.85,0.1129,-0.715,-1.0,0.385,19,0.2105,4,15,8.0,False,True,-0.0718,0.0148,7100.41,18441.08,8,0,3,5,3,0,0,85,89,0,0,289,35,23,0.46,1.5,15,0.035,0.02,0.01,0.03,2
-11288.85,-0.1129,88711.15,11288.85,0.1129,-0.715,-1.0,0.385,19,0.2105,4,15,8.0,False,True,-0.0718,0.0148,7100.41,18441.08,8,0,3,5,3,0,0,85,89,0,0,289,35,23,0.46,1.5,15,0.035,0.02,0.01,0.03,3
-10921.81,-0.1092,89078.19,14092.86,0.1381,-0.711,-0.775,0.331,18,0.2222,4,14,7.9,False,True,-0.0683,0.0151,7134.93,21540.21,7,0,3,5,3,0,0,84,88,0,0,289,35,20,0.46,1.5,15,0.035,0.02,0.01,0.05,1
-10921.81,-0.1092,89078.19,14092.86,0.1381,-0.711,-0.775,0.331,18,0.2222,4,14,7.9,False,True,-0.0683,0.0151,7134.93,21540.21,7,0,3,5,3,0,0,84,88,0,0,289,35,20,0.46,1.5,15,0.035,0.02,0.01,0.05,2
-10921.81,-0.1092,89078.19,14092.86,0.1381,-0.711,-0.775,0.331,18,0.2222,4,14,7.9,False,True,-0.0683,0.0151,7134.93,21540.21,7,0,3,5,3,0,0,84,88,0,0,289,35,20,0.46,1.5,15,0.035,0.02,0.01,0.05,3
-12488.57,-0.1249,87511.43,13030.48,0.1303,-0.979,-0.958,0.334,21,0.1905,4,17,7.7,False,True,-0.0581,0.0,7100.41,21239.55,9,0,4,5,3,0,0,86,26,0,0,0,35,22,0.46,1.5,15,0.035,0.02,0.02,0.03,1
-12488.57,-0.1249,87511.43,13030.48,0.1303,-0.979,-0.958,0.334,21,0.1905,4,17,7.7,False,True,-0.0581,0.0,7100.41,21239.55,9,0,4,5,3,0,0,86,26,0,0,0,35,22,0.46,1.5,15,0.035,0.02,0.02,0.03,2
-12488.57,-0.1249,87511.43,13030.48,0.1303,-0.979,-0.958,0.334,21,0.1905,4,17,7.7,False,True,-0.0581,0.0,7100.41,21239.55,9,0,4,5,3,0,0,86,26,0,0,0,35,22,0.46,1.5,15,0.035,0.02,0.02,0.03,3
-14261.03,-0.1426,85738.97,14266.75,0.1427,-0.804,-1.0,0.333,17,0.2353,4,13,7.9,False,True,-0.0897,0.0,7134.93,21431.42,8,0,2,5,2,0,0,55,15,0,0,0,35,7,0.46,1.5,15,0.035,0.02,0.02,0.05,1
-14261.03,-0.1426,85738.97,14266.75,0.1427,-0.804,-1.0,0.333,17,0.2353,4,13,7.9,False,True,-0.0897,0.0,7134.93,21431.42,8,0,2,5,2,0,0,55,15,0,0,0,35,7,0.46,1.5,15,0.035,0.02,0.02,0.05,2
-14261.03,-0.1426,85738.97,14266.75,0.1427,-0.804,-1.0,0.333,17,0.2353,4,13,7.9,False,True,-0.0897,0.0,7134.93,21431.42,8,0,2,5,2,0,0,55,15,0,0,0,35,7,0.46,1.5,15,0.035,0.02,0.02,0.05,3
-11288.85,-0.1129,88711.15,11288.85,0.1129,-0.715,-1.0,0.385,19,0.2105,4,15,8.0,False,True,-0.0718,0.0148,7100.41,18441.08,8,0,3,5,3,0,0,85,89,0,0,289,35,23,0.46,1.5,15,0.035,0.03,0.01,0.03,1
-11288.85,-0.1129,88711.15,11288.85,0.1129,-0.715,-1.0,0.385,19,0.2105,4,15,8.0,False,True,-0.0718,0.0148,7100.41,18441.08,8,0,3,5,3,0,0,85,89,0,0,289,35,23,0.46,1.5,15,0.035,0.03,0.01,0.03,2
-11288.85,-0.1129,88711.15,11288.85,0.1129,-0.715,-1.0,0.385,19,0.2105,4,15,8.0,False,True,-0.0718,0.0148,7100.41,18441.08,8,0,3,5,3,0,0,85,89,0,0,289,35,23,0.46,1.5,15,0.035,0.03,0.01,0.03,3
-10921.81,-0.1092,89078.19,14092.86,0.1381,-0.711,-0.775,0.331,18,0.2222,4,14,7.9,False,True,-0.0683,0.0151,7134.93,21540.21,7,0,3,5,3,0,0,84,88,0,0,289,35,20,0.46,1.5,15,0.035,0.03,0.01,0.05,1
-10921.81,-0.1092,89078.19,14092.86,0.1381,-0.711,-0.775,0.331,18,0.2222,4,14,7.9,False,True,-0.0683,0.0151,7134.93,21540.21,7,0,3,5,3,0,0,84,88,0,0,289,35,20,0.46,1.5,15,0.035,0.03,0.01,0.05,2
-10921.81,-0.1092,89078.19,14092.86,0.1381,-0.711,-0.775,0.331,18,0.2222,4,14,7.9,False,True,-0.0683,0.0151,7134.93,21540.21,7,0,3,5,3,0,0,84,88,0,0,289,35,20,0.46,1.5,15,0.035,0.03,0.01,0.05,3
-12488.57,-0.1249,87511.43,13030.48,0.1303,-0.979,-0.958,0.334,21,0.1905,4,17,7.7,False,True,-0.0581,0.0,7100.41,21239.55,9,0,4,5,3,0,0,86,26,0,0,0,35,22,0.46,1.5,15,0.035,0.03,0.02,0.03,1
-12488.57,-0.1249,87511.43,13030.48,0.1303,-0.979,-0.958,0.334,21,0.1905,4,17,7.7,False,True,-0.0581,0.0,7100.41,21239.55,9,0,4,5,3,0,0,86,26,0,0,0,35,22,0.46,1.5,15,0.035,0.03,0.02,0.03,2
-12488.57,-0.1249,87511.43,13030.48,0.1303,-0.979,-0.958,0.334,21,0.1905,4,17,7.7,False,True,-0.0581,0.0,7100.41,21239.55,9,0,4,5,3,0,0,86,26,0,0,0,35,22,0.46,1.5,15,0.035,0.03,0.02,0.03,3
-14261.03,-0.1426,85738.97,14266.75,0.1427,-0.804,-1.0,0.333,17,0.2353,4,13,7.9,False,True,-0.0897,0.0,7134.93,21431.42,8,0,2,5,2,0,0,55,15,0,0,0,35,7,0.46,1.5,15,0.035,0.03,0.02,0.05,1
-14261.03,-0.1426,85738.97,14266.75,0.1427,-0.804,-1.0,0.333,17,0.2353,4,13,7.9,False,True,-0.0897,0.0,7134.93,21431.42,8,0,2,5,2,0,0,55,15,0,0,0,35,7,0.46,1.5,15,0.035,0.03,0.02,0.05,2
-14261.03,-0.1426,85738.97,14266.75,0.1427,-0.804,-1.0,0.333,17,0.2353,4,13,7.9,False,True,-0.0897,0.0,7134.93,21431.42,8,0,2,5,2,0,0,55,15,0,0,0,35,7,0.46,1.5,15,0.035,0.03,0.02,0.05,3
-9287.38,-0.0929,90712.62,10676.45,0.1053,-0.821,-0.87,0.298,32,0.25,8,24,7.2,False,True,-0.0495,0.0,3934.48,13221.86,18,0,5,9,0,0,1091,62,49,0,0,0,93,83,0.48,0.5,5,0.025,0.02,0.01,0.03,1
-9287.38,-0.0929,90712.62,10676.45,0.1053,-0.821,-0.87,0.298,32,0.25,8,24,7.2,False,True,-0.0495,0.0,3934.48,13221.86,18,0,5,9,0,0,1091,62,49,0,0,0,93,83,0.48,0.5,5,0.025,0.02,0.01,0.03,2
-9287.38,-0.0929,90712.62,10676.45,0.1053,-0.821,-0.87,0.298,32,0.25,8,24,7.2,False,True,-0.0495,0.0,3934.48,13221.86,18,0,5,9,0,0,1091,62,49,0,0,0,93,83,0.48,0.5,5,0.025,0.02,0.01,0.03,3
-10509.06,-0.1051,89490.94,11898.13,0.1174,-0.812,-0.883,0.178,28,0.2143,6,22,6.4,False,True,-0.0623,0.0,2444.57,13723.27,14,0,5,7,2,0,1091,60,47,0,0,0,93,83,0.48,0.5,5,0.025,0.02,0.01,0.05,1
-10509.06,-0.1051,89490.94,11898.13,0.1174,-0.812,-0.883,0.178,28,0.2143,6,22,6.4,False,True,-0.0623,0.0,2444.57,13723.27,14,0,5,7,2,0,1091,60,47,0,0,0,93,83,0.48,0.5,5,0.025,0.02,0.01,0.05,2
-10509.06,-0.1051,89490.94,11898.13,0.1174,-0.812,-0.883,0.178,28,0.2143,6,22,6.4,False,True,-0.0623,0.0,2444.57,13723.27,14,0,5,7,2,0,1091,60,47,0,0,0,93,83,0.48,0.5,5,0.025,0.02,0.01,0.05,3
-9287.38,-0.0929,90712.62,10676.45,0.1053,-0.821,-0.87,0.298,32,0.25,8,24,7.2,False,True,-0.0495,0.0,3934.48,13221.86,18,0,5,9,0,0,1091,62,49,0,0,0,93,83,0.48,0.5,5,0.025,0.02,0.02,0.03,1
-9287.38,-0.0929,90712.62,10676.45,0.1053,-0.821,-0.87,0.298,32,0.25,8,24,7.2,False,True,-0.0495,0.0,3934.48,13221.86,18,0,5,9,0,0,1091,62,49,0,0,0,93,83,0.48,0.5,5,0.025,0.02,0.02,0.03,2
-9287.38,-0.0929,90712.62,10676.45,0.1053,-0.821,-0.87,0.298,32,0.25,8,24,7.2,False,True,-0.0495,0.0,3934.48,13221.86,18,0,5,9,0,0,1091,62,49,0,0,0,93,83,0.48,0.5,5,0.025,0.02,0.02,0.03,3
-10509.06,-0.1051,89490.94,11898.13,0.1174,-0.812,-0.883,0.178,28,0.2143,6,22,6.4,False,True,-0.0623,0.0,2444.57,13723.27,14,0,5,7,2,0,1091,60,47,0,0,0,93,83,0.48,0.5,5,0.025,0.02,0.02,0.05,1
-10509.06,-0.1051,89490.94,11898.13,0.1174,-0.812,-0.883,0.178,28,0.2143,6,22,6.4,False,True,-0.0623,0.0,2444.57,13723.27,14,0,5,7,2,0,1091,60,47,0,0,0,93,83,0.48,0.5,5,0.025,0.02,0.02,0.05,2
-10509.06,-0.1051,89490.94,11898.13,0.1174,-0.812,-0.883,0.178,28,0.2143,6,22,6.4,False,True,-0.0623,0.0,2444.57,13723.27,14,0,5,7,2,0,1091,60,47,0,0,0,93,83,0.48,0.5,5,0.025,0.02,0.02,0.05,3
-9287.38,-0.0929,90712.62,10676.45,0.1053,-0.821,-0.87,0.298,32,0.25,8,24,7.2,False,True,-0.0495,0.0,3934.48,13221.86,18,0,5,9,0,0,1091,62,49,0,0,0,93,83,0.48,0.5,5,0.025,0.03,0.01,0.03,1
-9287.38,-0.0929,90712.62,10676.45,0.1053,-0.821,-0.87,0.298,32,0.25,8,24,7.2,False,True,-0.0495,0.0,3934.48,13221.86,18,0,5,9,0,0,1091,62,49,0,0,0,93,83,0.48,0.5,5,0.025,0.03,0.01,0.03,2
-9287.38,-0.0929,90712.62,10676.45,0.1053,-0.821,-0.87,0.298,32,0.25,8,24,7.2,False,True,-0.0495,0.0,3934.48,13221.86,18,0,5,9,0,0,1091,62,49,0,0,0,93,83,0.48,0.5,5,0.025,0.03,0.01,0.03,3
-10509.06,-0.1051,89490.94,11898.13,0.1174,-0.812,-0.883,0.178,28,0.2143,6,22,6.4,False,True,-0.0623,0.0,2444.57,13723.27,14,0,5,7,2,0,1091,60,47,0,0,0,93,83,0.48,0.5,5,0.025,0.03,0.01,0.05,1
-10509.06,-0.1051,89490.94,11898.13,0.1174,-0.812,-0.883,0.178,28,0.2143,6,22,6.4,False,True,-0.0623,0.0,2444.57,13723.27,14,0,5,7,2,0,1091,60,47,0,0,0,93,83,0.48,0.5,5,0.025,0.03,0.01,0.05,2
-10509.06,-0.1051,89490.94,11898.13,0.1174,-0.812,-0.883,0.178,28,0.2143,6,22,6.4,False,True,-0.0623,0.0,2444.57,13723.27,14,0,5,7,2,0,1091,60,47,0,0,0,93,83,0.48,0.5,5,0.025,0.03,0.01,0.05,3
-9287.38,-0.0929,90712.62,10676.45,0.1053,-0.821,-0.87,0.298,32,0.25,8,24,7.2,False,True,-0.0495,0.0,3934.48,13221.86,18,0,5,9,0,0,1091,62,49,0,0,0,93,83,0.48,0.5,5,0.025,0.03,0.02,0.03,1
-9287.38,-0.0929,90712.62,10676.45,0.1053,-0.821,-0.87,0.298,32,0.25,8,24,7.2,False,True,-0.0495,0.0,3934.48,13221.86,18,0,5,9,0,0,1091,62,49,0,0,0,93,83,0.48,0.5,5,0.025,0.03,0.02,0.03,2
-9287.38,-0.0929,90712.62,10676.45,0.1053,-0.821,-0.87,0.298,32,0.25,8,24,7.2,False,True,-0.0495,0.0,3934.48,13221.86,18,0,5,9,0,0,1091,62,49,0,0,0,93,83,0.48,0.5,5,0.025,0.03,0.02,0.03,3
-10509.06,-0.1051,89490.94,11898.13,0.1174,-0.812,-0.883,0.178,28,0.2143,6,22,6.4,False,True,-0.0623,0.0,2444.57,13723.27,14,0,5,7,2,0,1091,60,47,0,0,0,93,83,0.48,0.5,5,0.025,0.03,0.02,0.05,1
-10509.06,-0.1051,89490.94,11898.13,0.1174,-0.812,-0.883,0.178,28,0.2143,6,22,6.4,False,True,-0.0623,0.0,2444.57,13723.27,14,0,5,7,2,0,1091,60,47,0,0,0,93,83,0.48,0.5,5,0.025,0.03,0.02,0.05,2
-10509.06,-0.1051,89490.94,11898.13,0.1174,-0.812,-0.883,0.178,28,0.2143,6,22,6.4,False,True,-0.0623,0.0,2444.57,13723.27,14,0,5,7,2,0,1091,60,47,0,0,0,93,83,0.48,0.5,5,0.025,0.03,0.02,0.05,3
-10693.33,-0.1069,89306.67,12082.4,0.1192,-0.82,-0.885,0.176,34,0.2059,7,27,5.9,False,True,-0.0585,0.0,2457.04,13928.1,17,0,6,8,3,0,1156,60,54,0,0,0,94,93,0.48,0.5,5,0.035,0.02,0.01,0.03,1
-10693.33,-0.1069,89306.67,12082.4,0.1192,-0.82,-0.885,0.176,34,0.2059,7,27,5.9,False,True,-0.0585,0.0,2457.04,13928.1,17,0,6,8,3,0,1156,60,54,0,0,0,94,93,0.48,0.5,5,0.035,0.02,0.01,0.03,2
-10693.33,-0.1069,89306.67,12082.4,0.1192,-0.82,-0.885,0.176,34,0.2059,7,27,5.9,False,True,-0.0585,0.0,2457.04,13928.1,17,0,6,8,3,0,1156,60,54,0,0,0,94,93,0.48,0.5,5,0.035,0.02,0.01,0.03,3
-9842.27,-0.0984,90157.73,11231.34,0.1108,-0.822,-0.876,0.266,34,0.2353,8,26,6.9,False,True,-0.0514,0.0,3914.96,14731.55,17,0,6,9,2,0,1147,62,50,0,0,0,94,86,0.48,0.5,5,0.035,0.02,0.01,0.05,1
-9842.27,-0.0984,90157.73,11231.34,0.1108,-0.822,-0.876,0.266,34,0.2353,8,26,6.9,False,True,-0.0514,0.0,3914.96,14731.55,17,0,6,9,2,0,1147,62,50,0,0,0,94,86,0.48,0.5,5,0.035,0.02,0.01,0.05,2
-9842.27,-0.0984,90157.73,11231.34,0.1108,-0.822,-0.876,0.266,34,0.2353,8,26,6.9,False,True,-0.0514,0.0,3914.96,14731.55,17,0,6,9,2,0,1147,62,50,0,0,0,94,86,0.48,0.5,5,0.035,0.02,0.01,0.05,3
-10693.33,-0.1069,89306.67,12082.4,0.1192,-0.82,-0.885,0.176,34,0.2059,7,27,5.9,False,True,-0.0585,0.0,2457.04,13928.1,17,0,6,8,3,0,1156,60,54,0,0,0,94,93,0.48,0.5,5,0.035,0.02,0.02,0.03,1
-10693.33,-0.1069,89306.67,12082.4,0.1192,-0.82,-0.885,0.176,34,0.2059,7,27,5.9,False,True,-0.0585,0.0,2457.04,13928.1,17,0,6,8,3,0,1156,60,54,0,0,0,94,93,0.48,0.5,5,0.035,0.02,0.02,0.03,2
-10693.33,-0.1069,89306.67,12082.4,0.1192,-0.82,-0.885,0.176,34,0.2059,7,27,5.9,False,True,-0.0585,0.0,2457.04,13928.1,17,0,6,8,3,0,1156,60,54,0,0,0,94,93,0.48,0.5,5,0.035,0.02,0.02,0.03,3
-9842.27,-0.0984,90157.73,11231.34,0.1108,-0.822,-0.876,0.266,34,0.2353,8,26,6.9,False,True,-0.0514,0.0,3914.96,14731.55,17,0,6,9,2,0,1147,62,50,0,0,0,94,86,0.48,0.5,5,0.035,0.02,0.02,0.05,1
-9842.27,-0.0984,90157.73,11231.34,0.1108,-0.822,-0.876,0.266,34,0.2353,8,26,6.9,False,True,-0.0514,0.0,3914.96,14731.55,17,0,6,9,2,0,1147,62,50,0,0,0,94,86,0.48,0.5,5,0.035,0.02,0.02,0.05,2
-9842.27,-0.0984,90157.73,11231.34,0.1108,-0.822,-0.876,0.266,34,0.2353,8,26,6.9,False,True,-0.0514,0.0,3914.96,14731.55,17,0,6,9,2,0,1147,62,50,0,0,0,94,86,0.48,0.5,5,0.035,0.02,0.02,0.05,3
-10693.33,-0.1069,89306.67,12082.4,0.1192,-0.82,-0.885,0.176,34,0.2059,7,27,5.9,False,True,-0.0585,0.0,2457.04,13928.1,17,0,6,8,3,0,1156,60,54,0,0,0,94,93,0.48,0.5,5,0.035,0.03,0.01,0.03,1
-10693.33,-0.1069,89306.67,12082.4,0.1192,-0.82,-0.885,0.176,34,0.2059,7,27,5.9,False,True,-0.0585,0.0,2457.04,13928.1,17,0,6,8,3,0,1156,60,54,0,0,0,94,93,0.48,0.5,5,0.035,0.03,0.01,0.03,2
-10693.33,-0.1069,89306.67,12082.4,0.1192,-0.82,-0.885,0.176,34,0.2059,7,27,5.9,False,True,-0.0585,0.0,2457.04,13928.1,17,0,6,8,3,0,1156,60,54,0,0,0,94,93,0.48,0.5,5,0.035,0.03,0.01,0.03,3
-9842.27,-0.0984,90157.73,11231.34,0.1108,-0.822,-0.876,0.266,34,0.2353,8,26,6.9,False,True,-0.0514,0.0,3914.96,14731.55,17,0,6,9,2,0,1147,62,50,0,0,0,94,86,0.48,0.5,5,0.035,0.03,0.01,0.05,1
-9842.27,-0.0984,90157.73,11231.34,0.1108,-0.822,-0.876,0.266,34,0.2353,8,26,6.9,False,True,-0.0514,0.0,3914.96,14731.55,17,0,6,9,2,0,1147,62,50,0,0,0,94,86,0.48,0.5,5,0.035,0.03,0.01,0.05,2
-9842.27,-0.0984,90157.73,11231.34,0.1108,-0.822,-0.876,0.266,34,0.2353,8,26,6.9,False,True,-0.0514,0.0,3914.96,14731.55,17,0,6,9,2,0,1147,62,50,0,0,0,94,86,0.48,0.5,5,0.035,0.03,0.01,0.05,3
-10693.33,-0.1069,89306.67,12082.4,0.1192,-0.82,-0.885,0.176,34,0.2059,7,27,5.9,False,True,-0.0585,0.0,2457.04,13928.1,17,0,6,8,3,0,1156,60,54,0,0,0,94,93,0.48,0.5,5,0.035,0.03,0.02,0.03,1
-10693.33,-0.1069,89306.67,12082.4,0.1192,-0.82,-0.885,0.176,34,0.2059,7,27,5.9,False,True,-0.0585,0.0,2457.04,13928.1,17,0,6,8,3,0,1156,60,54,0,0,0,94,93,0.48,0.5,5,0.035,0.03,0.02,0.03,2
-10693.33,-0.1069,89306.67,12082.4,0.1192,-0.82,-0.885,0.176,34,0.2059,7,27,5.9,False,True,-0.0585,0.0,2457.04,13928.1,17,0,6,8,3,0,1156,60,54,0,0,0,94,93,0.48,0.5,5,0.035,0.03,0.02,0.03,3
-9842.27,-0.0984,90157.73,11231.34,0.1108,-0.822,-0.876,0.266,34,0.2353,8,26,6.9,False,True,-0.0514,0.0,3914.96,14731.55,17,0,6,9,2,0,1147,62,50,0,0,0,94,86,0.48,0.5,5,0.035,0.03,0.02,0.05,1
-9842.27,-0.0984,90157.73,11231.34,0.1108,-0.822,-0.876,0.266,34,0.2353,8,26,6.9,False,True,-0.0514,0.0,3914.96,14731.55,17,0,6,9,2,0,1147,62,50,0,0,0,94,86,0.48,0.5,5,0.035,0.03,0.02,0.05,2
-9842.27,-0.0984,90157.73,11231.34,0.1108,-0.822,-0.876,0.266,34,0.2353,8,26,6.9,False,True,-0.0514,0.0,3914.96,14731.55,17,0,6,9,2,0,1147,62,50,0,0,0,94,86,0.48,0.5,5,0.035,0.03,0.02,0.05,3
-11171.77,-0.1117,88828.23,11171.77,0.1117,-0.755,-1.0,0.253,34,0.2059,7,27,8.2,False,True,-0.0818,0.0,4106.52,16238.23,16,0,6,8,4,0,348,75,29,0,0,0,46,62,0.48,0.5,10,0.025,0.02,0.01,0.03,1
-11171.77,-0.1117,88828.23,11171.77,0.1117,-0.755,-1.0,0.253,34,0.2059,7,27,8.2,False,True,-0.0818,0.0,4106.52,16238.23,16,0,6,8,4,0,348,75,29,0,0,0,46,62,0.48,0.5,10,0.025,0.02,0.01,0.03,2
-11171.77,-0.1117,88828.23,11171.77,0.1117,-0.755,-1.0,0.253,34,0.2059,7,27,8.2,False,True,-0.0818,0.0,4106.52,16238.23,16,0,6,8,4,0,348,75,29,0,0,0,46,62,0.48,0.5,10,0.025,0.02,0.01,0.03,3
-11171.77,-0.1117,88828.23,11171.77,0.1117,-0.755,-1.0,0.253,34,0.2059,7,27,8.2,False,True,-0.0818,0.0,4106.52,16238.23,16,0,6,8,4,0,348,75,29,0,0,0,46,62,0.48,0.5,10,0.025,0.02,0.01,0.05,1
-11171.77,-0.1117,88828.23,11171.77,0.1117,-0.755,-1.0,0.253,34,0.2059,7,27,8.2,False,True,-0.0818,0.0,4106.52,16238.23,16,0,6,8,4,0,348,75,29,0,0,0,46,62,0.48,0.5,10,0.025,0.02,0.01,0.05,2
-11171.77,-0.1117,88828.23,11171.77,0.1117,-0.755,-1.0,0.253,34,0.2059,7,27,8.2,False,True,-0.0818,0.0,4106.52,16238.23,16,0,6,8,4,0,348,75,29,0,0,0,46,62,0.48,0.5,10,0.025,0.02,0.01,0.05,3
-11171.77,-0.1117,88828.23,11171.77,0.1117,-0.755,-1.0,0.253,34,0.2059,7,27,8.2,False,True,-0.0818,0.0,4106.52,16238.23,16,0,6,8,4,0,348,75,29,0,0,0,46,62,0.48,0.5,10,0.025,0.02,0.02,0.03,1
-11171.77,-0.1117,88828.23,11171.77,0.1117,-0.755,-1.0,0.253,34,0.2059,7,27,8.2,False,True,-0.0818,0.0,4106.52,16238.23,16,0,6,8,4,0,348,75,29,0,0,0,46,62,0.48,0.5,10,0.025,0.02,0.02,0.03,2
-11171.77,-0.1117,88828.23,11171.77,0.1117,-0.755,-1.0,0.253,34,0.2059,7,27,8.2,False,True,-0.0818,0.0,4106.52,16238.23,16,0,6,8,4,0,348,75,29,0,0,0,46,62,0.48,0.5,10,0.025,0.02,0.02,0.03,3
-11171.77,-0.1117,88828.23,11171.77,0.1117,-0.755,-1.0,0.253,34,0.2059,7,27,8.2,False,True,-0.0818,0.0,4106.52,16238.23,16,0,6,8,4,0,348,75,29,0,0,0,46,62,0.48,0.5,10,0.025,0.02,0.02,0.05,1
-11171.77,-0.1117,88828.23,11171.77,0.1117,-0.755,-1.0,0.253,34,0.2059,7,27,8.2,False,True,-0.0818,0.0,4106.52,16238.23,16,0,6,8,4,0,348,75,29,0,0,0,46,62,0.48,0.5,10,0.025,0.02,0.02,0.05,2
-11171.77,-0.1117,88828.23,11171.77,0.1117,-0.755,-1.0,0.253,34,0.2059,7,27,8.2,False,True,-0.0818,0.0,4106.52,16238.23,16,0,6,8,4,0,348,75,29,0,0,0,46,62,0.48,0.5,10,0.025,0.02,0.02,0.05,3
-11171.77,-0.1117,88828.23,11171.77,0.1117,-0.755,-1.0,0.253,34,0.2059,7,27,8.2,False,True,-0.0818,0.0,4106.52,16238.23,16,0,6,8,4,0,348,75,29,0,0,0,46,62,0.48,0.5,10,0.025,0.03,0.01,0.03,1
-11171.77,-0.1117,88828.23,11171.77,0.1117,-0.755,-1.0,0.253,34,0.2059,7,27,8.2,False,True,-0.0818,0.0,4106.52,16238.23,16,0,6,8,4,0,348,75,29,0,0,0,46,62,0.48,0.5,10,0.025,0.03,0.01,0.03,2
-11171.77,-0.1117,88828.23,11171.77,0.1117,-0.755,-1.0,0.253,34,0.2059,7,27,8.2,False,True,-0.0818,0.0,4106.52,16238.23,16,0,6,8,4,0,348,75,29,0,0,0,46,62,0.48,0.5,10,0.025,0.03,0.01,0.03,3
-11171.77,-0.1117,88828.23,11171.77,0.1117,-0.755,-1.0,0.253,34,0.2059,7,27,8.2,False,True,-0.0818,0.0,4106.52,16238.23,16,0,6,8,4,0,348,75,29,0,0,0,46,62,0.48,0.5,10,0.025,0.03,0.01,0.05,1
-11171.77,-0.1117,88828.23,11171.77,0.1117,-0.755,-1.0,0.253,34,0.2059,7,27,8.2,False,True,-0.0818,0.0,4106.52,16238.23,16,0,6,8,4,0,348,75,29,0,0,0,46,62,0.48,0.5,10,0.025,0.03,0.01,0.05,2
-11171.77,-0.1117,88828.23,11171.77,0.1117,-0.755,-1.0,0.253,34,0.2059,7,27,8.2,False,True,-0.0818,0.0,4106.52,16238.23,16,0,6,8,4,0,348,75,29,0,0,0,46,62,0.48,0.5,10,0.025,0.03,0.01,0.05,3
-11171.77,-0.1117,88828.23,11171.77,0.1117,-0.755,-1.0,0.253,34,0.2059,7,27,8.2,False,True,-0.0818,0.0,4106.52,16238.23,16,0,6,8,4,0,348,75,29,0,0,0,46,62,0.48,0.5,10,0.025,0.03,0.02,0.03,1
-11171.77,-0.1117,88828.23,11171.77,0.1117,-0.755,-1.0,0.253,34,0.2059,7,27,8.2,False,True,-0.0818,0.0,4106.52,16238.23,16,0,6,8,4,0,348,75,29,0,0,0,46,62,0.48,0.5,10,0.025,0.03,0.02,0.03,2
-11171.77,-0.1117,88828.23,11171.77,0.1117,-0.755,-1.0,0.253,34,0.2059,7,27,8.2,False,True,-0.0818,0.0,4106.52,16238.23,16,0,6,8,4,0,348,75,29,0,0,0,46,62,0.48,0.5,10,0.025,0.03,0.02,0.03,3
-11171.77,-0.1117,88828.23,11171.77,0.1117,-0.755,-1.0,0.253,34,0.2059,7,27,8.2,False,True,-0.0818,0.0,4106.52,16238.23,16,0,6,8,4,0,348,75,29,0,0,0,46,62,0.48,0.5,10,0.025,0.03,0.02,0.05,1
-11171.77,-0.1117,88828.23,11171.77,0.1117,-0.755,-1.0,0.253,34,0.2059,7,27,8.2,False,True,-0.0818,0.0,4106.52,16238.23,16,0,6,8,4,0,348,75,29,0,0,0,46,62,0.48,0.5,10,0.025,0.03,0.02,0.05,2
-11171.77,-0.1117,88828.23,11171.77,0.1117,-0.755,-1.0,0.253,34,0.2059,7,27,8.2,False,True,-0.0818,0.0,4106.52,16238.23,16,0,6,8,4,0,348,75,29,0,0,0,46,62,0.48,0.5,10,0.025,0.03,0.02,0.05,3
-11893.35,-0.1189,88106.65,11893.35,0.1189,-0.821,-1.0,0.184,33,0.2121,7,26,7.5,False,True,-0.0642,0.0,2861.02,15518.6,13,0,7,8,5,0,422,85,34,0,0,0,45,74,0.48,0.5,10,0.035,0.02,0.01,0.03,1
-11893.35,-0.1189,88106.65,11893.35,0.1189,-0.821,-1.0,0.184,33,0.2121,7,26,7.5,False,True,-0.0642,0.0,2861.02,15518.6,13,0,7,8,5,0,422,85,34,0,0,0,45,74,0.48,0.5,10,0.035,0.02,0.01,0.03,2
-11893.35,-0.1189,88106.65,11893.35,0.1189,-0.821,-1.0,0.184,33,0.2121,7,26,7.5,False,True,-0.0642,0.0,2861.02,15518.6,13,0,7,8,5,0,422,85,34,0,0,0,45,74,0.48,0.5,10,0.035,0.02,0.01,0.03,3
-11053.73,-0.1105,88946.27,11053.73,0.1105,-0.815,-1.0,0.264,33,0.2424,8,25,8.5,False,True,-0.0642,0.0,4299.36,16314.31,13,0,7,9,4,0,422,79,30,0,0,0,45,66,0.48,0.5,10,0.035,0.02,0.01,0.05,1
-11053.73,-0.1105,88946.27,11053.73,0.1105,-0.815,-1.0,0.264,33,0.2424,8,25,8.5,False,True,-0.0642,0.0,4299.36,16314.31,13,0,7,9,4,0,422,79,30,0,0,0,45,66,0.48,0.5,10,0.035,0.02,0.01,0.05,2
-11053.73,-0.1105,88946.27,11053.73,0.1105,-0.815,-1.0,0.264,33,0.2424,8,25,8.5,False,True,-0.0642,0.0,4299.36,16314.31,13,0,7,9,4,0,422,79,30,0,0,0,45,66,0.48,0.5,10,0.035,0.02,0.01,0.05,3
-11893.35,-0.1189,88106.65,11893.35,0.1189,-0.821,-1.0,0.184,33,0.2121,7,26,7.5,False,True,-0.0642,0.0,2861.02,15518.6,13,0,7,8,5,0,422,85,34,0,0,0,45,74,0.48,0.5,10,0.035,0.02,0.02,0.03,1
-11893.35,-0.1189,88106.65,11893.35,0.1189,-0.821,-1.0,0.184,33,0.2121,7,26,7.5,False,True,-0.0642,0.0,2861.02,15518.6,13,0,7,8,5,0,422,85,34,0,0,0,45,74,0.48,0.5,10,0.035,0.02,0.02,0.03,2
-11893.35,-0.1189,88106.65,11893.35,0.1189,-0.821,-1.0,0.184,33,0.2121,7,26,7.5,False,True,-0.0642,0.0,2861.02,15518.6,13,0,7,8,5,0,422,85,34,0,0,0,45,74,0.48,0.5,10,0.035,0.02,0.02,0.03,3
-11053.73,-0.1105,88946.27,11053.73,0.1105,-0.815,-1.0,0.264,33,0.2424,8,25,8.5,False,True,-0.0642,0.0,4299.36,16314.31,13,0,7,9,4,0,422,79,30,0,0,0,45,66,0.48,0.5,10,0.035,0.02,0.02,0.05,1
-11053.73,-0.1105,88946.27,11053.73,0.1105,-0.815,-1.0,0.264,33,0.2424,8,25,8.5,False,True,-0.0642,0.0,4299.36,16314.31,13,0,7,9,4,0,422,79,30,0,0,0,45,66,0.48,0.5,10,0.035,0.02,0.02,0.05,2
-11053.73,-0.1105,88946.27,11053.73,0.1105,-0.815,-1.0,0.264,33,0.2424,8,25,8.5,False,True,-0.0642,0.0,4299.36,16314.31,13,0,7,9,4,0,422,79,30,0,0,0,45,66,0.48,0.5,10,0.035,0.02,0.02,0.05,3
-11893.35,-0.1189,88106.65,11893.35,0.1189,-0.821,-1.0,0.184,33,0.2121,7,26,7.5,False,True,-0.0642,0.0,2861.02,15518.6,13,0,7,8,5,0,422,85,34,0,0,0,45,74,0.48,0.5,10,0.035,0.03,0.01,0.03,1
-11893.35,-0.1189,88106.65,11893.35,0.1189,-0.821,-1.0,0.184,33,0.2121,7,26,7.5,False,True,-0.0642,0.0,2861.02,15518.6,13,0,7,8,5,0,422,85,34,0,0,0,45,74,0.48,0.5,10,0.035,0.03,0.01,0.03,2
-11893.35,-0.1189,88106.65,11893.35,0.1189,-0.821,-1.0,0.184,33,0.2121,7,26,7.5,False,True,-0.0642,0.0,2861.02,15518.6,13,0,7,8,5,0,422,85,34,0,0,0,45,74,0.48,0.5,10,0.035,0.03,0.01,0.03,3
-11053.73,-0.1105,88946.27,11053.73,0.1105,-0.815,-1.0,0.264,33,0.2424,8,25,8.5,False,True,-0.0642,0.0,4299.36,16314.31,13,0,7,9,4,0,422,79,30,0,0,0,45,66,0.48,0.5,10,0.035,0.03,0.01,0.05,1
-11053.73,-0.1105,88946.27,11053.73,0.1105,-0.815,-1.0,0.264,33,0.2424,8,25,8.5,False,True,-0.0642,0.0,4299.36,16314.31,13,0,7,9,4,0,422,79,30,0,0,0,45,66,0.48,0.5,10,0.035,0.03,0.01,0.05,2
-11053.73,-0.1105,88946.27,11053.73,0.1105,-0.815,-1.0,0.264,33,0.2424,8,25,8.5,False,True,-0.0642,0.0,4299.36,16314.31,13,0,7,9,4,0,422,79,30,0,0,0,45,66,0.48,0.5,10,0.035,0.03,0.01,0.05,3
-11893.35,-0.1189,88106.65,11893.35,0.1189,-0.821,-1.0,0.184,33,0.2121,7,26,7.5,False,True,-0.0642,0.0,2861.02,15518.6,13,0,7,8,5,0,422,85,34,0,0,0,45,74,0.48,0.5,10,0.035,0.03,0.02,0.03,1
-11893.35,-0.1189,88106.65,11893.35,0.1189,-0.821,-1.0,0.184,33,0.2121,7,26,7.5,False,True,-0.0642,0.0,2861.02,15518.6,13,0,7,8,5,0,422,85,34,0,0,0,45,74,0.48,0.5,10,0.035,0.03,0.02,0.03,2
-11893.35,-0.1189,88106.65,11893.35,0.1189,-0.821,-1.0,0.184,33,0.2121,7,26,7.5,False,True,-0.0642,0.0,2861.02,15518.6,13,0,7,8,5,0,422,85,34,0,0,0,45,74,0.48,0.5,10,0.035,0.03,0.02,0.03,3
-11053.73,-0.1105,88946.27,11053.73,0.1105,-0.815,-1.0,0.264,33,0.2424,8,25,8.5,False,True,-0.0642,0.0,4299.36,16314.31,13,0,7,9,4,0,422,79,30,0,0,0,45,66,0.48,0.5,10,0.035,0.03,0.02,0.05,1
-11053.73,-0.1105,88946.27,11053.73,0.1105,-0.815,-1.0,0.264,33,0.2424,8,25,8.5,False,True,-0.0642,0.0,4299.36,16314.31,13,0,7,9,4,0,422,79,30,0,0,0,45,66,0.48,0.5,10,0.035,0.03,0.02,0.05,2
-11053.73,-0.1105,88946.27,11053.73,0.1105,-0.815,-1.0,0.264,33,0.2424,8,25,8.5,False,True,-0.0642,0.0,4299.36,16314.31,13,0,7,9,4,0,422,79,30,0,0,0,45,66,0.48,0.5,10,0.035,0.03,0.02,0.05,3
-10170.71,-0.1017,89829.29,10170.71,0.1017,-0.974,-1.0,0.308,35,0.2286,8,27,9.2,False,True,-0.0466,0.0,4524.95,14706.55,15,0,7,9,4,0,227,130,37,0,0,0,42,86,0.48,0.5,15,0.025,0.02,0.01,0.03,1
-10170.71,-0.1017,89829.29,10170.71,0.1017,-0.974,-1.0,0.308,35,0.2286,8,27,9.2,False,True,-0.0466,0.0,4524.95,14706.55,15,0,7,9,4,0,227,130,37,0,0,0,42,86,0.48,0.5,15,0.025,0.02,0.01,0.03,2
-10170.71,-0.1017,89829.29,10170.71,0.1017,-0.974,-1.0,0.308,35,0.2286,8,27,9.2,False,True,-0.0466,0.0,4524.95,14706.55,15,0,7,9,4,0,227,130,37,0,0,0,42,86,0.48,0.5,15,0.025,0.02,0.01,0.03,3
-9845.71,-0.0985,90154.29,10328.88,0.103,-0.889,-0.953,0.313,34,0.1765,6,28,8.6,False,True,-0.0553,0.0,4745.53,15145.0,15,0,7,8,4,0,227,115,35,0,0,0,42,72,0.48,0.5,15,0.025,0.02,0.01,0.05,1
-9845.71,-0.0985,90154.29,10328.88,0.103,-0.889,-0.953,0.313,34,0.1765,6,28,8.6,False,True,-0.0553,0.0,4745.53,15145.0,15,0,7,8,4,0,227,115,35,0,0,0,42,72,0.48,0.5,15,0.025,0.02,0.01,0.05,2
-9845.71,-0.0985,90154.29,10328.88,0.103,-0.889,-0.953,0.313,34,0.1765,6,28,8.6,False,True,-0.0553,0.0,4745.53,15145.0,15,0,7,8,4,0,227,115,35,0,0,0,42,72,0.48,0.5,15,0.025,0.02,0.01,0.05,3
-10170.71,-0.1017,89829.29,10170.71,0.1017,-0.974,-1.0,0.308,35,0.2286,8,27,9.2,False,True,-0.0466,0.0,4524.95,14706.55,15,0,7,9,4,0,227,130,37,0,0,0,42,86,0.48,0.5,15,0.025,0.02,0.02,0.03,1
-10170.71,-0.1017,89829.29,10170.71,0.1017,-0.974,-1.0,0.308,35,0.2286,8,27,9.2,False,True,-0.0466,0.0,4524.95,14706.55,15,0,7,9,4,0,227,130,37,0,0,0,42,86,0.48,0.5,15,0.025,0.02,0.02,0.03,2
-10170.71,-0.1017,89829.29,10170.71,0.1017,-0.974,-1.0,0.308,35,0.2286,8,27,9.2,False,True,-0.0466,0.0,4524.95,14706.55,15,0,7,9,4,0,227,130,37,0,0,0,42,86,0.48,0.5,15,0.025,0.02,0.02,0.03,3
-9845.71,-0.0985,90154.29,10328.88,0.103,-0.889,-0.953,0.313,34,0.1765,6,28,8.6,False,True,-0.0553,0.0,4745.53,15145.0,15,0,7,8,4,0,227,115,35,0,0,0,42,72,0.48,0.5,15,0.025,0.02,0.02,0.05,1
-9845.71,-0.0985,90154.29,10328.88,0.103,-0.889,-0.953,0.313,34,0.1765,6,28,8.6,False,True,-0.0553,0.0,4745.53,15145.0,15,0,7,8,4,0,227,115,35,0,0,0,42,72,0.48,0.5,15,0.025,0.02,0.02,0.05,2
-9845.71,-0.0985,90154.29,10328.88,0.103,-0.889,-0.953,0.313,34,0.1765,6,28,8.6,False,True,-0.0553,0.0,4745.53,15145.0,15,0,7,8,4,0,227,115,35,0,0,0,42,72,0.48,0.5,15,0.025,0.02,0.02,0.05,3
-10170.71,-0.1017,89829.29,10170.71,0.1017,-0.974,-1.0,0.308,35,0.2286,8,27,9.2,False,True,-0.0466,0.0,4524.95,14706.55,15,0,7,9,4,0,227,130,37,0,0,0,42,86,0.48,0.5,15,0.025,0.03,0.01,0.03,1
-10170.71,-0.1017,89829.29,10170.71,0.1017,-0.974,-1.0,0.308,35,0.2286,8,27,9.2,False,True,-0.0466,0.0,4524.95,14706.55,15,0,7,9,4,0,227,130,37,0,0,0,42,86,0.48,0.5,15,0.025,0.03,0.01,0.03,2
-10170.71,-0.1017,89829.29,10170.71,0.1017,-0.974,-1.0,0.308,35,0.2286,8,27,9.2,False,True,-0.0466,0.0,4524.95,14706.55,15,0,7,9,4,0,227,130,37,0,0,0,42,86,0.48,0.5,15,0.025,0.03,0.01,0.03,3
-9845.71,-0.0985,90154.29,10328.88,0.103,-0.889,-0.953,0.313,34,0.1765,6,28,8.6,False,True,-0.0553,0.0,4745.53,15145.0,15,0,7,8,4,0,227,115,35,0,0,0,42,72,0.48,0.5,15,0.025,0.03,0.01,0.05,1
-9845.71,-0.0985,90154.29,10328.88,0.103,-0.889,-0.953,0.313,34,0.1765,6,28,8.6,False,True,-0.0553,0.0,4745.53,15145.0,15,0,7,8,4,0,227,115,35,0,0,0,42,72,0.48,0.5,15,0.025,0.03,0.01,0.05,2
-9845.71,-0.0985,90154.29,10328.88,0.103,-0.889,-0.953,0.313,34,0.1765,6,28,8.6,False,True,-0.0553,0.0,4745.53,15145.0,15,0,7,8,4,0,227,115,35,0,0,0,42,72,0.48,0.5,15,0.025,0.03,0.01,0.05,3
-10170.71,-0.1017,89829.29,10170.71,0.1017,-0.974,-1.0,0.308,35,0.2286,8,27,9.2,False,True,-0.0466,0.0,4524.95,14706.55,15,0,7,9,4,0,227,130,37,0,0,0,42,86,0.48,0.5,15,0.025,0.03,0.02,0.03,1
-10170.71,-0.1017,89829.29,10170.71,0.1017,-0.974,-1.0,0.308,35,0.2286,8,27,9.2,False,True,-0.0466,0.0,4524.95,14706.55,15,0,7,9,4,0,227,130,37,0,0,0,42,86,0.48,0.5,15,0.025,0.03,0.02,0.03,2
-10170.71,-0.1017,89829.29,10170.71,0.1017,-0.974,-1.0,0.308,35,0.2286,8,27,9.2,False,True,-0.0466,0.0,4524.95,14706.55,15,0,7,9,4,0,227,130,37,0,0,0,42,86,0.48,0.5,15,0.025,0.03,0.02,0.03,3
-9845.71,-0.0985,90154.29,10328.88,0.103,-0.889,-0.953,0.313,34,0.1765,6,28,8.6,False,True,-0.0553,0.0,4745.53,15145.0,15,0,7,8,4,0,227,115,35,0,0,0,42,72,0.48,0.5,15,0.025,0.03,0.02,0.05,1
-9845.71,-0.0985,90154.29,10328.88,0.103,-0.889,-0.953,0.313,34,0.1765,6,28,8.6,False,True,-0.0553,0.0,4745.53,15145.0,15,0,7,8,4,0,227,115,35,0,0,0,42,72,0.48,0.5,15,0.025,0.03,0.02,0.05,2
-9845.71,-0.0985,90154.29,10328.88,0.103,-0.889,-0.953,0.313,34,0.1765,6,28,8.6,False,True,-0.0553,0.0,4745.53,15145.0,15,0,7,8,4,0,227,115,35,0,0,0,42,72,0.48,0.5,15,0.025,0.03,0.02,0.05,3
-12937.5,-0.1294,87062.5,12937.5,0.1294,-0.816,-1.0,0.184,38,0.2105,8,30,8.6,False,True,-0.0753,0.0,3089.03,16781.7,16,0,8,9,5,0,362,111,34,0,0,0,45,98,0.48,0.5,15,0.035,0.02,0.01,0.03,1
-12937.5,-0.1294,87062.5,12937.5,0.1294,-0.816,-1.0,0.184,38,0.2105,8,30,8.6,False,True,-0.0753,0.0,3089.03,16781.7,16,0,8,9,5,0,362,111,34,0,0,0,45,98,0.48,0.5,15,0.035,0.02,0.01,0.03,2
-12937.5,-0.1294,87062.5,12937.5,0.1294,-0.816,-1.0,0.184,38,0.2105,8,30,8.6,False,True,-0.0753,0.0,3089.03,16781.7,16,0,8,9,5,0,362,111,34,0,0,0,45,98,0.48,0.5,15,0.035,0.02,0.01,0.03,3
-12937.5,-0.1294,87062.5,12937.5,0.1294,-0.816,-1.0,0.184,38,0.2105,8,30,8.6,False,True,-0.0753,0.0,3089.03,16781.7,16,0,8,9,5,0,362,111,34,0,0,0,45,98,0.48,0.5,15,0.035,0.02,0.01,0.05,1
-12937.5,-0.1294,87062.5,12937.5,0.1294,-0.816,-1.0,0.184,38,0.2105,8,30,8.6,False,True,-0.0753,0.0,3089.03,16781.7,16,0,8,9,5,0,362,111,34,0,0,0,45,98,0.48,0.5,15,0.035,0.02,0.01,0.05,2
-12937.5,-0.1294,87062.5,12937.5,0.1294,-0.816,-1.0,0.184,38,0.2105,8,30,8.6,False,True,-0.0753,0.0,3089.03,16781.7,16,0,8,9,5,0,362,111,34,0,0,0,45,98,0.48,0.5,15,0.035,0.02,0.01,0.05,3
-12937.5,-0.1294,87062.5,12937.5,0.1294,-0.816,-1.0,0.184,38,0.2105,8,30,8.6,False,True,-0.0753,0.0,3089.03,16781.7,16,0,8,9,5,0,362,111,34,0,0,0,45,98,0.48,0.5,15,0.035,0.02,0.02,0.03,1
-12937.5,-0.1294,87062.5,12937.5,0.1294,-0.816,-1.0,0.184,38,0.2105,8,30,8.6,False,True,-0.0753,0.0,3089.03,16781.7,16,0,8,9,5,0,362,111,34,0,0,0,45,98,0.48,0.5,15,0.035,0.02,0.02,0.03,2
-12937.5,-0.1294,87062.5,12937.5,0.1294,-0.816,-1.0,0.184,38,0.2105,8,30,8.6,False,True,-0.0753,0.0,3089.03,16781.7,16,0,8,9,5,0,362,111,34,0,0,0,45,98,0.48,0.5,15,0.035,0.02,0.02,0.03,3
-12937.5,-0.1294,87062.5,12937.5,0.1294,-0.816,-1.0,0.184,38,0.2105,8,30,8.6,False,True,-0.0753,0.0,3089.03,16781.7,16,0,8,9,5,0,362,111,34,0,0,0,45,98,0.48,0.5,15,0.035,0.02,0.02,0.05,1
-12937.5,-0.1294,87062.5,12937.5,0.1294,-0.816,-1.0,0.184,38,0.2105,8,30,8.6,False,True,-0.0753,0.0,3089.03,16781.7,16,0,8,9,5,0,362,111,34,0,0,0,45,98,0.48,0.5,15,0.035,0.02,0.02,0.05,2
-12937.5,-0.1294,87062.5,12937.5,0.1294,-0.816,-1.0,0.184,38,0.2105,8,30,8.6,False,True,-0.0753,0.0,3089.03,16781.7,16,0,8,9,5,0,362,111,34,0,0,0,45,98,0.48,0.5,15,0.035,0.02,0.02,0.05,3
-12937.5,-0.1294,87062.5,12937.5,0.1294,-0.816,-1.0,0.184,38,0.2105,8,30,8.6,False,True,-0.0753,0.0,3089.03,16781.7,16,0,8,9,5,0,362,111,34,0,0,0,45,98,0.48,0.5,15,0.035,0.03,0.01,0.03,1
-12937.5,-0.1294,87062.5,12937.5,0.1294,-0.816,-1.0,0.184,38,0.2105,8,30,8.6,False,True,-0.0753,0.0,3089.03,16781.7,16,0,8,9,5,0,362,111,34,0,0,0,45,98,0.48,0.5,15,0.035,0.03,0.01,0.03,2
-12937.5,-0.1294,87062.5,12937.5,0.1294,-0.816,-1.0,0.184,38,0.2105,8,30,8.6,False,True,-0.0753,0.0,3089.03,16781.7,16,0,8,9,5,0,362,111,34,0,0,0,45,98,0.48,0.5,15,0.035,0.03,0.01,0.03,3
-12937.5,-0.1294,87062.5,12937.5,0.1294,-0.816,-1.0,0.184,38,0.2105,8,30,8.6,False,True,-0.0753,0.0,3089.03,16781.7,16,0,8,9,5,0,362,111,34,0,0,0,45,98,0.48,0.5,15,0.035,0.03,0.01,0.05,1
-12937.5,-0.1294,87062.5,12937.5,0.1294,-0.816,-1.0,0.184,38,0.2105,8,30,8.6,False,True,-0.0753,0.0,3089.03,16781.7,16,0,8,9,5,0,362,111,34,0,0,0,45,98,0.48,0.5,15,0.035,0.03,0.01,0.05,2
-12937.5,-0.1294,87062.5,12937.5,0.1294,-0.816,-1.0,0.184,38,0.2105,8,30,8.6,False,True,-0.0753,0.0,3089.03,16781.7,16,0,8,9,5,0,362,111,34,0,0,0,45,98,0.48,0.5,15,0.035,0.03,0.01,0.05,3
-12937.5,-0.1294,87062.5,12937.5,0.1294,-0.816,-1.0,0.184,38,0.2105,8,30,8.6,False,True,-0.0753,0.0,3089.03,16781.7,16,0,8,9,5,0,362,111,34,0,0,0,45,98,0.48,0.5,15,0.035,0.03,0.02,0.03,1
-12937.5,-0.1294,87062.5,12937.5,0.1294,-0.816,-1.0,0.184,38,0.2105,8,30,8.6,False,True,-0.0753,0.0,3089.03,16781.7,16,0,8,9,5,0,362,111,34,0,0,0,45,98,0.48,0.5,15,0.035,0.03,0.02,0.03,2
-12937.5,-0.1294,87062.5,12937.5,0.1294,-0.816,-1.0,0.184,38,0.2105,8,30,8.6,False,True,-0.0753,0.0,3089.03,16781.7,16,0,8,9,5,0,362,111,34,0,0,0,45,98,0.48,0.5,15,0.035,0.03,0.02,0.03,3
-12937.5,-0.1294,87062.5,12937.5,0.1294,-0.816,-1.0,0.184,38,0.2105,8,30,8.6,False,True,-0.0753,0.0,3089.03,16781.7,16,0,8,9,5,0,362,111,34,0,0,0,45,98,0.48,0.5,15,0.035,0.03,0.02,0.05,1
-12937.5,-0.1294,87062.5,12937.5,0.1294,-0.816,-1.0,0.184,38,0.2105,8,30,8.6,False,True,-0.0753,0.0,3089.03,16781.7,16,0,8,9,5,0,362,111,34,0,0,0,45,98,0.48,0.5,15,0.035,0.03,0.02,0.05,2
-12937.5,-0.1294,87062.5,12937.5,0.1294,-0.816,-1.0,0.184,38,0.2105,8,30,8.6,False,True,-0.0753,0.0,3089.03,16781.7,16,0,8,9,5,0,362,111,34,0,0,0,45,98,0.48,0.5,15,0.035,0.03,0.02,0.05,3
-11442.15,-0.1144,88557.85,13762.89,0.1345,-0.668,-0.831,0.254,15,0.2,3,12,6.3,False,True,-0.0958,0.0101,3912.51,15379.61,7,0,3,4,1,0,189,62,89,0,0,289,38,28,0.48,1.0,5,0.025,0.02,0.01,0.03,1
-11442.15,-0.1144,88557.85,13762.89,0.1345,-0.668,-0.831,0.254,15,0.2,3,12,6.3,False,True,-0.0958,0.0101,3912.51,15379.61,7,0,3,4,1,0,189,62,89,0,0,289,38,28,0.48,1.0,5,0.025,0.02,0.01,0.03,2
-11442.15,-0.1144,88557.85,13762.89,0.1345,-0.668,-0.831,0.254,15,0.2,3,12,6.3,False,True,-0.0958,0.0101,3912.51,15379.61,7,0,3,4,1,0,189,62,89,0,0,289,38,28,0.48,1.0,5,0.025,0.02,0.01,0.03,3
-8757.91,-0.0876,91242.09,13297.75,0.1272,-0.768,-0.659,0.432,19,0.1579,3,16,6.1,False,True,-0.0483,0.0197,7383.09,17089.33,9,0,5,4,1,0,189,63,92,0,0,289,38,32,0.48,1.0,5,0.025,0.02,0.01,0.05,1
-8757.91,-0.0876,91242.09,13297.75,0.1272,-0.768,-0.659,0.432,19,0.1579,3,16,6.1,False,True,-0.0483,0.0197,7383.09,17089.33,9,0,5,4,1,0,189,63,92,0,0,289,38,32,0.48,1.0,5,0.025,0.02,0.01,0.05,2
-8757.91,-0.0876,91242.09,13297.75,0.1272,-0.768,-0.659,0.432,19,0.1579,3,16,6.1,False,True,-0.0483,0.0197,7383.09,17089.33,9,0,5,4,1,0,189,63,92,0,0,289,38,32,0.48,1.0,5,0.025,0.02,0.01,0.05,3
-10903.8,-0.109,89096.2,12041.88,0.1195,-0.927,-0.905,0.246,18,0.1667,3,15,5.8,False,True,-0.0597,0.0,3912.51,15923.56,8,0,4,4,2,0,189,64,27,0,0,0,38,30,0.48,1.0,5,0.025,0.02,0.02,0.03,1
-10903.8,-0.109,89096.2,12041.88,0.1195,-0.927,-0.905,0.246,18,0.1667,3,15,5.8,False,True,-0.0597,0.0,3912.51,15923.56,8,0,4,4,2,0,189,64,27,0,0,0,38,30,0.48,1.0,5,0.025,0.02,0.02,0.03,2
-10903.8,-0.109,89096.2,12041.88,0.1195,-0.927,-0.905,0.246,18,0.1667,3,15,5.8,False,True,-0.0597,0.0,3912.51,15923.56,8,0,4,4,2,0,189,64,27,0,0,0,38,30,0.48,1.0,5,0.025,0.02,0.02,0.03,3
-10425.15,-0.1043,89574.85,14964.99,0.1432,-0.755,-0.697,0.413,17,0.1765,3,14,4.9,False,True,-0.0762,0.0,7383.09,17862.01,9,0,2,4,2,0,189,42,22,0,0,0,38,23,0.48,1.0,5,0.025,0.02,0.02,0.05,1
-10425.15,-0.1043,89574.85,14964.99,0.1432,-0.755,-0.697,0.413,17,0.1765,3,14,4.9,False,True,-0.0762,0.0,7383.09,17862.01,9,0,2,4,2,0,189,42,22,0,0,0,38,23,0.48,1.0,5,0.025,0.02,0.02,0.05,2
-10425.15,-0.1043,89574.85,14964.99,0.1432,-0.755,-0.697,0.413,17,0.1765,3,14,4.9,False,True,-0.0762,0.0,7383.09,17862.01,9,0,2,4,2,0,189,42,22,0,0,0,38,23,0.48,1.0,5,0.025,0.02,0.02,0.05,3
-11442.15,-0.1144,88557.85,13762.89,0.1345,-0.668,-0.831,0.254,15,0.2,3,12,6.3,False,True,-0.0958,0.0101,3912.51,15379.61,7,0,3,4,1,0,189,62,89,0,0,289,38,28,0.48,1.0,5,0.025,0.03,0.01,0.03,1
-11442.15,-0.1144,88557.85,13762.89,0.1345,-0.668,-0.831,0.254,15,0.2,3,12,6.3,False,True,-0.0958,0.0101,3912.51,15379.61,7,0,3,4,1,0,189,62,89,0,0,289,38,28,0.48,1.0,5,0.025,0.03,0.01,0.03,2
-11442.15,-0.1144,88557.85,13762.89,0.1345,-0.668,-0.831,0.254,15,0.2,3,12,6.3,False,True,-0.0958,0.0101,3912.51,15379.61,7,0,3,4,1,0,189,62,89,0,0,289,38,28,0.48,1.0,5,0.025,0.03,0.01,0.03,3
-8757.91,-0.0876,91242.09,13297.75,0.1272,-0.768,-0.659,0.432,19,0.1579,3,16,6.1,False,True,-0.0483,0.0197,7383.09,17089.33,9,0,5,4,1,0,189,63,92,0,0,289,38,32,0.48,1.0,5,0.025,0.03,0.01,0.05,1
-8757.91,-0.0876,91242.09,13297.75,0.1272,-0.768,-0.659,0.432,19,0.1579,3,16,6.1,False,True,-0.0483,0.0197,7383.09,17089.33,9,0,5,4,1,0,189,63,92,0,0,289,38,32,0.48,1.0,5,0.025,0.03,0.01,0.05,2
-8757.91,-0.0876,91242.09,13297.75,0.1272,-0.768,-0.659,0.432,19,0.1579,3,16,6.1,False,True,-0.0483,0.0197,7383.09,17089.33,9,0,5,4,1,0,189,63,92,0,0,289,38,32,0.48,1.0,5,0.025,0.03,0.01,0.05,3
-10903.8,-0.109,89096.2,12041.88,0.1195,-0.927,-0.905,0.246,18,0.1667,3,15,5.8,False,True,-0.0597,0.0,3912.51,15923.56,8,0,4,4,2,0,189,64,27,0,0,0,38,30,0.48,1.0,5,0.025,0.03,0.02,0.03,1
-10903.8,-0.109,89096.2,12041.88,0.1195,-0.927,-0.905,0.246,18,0.1667,3,15,5.8,False,True,-0.0597,0.0,3912.51,15923.56,8,0,4,4,2,0,189,64,27,0,0,0,38,30,0.48,1.0,5,0.025,0.03,0.02,0.03,2
-10903.8,-0.109,89096.2,12041.88,0.1195,-0.927,-0.905,0.246,18,0.1667,3,15,5.8,False,True,-0.0597,0.0,3912.51,15923.56,8,0,4,4,2,0,189,64,27,0,0,0,38,30,0.48,1.0,5,0.025,0.03,0.02,0.03,3
-10425.15,-0.1043,89574.85,14964.99,0.1432,-0.755,-0.697,0.413,17,0.1765,3,14,4.9,False,True,-0.0762,0.0,7383.09,17862.01,9,0,2,4,2,0,189,42,22,0,0,0,38,23,0.48,1.0,5,0.025,0.03,0.02,0.05,1
-10425.15,-0.1043,89574.85,14964.99,0.1432,-0.755,-0.697,0.413,17,0.1765,3,14,4.9,False,True,-0.0762,0.0,7383.09,17862.01,9,0,2,4,2,0,189,42,22,0,0,0,38,23,0.48,1.0,5,0.025,0.03,0.02,0.05,2
-10425.15,-0.1043,89574.85,14964.99,0.1432,-0.755,-0.697,0.413,17,0.1765,3,14,4.9,False,True,-0.0762,0.0,7383.09,17862.01,9,0,2,4,2,0,189,42,22,0,0,0,38,23,0.48,1.0,5,0.025,0.03,0.02,0.05,3
-8269.63,-0.0827,91730.37,10962.32,0.1067,-0.581,-0.754,0.141,16,0.1875,3,13,7.6,False,True,-0.0827,0.0,1354.56,9624.18,7,0,5,4,0,0,842,20,24,0,0,0,47,43,0.48,1.0,5,0.035,0.02,0.01,0.03,1
-8269.63,-0.0827,91730.37,10962.32,0.1067,-0.581,-0.754,0.141,16,0.1875,3,13,7.6,False,True,-0.0827,0.0,1354.56,9624.18,7,0,5,4,0,0,842,20,24,0,0,0,47,43,0.48,1.0,5,0.035,0.02,0.01,0.03,2
-8269.63,-0.0827,91730.37,10962.32,0.1067,-0.581,-0.754,0.141,16,0.1875,3,13,7.6,False,True,-0.0827,0.0,1354.56,9624.18,7,0,5,4,0,0,842,20,24,0,0,0,47,43,0.48,1.0,5,0.035,0.02,0.01,0.03,3
-8269.63,-0.0827,91730.37,10962.32,0.1067,-0.581,-0.754,0.141,16,0.1875,3,13,7.6,False,True,-0.0827,0.0,1354.56,9624.18,7,0,5,4,0,0,842,20,24,0,0,0,47,43,0.48,1.0,5,0.035,0.02,0.01,0.05,1
-8269.63,-0.0827,91730.37,10962.32,0.1067,-0.581,-0.754,0.141,16,0.1875,3,13,7.6,False,True,-0.0827,0.0,1354.56,9624.18,7,0,5,4,0,0,842,20,24,0,0,0,47,43,0.48,1.0,5,0.035,0.02,0.01,0.05,2
-8269.63,-0.0827,91730.37,10962.32,0.1067,-0.581,-0.754,0.141,16,0.1875,3,13,7.6,False,True,-0.0827,0.0,1354.56,9624.18,7,0,5,4,0,0,842,20,24,0,0,0,47,43,0.48,1.0,5,0.035,0.02,0.01,0.05,3
-8269.63,-0.0827,91730.37,10962.32,0.1067,-0.581,-0.754,0.141,16,0.1875,3,13,7.6,False,True,-0.0827,0.0,1354.56,9624.18,7,0,5,4,0,0,842,20,24,0,0,0,47,43,0.48,1.0,5,0.035,0.02,0.02,0.03,1
-8269.63,-0.0827,91730.37,10962.32,0.1067,-0.581,-0.754,0.141,16,0.1875,3,13,7.6,False,True,-0.0827,0.0,1354.56,9624.18,7,0,5,4,0,0,842,20,24,0,0,0,47,43,0.48,1.0,5,0.035,0.02,0.02,0.03,2
-8269.63,-0.0827,91730.37,10962.32,0.1067,-0.581,-0.754,0.141,16,0.1875,3,13,7.6,False,True,-0.0827,0.0,1354.56,9624.18,7,0,5,4,0,0,842,20,24,0,0,0,47,43,0.48,1.0,5,0.035,0.02,0.02,0.03,3
-8269.63,-0.0827,91730.37,10962.32,0.1067,-0.581,-0.754,0.141,16,0.1875,3,13,7.6,False,True,-0.0827,0.0,1354.56,9624.18,7,0,5,4,0,0,842,20,24,0,0,0,47,43,0.48,1.0,5,0.035,0.02,0.02,0.05,1
-8269.63,-0.0827,91730.37,10962.32,0.1067,-0.581,-0.754,0.141,16,0.1875,3,13,7.6,False,True,-0.0827,0.0,1354.56,9624.18,7,0,5,4,0,0,842,20,24,0,0,0,47,43,0.48,1.0,5,0.035,0.02,0.02,0.05,2
-8269.63,-0.0827,91730.37,10962.32,0.1067,-0.581,-0.754,0.141,16,0.1875,3,13,7.6,False,True,-0.0827,0.0,1354.56,9624.18,7,0,5,4,0,0,842,20,24,0,0,0,47,43,0.48,1.0,5,0.035,0.02,0.02,0.05,3
-8269.63,-0.0827,91730.37,10962.32,0.1067,-0.581,-0.754,0.141,16,0.1875,3,13,7.6,False,True,-0.0827,0.0,1354.56,9624.18,7,0,5,4,0,0,842,20,24,0,0,0,47,43,0.48,1.0,5,0.035,0.03,0.01,0.03,1
-8269.63,-0.0827,91730.37,10962.32,0.1067,-0.581,-0.754,0.141,16,0.1875,3,13,7.6,False,True,-0.0827,0.0,1354.56,9624.18,7,0,5,4,0,0,842,20,24,0,0,0,47,43,0.48,1.0,5,0.035,0.03,0.01,0.03,2
-8269.63,-0.0827,91730.37,10962.32,0.1067,-0.581,-0.754,0.141,16,0.1875,3,13,7.6,False,True,-0.0827,0.0,1354.56,9624.18,7,0,5,4,0,0,842,20,24,0,0,0,47,43,0.48,1.0,5,0.035,0.03,0.01,0.03,3
-8269.63,-0.0827,91730.37,10962.32,0.1067,-0.581,-0.754,0.141,16,0.1875,3,13,7.6,False,True,-0.0827,0.0,1354.56,9624.18,7,0,5,4,0,0,842,20,24,0,0,0,47,43,0.48,1.0,5,0.035,0.03,0.01,0.05,1
-8269.63,-0.0827,91730.37,10962.32,0.1067,-0.581,-0.754,0.141,16,0.1875,3,13,7.6,False,True,-0.0827,0.0,1354.56,9624.18,7,0,5,4,0,0,842,20,24,0,0,0,47,43,0.48,1.0,5,0.035,0.03,0.01,0.05,2
-8269.63,-0.0827,91730.37,10962.32,0.1067,-0.581,-0.754,0.141,16,0.1875,3,13,7.6,False,True,-0.0827,0.0,1354.56,9624.18,7,0,5,4,0,0,842,20,24,0,0,0,47,43,0.48,1.0,5,0.035,0.03,0.01,0.05,3
-8269.63,-0.0827,91730.37,10962.32,0.1067,-0.581,-0.754,0.141,16,0.1875,3,13,7.6,False,True,-0.0827,0.0,1354.56,9624.18,7,0,5,4,0,0,842,20,24,0,0,0,47,43,0.48,1.0,5,0.035,0.03,0.02,0.03,1
-8269.63,-0.0827,91730.37,10962.32,0.1067,-0.581,-0.754,0.141,16,0.1875,3,13,7.6,False,True,-0.0827,0.0,1354.56,9624.18,7,0,5,4,0,0,842,20,24,0,0,0,47,43,0.48,1.0,5,0.035,0.03,0.02,0.03,2
-8269.63,-0.0827,91730.37,10962.32,0.1067,-0.581,-0.754,0.141,16,0.1875,3,13,7.6,False,True,-0.0827,0.0,1354.56,9624.18,7,0,5,4,0,0,842,20,24,0,0,0,47,43,0.48,1.0,5,0.035,0.03,0.02,0.03,3
-8269.63,-0.0827,91730.37,10962.32,0.1067,-0.581,-0.754,0.141,16,0.1875,3,13,7.6,False,True,-0.0827,0.0,1354.56,9624.18,7,0,5,4,0,0,842,20,24,0,0,0,47,43,0.48,1.0,5,0.035,0.03,0.02,0.05,1
-8269.63,-0.0827,91730.37,10962.32,0.1067,-0.581,-0.754,0.141,16,0.1875,3,13,7.6,False,True,-0.0827,0.0,1354.56,9624.18,7,0,5,4,0,0,842,20,24,0,0,0,47,43,0.48,1.0,5,0.035,0.03,0.02,0.05,2
-8269.63,-0.0827,91730.37,10962.32,0.1067,-0.581,-0.754,0.141,16,0.1875,3,13,7.6,False,True,-0.0827,0.0,1354.56,9624.18,7,0,5,4,0,0,842,20,24,0,0,0,47,43,0.48,1.0,5,0.035,0.03,0.02,0.05,3
-12206.65,-0.1221,87793.35,13644.08,0.1345,-0.696,-0.895,0.283,18,0.2222,4,14,8.4,False,True,-0.0958,0.0101,4826.92,17058.3,8,0,3,5,2,0,14,73,88,0,0,289,35,20,0.48,1.0,10,0.025,0.02,0.01,0.03,1
-12206.65,-0.1221,87793.35,13644.08,0.1345,-0.696,-0.895,0.283,18,0.2222,4,14,8.4,False,True,-0.0958,0.0101,4826.92,17058.3,8,0,3,5,2,0,14,73,88,0,0,289,35,20,0.48,1.0,10,0.025,0.02,0.01,0.03,2
-12206.65,-0.1221,87793.35,13644.08,0.1345,-0.696,-0.895,0.283,18,0.2222,4,14,8.4,False,True,-0.0958,0.0101,4826.92,17058.3,8,0,3,5,2,0,14,73,88,0,0,289,35,20,0.48,1.0,10,0.025,0.02,0.01,0.03,3
-9545.58,-0.0955,90454.42,13182.95,0.1272,-0.792,-0.724,0.441,22,0.1818,4,18,7.8,False,True,-0.0483,0.0197,8267.54,18753.26,10,0,5,5,2,0,14,74,91,0,0,289,35,24,0.48,1.0,10,0.025,0.02,0.01,0.05,1
-9545.58,-0.0955,90454.42,13182.95,0.1272,-0.792,-0.724,0.441,22,0.1818,4,18,7.8,False,True,-0.0483,0.0197,8267.54,18753.26,10,0,5,5,2,0,14,74,91,0,0,289,35,24,0.48,1.0,10,0.025,0.02,0.01,0.05,2
-9545.58,-0.0955,90454.42,13182.95,0.1272,-0.792,-0.724,0.441,22,0.1818,4,18,7.8,False,True,-0.0483,0.0197,8267.54,18753.26,10,0,5,5,2,0,14,74,91,0,0,289,35,24,0.48,1.0,10,0.025,0.02,0.01,0.05,3
-11672.95,-0.1167,88327.05,12033.33,0.1203,-0.943,-0.97,0.274,21,0.1905,4,17,7.7,False,True,-0.0597,0.0,4826.92,17597.56,9,0,4,5,3,0,14,75,26,0,0,0,35,22,0.48,1.0,10,0.025,0.02,0.02,0.03,1
-11672.95,-0.1167,88327.05,12033.33,0.1203,-0.943,-0.97,0.274,21,0.1905,4,17,7.7,False,True,-0.0597,0.0,4826.92,17597.56,9,0,4,5,3,0,14,75,26,0,0,0,35,22,0.48,1.0,10,0.025,0.02,0.02,0.03,2
-11672.95,-0.1167,88327.05,12033.33,0.1203,-0.943,-0.97,0.274,21,0.1905,4,17,7.7,False,True,-0.0597,0.0,4826.92,17597.56,9,0,4,5,3,0,14,75,26,0,0,0,35,22,0.48,1.0,10,0.025,0.02,0.02,0.03,3
-11198.43,-0.112,88801.57,14835.8,0.1432,-0.781,-0.755,0.424,20,0.2,4,16,7.0,False,True,-0.0762,0.0,8267.54,19519.27,10,0,2,5,3,0,14,53,21,0,0,0,35,15,0.48,1.0,10,0.025,0.02,0.02,0.05,1
-11198.43,-0.112,88801.57,14835.8,0.1432,-0.781,-0.755,0.424,20,0.2,4,16,7.0,False,True,-0.0762,0.0,8267.54,19519.27,10,0,2,5,3,0,14,53,21,0,0,0,35,15,0.48,1.0,10,0.025,0.02,0.02,0.05,2
-11198.43,-0.112,88801.57,14835.8,0.1432,-0.781,-0.755,0.424,20,0.2,4,16,7.0,False,True,-0.0762,0.0,8267.54,19519.27,10,0,2,5,3,0,14,53,21,0,0,0,35,15,0.48,1.0,10,0.025,0.02,0.02,0.05,3
-12206.65,-0.1221,87793.35,13644.08,0.1345,-0.696,-0.895,0.283,18,0.2222,4,14,8.4,False,True,-0.0958,0.0101,4826.92,17058.3,8,0,3,5,2,0,14,73,88,0,0,289,35,20,0.48,1.0,10,0.025,0.03,0.01,0.03,1
-12206.65,-0.1221,87793.35,13644.08,0.1345,-0.696,-0.895,0.283,18,0.2222,4,14,8.4,False,True,-0.0958,0.0101,4826.92,17058.3,8,0,3,5,2,0,14,73,88,0,0,289,35,20,0.48,1.0,10,0.025,0.03,0.01,0.03,2
-12206.65,-0.1221,87793.35,13644.08,0.1345,-0.696,-0.895,0.283,18,0.2222,4,14,8.4,False,True,-0.0958,0.0101,4826.92,17058.3,8,0,3,5,2,0,14,73,88,0,0,289,35,20,0.48,1.0,10,0.025,0.03,0.01,0.03,3
-9545.58,-0.0955,90454.42,13182.95,0.1272,-0.792,-0.724,0.441,22,0.1818,4,18,7.8,False,True,-0.0483,0.0197,8267.54,18753.26,10,0,5,5,2,0,14,74,91,0,0,289,35,24,0.48,1.0,10,0.025,0.03,0.01,0.05,1
-9545.58,-0.0955,90454.42,13182.95,0.1272,-0.792,-0.724,0.441,22,0.1818,4,18,7.8,False,True,-0.0483,0.0197,8267.54,18753.26,10,0,5,5,2,0,14,74,91,0,0,289,35,24,0.48,1.0,10,0.025,0.03,0.01,0.05,2
-9545.58,-0.0955,90454.42,13182.95,0.1272,-0.792,-0.724,0.441,22,0.1818,4,18,7.8,False,True,-0.0483,0.0197,8267.54,18753.26,10,0,5,5,2,0,14,74,91,0,0,289,35,24,0.48,1.0,10,0.025,0.03,0.01,0.05,3
-11672.95,-0.1167,88327.05,12033.33,0.1203,-0.943,-0.97,0.274,21,0.1905,4,17,7.7,False,True,-0.0597,0.0,4826.92,17597.56,9,0,4,5,3,0,14,75,26,0,0,0,35,22,0.48,1.0,10,0.025,0.03,0.02,0.03,1
-11672.95,-0.1167,88327.05,12033.33,0.1203,-0.943,-0.97,0.274,21,0.1905,4,17,7.7,False,True,-0.0597,0.0,4826.92,17597.56,9,0,4,5,3,0,14,75,26,0,0,0,35,22,0.48,1.0,10,0.025,0.03,0.02,0.03,2
-11672.95,-0.1167,88327.05,12033.33,0.1203,-0.943,-0.97,0.274,21,0.1905,4,17,7.7,False,True,-0.0597,0.0,4826.92,17597.56,9,0,4,5,3,0,14,75,26,0,0,0,35,22,0.48,1.0,10,0.025,0.03,0.02,0.03,3
-11198.43,-0.112,88801.57,14835.8,0.1432,-0.781,-0.755,0.424,20,0.2,4,16,7.0,False,True,-0.0762,0.0,8267.54,19519.27,10,0,2,5,3,0,14,53,21,0,0,0,35,15,0.48,1.0,10,0.025,0.03,0.02,0.05,1
-11198.43,-0.112,88801.57,14835.8,0.1432,-0.781,-0.755,0.424,20,0.2,4,16,7.0,False,True,-0.0762,0.0,8267.54,19519.27,10,0,2,5,3,0,14,53,21,0,0,0,35,15,0.48,1.0,10,0.025,0.03,0.02,0.05,2
-11198.43,-0.112,88801.57,14835.8,0.1432,-0.781,-0.755,0.424,20,0.2,4,16,7.0,False,True,-0.0762,0.0,8267.54,19519.27,10,0,2,5,3,0,14,53,21,0,0,0,35,15,0.48,1.0,10,0.025,0.03,0.02,0.05,3
-12756.11,-0.1276,87243.89,14988.36,0.1466,-0.761,-0.851,0.253,20,0.2,4,16,6.9,False,True,-0.0924,0.0,4826.92,19112.82,9,0,3,5,3,0,14,67,22,0,0,0,35,26,0.48,1.0,10,0.035,0.02,0.01,0.03,1
-12756.11,-0.1276,87243.89,14988.36,0.1466,-0.761,-0.851,0.253,20,0.2,4,16,6.9,False,True,-0.0924,0.0,4826.92,19112.82,9,0,3,5,3,0,14,67,22,0,0,0,35,26,0.48,1.0,10,0.035,0.02,0.01,0.03,2
-12756.11,-0.1276,87243.89,14988.36,0.1466,-0.761,-0.851,0.253,20,0.2,4,16,6.9,False,True,-0.0924,0.0,4826.92,19112.82,9,0,3,5,3,0,14,67,22,0,0,0,35,26,0.48,1.0,10,0.035,0.02,0.01,0.03,3
-9545.58,-0.0955,90454.42,13182.95,0.1272,-0.792,-0.724,0.441,22,0.1818,4,18,7.8,False,True,-0.0483,0.0197,8267.54,18753.26,10,0,5,5,2,0,14,74,91,0,0,289,35,24,0.48,1.0,10,0.035,0.02,0.01,0.05,1
-9545.58,-0.0955,90454.42,13182.95,0.1272,-0.792,-0.724,0.441,22,0.1818,4,18,7.8,False,True,-0.0483,0.0197,8267.54,18753.26,10,0,5,5,2,0,14,74,91,0,0,289,35,24,0.48,1.0,10,0.035,0.02,0.01,0.05,2
-9545.58,-0.0955,90454.42,13182.95,0.1272,-0.792,-0.724,0.441,22,0.1818,4,18,7.8,False,True,-0.0483,0.0197,8267.54,18753.26,10,0,5,5,2,0,14,74,91,0,0,289,35,24,0.48,1.0,10,0.035,0.02,0.01,0.05,3
-12756.11,-0.1276,87243.89,14988.36,0.1466,-0.761,-0.851,0.253,20,0.2,4,16,6.9,False,True,-0.0924,0.0,4826.92,19112.82,9,0,3,5,3,0,14,67,22,0,0,0,35,26,0.48,1.0,10,0.035,0.02,0.02,0.03,1
-12756.11,-0.1276,87243.89,14988.36,0.1466,-0.761,-0.851,0.253,20,0.2,4,16,6.9,False,True,-0.0924,0.0,4826.92,19112.82,9,0,3,5,3,0,14,67,22,0,0,0,35,26,0.48,1.0,10,0.035,0.02,0.02,0.03,2
-12756.11,-0.1276,87243.89,14988.36,0.1466,-0.761,-0.851,0.253,20,0.2,4,16,6.9,False,True,-0.0924,0.0,4826.92,19112.82,9,0,3,5,3,0,14,67,22,0,0,0,35,26,0.48,1.0,10,0.035,0.02,0.02,0.03,3
-11198.43,-0.112,88801.57,14835.8,0.1432,-0.781,-0.755,0.424,20,0.2,4,16,7.0,False,True,-0.0762,0.0,8267.54,19519.27,10,0,2,5,3,0,14,53,21,0,0,0,35,15,0.48,1.0,10,0.035,0.02,0.02,0.05,1
-11198.43,-0.112,88801.57,14835.8,0.1432,-0.781,-0.755,0.424,20,0.2,4,16,7.0,False,True,-0.0762,0.0,8267.54,19519.27,10,0,2,5,3,0,14,53,21,0,0,0,35,15,0.48,1.0,10,0.035,0.02,0.02,0.05,2
-11198.43,-0.112,88801.57,14835.8,0.1432,-0.781,-0.755,0.424,20,0.2,4,16,7.0,False,True,-0.0762,0.0,8267.54,19519.27,10,0,2,5,3,0,14,53,21,0,0,0,35,15,0.48,1.0,10,0.035,0.02,0.02,0.05,3
-12756.11,-0.1276,87243.89,14988.36,0.1466,-0.761,-0.851,0.253,20,0.2,4,16,6.9,False,True,-0.0924,0.0,4826.92,19112.82,9,0,3,5,3,0,14,67,22,0,0,0,35,26,0.48,1.0,10,0.035,0.03,0.01,0.03,1
-12756.11,-0.1276,87243.89,14988.36,0.1466,-0.761,-0.851,0.253,20,0.2,4,16,6.9,False,True,-0.0924,0.0,4826.92,19112.82,9,0,3,5,3,0,14,67,22,0,0,0,35,26,0.48,1.0,10,0.035,0.03,0.01,0.03,2
-12756.11,-0.1276,87243.89,14988.36,0.1466,-0.761,-0.851,0.253,20,0.2,4,16,6.9,False,True,-0.0924,0.0,4826.92,19112.82,9,0,3,5,3,0,14,67,22,0,0,0,35,26,0.48,1.0,10,0.035,0.03,0.01,0.03,3
-9545.58,-0.0955,90454.42,13182.95,0.1272,-0.792,-0.724,0.441,22,0.1818,4,18,7.8,False,True,-0.0483,0.0197,8267.54,18753.26,10,0,5,5,2,0,14,74,91,0,0,289,35,24,0.48,1.0,10,0.035,0.03,0.01,0.05,1
-9545.58,-0.0955,90454.42,13182.95,0.1272,-0.792,-0.724,0.441,22,0.1818,4,18,7.8,False,True,-0.0483,0.0197,8267.54,18753.26,10,0,5,5,2,0,14,74,91,0,0,289,35,24,0.48,1.0,10,0.035,0.03,0.01,0.05,2
-9545.58,-0.0955,90454.42,13182.95,0.1272,-0.792,-0.724,0.441,22,0.1818,4,18,7.8,False,True,-0.0483,0.0197,8267.54,18753.26,10,0,5,5,2,0,14,74,91,0,0,289,35,24,0.48,1.0,10,0.035,0.03,0.01,0.05,3
-12756.11,-0.1276,87243.89,14988.36,0.1466,-0.761,-0.851,0.253,20,0.2,4,16,6.9,False,True,-0.0924,0.0,4826.92,19112.82,9,0,3,5,3,0,14,67,22,0,0,0,35,26,0.48,1.0,10,0.035,0.03,0.02,0.03,1
-12756.11,-0.1276,87243.89,14988.36,0.1466,-0.761,-0.851,0.253,20,0.2,4,16,6.9,False,True,-0.0924,0.0,4826.92,19112.82,9,0,3,5,3,0,14,67,22,0,0,0,35,26,0.48,1.0,10,0.035,0.03,0.02,0.03,2
-12756.11,-0.1276,87243.89,14988.36,0.1466,-0.761,-0.851,0.253,20,0.2,4,16,6.9,False,True,-0.0924,0.0,4826.92,19112.82,9,0,3,5,3,0,14,67,22,0,0,0,35,26,0.48,1.0,10,0.035,0.03,0.02,0.03,3
-11198.43,-0.112,88801.57,14835.8,0.1432,-0.781,-0.755,0.424,20,0.2,4,16,7.0,False,True,-0.0762,0.0,8267.54,19519.27,10,0,2,5,3,0,14,53,21,0,0,0,35,15,0.48,1.0,10,0.035,0.03,0.02,0.05,1
-11198.43,-0.112,88801.57,14835.8,0.1432,-0.781,-0.755,0.424,20,0.2,4,16,7.0,False,True,-0.0762,0.0,8267.54,19519.27,10,0,2,5,3,0,14,53,21,0,0,0,35,15,0.48,1.0,10,0.035,0.03,0.02,0.05,2
-11198.43,-0.112,88801.57,14835.8,0.1432,-0.781,-0.755,0.424,20,0.2,4,16,7.0,False,True,-0.0762,0.0,8267.54,19519.27,10,0,2,5,3,0,14,53,21,0,0,0,35,15,0.48,1.0,10,0.035,0.03,0.02,0.05,3
-12206.65,-0.1221,87793.35,13644.08,0.1345,-0.696,-0.895,0.283,18,0.2222,4,14,8.4,False,True,-0.0958,0.0101,4826.92,17058.3,8,0,3,5,2,0,0,84,88,0,0,289,35,20,0.48,1.0,15,0.025,0.02,0.01,0.03,1
-12206.65,-0.1221,87793.35,13644.08,0.1345,-0.696,-0.895,0.283,18,0.2222,4,14,8.4,False,True,-0.0958,0.0101,4826.92,17058.3,8,0,3,5,2,0,0,84,88,0,0,289,35,20,0.48,1.0,15,0.025,0.02,0.01,0.03,2
-12206.65,-0.1221,87793.35,13644.08,0.1345,-0.696,-0.895,0.283,18,0.2222,4,14,8.4,False,True,-0.0958,0.0101,4826.92,17058.3,8,0,3,5,2,0,0,84,88,0,0,289,35,20,0.48,1.0,15,0.025,0.02,0.01,0.03,3
-9545.58,-0.0955,90454.42,13182.95,0.1272,-0.792,-0.724,0.441,22,0.1818,4,18,7.8,False,True,-0.0483,0.0197,8267.54,18753.26,10,0,5,5,2,0,0,85,91,0,0,289,35,24,0.48,1.0,15,0.025,0.02,0.01,0.05,1
-9545.58,-0.0955,90454.42,13182.95,0.1272,-0.792,-0.724,0.441,22,0.1818,4,18,7.8,False,True,-0.0483,0.0197,8267.54,18753.26,10,0,5,5,2,0,0,85,91,0,0,289,35,24,0.48,1.0,15,0.025,0.02,0.01,0.05,2
-9545.58,-0.0955,90454.42,13182.95,0.1272,-0.792,-0.724,0.441,22,0.1818,4,18,7.8,False,True,-0.0483,0.0197,8267.54,18753.26,10,0,5,5,2,0,0,85,91,0,0,289,35,24,0.48,1.0,15,0.025,0.02,0.01,0.05,3
-11672.95,-0.1167,88327.05,12033.33,0.1203,-0.943,-0.97,0.274,21,0.1905,4,17,7.7,False,True,-0.0597,0.0,4826.92,17597.56,9,0,4,5,3,0,0,86,26,0,0,0,35,22,0.48,1.0,15,0.025,0.02,0.02,0.03,1
-11672.95,-0.1167,88327.05,12033.33,0.1203,-0.943,-0.97,0.274,21,0.1905,4,17,7.7,False,True,-0.0597,0.0,4826.92,17597.56,9,0,4,5,3,0,0,86,26,0,0,0,35,22,0.48,1.0,15,0.025,0.02,0.02,0.03,2
-11672.95,-0.1167,88327.05,12033.33,0.1203,-0.943,-0.97,0.274,21,0.1905,4,17,7.7,False,True,-0.0597,0.0,4826.92,17597.56,9,0,4,5,3,0,0,86,26,0,0,0,35,22,0.48,1.0,15,0.025,0.02,0.02,0.03,3
-11198.43,-0.112,88801.57,14835.8,0.1432,-0.781,-0.755,0.424,20,0.2,4,16,7.0,False,True,-0.0762,0.0,8267.54,19519.27,10,0,2,5,3,0,0,64,21,0,0,0,35,15,0.48,1.0,15,0.025,0.02,0.02,0.05,1
-11198.43,-0.112,88801.57,14835.8,0.1432,-0.781,-0.755,0.424,20,0.2,4,16,7.0,False,True,-0.0762,0.0,8267.54,19519.27,10,0,2,5,3,0,0,64,21,0,0,0,35,15,0.48,1.0,15,0.025,0.02,0.02,0.05,2
-11198.43,-0.112,88801.57,14835.8,0.1432,-0.781,-0.755,0.424,20,0.2,4,16,7.0,False,True,-0.0762,0.0,8267.54,19519.27,10,0,2,5,3,0,0,64,21,0,0,0,35,15,0.48,1.0,15,0.025,0.02,0.02,0.05,3
-12206.65,-0.1221,87793.35,13644.08,0.1345,-0.696,-0.895,0.283,18,0.2222,4,14,8.4,False,True,-0.0958,0.0101,4826.92,17058.3,8,0,3,5,2,0,0,84,88,0,0,289,35,20,0.48,1.0,15,0.025,0.03,0.01,0.03,1
-12206.65,-0.1221,87793.35,13644.08,0.1345,-0.696,-0.895,0.283,18,0.2222,4,14,8.4,False,True,-0.0958,0.0101,4826.92,17058.3,8,0,3,5,2,0,0,84,88,0,0,289,35,20,0.48,1.0,15,0.025,0.03,0.01,0.03,2
-12206.65,-0.1221,87793.35,13644.08,0.1345,-0.696,-0.895,0.283,18,0.2222,4,14,8.4,False,True,-0.0958,0.0101,4826.92,17058.3,8,0,3,5,2,0,0,84,88,0,0,289,35,20,0.48,1.0,15,0.025,0.03,0.01,0.03,3
-9545.58,-0.0955,90454.42,13182.95,0.1272,-0.792,-0.724,0.441,22,0.1818,4,18,7.8,False,True,-0.0483,0.0197,8267.54,18753.26,10,0,5,5,2,0,0,85,91,0,0,289,35,24,0.48,1.0,15,0.025,0.03,0.01,0.05,1
-9545.58,-0.0955,90454.42,13182.95,0.1272,-0.792,-0.724,0.441,22,0.1818,4,18,7.8,False,True,-0.0483,0.0197,8267.54,18753.26,10,0,5,5,2,0,0,85,91,0,0,289,35,24,0.48,1.0,15,0.025,0.03,0.01,0.05,2
-9545.58,-0.0955,90454.42,13182.95,0.1272,-0.792,-0.724,0.441,22,0.1818,4,18,7.8,False,True,-0.0483,0.0197,8267.54,18753.26,10,0,5,5,2,0,0,85,91,0,0,289,35,24,0.48,1.0,15,0.025,0.03,0.01,0.05,3
-11672.95,-0.1167,88327.05,12033.33,0.1203,-0.943,-0.97,0.274,21,0.1905,4,17,7.7,False,True,-0.0597,0.0,4826.92,17597.56,9,0,4,5,3,0,0,86,26,0,0,0,35,22,0.48,1.0,15,0.025,0.03,0.02,0.03,1
-11672.95,-0.1167,88327.05,12033.33,0.1203,-0.943,-0.97,0.274,21,0.1905,4,17,7.7,False,True,-0.0597,0.0,4826.92,17597.56,9,0,4,5,3,0,0,86,26,0,0,0,35,22,0.48,1.0,15,0.025,0.03,0.02,0.03,2
-11672.95,-0.1167,88327.05,12033.33,0.1203,-0.943,-0.97,0.274,21,0.1905,4,17,7.7,False,True,-0.0597,0.0,4826.92,17597.56,9,0,4,5,3,0,0,86,26,0,0,0,35,22,0.48,1.0,15,0.025,0.03,0.02,0.03,3
-11198.43,-0.112,88801.57,14835.8,0.1432,-0.781,-0.755,0.424,20,0.2,4,16,7.0,False,True,-0.0762,0.0,8267.54,19519.27,10,0,2,5,3,0,0,64,21,0,0,0,35,15,0.48,1.0,15,0.025,0.03,0.02,0.05,1
-11198.43,-0.112,88801.57,14835.8,0.1432,-0.781,-0.755,0.424,20,0.2,4,16,7.0,False,True,-0.0762,0.0,8267.54,19519.27,10,0,2,5,3,0,0,64,21,0,0,0,35,15,0.48,1.0,15,0.025,0.03,0.02,0.05,2
-11198.43,-0.112,88801.57,14835.8,0.1432,-0.781,-0.755,0.424,20,0.2,4,16,7.0,False,True,-0.0762,0.0,8267.54,19519.27,10,0,2,5,3,0,0,64,21,0,0,0,35,15,0.48,1.0,15,0.025,0.03,0.02,0.05,3
-12756.11,-0.1276,87243.89,14988.36,0.1466,-0.761,-0.851,0.253,20,0.2,4,16,6.9,False,True,-0.0924,0.0,4826.92,19112.82,9,0,3,5,3,0,0,78,22,0,0,0,35,26,0.48,1.0,15,0.035,0.02,0.01,0.03,1
-12756.11,-0.1276,87243.89,14988.36,0.1466,-0.761,-0.851,0.253,20,0.2,4,16,6.9,False,True,-0.0924,0.0,4826.92,19112.82,9,0,3,5,3,0,0,78,22,0,0,0,35,26,0.48,1.0,15,0.035,0.02,0.01,0.03,2
-12756.11,-0.1276,87243.89,14988.36,0.1466,-0.761,-0.851,0.253,20,0.2,4,16,6.9,False,True,-0.0924,0.0,4826.92,19112.82,9,0,3,5,3,0,0,78,22,0,0,0,35,26,0.48,1.0,15,0.035,0.02,0.01,0.03,3
-9545.58,-0.0955,90454.42,13182.95,0.1272,-0.792,-0.724,0.441,22,0.1818,4,18,7.8,False,True,-0.0483,0.0197,8267.54,18753.26,10,0,5,5,2,0,0,85,91,0,0,289,35,24,0.48,1.0,15,0.035,0.02,0.01,0.05,1
-9545.58,-0.0955,90454.42,13182.95,0.1272,-0.792,-0.724,0.441,22,0.1818,4,18,7.8,False,True,-0.0483,0.0197,8267.54,18753.26,10,0,5,5,2,0,0,85,91,0,0,289,35,24,0.48,1.0,15,0.035,0.02,0.01,0.05,2
-9545.58,-0.0955,90454.42,13182.95,0.1272,-0.792,-0.724,0.441,22,0.1818,4,18,7.8,False,True,-0.0483,0.0197,8267.54,18753.26,10,0,5,5,2,0,0,85,91,0,0,289,35,24,0.48,1.0,15,0.035,0.02,0.01,0.05,3
-12756.11,-0.1276,87243.89,14988.36,0.1466,-0.761,-0.851,0.253,20,0.2,4,16,6.9,False,True,-0.0924,0.0,4826.92,19112.82,9,0,3,5,3,0,0,78,22,0,0,0,35,26,0.48,1.0,15,0.035,0.02,0.02,0.03,1
-12756.11,-0.1276,87243.89,14988.36,0.1466,-0.761,-0.851,0.253,20,0.2,4,16,6.9,False,True,-0.0924,0.0,4826.92,19112.82,9,0,3,5,3,0,0,78,22,0,0,0,35,26,0.48,1.0,15,0.035,0.02,0.02,0.03,2
-12756.11,-0.1276,87243.89,14988.36,0.1466,-0.761,-0.851,0.253,20,0.2,4,16,6.9,False,True,-0.0924,0.0,4826.92,19112.82,9,0,3,5,3,0,0,78,22,0,0,0,35,26,0.48,1.0,15,0.035,0.02,0.02,0.03,3
-11198.43,-0.112,88801.57,14835.8,0.1432,-0.781,-0.755,0.424,20,0.2,4,16,7.0,False,True,-0.0762,0.0,8267.54,19519.27,10,0,2,5,3,0,0,64,21,0,0,0,35,15,0.48,1.0,15,0.035,0.02,0.02,0.05,1
-11198.43,-0.112,88801.57,14835.8,0.1432,-0.781,-0.755,0.424,20,0.2,4,16,7.0,False,True,-0.0762,0.0,8267.54,19519.27,10,0,2,5,3,0,0,64,21,0,0,0,35,15,0.48,1.0,15,0.035,0.02,0.02,0.05,2
-11198.43,-0.112,88801.57,14835.8,0.1432,-0.781,-0.755,0.424,20,0.2,4,16,7.0,False,True,-0.0762,0.0,8267.54,19519.27,10,0,2,5,3,0,0,64,21,0,0,0,35,15,0.48,1.0,15,0.035,0.02,0.02,0.05,3
-12756.11,-0.1276,87243.89,14988.36,0.1466,-0.761,-0.851,0.253,20,0.2,4,16,6.9,False,True,-0.0924,0.0,4826.92,19112.82,9,0,3,5,3,0,0,78,22,0,0,0,35,26,0.48,1.0,15,0.035,0.03,0.01,0.03,1
-12756.11,-0.1276,87243.89,14988.36,0.1466,-0.761,-0.851,0.253,20,0.2,4,16,6.9,False,True,-0.0924,0.0,4826.92,19112.82,9,0,3,5,3,0,0,78,22,0,0,0,35,26,0.48,1.0,15,0.035,0.03,0.01,0.03,2
-12756.11,-0.1276,87243.89,14988.36,0.1466,-0.761,-0.851,0.253,20,0.2,4,16,6.9,False,True,-0.0924,0.0,4826.92,19112.82,9,0,3,5,3,0,0,78,22,0,0,0,35,26,0.48,1.0,15,0.035,0.03,0.01,0.03,3
-9545.58,-0.0955,90454.42,13182.95,0.1272,-0.792,-0.724,0.441,22,0.1818,4,18,7.8,False,True,-0.0483,0.0197,8267.54,18753.26,10,0,5,5,2,0,0,85,91,0,0,289,35,24,0.48,1.0,15,0.035,0.03,0.01,0.05,1
-9545.58,-0.0955,90454.42,13182.95,0.1272,-0.792,-0.724,0.441,22,0.1818,4,18,7.8,False,True,-0.0483,0.0197,8267.54,18753.26,10,0,5,5,2,0,0,85,91,0,0,289,35,24,0.48,1.0,15,0.035,0.03,0.01,0.05,2
-9545.58,-0.0955,90454.42,13182.95,0.1272,-0.792,-0.724,0.441,22,0.1818,4,18,7.8,False,True,-0.0483,0.0197,8267.54,18753.26,10,0,5,5,2,0,0,85,91,0,0,289,35,24,0.48,1.0,15,0.035,0.03,0.01,0.05,3
-12756.11,-0.1276,87243.89,14988.36,0.1466,-0.761,-0.851,0.253,20,0.2,4,16,6.9,False,True,-0.0924,0.0,4826.92,19112.82,9,0,3,5,3,0,0,78,22,0,0,0,35,26,0.48,1.0,15,0.035,0.03,0.02,0.03,1
-12756.11,-0.1276,87243.89,14988.36,0.1466,-0.761,-0.851,0.253,20,0.2,4,16,6.9,False,True,-0.0924,0.0,4826.92,19112.82,9,0,3,5,3,0,0,78,22,0,0,0,35,26,0.48,1.0,15,0.035,0.03,0.02,0.03,2
-12756.11,-0.1276,87243.89,14988.36,0.1466,-0.761,-0.851,0.253,20,0.2,4,16,6.9,False,True,-0.0924,0.0,4826.92,19112.82,9,0,3,5,3,0,0,78,22,0,0,0,35,26,0.48,1.0,15,0.035,0.03,0.02,0.03,3
-11198.43,-0.112,88801.57,14835.8,0.1432,-0.781,-0.755,0.424,20,0.2,4,16,7.0,False,True,-0.0762,0.0,8267.54,19519.27,10,0,2,5,3,0,0,64,21,0,0,0,35,15,0.48,1.0,15,0.035,0.03,0.02,0.05,1
-11198.43,-0.112,88801.57,14835.8,0.1432,-0.781,-0.755,0.424,20,0.2,4,16,7.0,False,True,-0.0762,0.0,8267.54,19519.27,10,0,2,5,3,0,0,64,21,0,0,0,35,15,0.48,1.0,15,0.035,0.03,0.02,0.05,2
-11198.43,-0.112,88801.57,14835.8,0.1432,-0.781,-0.755,0.424,20,0.2,4,16,7.0,False,True,-0.0762,0.0,8267.54,19519.27,10,0,2,5,3,0,0,64,21,0,0,0,35,15,0.48,1.0,15,0.035,0.03,0.02,0.05,3
-10412.48,-0.1041,89587.52,13320.13,0.1305,-0.741,-0.782,0.034,9,0.1111,1,8,5.0,False,True,-0.0786,0.0,591.82,17458.57,4,0,1,2,2,0,41,31,11,0,0,0,35,5,0.48,1.5,5,0.025,0.02,0.01,0.03,1
-10412.48,-0.1041,89587.52,13320.13,0.1305,-0.741,-0.782,0.034,9,0.1111,1,8,5.0,False,True,-0.0786,0.0,591.82,17458.57,4,0,1,2,2,0,41,31,11,0,0,0,35,5,0.48,1.5,5,0.025,0.02,0.01,0.03,2
-10412.48,-0.1041,89587.52,13320.13,0.1305,-0.741,-0.782,0.034,9,0.1111,1,8,5.0,False,True,-0.0786,0.0,591.82,17458.57,4,0,1,2,2,0,41,31,11,0,0,0,35,5,0.48,1.5,5,0.025,0.02,0.01,0.03,3
-10412.48,-0.1041,89587.52,13320.13,0.1305,-0.741,-0.782,0.034,9,0.1111,1,8,5.0,False,True,-0.0786,0.0,591.82,17458.57,4,0,1,2,2,0,41,31,11,0,0,0,35,5,0.48,1.5,5,0.025,0.02,0.01,0.05,1
-10412.48,-0.1041,89587.52,13320.13,0.1305,-0.741,-0.782,0.034,9,0.1111,1,8,5.0,False,True,-0.0786,0.0,591.82,17458.57,4,0,1,2,2,0,41,31,11,0,0,0,35,5,0.48,1.5,5,0.025,0.02,0.01,0.05,2
-10412.48,-0.1041,89587.52,13320.13,0.1305,-0.741,-0.782,0.034,9,0.1111,1,8,5.0,False,True,-0.0786,0.0,591.82,17458.57,4,0,1,2,2,0,41,31,11,0,0,0,35,5,0.48,1.5,5,0.025,0.02,0.01,0.05,3
-10412.48,-0.1041,89587.52,13320.13,0.1305,-0.741,-0.782,0.034,9,0.1111,1,8,5.0,False,True,-0.0786,0.0,591.82,17458.57,4,0,1,2,2,0,41,31,11,0,0,0,35,5,0.48,1.5,5,0.025,0.02,0.02,0.03,1
-10412.48,-0.1041,89587.52,13320.13,0.1305,-0.741,-0.782,0.034,9,0.1111,1,8,5.0,False,True,-0.0786,0.0,591.82,17458.57,4,0,1,2,2,0,41,31,11,0,0,0,35,5,0.48,1.5,5,0.025,0.02,0.02,0.03,2
-10412.48,-0.1041,89587.52,13320.13,0.1305,-0.741,-0.782,0.034,9,0.1111,1,8,5.0,False,True,-0.0786,0.0,591.82,17458.57,4,0,1,2,2,0,41,31,11,0,0,0,35,5,0.48,1.5,5,0.025,0.02,0.02,0.03,3
-10412.48,-0.1041,89587.52,13320.13,0.1305,-0.741,-0.782,0.034,9,0.1111,1,8,5.0,False,True,-0.0786,0.0,591.82,17458.57,4,0,1,2,2,0,41,31,11,0,0,0,35,5,0.48,1.5,5,0.025,0.02,0.02,0.05,1
-10412.48,-0.1041,89587.52,13320.13,0.1305,-0.741,-0.782,0.034,9,0.1111,1,8,5.0,False,True,-0.0786,0.0,591.82,17458.57,4,0,1,2,2,0,41,31,11,0,0,0,35,5,0.48,1.5,5,0.025,0.02,0.02,0.05,2
-10412.48,-0.1041,89587.52,13320.13,0.1305,-0.741,-0.782,0.034,9,0.1111,1,8,5.0,False,True,-0.0786,0.0,591.82,17458.57,4,0,1,2,2,0,41,31,11,0,0,0,35,5,0.48,1.5,5,0.025,0.02,0.02,0.05,3
-10412.48,-0.1041,89587.52,13320.13,0.1305,-0.741,-0.782,0.034,9,0.1111,1,8,5.0,False,True,-0.0786,0.0,591.82,17458.57,4,0,1,2,2,0,41,31,11,0,0,0,35,5,0.48,1.5,5,0.025,0.03,0.01,0.03,1
-10412.48,-0.1041,89587.52,13320.13,0.1305,-0.741,-0.782,0.034,9,0.1111,1,8,5.0,False,True,-0.0786,0.0,591.82,17458.57,4,0,1,2,2,0,41,31,11,0,0,0,35,5,0.48,1.5,5,0.025,0.03,0.01,0.03,2
-10412.48,-0.1041,89587.52,13320.13,0.1305,-0.741,-0.782,0.034,9,0.1111,1,8,5.0,False,True,-0.0786,0.0,591.82,17458.57,4,0,1,2,2,0,41,31,11,0,0,0,35,5,0.48,1.5,5,0.025,0.03,0.01,0.03,3
-10412.48,-0.1041,89587.52,13320.13,0.1305,-0.741,-0.782,0.034,9,0.1111,1,8,5.0,False,True,-0.0786,0.0,591.82,17458.57,4,0,1,2,2,0,41,31,11,0,0,0,35,5,0.48,1.5,5,0.025,0.03,0.01,0.05,1
-10412.48,-0.1041,89587.52,13320.13,0.1305,-0.741,-0.782,0.034,9,0.1111,1,8,5.0,False,True,-0.0786,0.0,591.82,17458.57,4,0,1,2,2,0,41,31,11,0,0,0,35,5,0.48,1.5,5,0.025,0.03,0.01,0.05,2
-10412.48,-0.1041,89587.52,13320.13,0.1305,-0.741,-0.782,0.034,9,0.1111,1,8,5.0,False,True,-0.0786,0.0,591.82,17458.57,4,0,1,2,2,0,41,31,11,0,0,0,35,5,0.48,1.5,5,0.025,0.03,0.01,0.05,3
-10412.48,-0.1041,89587.52,13320.13,0.1305,-0.741,-0.782,0.034,9,0.1111,1,8,5.0,False,True,-0.0786,0.0,591.82,17458.57,4,0,1,2,2,0,41,31,11,0,0,0,35,5,0.48,1.5,5,0.025,0.03,0.02,0.03,1
-10412.48,-0.1041,89587.52,13320.13,0.1305,-0.741,-0.782,0.034,9,0.1111,1,8,5.0,False,True,-0.0786,0.0,591.82,17458.57,4,0,1,2,2,0,41,31,11,0,0,0,35,5,0.48,1.5,5,0.025,0.03,0.02,0.03,2
-10412.48,-0.1041,89587.52,13320.13,0.1305,-0.741,-0.782,0.034,9,0.1111,1,8,5.0,False,True,-0.0786,0.0,591.82,17458.57,4,0,1,2,2,0,41,31,11,0,0,0,35,5,0.48,1.5,5,0.025,0.03,0.02,0.03,3
-10412.48,-0.1041,89587.52,13320.13,0.1305,-0.741,-0.782,0.034,9,0.1111,1,8,5.0,False,True,-0.0786,0.0,591.82,17458.57,4,0,1,2,2,0,41,31,11,0,0,0,35,5,0.48,1.5,5,0.025,0.03,0.02,0.05,1
-10412.48,-0.1041,89587.52,13320.13,0.1305,-0.741,-0.782,0.034,9,0.1111,1,8,5.0,False,True,-0.0786,0.0,591.82,17458.57,4,0,1,2,2,0,41,31,11,0,0,0,35,5,0.48,1.5,5,0.025,0.03,0.02,0.05,2
-10412.48,-0.1041,89587.52,13320.13,0.1305,-0.741,-0.782,0.034,9,0.1111,1,8,5.0,False,True,-0.0786,0.0,591.82,17458.57,4,0,1,2,2,0,41,31,11,0,0,0,35,5,0.48,1.5,5,0.025,0.03,0.02,0.05,3
-10091.04,-0.1009,89908.96,11145.43,0.1103,-0.69,-0.905,0.362,16,0.1875,3,13,5.9,False,True,-0.0718,0.0148,5751.99,15895.54,7,0,3,4,2,0,189,63,90,0,0,289,38,31,0.48,1.5,5,0.035,0.02,0.01,0.03,1
-10091.04,-0.1009,89908.96,11145.43,0.1103,-0.69,-0.905,0.362,16,0.1875,3,13,5.9,False,True,-0.0718,0.0148,5751.99,15895.54,7,0,3,4,2,0,189,63,90,0,0,289,38,31,0.48,1.5,5,0.035,0.02,0.01,0.03,2
-10091.04,-0.1009,89908.96,11145.43,0.1103,-0.69,-0.905,0.362,16,0.1875,3,13,5.9,False,True,-0.0718,0.0148,5751.99,15895.54,7,0,3,4,2,0,189,63,90,0,0,289,38,31,0.48,1.5,5,0.035,0.02,0.01,0.03,3
-12041.89,-0.1204,87958.11,13077.86,0.1305,-0.794,-0.921,0.031,11,0.0909,1,10,4.6,False,True,-0.0786,0.0,591.82,18970.59,5,0,2,2,2,0,189,31,12,0,0,0,38,13,0.48,1.5,5,0.035,0.02,0.01,0.05,1
-12041.89,-0.1204,87958.11,13077.86,0.1305,-0.794,-0.921,0.031,11,0.0909,1,10,4.6,False,True,-0.0786,0.0,591.82,18970.59,5,0,2,2,2,0,189,31,12,0,0,0,38,13,0.48,1.5,5,0.035,0.02,0.01,0.05,2
-12041.89,-0.1204,87958.11,13077.86,0.1305,-0.794,-0.921,0.031,11,0.0909,1,10,4.6,False,True,-0.0786,0.0,591.82,18970.59,5,0,2,2,2,0,189,31,12,0,0,0,38,13,0.48,1.5,5,0.035,0.02,0.01,0.05,3
-11306.95,-0.1131,88693.05,12910.57,0.1278,-1.0,-0.876,0.307,18,0.1667,3,15,5.8,False,True,-0.0454,0.0,5751.99,18731.8,8,0,4,4,2,0,189,64,27,0,0,0,38,30,0.48,1.5,5,0.035,0.02,0.02,0.03,1
-11306.95,-0.1131,88693.05,12910.57,0.1278,-1.0,-0.876,0.307,18,0.1667,3,15,5.8,False,True,-0.0454,0.0,5751.99,18731.8,8,0,4,4,2,0,189,64,27,0,0,0,38,30,0.48,1.5,5,0.035,0.02,0.02,0.03,2
-11306.95,-0.1131,88693.05,12910.57,0.1278,-1.0,-0.876,0.307,18,0.1667,3,15,5.8,False,True,-0.0454,0.0,5751.99,18731.8,8,0,4,4,2,0,189,64,27,0,0,0,38,30,0.48,1.5,5,0.035,0.02,0.02,0.03,3
-12041.89,-0.1204,87958.11,13077.86,0.1305,-0.794,-0.921,0.031,11,0.0909,1,10,4.6,False,True,-0.0786,0.0,591.82,18970.59,5,0,2,2,2,0,189,31,12,0,0,0,38,13,0.48,1.5,5,0.035,0.02,0.02,0.05,1
-12041.89,-0.1204,87958.11,13077.86,0.1305,-0.794,-0.921,0.031,11,0.0909,1,10,4.6,False,True,-0.0786,0.0,591.82,18970.59,5,0,2,2,2,0,189,31,12,0,0,0,38,13,0.48,1.5,5,0.035,0.02,0.02,0.05,2
-12041.89,-0.1204,87958.11,13077.86,0.1305,-0.794,-0.921,0.031,11,0.0909,1,10,4.6,False,True,-0.0786,0.0,591.82,18970.59,5,0,2,2,2,0,189,31,12,0,0,0,38,13,0.48,1.5,5,0.035,0.02,0.02,0.05,3
-10091.04,-0.1009,89908.96,11145.43,0.1103,-0.69,-0.905,0.362,16,0.1875,3,13,5.9,False,True,-0.0718,0.0148,5751.99,15895.54,7,0,3,4,2,0,189,63,90,0,0,289,38,31,0.48,1.5,5,0.035,0.03,0.01,0.03,1
-10091.04,-0.1009,89908.96,11145.43,0.1103,-0.69,-0.905,0.362,16,0.1875,3,13,5.9,False,True,-0.0718,0.0148,5751.99,15895.54,7,0,3,4,2,0,189,63,90,0,0,289,38,31,0.48,1.5,5,0.035,0.03,0.01,0.03,2
-10091.04,-0.1009,89908.96,11145.43,0.1103,-0.69,-0.905,0.362,16,0.1875,3,13,5.9,False,True,-0.0718,0.0148,5751.99,15895.54,7,0,3,4,2,0,189,63,90,0,0,289,38,31,0.48,1.5,5,0.035,0.03,0.01,0.03,3
-12041.89,-0.1204,87958.11,13077.86,0.1305,-0.794,-0.921,0.031,11,0.0909,1,10,4.6,False,True,-0.0786,0.0,591.82,18970.59,5,0,2,2,2,0,189,31,12,0,0,0,38,13,0.48,1.5,5,0.035,0.03,0.01,0.05,1
-12041.89,-0.1204,87958.11,13077.86,0.1305,-0.794,-0.921,0.031,11,0.0909,1,10,4.6,False,True,-0.0786,0.0,591.82,18970.59,5,0,2,2,2,0,189,31,12,0,0,0,38,13,0.48,1.5,5,0.035,0.03,0.01,0.05,2
-12041.89,-0.1204,87958.11,13077.86,0.1305,-0.794,-0.921,0.031,11,0.0909,1,10,4.6,False,True,-0.0786,0.0,591.82,18970.59,5,0,2,2,2,0,189,31,12,0,0,0,38,13,0.48,1.5,5,0.035,0.03,0.01,0.05,3
-11306.95,-0.1131,88693.05,12910.57,0.1278,-1.0,-0.876,0.307,18,0.1667,3,15,5.8,False,True,-0.0454,0.0,5751.99,18731.8,8,0,4,4,2,0,189,64,27,0,0,0,38,30,0.48,1.5,5,0.035,0.03,0.02,0.03,1
-11306.95,-0.1131,88693.05,12910.57,0.1278,-1.0,-0.876,0.307,18,0.1667,3,15,5.8,False,True,-0.0454,0.0,5751.99,18731.8,8,0,4,4,2,0,189,64,27,0,0,0,38,30,0.48,1.5,5,0.035,0.03,0.02,0.03,2
-11306.95,-0.1131,88693.05,12910.57,0.1278,-1.0,-0.876,0.307,18,0.1667,3,15,5.8,False,True,-0.0454,0.0,5751.99,18731.8,8,0,4,4,2,0,189,64,27,0,0,0,38,30,0.48,1.5,5,0.035,0.03,0.02,0.03,3
-12041.89,-0.1204,87958.11,13077.86,0.1305,-0.794,-0.921,0.031,11,0.0909,1,10,4.6,False,True,-0.0786,0.0,591.82,18970.59,5,0,2,2,2,0,189,31,12,0,0,0,38,13,0.48,1.5,5,0.035,0.03,0.02,0.05,1
-12041.89,-0.1204,87958.11,13077.86,0.1305,-0.794,-0.921,0.031,11,0.0909,1,10,4.6,False,True,-0.0786,0.0,591.82,18970.59,5,0,2,2,2,0,189,31,12,0,0,0,38,13,0.48,1.5,5,0.035,0.03,0.02,0.05,2
-12041.89,-0.1204,87958.11,13077.86,0.1305,-0.794,-0.921,0.031,11,0.0909,1,10,4.6,False,True,-0.0786,0.0,591.82,18970.59,5,0,2,2,2,0,189,31,12,0,0,0,38,13,0.48,1.5,5,0.035,0.03,0.02,0.05,3
-11288.85,-0.1129,88711.15,11288.85,0.1129,-0.715,-1.0,0.385,18,0.2222,4,14,8.4,False,True,-0.0718,0.0148,7100.41,18425.79,8,0,3,5,2,0,14,73,88,0,0,289,35,20,0.48,1.5,10,0.025,0.02,0.01,0.03,1
-11288.85,-0.1129,88711.15,11288.85,0.1129,-0.715,-1.0,0.385,18,0.2222,4,14,8.4,False,True,-0.0718,0.0148,7100.41,18425.79,8,0,3,5,2,0,14,73,88,0,0,289,35,20,0.48,1.5,10,0.025,0.02,0.01,0.03,2
-11288.85,-0.1129,88711.15,11288.85,0.1129,-0.715,-1.0,0.385,18,0.2222,4,14,8.4,False,True,-0.0718,0.0148,7100.41,18425.79,8,0,3,5,2,0,14,73,88,0,0,289,35,20,0.48,1.5,10,0.025,0.02,0.01,0.03,3
-10921.81,-0.1092,89078.19,14092.86,0.1381,-0.711,-0.775,0.331,18,0.2222,4,14,7.9,False,True,-0.0683,0.0151,7134.93,21540.21,7,0,3,5,3,0,14,73,88,0,0,289,35,20,0.48,1.5,10,0.025,0.02,0.01,0.05,1
-10921.81,-0.1092,89078.19,14092.86,0.1381,-0.711,-0.775,0.331,18,0.2222,4,14,7.9,False,True,-0.0683,0.0151,7134.93,21540.21,7,0,3,5,3,0,14,73,88,0,0,289,35,20,0.48,1.5,10,0.025,0.02,0.01,0.05,2
-10921.81,-0.1092,89078.19,14092.86,0.1381,-0.711,-0.775,0.331,18,0.2222,4,14,7.9,False,True,-0.0683,0.0151,7134.93,21540.21,7,0,3,5,3,0,14,73,88,0,0,289,35,20,0.48,1.5,10,0.025,0.02,0.01,0.05,3
-12488.57,-0.1249,87511.43,13030.48,0.1303,-0.979,-0.958,0.334,21,0.1905,4,17,7.7,False,True,-0.0581,0.0,7100.41,21239.55,9,0,4,5,3,0,14,75,26,0,0,0,35,22,0.48,1.5,10,0.025,0.02,0.02,0.03,1
-12488.57,-0.1249,87511.43,13030.48,0.1303,-0.979,-0.958,0.334,21,0.1905,4,17,7.7,False,True,-0.0581,0.0,7100.41,21239.55,9,0,4,5,3,0,14,75,26,0,0,0,35,22,0.48,1.5,10,0.025,0.02,0.02,0.03,2
-12488.57,-0.1249,87511.43,13030.48,0.1303,-0.979,-0.958,0.334,21,0.1905,4,17,7.7,False,True,-0.0581,0.0,7100.41,21239.55,9,0,4,5,3,0,14,75,26,0,0,0,35,22,0.48,1.5,10,0.025,0.02,0.02,0.03,3
-14261.03,-0.1426,85738.97,14266.75,0.1427,-0.804,-1.0,0.333,17,0.2353,4,13,7.9,False,True,-0.0897,0.0,7134.93,21431.42,8,0,2,5,2,0,14,44,15,0,0,0,35,7,0.48,1.5,10,0.025,0.02,0.02,0.05,1
-14261.03,-0.1426,85738.97,14266.75,0.1427,-0.804,-1.0,0.333,17,0.2353,4,13,7.9,False,True,-0.0897,0.0,7134.93,21431.42,8,0,2,5,2,0,14,44,15,0,0,0,35,7,0.48,1.5,10,0.025,0.02,0.02,0.05,2
-14261.03,-0.1426,85738.97,14266.75,0.1427,-0.804,-1.0,0.333,17,0.2353,4,13,7.9,False,True,-0.0897,0.0,7134.93,21431.42,8,0,2,5,2,0,14,44,15,0,0,0,35,7,0.48,1.5,10,0.025,0.02,0.02,0.05,3
-11288.85,-0.1129,88711.15,11288.85,0.1129,-0.715,-1.0,0.385,18,0.2222,4,14,8.4,False,True,-0.0718,0.0148,7100.41,18425.79,8,0,3,5,2,0,14,73,88,0,0,289,35,20,0.48,1.5,10,0.025,0.03,0.01,0.03,1
-11288.85,-0.1129,88711.15,11288.85,0.1129,-0.715,-1.0,0.385,18,0.2222,4,14,8.4,False,True,-0.0718,0.0148,7100.41,18425.79,8,0,3,5,2,0,14,73,88,0,0,289,35,20,0.48,1.5,10,0.025,0.03,0.01,0.03,2
-11288.85,-0.1129,88711.15,11288.85,0.1129,-0.715,-1.0,0.385,18,0.2222,4,14,8.4,False,True,-0.0718,0.0148,7100.41,18425.79,8,0,3,5,2,0,14,73,88,0,0,289,35,20,0.48,1.5,10,0.025,0.03,0.01,0.03,3
-10921.81,-0.1092,89078.19,14092.86,0.1381,-0.711,-0.775,0.331,18,0.2222,4,14,7.9,False,True,-0.0683,0.0151,7134.93,21540.21,7,0,3,5,3,0,14,73,88,0,0,289,35,20,0.48,1.5,10,0.025,0.03,0.01,0.05,1
-10921.81,-0.1092,89078.19,14092.86,0.1381,-0.711,-0.775,0.331,18,0.2222,4,14,7.9,False,True,-0.0683,0.0151,7134.93,21540.21,7,0,3,5,3,0,14,73,88,0,0,289,35,20,0.48,1.5,10,0.025,0.03,0.01,0.05,2
-10921.81,-0.1092,89078.19,14092.86,0.1381,-0.711,-0.775,0.331,18,0.2222,4,14,7.9,False,True,-0.0683,0.0151,7134.93,21540.21,7,0,3,5,3,0,14,73,88,0,0,289,35,20,0.48,1.5,10,0.025,0.03,0.01,0.05,3
-12488.57,-0.1249,87511.43,13030.48,0.1303,-0.979,-0.958,0.334,21,0.1905,4,17,7.7,False,True,-0.0581,0.0,7100.41,21239.55,9,0,4,5,3,0,14,75,26,0,0,0,35,22,0.48,1.5,10,0.025,0.03,0.02,0.03,1
-12488.57,-0.1249,87511.43,13030.48,0.1303,-0.979,-0.958,0.334,21,0.1905,4,17,7.7,False,True,-0.0581,0.0,7100.41,21239.55,9,0,4,5,3,0,14,75,26,0,0,0,35,22,0.48,1.5,10,0.025,0.03,0.02,0.03,2
-12488.57,-0.1249,87511.43,13030.48,0.1303,-0.979,-0.958,0.334,21,0.1905,4,17,7.7,False,True,-0.0581,0.0,7100.41,21239.55,9,0,4,5,3,0,14,75,26,0,0,0,35,22,0.48,1.5,10,0.025,0.03,0.02,0.03,3
-14261.03,-0.1426,85738.97,14266.75,0.1427,-0.804,-1.0,0.333,17,0.2353,4,13,7.9,False,True,-0.0897,0.0,7134.93,21431.42,8,0,2,5,2,0,14,44,15,0,0,0,35,7,0.48,1.5,10,0.025,0.03,0.02,0.05,1
-14261.03,-0.1426,85738.97,14266.75,0.1427,-0.804,-1.0,0.333,17,0.2353,4,13,7.9,False,True,-0.0897,0.0,7134.93,21431.42,8,0,2,5,2,0,14,44,15,0,0,0,35,7,0.48,1.5,10,0.025,0.03,0.02,0.05,2
-14261.03,-0.1426,85738.97,14266.75,0.1427,-0.804,-1.0,0.333,17,0.2353,4,13,7.9,False,True,-0.0897,0.0,7134.93,21431.42,8,0,2,5,2,0,14,44,15,0,0,0,35,7,0.48,1.5,10,0.025,0.03,0.02,0.05,3
-11288.85,-0.1129,88711.15,11288.85,0.1129,-0.715,-1.0,0.385,19,0.2105,4,15,8.0,False,True,-0.0718,0.0148,7100.41,18441.08,8,0,3,5,3,0,14,74,89,0,0,289,35,23,0.48,1.5,10,0.035,0.02,0.01,0.03,1
-11288.85,-0.1129,88711.15,11288.85,0.1129,-0.715,-1.0,0.385,19,0.2105,4,15,8.0,False,True,-0.0718,0.0148,7100.41,18441.08,8,0,3,5,3,0,14,74,89,0,0,289,35,23,0.48,1.5,10,0.035,0.02,0.01,0.03,2
-11288.85,-0.1129,88711.15,11288.85,0.1129,-0.715,-1.0,0.385,19,0.2105,4,15,8.0,False,True,-0.0718,0.0148,7100.41,18441.08,8,0,3,5,3,0,14,74,89,0,0,289,35,23,0.48,1.5,10,0.035,0.02,0.01,0.03,3
-10921.81,-0.1092,89078.19,14092.86,0.1381,-0.711,-0.775,0.331,18,0.2222,4,14,7.9,False,True,-0.0683,0.0151,7134.93,21540.21,7,0,3,5,3,0,14,73,88,0,0,289,35,20,0.48,1.5,10,0.035,0.02,0.01,0.05,1
-10921.81,-0.1092,89078.19,14092.86,0.1381,-0.711,-0.775,0.331,18,0.2222,4,14,7.9,False,True,-0.0683,0.0151,7134.93,21540.21,7,0,3,5,3,0,14,73,88,0,0,289,35,20,0.48,1.5,10,0.035,0.02,0.01,0.05,2
-10921.81,-0.1092,89078.19,14092.86,0.1381,-0.711,-0.775,0.331,18,0.2222,4,14,7.9,False,True,-0.0683,0.0151,7134.93,21540.21,7,0,3,5,3,0,14,73,88,0,0,289,35,20,0.48,1.5,10,0.035,0.02,0.01,0.05,3
-12488.57,-0.1249,87511.43,13030.48,0.1303,-0.979,-0.958,0.334,21,0.1905,4,17,7.7,False,True,-0.0581,0.0,7100.41,21239.55,9,0,4,5,3,0,14,75,26,0,0,0,35,22,0.48,1.5,10,0.035,0.02,0.02,0.03,1
-12488.57,-0.1249,87511.43,13030.48,0.1303,-0.979,-0.958,0.334,21,0.1905,4,17,7.7,False,True,-0.0581,0.0,7100.41,21239.55,9,0,4,5,3,0,14,75,26,0,0,0,35,22,0.48,1.5,10,0.035,0.02,0.02,0.03,2
-12488.57,-0.1249,87511.43,13030.48,0.1303,-0.979,-0.958,0.334,21,0.1905,4,17,7.7,False,True,-0.0581,0.0,7100.41,21239.55,9,0,4,5,3,0,14,75,26,0,0,0,35,22,0.48,1.5,10,0.035,0.02,0.02,0.03,3
-14261.03,-0.1426,85738.97,14266.75,0.1427,-0.804,-1.0,0.333,17,0.2353,4,13,7.9,False,True,-0.0897,0.0,7134.93,21431.42,8,0,2,5,2,0,14,44,15,0,0,0,35,7,0.48,1.5,10,0.035,0.02,0.02,0.05,1
-14261.03,-0.1426,85738.97,14266.75,0.1427,-0.804,-1.0,0.333,17,0.2353,4,13,7.9,False,True,-0.0897,0.0,7134.93,21431.42,8,0,2,5,2,0,14,44,15,0,0,0,35,7,0.48,1.5,10,0.035,0.02,0.02,0.05,2
-14261.03,-0.1426,85738.97,14266.75,0.1427,-0.804,-1.0,0.333,17,0.2353,4,13,7.9,False,True,-0.0897,0.0,7134.93,21431.42,8,0,2,5,2,0,14,44,15,0,0,0,35,7,0.48,1.5,10,0.035,0.02,0.02,0.05,3
-11288.85,-0.1129,88711.15,11288.85,0.1129,-0.715,-1.0,0.385,19,0.2105,4,15,8.0,False,True,-0.0718,0.0148,7100.41,18441.08,8,0,3,5,3,0,14,74,89,0,0,289,35,23,0.48,1.5,10,0.035,0.03,0.01,0.03,1
-11288.85,-0.1129,88711.15,11288.85,0.1129,-0.715,-1.0,0.385,19,0.2105,4,15,8.0,False,True,-0.0718,0.0148,7100.41,18441.08,8,0,3,5,3,0,14,74,89,0,0,289,35,23,0.48,1.5,10,0.035,0.03,0.01,0.03,2
-11288.85,-0.1129,88711.15,11288.85,0.1129,-0.715,-1.0,0.385,19,0.2105,4,15,8.0,False,True,-0.0718,0.0148,7100.41,18441.08,8,0,3,5,3,0,14,74,89,0,0,289,35,23,0.48,1.5,10,0.035,0.03,0.01,0.03,3
-10921.81,-0.1092,89078.19,14092.86,0.1381,-0.711,-0.775,0.331,18,0.2222,4,14,7.9,False,True,-0.0683,0.0151,7134.93,21540.21,7,0,3,5,3,0,14,73,88,0,0,289,35,20,0.48,1.5,10,0.035,0.03,0.01,0.05,1
-10921.81,-0.1092,89078.19,14092.86,0.1381,-0.711,-0.775,0.331,18,0.2222,4,14,7.9,False,True,-0.0683,0.0151,7134.93,21540.21,7,0,3,5,3,0,14,73,88,0,0,289,35,20,0.48,1.5,10,0.035,0.03,0.01,0.05,2
-10921.81,-0.1092,89078.19,14092.86,0.1381,-0.711,-0.775,0.331,18,0.2222,4,14,7.9,False,True,-0.0683,0.0151,7134.93,21540.21,7,0,3,5,3,0,14,73,88,0,0,289,35,20,0.48,1.5,10,0.035,0.03,0.01,0.05,3
-12488.57,-0.1249,87511.43,13030.48,0.1303,-0.979,-0.958,0.334,21,0.1905,4,17,7.7,False,True,-0.0581,0.0,7100.41,21239.55,9,0,4,5,3,0,14,75,26,0,0,0,35,22,0.48,1.5,10,0.035,0.03,0.02,0.03,1
-12488.57,-0.1249,87511.43,13030.48,0.1303,-0.979,-0.958,0.334,21,0.1905,4,17,7.7,False,True,-0.0581,0.0,7100.41,21239.55,9,0,4,5,3,0,14,75,26,0,0,0,35,22,0.48,1.5,10,0.035,0.03,0.02,0.03,2
-12488.57,-0.1249,87511.43,13030.48,0.1303,-0.979,-0.958,0.334,21,0.1905,4,17,7.7,False,True,-0.0581,0.0,7100.41,21239.55,9,0,4,5,3,0,14,75,26,0,0,0,35,22,0.48,1.5,10,0.035,0.03,0.02,0.03,3
-14261.03,-0.1426,85738.97,14266.75,0.1427,-0.804,-1.0,0.333,17,0.2353,4,13,7.9,False,True,-0.0897,0.0,7134.93,21431.42,8,0,2,5,2,0,14,44,15,0,0,0,35,7,0.48,1.5,10,0.035,0.03,0.02,0.05,1
-14261.03,-0.1426,85738.97,14266.75,0.1427,-0.804,-1.0,0.333,17,0.2353,4,13,7.9,False,True,-0.0897,0.0,7134.93,21431.42,8,0,2,5,2,0,14,44,15,0,0,0,35,7,0.48,1.5,10,0.035,0.03,0.02,0.05,2
-14261.03,-0.1426,85738.97,14266.75,0.1427,-0.804,-1.0,0.333,17,0.2353,4,13,7.9,False,True,-0.0897,0.0,7134.93,21431.42,8,0,2,5,2,0,14,44,15,0,0,0,35,7,0.48,1.5,10,0.035,0.03,0.02,0.05,3
-11288.85,-0.1129,88711.15,11288.85,0.1129,-0.715,-1.0,0.385,18,0.2222,4,14,8.4,False,True,-0.0718,0.0148,7100.41,18425.79,8,0,3,5,2,0,0,84,88,0,0,289,35,20,0.48,1.5,15,0.025,0.02,0.01,0.03,1
-11288.85,-0.1129,88711.15,11288.85,0.1129,-0.715,-1.0,0.385,18,0.2222,4,14,8.4,False,True,-0.0718,0.0148,7100.41,18425.79,8,0,3,5,2,0,0,84,88,0,0,289,35,20,0.48,1.5,15,0.025,0.02,0.01,0.03,2
-11288.85,-0.1129,88711.15,11288.85,0.1129,-0.715,-1.0,0.385,18,0.2222,4,14,8.4,False,True,-0.0718,0.0148,7100.41,18425.79,8,0,3,5,2,0,0,84,88,0,0,289,35,20,0.48,1.5,15,0.025,0.02,0.01,0.03,3
-10921.81,-0.1092,89078.19,14092.86,0.1381,-0.711,-0.775,0.331,18,0.2222,4,14,7.9,False,True,-0.0683,0.0151,7134.93,21540.21,7,0,3,5,3,0,0,84,88,0,0,289,35,20,0.48,1.5,15,0.025,0.02,0.01,0.05,1
-10921.81,-0.1092,89078.19,14092.86,0.1381,-0.711,-0.775,0.331,18,0.2222,4,14,7.9,False,True,-0.0683,0.0151,7134.93,21540.21,7,0,3,5,3,0,0,84,88,0,0,289,35,20,0.48,1.5,15,0.025,0.02,0.01,0.05,2
-10921.81,-0.1092,89078.19,14092.86,0.1381,-0.711,-0.775,0.331,18,0.2222,4,14,7.9,False,True,-0.0683,0.0151,7134.93,21540.21,7,0,3,5,3,0,0,84,88,0,0,289,35,20,0.48,1.5,15,0.025,0.02,0.01,0.05,3
-12488.57,-0.1249,87511.43,13030.48,0.1303,-0.979,-0.958,0.334,21,0.1905,4,17,7.7,False,True,-0.0581,0.0,7100.41,21239.55,9,0,4,5,3,0,0,86,26,0,0,0,35,22,0.48,1.5,15,0.025,0.02,0.02,0.03,1
-12488.57,-0.1249,87511.43,13030.48,0.1303,-0.979,-0.958,0.334,21,0.1905,4,17,7.7,False,True,-0.0581,0.0,7100.41,21239.55,9,0,4,5,3,0,0,86,26,0,0,0,35,22,0.48,1.5,15,0.025,0.02,0.02,0.03,2
-12488.57,-0.1249,87511.43,13030.48,0.1303,-0.979,-0.958,0.334,21,0.1905,4,17,7.7,False,True,-0.0581,0.0,7100.41,21239.55,9,0,4,5,3,0,0,86,26,0,0,0,35,22,0.48,1.5,15,0.025,0.02,0.02,0.03,3
-14261.03,-0.1426,85738.97,14266.75,0.1427,-0.804,-1.0,0.333,17,0.2353,4,13,7.9,False,True,-0.0897,0.0,7134.93,21431.42,8,0,2,5,2,0,0,55,15,0,0,0,35,7,0.48,1.5,15,0.025,0.02,0.02,0.05,1
-14261.03,-0.1426,85738.97,14266.75,0.1427,-0.804,-1.0,0.333,17,0.2353,4,13,7.9,False,True,-0.0897,0.0,7134.93,21431.42,8,0,2,5,2,0,0,55,15,0,0,0,35,7,0.48,1.5,15,0.025,0.02,0.02,0.05,2
-14261.03,-0.1426,85738.97,14266.75,0.1427,-0.804,-1.0,0.333,17,0.2353,4,13,7.9,False,True,-0.0897,0.0,7134.93,21431.42,8,0,2,5,2,0,0,55,15,0,0,0,35,7,0.48,1.5,15,0.025,0.02,0.02,0.05,3
-11288.85,-0.1129,88711.15,11288.85,0.1129,-0.715,-1.0,0.385,18,0.2222,4,14,8.4,False,True,-0.0718,0.0148,7100.41,18425.79,8,0,3,5,2,0,0,84,88,0,0,289,35,20,0.48,1.5,15,0.025,0.03,0.01,0.03,1
-11288.85,-0.1129,88711.15,11288.85,0.1129,-0.715,-1.0,0.385,18,0.2222,4,14,8.4,False,True,-0.0718,0.0148,7100.41,18425.79,8,0,3,5,2,0,0,84,88,0,0,289,35,20,0.48,1.5,15,0.025,0.03,0.01,0.03,2
-11288.85,-0.1129,88711.15,11288.85,0.1129,-0.715,-1.0,0.385,18,0.2222,4,14,8.4,False,True,-0.0718,0.0148,7100.41,18425.79,8,0,3,5,2,0,0,84,88,0,0,289,35,20,0.48,1.5,15,0.025,0.03,0.01,0.03,3
-10921.81,-0.1092,89078.19,14092.86,0.1381,-0.711,-0.775,0.331,18,0.2222,4,14,7.9,False,True,-0.0683,0.0151,7134.93,21540.21,7,0,3,5,3,0,0,84,88,0,0,289,35,20,0.48,1.5,15,0.025,0.03,0.01,0.05,1
-10921.81,-0.1092,89078.19,14092.86,0.1381,-0.711,-0.775,0.331,18,0.2222,4,14,7.9,False,True,-0.0683,0.0151,7134.93,21540.21,7,0,3,5,3,0,0,84,88,0,0,289,35,20,0.48,1.5,15,0.025,0.03,0.01,0.05,2
-10921.81,-0.1092,89078.19,14092.86,0.1381,-0.711,-0.775,0.331,18,0.2222,4,14,7.9,False,True,-0.0683,0.0151,7134.93,21540.21,7,0,3,5,3,0,0,84,88,0,0,289,35,20,0.48,1.5,15,0.025,0.03,0.01,0.05,3
-12488.57,-0.1249,87511.43,13030.48,0.1303,-0.979,-0.958,0.334,21,0.1905,4,17,7.7,False,True,-0.0581,0.0,7100.41,21239.55,9,0,4,5,3,0,0,86,26,0,0,0,35,22,0.48,1.5,15,0.025,0.03,0.02,0.03,1
-12488.57,-0.1249,87511.43,13030.48,0.1303,-0.979,-0.958,0.334,21,0.1905,4,17,7.7,False,True,-0.0581,0.0,7100.41,21239.55,9,0,4,5,3,0,0,86,26,0,0,0,35,22,0.48,1.5,15,0.025,0.03,0.02,0.03,2
-12488.57,-0.1249,87511.43,13030.48,0.1303,-0.979,-0.958,0.334,21,0.1905,4,17,7.7,False,True,-0.0581,0.0,7100.41,21239.55,9,0,4,5,3,0,0,86,26,0,0,0,35,22,0.48,1.5,15,0.025,0.03,0.02,0.03,3
-14261.03,-0.1426,85738.97,14266.75,0.1427,-0.804,-1.0,0.333,17,0.2353,4,13,7.9,False,True,-0.0897,0.0,7134.93,21431.42,8,0,2,5,2,0,0,55,15,0,0,0,35,7,0.48,1.5,15,0.025,0.03,0.02,0.05,1
-14261.03,-0.1426,85738.97,14266.75,0.1427,-0.804,-1.0,0.333,17,0.2353,4,13,7.9,False,True,-0.0897,0.0,7134.93,21431.42,8,0,2,5,2,0,0,55,15,0,0,0,35,7,0.48,1.5,15,0.025,0.03,0.02,0.05,2
-14261.03,-0.1426,85738.97,14266.75,0.1427,-0.804,-1.0,0.333,17,0.2353,4,13,7.9,False,True,-0.0897,0.0,7134.93,21431.42,8,0,2,5,2,0,0,55,15,0,0,0,35,7,0.48,1.5,15,0.025,0.03,0.02,0.05,3
-11288.85,-0.1129,88711.15,11288.85,0.1129,-0.715,-1.0,0.385,19,0.2105,4,15,8.0,False,True,-0.0718,0.0148,7100.41,18441.08,8,0,3,5,3,0,0,85,89,0,0,289,35,23,0.48,1.5,15,0.035,0.02,0.01,0.03,1
-11288.85,-0.1129,88711.15,11288.85,0.1129,-0.715,-1.0,0.385,19,0.2105,4,15,8.0,False,True,-0.0718,0.0148,7100.41,18441.08,8,0,3,5,3,0,0,85,89,0,0,289,35,23,0.48,1.5,15,0.035,0.02,0.01,0.03,2
-11288.85,-0.1129,88711.15,11288.85,0.1129,-0.715,-1.0,0.385,19,0.2105,4,15,8.0,False,True,-0.0718,0.0148,7100.41,18441.08,8,0,3,5,3,0,0,85,89,0,0,289,35,23,0.48,1.5,15,0.035,0.02,0.01,0.03,3
-10921.81,-0.1092,89078.19,14092.86,0.1381,-0.711,-0.775,0.331,18,0.2222,4,14,7.9,False,True,-0.0683,0.0151,7134.93,21540.21,7,0,3,5,3,0,0,84,88,0,0,289,35,20,0.48,1.5,15,0.035,0.02,0.01,0.05,1
-10921.81,-0.1092,89078.19,14092.86,0.1381,-0.711,-0.775,0.331,18,0.2222,4,14,7.9,False,True,-0.0683,0.0151,7134.93,21540.21,7,0,3,5,3,0,0,84,88,0,0,289,35,20,0.48,1.5,15,0.035,0.02,0.01,0.05,2
-10921.81,-0.1092,89078.19,14092.86,0.1381,-0.711,-0.775,0.331,18,0.2222,4,14,7.9,False,True,-0.0683,0.0151,7134.93,21540.21,7,0,3,5,3,0,0,84,88,0,0,289,35,20,0.48,1.5,15,0.035,0.02,0.01,0.05,3
-12488.57,-0.1249,87511.43,13030.48,0.1303,-0.979,-0.958,0.334,21,0.1905,4,17,7.7,False,True,-0.0581,0.0,7100.41,21239.55,9,0,4,5,3,0,0,86,26,0,0,0,35,22,0.48,1.5,15,0.035,0.02,0.02,0.03,1
-12488.57,-0.1249,87511.43,13030.48,0.1303,-0.979,-0.958,0.334,21,0.1905,4,17,7.7,False,True,-0.0581,0.0,7100.41,21239.55,9,0,4,5,3,0,0,86,26,0,0,0,35,22,0.48,1.5,15,0.035,0.02,0.02,0.03,2
-12488.57,-0.1249,87511.43,13030.48,0.1303,-0.979,-0.958,0.334,21,0.1905,4,17,7.7,False,True,-0.0581,0.0,7100.41,21239.55,9,0,4,5,3,0,0,86,26,0,0,0,35,22,0.48,1.5,15,0.035,0.02,0.02,0.03,3
-14261.03,-0.1426,85738.97,14266.75,0.1427,-0.804,-1.0,0.333,17,0.2353,4,13,7.9,False,True,-0.0897,0.0,7134.93,21431.42,8,0,2,5,2,0,0,55,15,0,0,0,35,7,0.48,1.5,15,0.035,0.02,0.02,0.05,1
-14261.03,-0.1426,85738.97,14266.75,0.1427,-0.804,-1.0,0.333,17,0.2353,4,13,7.9,False,True,-0.0897,0.0,7134.93,21431.42,8,0,2,5,2,0,0,55,15,0,0,0,35,7,0.48,1.5,15,0.035,0.02,0.02,0.05,2
-14261.03,-0.1426,85738.97,14266.75,0.1427,-0.804,-1.0,0.333,17,0.2353,4,13,7.9,False,True,-0.0897,0.0,7134.93,21431.42,8,0,2,5,2,0,0,55,15,0,0,0,35,7,0.48,1.5,15,0.035,0.02,0.02,0.05,3
-11288.85,-0.1129,88711.15,11288.85,0.1129,-0.715,-1.0,0.385,19,0.2105,4,15,8.0,False,True,-0.0718,0.0148,7100.41,18441.08,8,0,3,5,3,0,0,85,89,0,0,289,35,23,0.48,1.5,15,0.035,0.03,0.01,0.03,1
-11288.85,-0.1129,88711.15,11288.85,0.1129,-0.715,-1.0,0.385,19,0.2105,4,15,8.0,False,True,-0.0718,0.0148,7100.41,18441.08,8,0,3,5,3,0,0,85,89,0,0,289,35,23,0.48,1.5,15,0.035,0.03,0.01,0.03,2
-11288.85,-0.1129,88711.15,11288.85,0.1129,-0.715,-1.0,0.385,19,0.2105,4,15,8.0,False,True,-0.0718,0.0148,7100.41,18441.08,8,0,3,5,3,0,0,85,89,0,0,289,35,23,0.48,1.5,15,0.035,0.03,0.01,0.03,3
-10921.81,-0.1092,89078.19,14092.86,0.1381,-0.711,-0.775,0.331,18,0.2222,4,14,7.9,False,True,-0.0683,0.0151,7134.93,21540.21,7,0,3,5,3,0,0,84,88,0,0,289,35,20,0.48,1.5,15,0.035,0.03,0.01,0.05,1
-10921.81,-0.1092,89078.19,14092.86,0.1381,-0.711,-0.775,0.331,18,0.2222,4,14,7.9,False,True,-0.0683,0.0151,7134.93,21540.21,7,0,3,5,3,0,0,84,88,0,0,289,35,20,0.48,1.5,15,0.035,0.03,0.01,0.05,2
-10921.81,-0.1092,89078.19,14092.86,0.1381,-0.711,-0.775,0.331,18,0.2222,4,14,7.9,False,True,-0.0683,0.0151,7134.93,21540.21,7,0,3,5,3,0,0,84,88,0,0,289,35,20,0.48,1.5,15,0.035,0.03,0.01,0.05,3
-12488.57,-0.1249,87511.43,13030.48,0.1303,-0.979,-0.958,0.334,21,0.1905,4,17,7.7,False,True,-0.0581,0.0,7100.41,21239.55,9,0,4,5,3,0,0,86,26,0,0,0,35,22,0.48,1.5,15,0.035,0.03,0.02,0.03,1
-12488.57,-0.1249,87511.43,13030.48,0.1303,-0.979,-0.958,0.334,21,0.1905,4,17,7.7,False,True,-0.0581,0.0,7100.41,21239.55,9,0,4,5,3,0,0,86,26,0,0,0,35,22,0.48,1.5,15,0.035,0.03,0.02,0.03,2
-12488.57,-0.1249,87511.43,13030.48,0.1303,-0.979,-0.958,0.334,21,0.1905,4,17,7.7,False,True,-0.0581,0.0,7100.41,21239.55,9,0,4,5,3,0,0,86,26,0,0,0,35,22,0.48,1.5,15,0.035,0.03,0.02,0.03,3
-14261.03,-0.1426,85738.97,14266.75,0.1427,-0.804,-1.0,0.333,17,0.2353,4,13,7.9,False,True,-0.0897,0.0,7134.93,21431.42,8,0,2,5,2,0,0,55,15,0,0,0,35,7,0.48,1.5,15,0.035,0.03,0.02,0.05,1
-14261.03,-0.1426,85738.97,14266.75,0.1427,-0.804,-1.0,0.333,17,0.2353,4,13,7.9,False,True,-0.0897,0.0,7134.93,21431.42,8,0,2,5,2,0,0,55,15,0,0,0,35,7,0.48,1.5,15,0.035,0.03,0.02,0.05,2
-14261.03,-0.1426,85738.97,14266.75,0.1427,-0.804,-1.0,0.333,17,0.2353,4,13,7.9,False,True,-0.0897,0.0,7134.93,21431.42,8,0,2,5,2,0,0,55,15,0,0,0,35,7,0.48,1.5,15,0.035,0.03,0.02,0.05,3
-9287.38,-0.0929,90712.62,10676.45,0.1053,-0.821,-0.87,0.298,32,0.25,8,24,7.2,False,True,-0.0495,0.0,3934.48,13221.86,18,0,5,9,0,0,1091,62,49,0,0,0,93,83,0.5,0.5,5,0.025,0.02,0.01,0.03,1
-9287.38,-0.0929,90712.62,10676.45,0.1053,-0.821,-0.87,0.298,32,0.25,8,24,7.2,False,True,-0.0495,0.0,3934.48,13221.86,18,0,5,9,0,0,1091,62,49,0,0,0,93,83,0.5,0.5,5,0.025,0.02,0.01,0.03,2
-9287.38,-0.0929,90712.62,10676.45,0.1053,-0.821,-0.87,0.298,32,0.25,8,24,7.2,False,True,-0.0495,0.0,3934.48,13221.86,18,0,5,9,0,0,1091,62,49,0,0,0,93,83,0.5,0.5,5,0.025,0.02,0.01,0.03,3
-10509.06,-0.1051,89490.94,11898.13,0.1174,-0.812,-0.883,0.178,28,0.2143,6,22,6.4,False,True,-0.0623,0.0,2444.57,13723.27,14,0,5,7,2,0,1091,60,47,0,0,0,93,83,0.5,0.5,5,0.025,0.02,0.01,0.05,1
-10509.06,-0.1051,89490.94,11898.13,0.1174,-0.812,-0.883,0.178,28,0.2143,6,22,6.4,False,True,-0.0623,0.0,2444.57,13723.27,14,0,5,7,2,0,1091,60,47,0,0,0,93,83,0.5,0.5,5,0.025,0.02,0.01,0.05,2
-10509.06,-0.1051,89490.94,11898.13,0.1174,-0.812,-0.883,0.178,28,0.2143,6,22,6.4,False,True,-0.0623,0.0,2444.57,13723.27,14,0,5,7,2,0,1091,60,47,0,0,0,93,83,0.5,0.5,5,0.025,0.02,0.01,0.05,3
-9287.38,-0.0929,90712.62,10676.45,0.1053,-0.821,-0.87,0.298,32,0.25,8,24,7.2,False,True,-0.0495,0.0,3934.48,13221.86,18,0,5,9,0,0,1091,62,49,0,0,0,93,83,0.5,0.5,5,0.025,0.02,0.02,0.03,1
-9287.38,-0.0929,90712.62,10676.45,0.1053,-0.821,-0.87,0.298,32,0.25,8,24,7.2,False,True,-0.0495,0.0,3934.48,13221.86,18,0,5,9,0,0,1091,62,49,0,0,0,93,83,0.5,0.5,5,0.025,0.02,0.02,0.03,2
-9287.38,-0.0929,90712.62,10676.45,0.1053,-0.821,-0.87,0.298,32,0.25,8,24,7.2,False,True,-0.0495,0.0,3934.48,13221.86,18,0,5,9,0,0,1091,62,49,0,0,0,93,83,0.5,0.5,5,0.025,0.02,0.02,0.03,3
-10509.06,-0.1051,89490.94,11898.13,0.1174,-0.812,-0.883,0.178,28,0.2143,6,22,6.4,False,True,-0.0623,0.0,2444.57,13723.27,14,0,5,7,2,0,1091,60,47,0,0,0,93,83,0.5,0.5,5,0.025,0.02,0.02,0.05,1
-10509.06,-0.1051,89490.94,11898.13,0.1174,-0.812,-0.883,0.178,28,0.2143,6,22,6.4,False,True,-0.0623,0.0,2444.57,13723.27,14,0,5,7,2,0,1091,60,47,0,0,0,93,83,0.5,0.5,5,0.025,0.02,0.02,0.05,2
-10509.06,-0.1051,89490.94,11898.13,0.1174,-0.812,-0.883,0.178,28,0.2143,6,22,6.4,False,True,-0.0623,0.0,2444.57,13723.27,14,0,5,7,2,0,1091,60,47,0,0,0,93,83,0.5,0.5,5,0.025,0.02,0.02,0.05,3
-9287.38,-0.0929,90712.62,10676.45,0.1053,-0.821,-0.87,0.298,32,0.25,8,24,7.2,False,True,-0.0495,0.0,3934.48,13221.86,18,0,5,9,0,0,1091,62,49,0,0,0,93,83,0.5,0.5,5,0.025,0.03,0.01,0.03,1
-9287.38,-0.0929,90712.62,10676.45,0.1053,-0.821,-0.87,0.298,32,0.25,8,24,7.2,False,True,-0.0495,0.0,3934.48,13221.86,18,0,5,9,0,0,1091,62,49,0,0,0,93,83,0.5,0.5,5,0.025,0.03,0.01,0.03,2
-9287.38,-0.0929,90712.62,10676.45,0.1053,-0.821,-0.87,0.298,32,0.25,8,24,7.2,False,True,-0.0495,0.0,3934.48,13221.86,18,0,5,9,0,0,1091,62,49,0,0,0,93,83,0.5,0.5,5,0.025,0.03,0.01,0.03,3
-10509.06,-0.1051,89490.94,11898.13,0.1174,-0.812,-0.883,0.178,28,0.2143,6,22,6.4,False,True,-0.0623,0.0,2444.57,13723.27,14,0,5,7,2,0,1091,60,47,0,0,0,93,83,0.5,0.5,5,0.025,0.03,0.01,0.05,1
-10509.06,-0.1051,89490.94,11898.13,0.1174,-0.812,-0.883,0.178,28,0.2143,6,22,6.4,False,True,-0.0623,0.0,2444.57,13723.27,14,0,5,7,2,0,1091,60,47,0,0,0,93,83,0.5,0.5,5,0.025,0.03,0.01,0.05,2
-10509.06,-0.1051,89490.94,11898.13,0.1174,-0.812,-0.883,0.178,28,0.2143,6,22,6.4,False,True,-0.0623,0.0,2444.57,13723.27,14,0,5,7,2,0,1091,60,47,0,0,0,93,83,0.5,0.5,5,0.025,0.03,0.01,0.05,3
-9287.38,-0.0929,90712.62,10676.45,0.1053,-0.821,-0.87,0.298,32,0.25,8,24,7.2,False,True,-0.0495,0.0,3934.48,13221.86,18,0,5,9,0,0,1091,62,49,0,0,0,93,83,0.5,0.5,5,0.025,0.03,0.02,0.03,1
-9287.38,-0.0929,90712.62,10676.45,0.1053,-0.821,-0.87,0.298,32,0.25,8,24,7.2,False,True,-0.0495,0.0,3934.48,13221.86,18,0,5,9,0,0,1091,62,49,0,0,0,93,83,0.5,0.5,5,0.025,0.03,0.02,0.03,2
-9287.38,-0.0929,90712.62,10676.45,0.1053,-0.821,-0.87,0.298,32,0.25,8,24,7.2,False,True,-0.0495,0.0,3934.48,13221.86,18,0,5,9,0,0,1091,62,49,0,0,0,93,83,0.5,0.5,5,0.025,0.03,0.02,0.03,3
-10509.06,-0.1051,89490.94,11898.13,0.1174,-0.812,-0.883,0.178,28,0.2143,6,22,6.4,False,True,-0.0623,0.0,2444.57,13723.27,14,0,5,7,2,0,1091,60,47,0,0,0,93,83,0.5,0.5,5,0.025,0.03,0.02,0.05,1
-10509.06,-0.1051,89490.94,11898.13,0.1174,-0.812,-0.883,0.178,28,0.2143,6,22,6.4,False,True,-0.0623,0.0,2444.57,13723.27,14,0,5,7,2,0,1091,60,47,0,0,0,93,83,0.5,0.5,5,0.025,0.03,0.02,0.05,2
-10509.06,-0.1051,89490.94,11898.13,0.1174,-0.812,-0.883,0.178,28,0.2143,6,22,6.4,False,True,-0.0623,0.0,2444.57,13723.27,14,0,5,7,2,0,1091,60,47,0,0,0,93,83,0.5,0.5,5,0.025,0.03,0.02,0.05,3
-10693.33,-0.1069,89306.67,12082.4,0.1192,-0.82,-0.885,0.176,34,0.2059,7,27,5.9,False,True,-0.0585,0.0,2457.04,13928.1,17,0,6,8,3,0,1156,60,54,0,0,0,94,93,0.5,0.5,5,0.035,0.02,0.01,0.03,1
-10693.33,-0.1069,89306.67,12082.4,0.1192,-0.82,-0.885,0.176,34,0.2059,7,27,5.9,False,True,-0.0585,0.0,2457.04,13928.1,17,0,6,8,3,0,1156,60,54,0,0,0,94,93,0.5,0.5,5,0.035,0.02,0.01,0.03,2
-10693.33,-0.1069,89306.67,12082.4,0.1192,-0.82,-0.885,0.176,34,0.2059,7,27,5.9,False,True,-0.0585,0.0,2457.04,13928.1,17,0,6,8,3,0,1156,60,54,0,0,0,94,93,0.5,0.5,5,0.035,0.02,0.01,0.03,3
-9842.27,-0.0984,90157.73,11231.34,0.1108,-0.822,-0.876,0.266,34,0.2353,8,26,6.9,False,True,-0.0514,0.0,3914.96,14731.55,17,0,6,9,2,0,1147,62,50,0,0,0,94,86,0.5,0.5,5,0.035,0.02,0.01,0.05,1
-9842.27,-0.0984,90157.73,11231.34,0.1108,-0.822,-0.876,0.266,34,0.2353,8,26,6.9,False,True,-0.0514,0.0,3914.96,14731.55,17,0,6,9,2,0,1147,62,50,0,0,0,94,86,0.5,0.5,5,0.035,0.02,0.01,0.05,2
-9842.27,-0.0984,90157.73,11231.34,0.1108,-0.822,-0.876,0.266,34,0.2353,8,26,6.9,False,True,-0.0514,0.0,3914.96,14731.55,17,0,6,9,2,0,1147,62,50,0,0,0,94,86,0.5,0.5,5,0.035,0.02,0.01,0.05,3
-10693.33,-0.1069,89306.67,12082.4,0.1192,-0.82,-0.885,0.176,34,0.2059,7,27,5.9,False,True,-0.0585,0.0,2457.04,13928.1,17,0,6,8,3,0,1156,60,54,0,0,0,94,93,0.5,0.5,5,0.035,0.02,0.02,0.03,1
-10693.33,-0.1069,89306.67,12082.4,0.1192,-0.82,-0.885,0.176,34,0.2059,7,27,5.9,False,True,-0.0585,0.0,2457.04,13928.1,17,0,6,8,3,0,1156,60,54,0,0,0,94,93,0.5,0.5,5,0.035,0.02,0.02,0.03,2
-10693.33,-0.1069,89306.67,12082.4,0.1192,-0.82,-0.885,0.176,34,0.2059,7,27,5.9,False,True,-0.0585,0.0,2457.04,13928.1,17,0,6,8,3,0,1156,60,54,0,0,0,94,93,0.5,0.5,5,0.035,0.02,0.02,0.03,3
-9842.27,-0.0984,90157.73,11231.34,0.1108,-0.822,-0.876,0.266,34,0.2353,8,26,6.9,False,True,-0.0514,0.0,3914.96,14731.55,17,0,6,9,2,0,1147,62,50,0,0,0,94,86,0.5,0.5,5,0.035,0.02,0.02,0.05,1
-9842.27,-0.0984,90157.73,11231.34,0.1108,-0.822,-0.876,0.266,34,0.2353,8,26,6.9,False,True,-0.0514,0.0,3914.96,14731.55,17,0,6,9,2,0,1147,62,50,0,0,0,94,86,0.5,0.5,5,0.035,0.02,0.02,0.05,2
-9842.27,-0.0984,90157.73,11231.34,0.1108,-0.822,-0.876,0.266,34,0.2353,8,26,6.9,False,True,-0.0514,0.0,3914.96,14731.55,17,0,6,9,2,0,1147,62,50,0,0,0,94,86,0.5,0.5,5,0.035,0.02,0.02,0.05,3
-10693.33,-0.1069,89306.67,12082.4,0.1192,-0.82,-0.885,0.176,34,0.2059,7,27,5.9,False,True,-0.0585,0.0,2457.04,13928.1,17,0,6,8,3,0,1156,60,54,0,0,0,94,93,0.5,0.5,5,0.035,0.03,0.01,0.03,1
-10693.33,-0.1069,89306.67,12082.4,0.1192,-0.82,-0.885,0.176,34,0.2059,7,27,5.9,False,True,-0.0585,0.0,2457.04,13928.1,17,0,6,8,3,0,1156,60,54,0,0,0,94,93,0.5,0.5,5,0.035,0.03,0.01,0.03,2
-10693.33,-0.1069,89306.67,12082.4,0.1192,-0.82,-0.885,0.176,34,0.2059,7,27,5.9,False,True,-0.0585,0.0,2457.04,13928.1,17,0,6,8,3,0,1156,60,54,0,0,0,94,93,0.5,0.5,5,0.035,0.03,0.01,0.03,3
-9842.27,-0.0984,90157.73,11231.34,0.1108,-0.822,-0.876,0.266,34,0.2353,8,26,6.9,False,True,-0.0514,0.0,3914.96,14731.55,17,0,6,9,2,0,1147,62,50,0,0,0,94,86,0.5,0.5,5,0.035,0.03,0.01,0.05,1
-9842.27,-0.0984,90157.73,11231.34,0.1108,-0.822,-0.876,0.266,34,0.2353,8,26,6.9,False,True,-0.0514,0.0,3914.96,14731.55,17,0,6,9,2,0,1147,62,50,0,0,0,94,86,0.5,0.5,5,0.035,0.03,0.01,0.05,2
-9842.27,-0.0984,90157.73,11231.34,0.1108,-0.822,-0.876,0.266,34,0.2353,8,26,6.9,False,True,-0.0514,0.0,3914.96,14731.55,17,0,6,9,2,0,1147,62,50,0,0,0,94,86,0.5,0.5,5,0.035,0.03,0.01,0.05,3
-10693.33,-0.1069,89306.67,12082.4,0.1192,-0.82,-0.885,0.176,34,0.2059,7,27,5.9,False,True,-0.0585,0.0,2457.04,13928.1,17,0,6,8,3,0,1156,60,54,0,0,0,94,93,0.5,0.5,5,0.035,0.03,0.02,0.03,1
-10693.33,-0.1069,89306.67,12082.4,0.1192,-0.82,-0.885,0.176,34,0.2059,7,27,5.9,False,True,-0.0585,0.0,2457.04,13928.1,17,0,6,8,3,0,1156,60,54,0,0,0,94,93,0.5,0.5,5,0.035,0.03,0.02,0.03,2
-10693.33,-0.1069,89306.67,12082.4,0.1192,-0.82,-0.885,0.176,34,0.2059,7,27,5.9,False,True,-0.0585,0.0,2457.04,13928.1,17,0,6,8,3,0,1156,60,54,0,0,0,94,93,0.5,0.5,5,0.035,0.03,0.02,0.03,3
-9842.27,-0.0984,90157.73,11231.34,0.1108,-0.822,-0.876,0.266,34,0.2353,8,26,6.9,False,True,-0.0514,0.0,3914.96,14731.55,17,0,6,9,2,0,1147,62,50,0,0,0,94,86,0.5,0.5,5,0.035,0.03,0.02,0.05,1
-9842.27,-0.0984,90157.73,11231.34,0.1108,-0.822,-0.876,0.266,34,0.2353,8,26,6.9,False,True,-0.0514,0.0,3914.96,14731.55,17,0,6,9,2,0,1147,62,50,0,0,0,94,86,0.5,0.5,5,0.035,0.03,0.02,0.05,2
-9842.27,-0.0984,90157.73,11231.34,0.1108,-0.822,-0.876,0.266,34,0.2353,8,26,6.9,False,True,-0.0514,0.0,3914.96,14731.55,17,0,6,9,2,0,1147,62,50,0,0,0,94,86,0.5,0.5,5,0.035,0.03,0.02,0.05,3
-11171.77,-0.1117,88828.23,11171.77,0.1117,-0.755,-1.0,0.253,34,0.2059,7,27,8.2,False,True,-0.0818,0.0,4106.52,16238.23,16,0,6,8,4,0,348,75,29,0,0,0,46,62,0.5,0.5,10,0.025,0.02,0.01,0.03,1
-11171.77,-0.1117,88828.23,11171.77,0.1117,-0.755,-1.0,0.253,34,0.2059,7,27,8.2,False,True,-0.0818,0.0,4106.52,16238.23,16,0,6,8,4,0,348,75,29,0,0,0,46,62,0.5,0.5,10,0.025,0.02,0.01,0.03,2
-11171.77,-0.1117,88828.23,11171.77,0.1117,-0.755,-1.0,0.253,34,0.2059,7,27,8.2,False,True,-0.0818,0.0,4106.52,16238.23,16,0,6,8,4,0,348,75,29,0,0,0,46,62,0.5,0.5,10,0.025,0.02,0.01,0.03,3
-11171.77,-0.1117,88828.23,11171.77,0.1117,-0.755,-1.0,0.253,34,0.2059,7,27,8.2,False,True,-0.0818,0.0,4106.52,16238.23,16,0,6,8,4,0,348,75,29,0,0,0,46,62,0.5,0.5,10,0.025,0.02,0.01,0.05,1
-11171.77,-0.1117,88828.23,11171.77,0.1117,-0.755,-1.0,0.253,34,0.2059,7,27,8.2,False,True,-0.0818,0.0,4106.52,16238.23,16,0,6,8,4,0,348,75,29,0,0,0,46,62,0.5,0.5,10,0.025,0.02,0.01,0.05,2
-11171.77,-0.1117,88828.23,11171.77,0.1117,-0.755,-1.0,0.253,34,0.2059,7,27,8.2,False,True,-0.0818,0.0,4106.52,16238.23,16,0,6,8,4,0,348,75,29,0,0,0,46,62,0.5,0.5,10,0.025,0.02,0.01,0.05,3
-11171.77,-0.1117,88828.23,11171.77,0.1117,-0.755,-1.0,0.253,34,0.2059,7,27,8.2,False,True,-0.0818,0.0,4106.52,16238.23,16,0,6,8,4,0,348,75,29,0,0,0,46,62,0.5,0.5,10,0.025,0.02,0.02,0.03,1
-11171.77,-0.1117,88828.23,11171.77,0.1117,-0.755,-1.0,0.253,34,0.2059,7,27,8.2,False,True,-0.0818,0.0,4106.52,16238.23,16,0,6,8,4,0,348,75,29,0,0,0,46,62,0.5,0.5,10,0.025,0.02,0.02,0.03,2
-11171.77,-0.1117,88828.23,11171.77,0.1117,-0.755,-1.0,0.253,34,0.2059,7,27,8.2,False,True,-0.0818,0.0,4106.52,16238.23,16,0,6,8,4,0,348,75,29,0,0,0,46,62,0.5,0.5,10,0.025,0.02,0.02,0.03,3
-11171.77,-0.1117,88828.23,11171.77,0.1117,-0.755,-1.0,0.253,34,0.2059,7,27,8.2,False,True,-0.0818,0.0,4106.52,16238.23,16,0,6,8,4,0,348,75,29,0,0,0,46,62,0.5,0.5,10,0.025,0.02,0.02,0.05,1
-11171.77,-0.1117,88828.23,11171.77,0.1117,-0.755,-1.0,0.253,34,0.2059,7,27,8.2,False,True,-0.0818,0.0,4106.52,16238.23,16,0,6,8,4,0,348,75,29,0,0,0,46,62,0.5,0.5,10,0.025,0.02,0.02,0.05,2
-11171.77,-0.1117,88828.23,11171.77,0.1117,-0.755,-1.0,0.253,34,0.2059,7,27,8.2,False,True,-0.0818,0.0,4106.52,16238.23,16,0,6,8,4,0,348,75,29,0,0,0,46,62,0.5,0.5,10,0.025,0.02,0.02,0.05,3
-11171.77,-0.1117,88828.23,11171.77,0.1117,-0.755,-1.0,0.253,34,0.2059,7,27,8.2,False,True,-0.0818,0.0,4106.52,16238.23,16,0,6,8,4,0,348,75,29,0,0,0,46,62,0.5,0.5,10,0.025,0.03,0.01,0.03,1
-11171.77,-0.1117,88828.23,11171.77,0.1117,-0.755,-1.0,0.253,34,0.2059,7,27,8.2,False,True,-0.0818,0.0,4106.52,16238.23,16,0,6,8,4,0,348,75,29,0,0,0,46,62,0.5,0.5,10,0.025,0.03,0.01,0.03,2
-11171.77,-0.1117,88828.23,11171.77,0.1117,-0.755,-1.0,0.253,34,0.2059,7,27,8.2,False,True,-0.0818,0.0,4106.52,16238.23,16,0,6,8,4,0,348,75,29,0,0,0,46,62,0.5,0.5,10,0.025,0.03,0.01,0.03,3
-11171.77,-0.1117,88828.23,11171.77,0.1117,-0.755,-1.0,0.253,34,0.2059,7,27,8.2,False,True,-0.0818,0.0,4106.52,16238.23,16,0,6,8,4,0,348,75,29,0,0,0,46,62,0.5,0.5,10,0.025,0.03,0.01,0.05,1
-11171.77,-0.1117,88828.23,11171.77,0.1117,-0.755,-1.0,0.253,34,0.2059,7,27,8.2,False,True,-0.0818,0.0,4106.52,16238.23,16,0,6,8,4,0,348,75,29,0,0,0,46,62,0.5,0.5,10,0.025,0.03,0.01,0.05,2
-11171.77,-0.1117,88828.23,11171.77,0.1117,-0.755,-1.0,0.253,34,0.2059,7,27,8.2,False,True,-0.0818,0.0,4106.52,16238.23,16,0,6,8,4,0,348,75,29,0,0,0,46,62,0.5,0.5,10,0.025,0.03,0.01,0.05,3
-11171.77,-0.1117,88828.23,11171.77,0.1117,-0.755,-1.0,0.253,34,0.2059,7,27,8.2,False,True,-0.0818,0.0,4106.52,16238.23,16,0,6,8,4,0,348,75,29,0,0,0,46,62,0.5,0.5,10,0.025,0.03,0.02,0.03,1
-11171.77,-0.1117,88828.23,11171.77,0.1117,-0.755,-1.0,0.253,34,0.2059,7,27,8.2,False,True,-0.0818,0.0,4106.52,16238.23,16,0,6,8,4,0,348,75,29,0,0,0,46,62,0.5,0.5,10,0.025,0.03,0.02,0.03,2
-11171.77,-0.1117,88828.23,11171.77,0.1117,-0.755,-1.0,0.253,34,0.2059,7,27,8.2,False,True,-0.0818,0.0,4106.52,16238.23,16,0,6,8,4,0,348,75,29,0,0,0,46,62,0.5,0.5,10,0.025,0.03,0.02,0.03,3
-11171.77,-0.1117,88828.23,11171.77,0.1117,-0.755,-1.0,0.253,34,0.2059,7,27,8.2,False,True,-0.0818,0.0,4106.52,16238.23,16,0,6,8,4,0,348,75,29,0,0,0,46,62,0.5,0.5,10,0.025,0.03,0.02,0.05,1
-11171.77,-0.1117,88828.23,11171.77,0.1117,-0.755,-1.0,0.253,34,0.2059,7,27,8.2,False,True,-0.0818,0.0,4106.52,16238.23,16,0,6,8,4,0,348,75,29,0,0,0,46,62,0.5,0.5,10,0.025,0.03,0.02,0.05,2
-11171.77,-0.1117,88828.23,11171.77,0.1117,-0.755,-1.0,0.253,34,0.2059,7,27,8.2,False,True,-0.0818,0.0,4106.52,16238.23,16,0,6,8,4,0,348,75,29,0,0,0,46,62,0.5,0.5,10,0.025,0.03,0.02,0.05,3
-11893.35,-0.1189,88106.65,11893.35,0.1189,-0.821,-1.0,0.184,33,0.2121,7,26,7.5,False,True,-0.0642,0.0,2861.02,15518.6,13,0,7,8,5,0,422,85,34,0,0,0,45,74,0.5,0.5,10,0.035,0.02,0.01,0.03,1
-11893.35,-0.1189,88106.65,11893.35,0.1189,-0.821,-1.0,0.184,33,0.2121,7,26,7.5,False,True,-0.0642,0.0,2861.02,15518.6,13,0,7,8,5,0,422,85,34,0,0,0,45,74,0.5,0.5,10,0.035,0.02,0.01,0.03,2
-11893.35,-0.1189,88106.65,11893.35,0.1189,-0.821,-1.0,0.184,33,0.2121,7,26,7.5,False,True,-0.0642,0.0,2861.02,15518.6,13,0,7,8,5,0,422,85,34,0,0,0,45,74,0.5,0.5,10,0.035,0.02,0.01,0.03,3
-11053.73,-0.1105,88946.27,11053.73,0.1105,-0.815,-1.0,0.264,33,0.2424,8,25,8.5,False,True,-0.0642,0.0,4299.36,16314.31,13,0,7,9,4,0,422,79,30,0,0,0,45,66,0.5,0.5,10,0.035,0.02,0.01,0.05,1
-11053.73,-0.1105,88946.27,11053.73,0.1105,-0.815,-1.0,0.264,33,0.2424,8,25,8.5,False,True,-0.0642,0.0,4299.36,16314.31,13,0,7,9,4,0,422,79,30,0,0,0,45,66,0.5,0.5,10,0.035,0.02,0.01,0.05,2
-11053.73,-0.1105,88946.27,11053.73,0.1105,-0.815,-1.0,0.264,33,0.2424,8,25,8.5,False,True,-0.0642,0.0,4299.36,16314.31,13,0,7,9,4,0,422,79,30,0,0,0,45,66,0.5,0.5,10,0.035,0.02,0.01,0.05,3
-11893.35,-0.1189,88106.65,11893.35,0.1189,-0.821,-1.0,0.184,33,0.2121,7,26,7.5,False,True,-0.0642,0.0,2861.02,15518.6,13,0,7,8,5,0,422,85,34,0,0,0,45,74,0.5,0.5,10,0.035,0.02,0.02,0.03,1
-11893.35,-0.1189,88106.65,11893.35,0.1189,-0.821,-1.0,0.184,33,0.2121,7,26,7.5,False,True,-0.0642,0.0,2861.02,15518.6,13,0,7,8,5,0,422,85,34,0,0,0,45,74,0.5,0.5,10,0.035,0.02,0.02,0.03,2
-11893.35,-0.1189,88106.65,11893.35,0.1189,-0.821,-1.0,0.184,33,0.2121,7,26,7.5,False,True,-0.0642,0.0,2861.02,15518.6,13,0,7,8,5,0,422,85,34,0,0,0,45,74,0.5,0.5,10,0.035,0.02,0.02,0.03,3
-11053.73,-0.1105,88946.27,11053.73,0.1105,-0.815,-1.0,0.264,33,0.2424,8,25,8.5,False,True,-0.0642,0.0,4299.36,16314.31,13,0,7,9,4,0,422,79,30,0,0,0,45,66,0.5,0.5,10,0.035,0.02,0.02,0.05,1
-11053.73,-0.1105,88946.27,11053.73,0.1105,-0.815,-1.0,0.264,33,0.2424,8,25,8.5,False,True,-0.0642,0.0,4299.36,16314.31,13,0,7,9,4,0,422,79,30,0,0,0,45,66,0.5,0.5,10,0.035,0.02,0.02,0.05,2
-11053.73,-0.1105,88946.27,11053.73,0.1105,-0.815,-1.0,0.264,33,0.2424,8,25,8.5,False,True,-0.0642,0.0,4299.36,16314.31,13,0,7,9,4,0,422,79,30,0,0,0,45,66,0.5,0.5,10,0.035,0.02,0.02,0.05,3
-11893.35,-0.1189,88106.65,11893.35,0.1189,-0.821,-1.0,0.184,33,0.2121,7,26,7.5,False,True,-0.0642,0.0,2861.02,15518.6,13,0,7,8,5,0,422,85,34,0,0,0,45,74,0.5,0.5,10,0.035,0.03,0.01,0.03,1
-11893.35,-0.1189,88106.65,11893.35,0.1189,-0.821,-1.0,0.184,33,0.2121,7,26,7.5,False,True,-0.0642,0.0,2861.02,15518.6,13,0,7,8,5,0,422,85,34,0,0,0,45,74,0.5,0.5,10,0.035,0.03,0.01,0.03,2
-11893.35,-0.1189,88106.65,11893.35,0.1189,-0.821,-1.0,0.184,33,0.2121,7,26,7.5,False,True,-0.0642,0.0,2861.02,15518.6,13,0,7,8,5,0,422,85,34,0,0,0,45,74,0.5,0.5,10,0.035,0.03,0.01,0.03,3
-11053.73,-0.1105,88946.27,11053.73,0.1105,-0.815,-1.0,0.264,33,0.2424,8,25,8.5,False,True,-0.0642,0.0,4299.36,16314.31,13,0,7,9,4,0,422,79,30,0,0,0,45,66,0.5,0.5,10,0.035,0.03,0.01,0.05,1
-11053.73,-0.1105,88946.27,11053.73,0.1105,-0.815,-1.0,0.264,33,0.2424,8,25,8.5,False,True,-0.0642,0.0,4299.36,16314.31,13,0,7,9,4,0,422,79,30,0,0,0,45,66,0.5,0.5,10,0.035,0.03,0.01,0.05,2
-11053.73,-0.1105,88946.27,11053.73,0.1105,-0.815,-1.0,0.264,33,0.2424,8,25,8.5,False,True,-0.0642,0.0,4299.36,16314.31,13,0,7,9,4,0,422,79,30,0,0,0,45,66,0.5,0.5,10,0.035,0.03,0.01,0.05,3
-11893.35,-0.1189,88106.65,11893.35,0.1189,-0.821,-1.0,0.184,33,0.2121,7,26,7.5,False,True,-0.0642,0.0,2861.02,15518.6,13,0,7,8,5,0,422,85,34,0,0,0,45,74,0.5,0.5,10,0.035,0.03,0.02,0.03,1
-11893.35,-0.1189,88106.65,11893.35,0.1189,-0.821,-1.0,0.184,33,0.2121,7,26,7.5,False,True,-0.0642,0.0,2861.02,15518.6,13,0,7,8,5,0,422,85,34,0,0,0,45,74,0.5,0.5,10,0.035,0.03,0.02,0.03,2
-11893.35,-0.1189,88106.65,11893.35,0.1189,-0.821,-1.0,0.184,33,0.2121,7,26,7.5,False,True,-0.0642,0.0,2861.02,15518.6,13,0,7,8,5,0,422,85,34,0,0,0,45,74,0.5,0.5,10,0.035,0.03,0.02,0.03,3
-11053.73,-0.1105,88946.27,11053.73,0.1105,-0.815,-1.0,0.264,33,0.2424,8,25,8.5,False,True,-0.0642,0.0,4299.36,16314.31,13,0,7,9,4,0,422,79,30,0,0,0,45,66,0.5,0.5,10,0.035,0.03,0.02,0.05,1
-11053.73,-0.1105,88946.27,11053.73,0.1105,-0.815,-1.0,0.264,33,0.2424,8,25,8.5,False,True,-0.0642,0.0,4299.36,16314.31,13,0,7,9,4,0,422,79,30,0,0,0,45,66,0.5,0.5,10,0.035,0.03,0.02,0.05,2
-11053.73,-0.1105,88946.27,11053.73,0.1105,-0.815,-1.0,0.264,33,0.2424,8,25,8.5,False,True,-0.0642,0.0,4299.36,16314.31,13,0,7,9,4,0,422,79,30,0,0,0,45,66,0.5,0.5,10,0.035,0.03,0.02,0.05,3
-10170.71,-0.1017,89829.29,10170.71,0.1017,-0.974,-1.0,0.308,35,0.2286,8,27,9.2,False,True,-0.0466,0.0,4524.95,14706.55,15,0,7,9,4,0,227,130,37,0,0,0,42,86,0.5,0.5,15,0.025,0.02,0.01,0.03,1
-10170.71,-0.1017,89829.29,10170.71,0.1017,-0.974,-1.0,0.308,35,0.2286,8,27,9.2,False,True,-0.0466,0.0,4524.95,14706.55,15,0,7,9,4,0,227,130,37,0,0,0,42,86,0.5,0.5,15,0.025,0.02,0.01,0.03,2
-10170.71,-0.1017,89829.29,10170.71,0.1017,-0.974,-1.0,0.308,35,0.2286,8,27,9.2,False,True,-0.0466,0.0,4524.95,14706.55,15,0,7,9,4,0,227,130,37,0,0,0,42,86,0.5,0.5,15,0.025,0.02,0.01,0.03,3
-9845.71,-0.0985,90154.29,10328.88,0.103,-0.889,-0.953,0.313,34,0.1765,6,28,8.6,False,True,-0.0553,0.0,4745.53,15145.0,15,0,7,8,4,0,227,115,35,0,0,0,42,72,0.5,0.5,15,0.025,0.02,0.01,0.05,1
-9845.71,-0.0985,90154.29,10328.88,0.103,-0.889,-0.953,0.313,34,0.1765,6,28,8.6,False,True,-0.0553,0.0,4745.53,15145.0,15,0,7,8,4,0,227,115,35,0,0,0,42,72,0.5,0.5,15,0.025,0.02,0.01,0.05,2
-9845.71,-0.0985,90154.29,10328.88,0.103,-0.889,-0.953,0.313,34,0.1765,6,28,8.6,False,True,-0.0553,0.0,4745.53,15145.0,15,0,7,8,4,0,227,115,35,0,0,0,42,72,0.5,0.5,15,0.025,0.02,0.01,0.05,3
-10170.71,-0.1017,89829.29,10170.71,0.1017,-0.974,-1.0,0.308,35,0.2286,8,27,9.2,False,True,-0.0466,0.0,4524.95,14706.55,15,0,7,9,4,0,227,130,37,0,0,0,42,86,0.5,0.5,15,0.025,0.02,0.02,0.03,1
-10170.71,-0.1017,89829.29,10170.71,0.1017,-0.974,-1.0,0.308,35,0.2286,8,27,9.2,False,True,-0.0466,0.0,4524.95,14706.55,15,0,7,9,4,0,227,130,37,0,0,0,42,86,0.5,0.5,15,0.025,0.02,0.02,0.03,2
-10170.71,-0.1017,89829.29,10170.71,0.1017,-0.974,-1.0,0.308,35,0.2286,8,27,9.2,False,True,-0.0466,0.0,4524.95,14706.55,15,0,7,9,4,0,227,130,37,0,0,0,42,86,0.5,0.5,15,0.025,0.02,0.02,0.03,3
-9845.71,-0.0985,90154.29,10328.88,0.103,-0.889,-0.953,0.313,34,0.1765,6,28,8.6,False,True,-0.0553,0.0,4745.53,15145.0,15,0,7,8,4,0,227,115,35,0,0,0,42,72,0.5,0.5,15,0.025,0.02,0.02,0.05,1
-9845.71,-0.0985,90154.29,10328.88,0.103,-0.889,-0.953,0.313,34,0.1765,6,28,8.6,False,True,-0.0553,0.0,4745.53,15145.0,15,0,7,8,4,0,227,115,35,0,0,0,42,72,0.5,0.5,15,0.025,0.02,0.02,0.05,2
-9845.71,-0.0985,90154.29,10328.88,0.103,-0.889,-0.953,0.313,34,0.1765,6,28,8.6,False,True,-0.0553,0.0,4745.53,15145.0,15,0,7,8,4,0,227,115,35,0,0,0,42,72,0.5,0.5,15,0.025,0.02,0.02,0.05,3
-10170.71,-0.1017,89829.29,10170.71,0.1017,-0.974,-1.0,0.308,35,0.2286,8,27,9.2,False,True,-0.0466,0.0,4524.95,14706.55,15,0,7,9,4,0,227,130,37,0,0,0,42,86,0.5,0.5,15,0.025,0.03,0.01,0.03,1
-10170.71,-0.1017,89829.29,10170.71,0.1017,-0.974,-1.0,0.308,35,0.2286,8,27,9.2,False,True,-0.0466,0.0,4524.95,14706.55,15,0,7,9,4,0,227,130,37,0,0,0,42,86,0.5,0.5,15,0.025,0.03,0.01,0.03,2
-10170.71,-0.1017,89829.29,10170.71,0.1017,-0.974,-1.0,0.308,35,0.2286,8,27,9.2,False,True,-0.0466,0.0,4524.95,14706.55,15,0,7,9,4,0,227,130,37,0,0,0,42,86,0.5,0.5,15,0.025,0.03,0.01,0.03,3
-9845.71,-0.0985,90154.29,10328.88,0.103,-0.889,-0.953,0.313,34,0.1765,6,28,8.6,False,True,-0.0553,0.0,4745.53,15145.0,15,0,7,8,4,0,227,115,35,0,0,0,42,72,0.5,0.5,15,0.025,0.03,0.01,0.05,1
-9845.71,-0.0985,90154.29,10328.88,0.103,-0.889,-0.953,0.313,34,0.1765,6,28,8.6,False,True,-0.0553,0.0,4745.53,15145.0,15,0,7,8,4,0,227,115,35,0,0,0,42,72,0.5,0.5,15,0.025,0.03,0.01,0.05,2
-9845.71,-0.0985,90154.29,10328.88,0.103,-0.889,-0.953,0.313,34,0.1765,6,28,8.6,False,True,-0.0553,0.0,4745.53,15145.0,15,0,7,8,4,0,227,115,35,0,0,0,42,72,0.5,0.5,15,0.025,0.03,0.01,0.05,3
-10170.71,-0.1017,89829.29,10170.71,0.1017,-0.974,-1.0,0.308,35,0.2286,8,27,9.2,False,True,-0.0466,0.0,4524.95,14706.55,15,0,7,9,4,0,227,130,37,0,0,0,42,86,0.5,0.5,15,0.025,0.03,0.02,0.03,1
-10170.71,-0.1017,89829.29,10170.71,0.1017,-0.974,-1.0,0.308,35,0.2286,8,27,9.2,False,True,-0.0466,0.0,4524.95,14706.55,15,0,7,9,4,0,227,130,37,0,0,0,42,86,0.5,0.5,15,0.025,0.03,0.02,0.03,2
-10170.71,-0.1017,89829.29,10170.71,0.1017,-0.974,-1.0,0.308,35,0.2286,8,27,9.2,False,True,-0.0466,0.0,4524.95,14706.55,15,0,7,9,4,0,227,130,37,0,0,0,42,86,0.5,0.5,15,0.025,0.03,0.02,0.03,3
-9845.71,-0.0985,90154.29,10328.88,0.103,-0.889,-0.953,0.313,34,0.1765,6,28,8.6,False,True,-0.0553,0.0,4745.53,15145.0,15,0,7,8,4,0,227,115,35,0,0,0,42,72,0.5,0.5,15,0.025,0.03,0.02,0.05,1
-9845.71,-0.0985,90154.29,10328.88,0.103,-0.889,-0.953,0.313,34,0.1765,6,28,8.6,False,True,-0.0553,0.0,4745.53,15145.0,15,0,7,8,4,0,227,115,35,0,0,0,42,72,0.5,0.5,15,0.025,0.03,0.02,0.05,2
-9845.71,-0.0985,90154.29,10328.88,0.103,-0.889,-0.953,0.313,34,0.1765,6,28,8.6,False,True,-0.0553,0.0,4745.53,15145.0,15,0,7,8,4,0,227,115,35,0,0,0,42,72,0.5,0.5,15,0.025,0.03,0.02,0.05,3
-12937.5,-0.1294,87062.5,12937.5,0.1294,-0.816,-1.0,0.184,38,0.2105,8,30,8.6,False,True,-0.0753,0.0,3089.03,16781.7,16,0,8,9,5,0,362,111,34,0,0,0,45,98,0.5,0.5,15,0.035,0.02,0.01,0.03,1
-12937.5,-0.1294,87062.5,12937.5,0.1294,-0.816,-1.0,0.184,38,0.2105,8,30,8.6,False,True,-0.0753,0.0,3089.03,16781.7,16,0,8,9,5,0,362,111,34,0,0,0,45,98,0.5,0.5,15,0.035,0.02,0.01,0.03,2
-12937.5,-0.1294,87062.5,12937.5,0.1294,-0.816,-1.0,0.184,38,0.2105,8,30,8.6,False,True,-0.0753,0.0,3089.03,16781.7,16,0,8,9,5,0,362,111,34,0,0,0,45,98,0.5,0.5,15,0.035,0.02,0.01,0.03,3
-12937.5,-0.1294,87062.5,12937.5,0.1294,-0.816,-1.0,0.184,38,0.2105,8,30,8.6,False,True,-0.0753,0.0,3089.03,16781.7,16,0,8,9,5,0,362,111,34,0,0,0,45,98,0.5,0.5,15,0.035,0.02,0.01,0.05,1
-12937.5,-0.1294,87062.5,12937.5,0.1294,-0.816,-1.0,0.184,38,0.2105,8,30,8.6,False,True,-0.0753,0.0,3089.03,16781.7,16,0,8,9,5,0,362,111,34,0,0,0,45,98,0.5,0.5,15,0.035,0.02,0.01,0.05,2
-12937.5,-0.1294,87062.5,12937.5,0.1294,-0.816,-1.0,0.184,38,0.2105,8,30,8.6,False,True,-0.0753,0.0,3089.03,16781.7,16,0,8,9,5,0,362,111,34,0,0,0,45,98,0.5,0.5,15,0.035,0.02,0.01,0.05,3
-12937.5,-0.1294,87062.5,12937.5,0.1294,-0.816,-1.0,0.184,38,0.2105,8,30,8.6,False,True,-0.0753,0.0,3089.03,16781.7,16,0,8,9,5,0,362,111,34,0,0,0,45,98,0.5,0.5,15,0.035,0.02,0.02,0.03,1
-12937.5,-0.1294,87062.5,12937.5,0.1294,-0.816,-1.0,0.184,38,0.2105,8,30,8.6,False,True,-0.0753,0.0,3089.03,16781.7,16,0,8,9,5,0,362,111,34,0,0,0,45,98,0.5,0.5,15,0.035,0.02,0.02,0.03,2
-12937.5,-0.1294,87062.5,12937.5,0.1294,-0.816,-1.0,0.184,38,0.2105,8,30,8.6,False,True,-0.0753,0.0,3089.03,16781.7,16,0,8,9,5,0,362,111,34,0,0,0,45,98,0.5,0.5,15,0.035,0.02,0.02,0.03,3
-12937.5,-0.1294,87062.5,12937.5,0.1294,-0.816,-1.0,0.184,38,0.2105,8,30,8.6,False,True,-0.0753,0.0,3089.03,16781.7,16,0,8,9,5,0,362,111,34,0,0,0,45,98,0.5,0.5,15,0.035,0.02,0.02,0.05,1
-12937.5,-0.1294,87062.5,12937.5,0.1294,-0.816,-1.0,0.184,38,0.2105,8,30,8.6,False,True,-0.0753,0.0,3089.03,16781.7,16,0,8,9,5,0,362,111,34,0,0,0,45,98,0.5,0.5,15,0.035,0.02,0.02,0.05,2
-12937.5,-0.1294,87062.5,12937.5,0.1294,-0.816,-1.0,0.184,38,0.2105,8,30,8.6,False,True,-0.0753,0.0,3089.03,16781.7,16,0,8,9,5,0,362,111,34,0,0,0,45,98,0.5,0.5,15,0.035,0.02,0.02,0.05,3
-12937.5,-0.1294,87062.5,12937.5,0.1294,-0.816,-1.0,0.184,38,0.2105,8,30,8.6,False,True,-0.0753,0.0,3089.03,16781.7,16,0,8,9,5,0,362,111,34,0,0,0,45,98,0.5,0.5,15,0.035,0.03,0.01,0.03,1
-12937.5,-0.1294,87062.5,12937.5,0.1294,-0.816,-1.0,0.184,38,0.2105,8,30,8.6,False,True,-0.0753,0.0,3089.03,16781.7,16,0,8,9,5,0,362,111,34,0,0,0,45,98,0.5,0.5,15,0.035,0.03,0.01,0.03,2
-12937.5,-0.1294,87062.5,12937.5,0.1294,-0.816,-1.0,0.184,38,0.2105,8,30,8.6,False,True,-0.0753,0.0,3089.03,16781.7,16,0,8,9,5,0,362,111,34,0,0,0,45,98,0.5,0.5,15,0.035,0.03,0.01,0.03,3
-12937.5,-0.1294,87062.5,12937.5,0.1294,-0.816,-1.0,0.184,38,0.2105,8,30,8.6,False,True,-0.0753,0.0,3089.03,16781.7,16,0,8,9,5,0,362,111,34,0,0,0,45,98,0.5,0.5,15,0.035,0.03,0.01,0.05,1
-12937.5,-0.1294,87062.5,12937.5,0.1294,-0.816,-1.0,0.184,38,0.2105,8,30,8.6,False,True,-0.0753,0.0,3089.03,16781.7,16,0,8,9,5,0,362,111,34,0,0,0,45,98,0.5,0.5,15,0.035,0.03,0.01,0.05,2
-12937.5,-0.1294,87062.5,12937.5,0.1294,-0.816,-1.0,0.184,38,0.2105,8,30,8.6,False,True,-0.0753,0.0,3089.03,16781.7,16,0,8,9,5,0,362,111,34,0,0,0,45,98,0.5,0.5,15,0.035,0.03,0.01,0.05,3
-12937.5,-0.1294,87062.5,12937.5,0.1294,-0.816,-1.0,0.184,38,0.2105,8,30,8.6,False,True,-0.0753,0.0,3089.03,16781.7,16,0,8,9,5,0,362,111,34,0,0,0,45,98,0.5,0.5,15,0.035,0.03,0.02,0.03,1
-12937.5,-0.1294,87062.5,12937.5,0.1294,-0.816,-1.0,0.184,38,0.2105,8,30,8.6,False,True,-0.0753,0.0,3089.03,16781.7,16,0,8,9,5,0,362,111,34,0,0,0,45,98,0.5,0.5,15,0.035,0.03,0.02,0.03,2
-12937.5,-0.1294,87062.5,12937.5,0.1294,-0.816,-1.0,0.184,38,0.2105,8,30,8.6,False,True,-0.0753,0.0,3089.03,16781.7,16,0,8,9,5,0,362,111,34,0,0,0,45,98,0.5,0.5,15,0.035,0.03,0.02,0.03,3
-12937.5,-0.1294,87062.5,12937.5,0.1294,-0.816,-1.0,0.184,38,0.2105,8,30,8.6,False,True,-0.0753,0.0,3089.03,16781.7,16,0,8,9,5,0,362,111,34,0,0,0,45,98,0.5,0.5,15,0.035,0.03,0.02,0.05,1
-12937.5,-0.1294,87062.5,12937.5,0.1294,-0.816,-1.0,0.184,38,0.2105,8,30,8.6,False,True,-0.0753,0.0,3089.03,16781.7,16,0,8,9,5,0,362,111,34,0,0,0,45,98,0.5,0.5,15,0.035,0.03,0.02,0.05,2
-12937.5,-0.1294,87062.5,12937.5,0.1294,-0.816,-1.0,0.184,38,0.2105,8,30,8.6,False,True,-0.0753,0.0,3089.03,16781.7,16,0,8,9,5,0,362,111,34,0,0,0,45,98,0.5,0.5,15,0.035,0.03,0.02,0.05,3
-11442.15,-0.1144,88557.85,13762.89,0.1345,-0.668,-0.831,0.254,15,0.2,3,12,6.3,False,True,-0.0958,0.0101,3912.51,15379.61,7,0,3,4,1,0,189,62,89,0,0,289,38,28,0.5,1.0,5,0.025,0.02,0.01,0.03,1
-11442.15,-0.1144,88557.85,13762.89,0.1345,-0.668,-0.831,0.254,15,0.2,3,12,6.3,False,True,-0.0958,0.0101,3912.51,15379.61,7,0,3,4,1,0,189,62,89,0,0,289,38,28,0.5,1.0,5,0.025,0.02,0.01,0.03,2
-11442.15,-0.1144,88557.85,13762.89,0.1345,-0.668,-0.831,0.254,15,0.2,3,12,6.3,False,True,-0.0958,0.0101,3912.51,15379.61,7,0,3,4,1,0,189,62,89,0,0,289,38,28,0.5,1.0,5,0.025,0.02,0.01,0.03,3
-8757.91,-0.0876,91242.09,13297.75,0.1272,-0.768,-0.659,0.432,19,0.1579,3,16,6.1,False,True,-0.0483,0.0197,7383.09,17089.33,9,0,5,4,1,0,189,63,92,0,0,289,38,32,0.5,1.0,5,0.025,0.02,0.01,0.05,1
-8757.91,-0.0876,91242.09,13297.75,0.1272,-0.768,-0.659,0.432,19,0.1579,3,16,6.1,False,True,-0.0483,0.0197,7383.09,17089.33,9,0,5,4,1,0,189,63,92,0,0,289,38,32,0.5,1.0,5,0.025,0.02,0.01,0.05,2
-8757.91,-0.0876,91242.09,13297.75,0.1272,-0.768,-0.659,0.432,19,0.1579,3,16,6.1,False,True,-0.0483,0.0197,7383.09,17089.33,9,0,5,4,1,0,189,63,92,0,0,289,38,32,0.5,1.0,5,0.025,0.02,0.01,0.05,3
-10903.8,-0.109,89096.2,12041.88,0.1195,-0.927,-0.905,0.246,18,0.1667,3,15,5.8,False,True,-0.0597,0.0,3912.51,15923.56,8,0,4,4,2,0,189,64,27,0,0,0,38,30,0.5,1.0,5,0.025,0.02,0.02,0.03,1
-10903.8,-0.109,89096.2,12041.88,0.1195,-0.927,-0.905,0.246,18,0.1667,3,15,5.8,False,True,-0.0597,0.0,3912.51,15923.56,8,0,4,4,2,0,189,64,27,0,0,0,38,30,0.5,1.0,5,0.025,0.02,0.02,0.03,2
-10903.8,-0.109,89096.2,12041.88,0.1195,-0.927,-0.905,0.246,18,0.1667,3,15,5.8,False,True,-0.0597,0.0,3912.51,15923.56,8,0,4,4,2,0,189,64,27,0,0,0,38,30,0.5,1.0,5,0.025,0.02,0.02,0.03,3
-10425.15,-0.1043,89574.85,14964.99,0.1432,-0.755,-0.697,0.413,17,0.1765,3,14,4.9,False,True,-0.0762,0.0,7383.09,17862.01,9,0,2,4,2,0,189,42,22,0,0,0,38,23,0.5,1.0,5,0.025,0.02,0.02,0.05,1
-10425.15,-0.1043,89574.85,14964.99,0.1432,-0.755,-0.697,0.413,17,0.1765,3,14,4.9,False,True,-0.0762,0.0,7383.09,17862.01,9,0,2,4,2,0,189,42,22,0,0,0,38,23,0.5,1.0,5,0.025,0.02,0.02,0.05,2
-10425.15,-0.1043,89574.85,14964.99,0.1432,-0.755,-0.697,0.413,17,0.1765,3,14,4.9,False,True,-0.0762,0.0,7383.09,17862.01,9,0,2,4,2,0,189,42,22,0,0,0,38,23,0.5,1.0,5,0.025,0.02,0.02,0.05,3
-11442.15,-0.1144,88557.85,13762.89,0.1345,-0.668,-0.831,0.254,15,0.2,3,12,6.3,False,True,-0.0958,0.0101,3912.51,15379.61,7,0,3,4,1,0,189,62,89,0,0,289,38,28,0.5,1.0,5,0.025,0.03,0.01,0.03,1
-11442.15,-0.1144,88557.85,13762.89,0.1345,-0.668,-0.831,0.254,15,0.2,3,12,6.3,False,True,-0.0958,0.0101,3912.51,15379.61,7,0,3,4,1,0,189,62,89,0,0,289,38,28,0.5,1.0,5,0.025,0.03,0.01,0.03,2
-11442.15,-0.1144,88557.85,13762.89,0.1345,-0.668,-0.831,0.254,15,0.2,3,12,6.3,False,True,-0.0958,0.0101,3912.51,15379.61,7,0,3,4,1,0,189,62,89,0,0,289,38,28,0.5,1.0,5,0.025,0.03,0.01,0.03,3
-8757.91,-0.0876,91242.09,13297.75,0.1272,-0.768,-0.659,0.432,19,0.1579,3,16,6.1,False,True,-0.0483,0.0197,7383.09,17089.33,9,0,5,4,1,0,189,63,92,0,0,289,38,32,0.5,1.0,5,0.025,0.03,0.01,0.05,1
-8757.91,-0.0876,91242.09,13297.75,0.1272,-0.768,-0.659,0.432,19,0.1579,3,16,6.1,False,True,-0.0483,0.0197,7383.09,17089.33,9,0,5,4,1,0,189,63,92,0,0,289,38,32,0.5,1.0,5,0.025,0.03,0.01,0.05,2
-8757.91,-0.0876,91242.09,13297.75,0.1272,-0.768,-0.659,0.432,19,0.1579,3,16,6.1,False,True,-0.0483,0.0197,7383.09,17089.33,9,0,5,4,1,0,189,63,92,0,0,289,38,32,0.5,1.0,5,0.025,0.03,0.01,0.05,3
-10903.8,-0.109,89096.2,12041.88,0.1195,-0.927,-0.905,0.246,18,0.1667,3,15,5.8,False,True,-0.0597,0.0,3912.51,15923.56,8,0,4,4,2,0,189,64,27,0,0,0,38,30,0.5,1.0,5,0.025,0.03,0.02,0.03,1
-10903.8,-0.109,89096.2,12041.88,0.1195,-0.927,-0.905,0.246,18,0.1667,3,15,5.8,False,True,-0.0597,0.0,3912.51,15923.56,8,0,4,4,2,0,189,64,27,0,0,0,38,30,0.5,1.0,5,0.025,0.03,0.02,0.03,2
-10903.8,-0.109,89096.2,12041.88,0.1195,-0.927,-0.905,0.246,18,0.1667,3,15,5.8,False,True,-0.0597,0.0,3912.51,15923.56,8,0,4,4,2,0,189,64,27,0,0,0,38,30,0.5,1.0,5,0.025,0.03,0.02,0.03,3
-10425.15,-0.1043,89574.85,14964.99,0.1432,-0.755,-0.697,0.413,17,0.1765,3,14,4.9,False,True,-0.0762,0.0,7383.09,17862.01,9,0,2,4,2,0,189,42,22,0,0,0,38,23,0.5,1.0,5,0.025,0.03,0.02,0.05,1
-10425.15,-0.1043,89574.85,14964.99,0.1432,-0.755,-0.697,0.413,17,0.1765,3,14,4.9,False,True,-0.0762,0.0,7383.09,17862.01,9,0,2,4,2,0,189,42,22,0,0,0,38,23,0.5,1.0,5,0.025,0.03,0.02,0.05,2
-10425.15,-0.1043,89574.85,14964.99,0.1432,-0.755,-0.697,0.413,17,0.1765,3,14,4.9,False,True,-0.0762,0.0,7383.09,17862.01,9,0,2,4,2,0,189,42,22,0,0,0,38,23,0.5,1.0,5,0.025,0.03,0.02,0.05,3
-8269.63,-0.0827,91730.37,10962.32,0.1067,-0.581,-0.754,0.141,16,0.1875,3,13,7.6,False,True,-0.0827,0.0,1354.56,9624.18,7,0,5,4,0,0,842,20,24,0,0,0,47,43,0.5,1.0,5,0.035,0.02,0.01,0.03,1
-8269.63,-0.0827,91730.37,10962.32,0.1067,-0.581,-0.754,0.141,16,0.1875,3,13,7.6,False,True,-0.0827,0.0,1354.56,9624.18,7,0,5,4,0,0,842,20,24,0,0,0,47,43,0.5,1.0,5,0.035,0.02,0.01,0.03,2
-8269.63,-0.0827,91730.37,10962.32,0.1067,-0.581,-0.754,0.141,16,0.1875,3,13,7.6,False,True,-0.0827,0.0,1354.56,9624.18,7,0,5,4,0,0,842,20,24,0,0,0,47,43,0.5,1.0,5,0.035,0.02,0.01,0.03,3
-8269.63,-0.0827,91730.37,10962.32,0.1067,-0.581,-0.754,0.141,16,0.1875,3,13,7.6,False,True,-0.0827,0.0,1354.56,9624.18,7,0,5,4,0,0,842,20,24,0,0,0,47,43,0.5,1.0,5,0.035,0.02,0.01,0.05,1
-8269.63,-0.0827,91730.37,10962.32,0.1067,-0.581,-0.754,0.141,16,0.1875,3,13,7.6,False,True,-0.0827,0.0,1354.56,9624.18,7,0,5,4,0,0,842,20,24,0,0,0,47,43,0.5,1.0,5,0.035,0.02,0.01,0.05,2
-8269.63,-0.0827,91730.37,10962.32,0.1067,-0.581,-0.754,0.141,16,0.1875,3,13,7.6,False,True,-0.0827,0.0,1354.56,9624.18,7,0,5,4,0,0,842,20,24,0,0,0,47,43,0.5,1.0,5,0.035,0.02,0.01,0.05,3
-8269.63,-0.0827,91730.37,10962.32,0.1067,-0.581,-0.754,0.141,16,0.1875,3,13,7.6,False,True,-0.0827,0.0,1354.56,9624.18,7,0,5,4,0,0,842,20,24,0,0,0,47,43,0.5,1.0,5,0.035,0.02,0.02,0.03,1
-8269.63,-0.0827,91730.37,10962.32,0.1067,-0.581,-0.754,0.141,16,0.1875,3,13,7.6,False,True,-0.0827,0.0,1354.56,9624.18,7,0,5,4,0,0,842,20,24,0,0,0,47,43,0.5,1.0,5,0.035,0.02,0.02,0.03,2
-8269.63,-0.0827,91730.37,10962.32,0.1067,-0.581,-0.754,0.141,16,0.1875,3,13,7.6,False,True,-0.0827,0.0,1354.56,9624.18,7,0,5,4,0,0,842,20,24,0,0,0,47,43,0.5,1.0,5,0.035,0.02,0.02,0.03,3
-8269.63,-0.0827,91730.37,10962.32,0.1067,-0.581,-0.754,0.141,16,0.1875,3,13,7.6,False,True,-0.0827,0.0,1354.56,9624.18,7,0,5,4,0,0,842,20,24,0,0,0,47,43,0.5,1.0,5,0.035,0.02,0.02,0.05,1
-8269.63,-0.0827,91730.37,10962.32,0.1067,-0.581,-0.754,0.141,16,0.1875,3,13,7.6,False,True,-0.0827,0.0,1354.56,9624.18,7,0,5,4,0,0,842,20,24,0,0,0,47,43,0.5,1.0,5,0.035,0.02,0.02,0.05,2
-8269.63,-0.0827,91730.37,10962.32,0.1067,-0.581,-0.754,0.141,16,0.1875,3,13,7.6,False,True,-0.0827,0.0,1354.56,9624.18,7,0,5,4,0,0,842,20,24,0,0,0,47,43,0.5,1.0,5,0.035,0.02,0.02,0.05,3
-8269.63,-0.0827,91730.37,10962.32,0.1067,-0.581,-0.754,0.141,16,0.1875,3,13,7.6,False,True,-0.0827,0.0,1354.56,9624.18,7,0,5,4,0,0,842,20,24,0,0,0,47,43,0.5,1.0,5,0.035,0.03,0.01,0.03,1
-8269.63,-0.0827,91730.37,10962.32,0.1067,-0.581,-0.754,0.141,16,0.1875,3,13,7.6,False,True,-0.0827,0.0,1354.56,9624.18,7,0,5,4,0,0,842,20,24,0,0,0,47,43,0.5,1.0,5,0.035,0.03,0.01,0.03,2
-8269.63,-0.0827,91730.37,10962.32,0.1067,-0.581,-0.754,0.141,16,0.1875,3,13,7.6,False,True,-0.0827,0.0,1354.56,9624.18,7,0,5,4,0,0,842,20,24,0,0,0,47,43,0.5,1.0,5,0.035,0.03,0.01,0.03,3
-8269.63,-0.0827,91730.37,10962.32,0.1067,-0.581,-0.754,0.141,16,0.1875,3,13,7.6,False,True,-0.0827,0.0,1354.56,9624.18,7,0,5,4,0,0,842,20,24,0,0,0,47,43,0.5,1.0,5,0.035,0.03,0.01,0.05,1
-8269.63,-0.0827,91730.37,10962.32,0.1067,-0.581,-0.754,0.141,16,0.1875,3,13,7.6,False,True,-0.0827,0.0,1354.56,9624.18,7,0,5,4,0,0,842,20,24,0,0,0,47,43,0.5,1.0,5,0.035,0.03,0.01,0.05,2
-8269.63,-0.0827,91730.37,10962.32,0.1067,-0.581,-0.754,0.141,16,0.1875,3,13,7.6,False,True,-0.0827,0.0,1354.56,9624.18,7,0,5,4,0,0,842,20,24,0,0,0,47,43,0.5,1.0,5,0.035,0.03,0.01,0.05,3
-8269.63,-0.0827,91730.37,10962.32,0.1067,-0.581,-0.754,0.141,16,0.1875,3,13,7.6,False,True,-0.0827,0.0,1354.56,9624.18,7,0,5,4,0,0,842,20,24,0,0,0,47,43,0.5,1.0,5,0.035,0.03,0.02,0.03,1
-8269.63,-0.0827,91730.37,10962.32,0.1067,-0.581,-0.754,0.141,16,0.1875,3,13,7.6,False,True,-0.0827,0.0,1354.56,9624.18,7,0,5,4,0,0,842,20,24,0,0,0,47,43,0.5,1.0,5,0.035,0.03,0.02,0.03,2
-8269.63,-0.0827,91730.37,10962.32,0.1067,-0.581,-0.754,0.141,16,0.1875,3,13,7.6,False,True,-0.0827,0.0,1354.56,9624.18,7,0,5,4,0,0,842,20,24,0,0,0,47,43,0.5,1.0,5,0.035,0.03,0.02,0.03,3
-8269.63,-0.0827,91730.37,10962.32,0.1067,-0.581,-0.754,0.141,16,0.1875,3,13,7.6,False,True,-0.0827,0.0,1354.56,9624.18,7,0,5,4,0,0,842,20,24,0,0,0,47,43,0.5,1.0,5,0.035,0.03,0.02,0.05,1
-8269.63,-0.0827,91730.37,10962.32,0.1067,-0.581,-0.754,0.141,16,0.1875,3,13,7.6,False,True,-0.0827,0.0,1354.56,9624.18,7,0,5,4,0,0,842,20,24,0,0,0,47,43,0.5,1.0,5,0.035,0.03,0.02,0.05,2
-8269.63,-0.0827,91730.37,10962.32,0.1067,-0.581,-0.754,0.141,16,0.1875,3,13,7.6,False,True,-0.0827,0.0,1354.56,9624.18,7,0,5,4,0,0,842,20,24,0,0,0,47,43,0.5,1.0,5,0.035,0.03,0.02,0.05,3
-12206.65,-0.1221,87793.35,13644.08,0.1345,-0.696,-0.895,0.283,18,0.2222,4,14,8.4,False,True,-0.0958,0.0101,4826.92,17058.3,8,0,3,5,2,0,14,73,88,0,0,289,35,20,0.5,1.0,10,0.025,0.02,0.01,0.03,1
-12206.65,-0.1221,87793.35,13644.08,0.1345,-0.696,-0.895,0.283,18,0.2222,4,14,8.4,False,True,-0.0958,0.0101,4826.92,17058.3,8,0,3,5,2,0,14,73,88,0,0,289,35,20,0.5,1.0,10,0.025,0.02,0.01,0.03,2
-12206.65,-0.1221,87793.35,13644.08,0.1345,-0.696,-0.895,0.283,18,0.2222,4,14,8.4,False,True,-0.0958,0.0101,4826.92,17058.3,8,0,3,5,2,0,14,73,88,0,0,289,35,20,0.5,1.0,10,0.025,0.02,0.01,0.03,3
-9545.58,-0.0955,90454.42,13182.95,0.1272,-0.792,-0.724,0.441,22,0.1818,4,18,7.8,False,True,-0.0483,0.0197,8267.54,18753.26,10,0,5,5,2,0,14,74,91,0,0,289,35,24,0.5,1.0,10,0.025,0.02,0.01,0.05,1
-9545.58,-0.0955,90454.42,13182.95,0.1272,-0.792,-0.724,0.441,22,0.1818,4,18,7.8,False,True,-0.0483,0.0197,8267.54,18753.26,10,0,5,5,2,0,14,74,91,0,0,289,35,24,0.5,1.0,10,0.025,0.02,0.01,0.05,2
-9545.58,-0.0955,90454.42,13182.95,0.1272,-0.792,-0.724,0.441,22,0.1818,4,18,7.8,False,True,-0.0483,0.0197,8267.54,18753.26,10,0,5,5,2,0,14,74,91,0,0,289,35,24,0.5,1.0,10,0.025,0.02,0.01,0.05,3
-11672.95,-0.1167,88327.05,12033.33,0.1203,-0.943,-0.97,0.274,21,0.1905,4,17,7.7,False,True,-0.0597,0.0,4826.92,17597.56,9,0,4,5,3,0,14,75,26,0,0,0,35,22,0.5,1.0,10,0.025,0.02,0.02,0.03,1
-11672.95,-0.1167,88327.05,12033.33,0.1203,-0.943,-0.97,0.274,21,0.1905,4,17,7.7,False,True,-0.0597,0.0,4826.92,17597.56,9,0,4,5,3,0,14,75,26,0,0,0,35,22,0.5,1.0,10,0.025,0.02,0.02,0.03,2
-11672.95,-0.1167,88327.05,12033.33,0.1203,-0.943,-0.97,0.274,21,0.1905,4,17,7.7,False,True,-0.0597,0.0,4826.92,17597.56,9,0,4,5,3,0,14,75,26,0,0,0,35,22,0.5,1.0,10,0.025,0.02,0.02,0.03,3
-11198.43,-0.112,88801.57,14835.8,0.1432,-0.781,-0.755,0.424,20,0.2,4,16,7.0,False,True,-0.0762,0.0,8267.54,19519.27,10,0,2,5,3,0,14,53,21,0,0,0,35,15,0.5,1.0,10,0.025,0.02,0.02,0.05,1
-11198.43,-0.112,88801.57,14835.8,0.1432,-0.781,-0.755,0.424,20,0.2,4,16,7.0,False,True,-0.0762,0.0,8267.54,19519.27,10,0,2,5,3,0,14,53,21,0,0,0,35,15,0.5,1.0,10,0.025,0.02,0.02,0.05,2
-11198.43,-0.112,88801.57,14835.8,0.1432,-0.781,-0.755,0.424,20,0.2,4,16,7.0,False,True,-0.0762,0.0,8267.54,19519.27,10,0,2,5,3,0,14,53,21,0,0,0,35,15,0.5,1.0,10,0.025,0.02,0.02,0.05,3
-12206.65,-0.1221,87793.35,13644.08,0.1345,-0.696,-0.895,0.283,18,0.2222,4,14,8.4,False,True,-0.0958,0.0101,4826.92,17058.3,8,0,3,5,2,0,14,73,88,0,0,289,35,20,0.5,1.0,10,0.025,0.03,0.01,0.03,1
-12206.65,-0.1221,87793.35,13644.08,0.1345,-0.696,-0.895,0.283,18,0.2222,4,14,8.4,False,True,-0.0958,0.0101,4826.92,17058.3,8,0,3,5,2,0,14,73,88,0,0,289,35,20,0.5,1.0,10,0.025,0.03,0.01,0.03,2
-12206.65,-0.1221,87793.35,13644.08,0.1345,-0.696,-0.895,0.283,18,0.2222,4,14,8.4,False,True,-0.0958,0.0101,4826.92,17058.3,8,0,3,5,2,0,14,73,88,0,0,289,35,20,0.5,1.0,10,0.025,0.03,0.01,0.03,3
-9545.58,-0.0955,90454.42,13182.95,0.1272,-0.792,-0.724,0.441,22,0.1818,4,18,7.8,False,True,-0.0483,0.0197,8267.54,18753.26,10,0,5,5,2,0,14,74,91,0,0,289,35,24,0.5,1.0,10,0.025,0.03,0.01,0.05,1
-9545.58,-0.0955,90454.42,13182.95,0.1272,-0.792,-0.724,0.441,22,0.1818,4,18,7.8,False,True,-0.0483,0.0197,8267.54,18753.26,10,0,5,5,2,0,14,74,91,0,0,289,35,24,0.5,1.0,10,0.025,0.03,0.01,0.05,2
-9545.58,-0.0955,90454.42,13182.95,0.1272,-0.792,-0.724,0.441,22,0.1818,4,18,7.8,False,True,-0.0483,0.0197,8267.54,18753.26,10,0,5,5,2,0,14,74,91,0,0,289,35,24,0.5,1.0,10,0.025,0.03,0.01,0.05,3
-11672.95,-0.1167,88327.05,12033.33,0.1203,-0.943,-0.97,0.274,21,0.1905,4,17,7.7,False,True,-0.0597,0.0,4826.92,17597.56,9,0,4,5,3,0,14,75,26,0,0,0,35,22,0.5,1.0,10,0.025,0.03,0.02,0.03,1
-11672.95,-0.1167,88327.05,12033.33,0.1203,-0.943,-0.97,0.274,21,0.1905,4,17,7.7,False,True,-0.0597,0.0,4826.92,17597.56,9,0,4,5,3,0,14,75,26,0,0,0,35,22,0.5,1.0,10,0.025,0.03,0.02,0.03,2
-11672.95,-0.1167,88327.05,12033.33,0.1203,-0.943,-0.97,0.274,21,0.1905,4,17,7.7,False,True,-0.0597,0.0,4826.92,17597.56,9,0,4,5,3,0,14,75,26,0,0,0,35,22,0.5,1.0,10,0.025,0.03,0.02,0.03,3
-11198.43,-0.112,88801.57,14835.8,0.1432,-0.781,-0.755,0.424,20,0.2,4,16,7.0,False,True,-0.0762,0.0,8267.54,19519.27,10,0,2,5,3,0,14,53,21,0,0,0,35,15,0.5,1.0,10,0.025,0.03,0.02,0.05,1
-11198.43,-0.112,88801.57,14835.8,0.1432,-0.781,-0.755,0.424,20,0.2,4,16,7.0,False,True,-0.0762,0.0,8267.54,19519.27,10,0,2,5,3,0,14,53,21,0,0,0,35,15,0.5,1.0,10,0.025,0.03,0.02,0.05,2
-11198.43,-0.112,88801.57,14835.8,0.1432,-0.781,-0.755,0.424,20,0.2,4,16,7.0,False,True,-0.0762,0.0,8267.54,19519.27,10,0,2,5,3,0,14,53,21,0,0,0,35,15,0.5,1.0,10,0.025,0.03,0.02,0.05,3
-12756.11,-0.1276,87243.89,14988.36,0.1466,-0.761,-0.851,0.253,20,0.2,4,16,6.9,False,True,-0.0924,0.0,4826.92,19112.82,9,0,3,5,3,0,14,67,22,0,0,0,35,26,0.5,1.0,10,0.035,0.02,0.01,0.03,1
-12756.11,-0.1276,87243.89,14988.36,0.1466,-0.761,-0.851,0.253,20,0.2,4,16,6.9,False,True,-0.0924,0.0,4826.92,19112.82,9,0,3,5,3,0,14,67,22,0,0,0,35,26,0.5,1.0,10,0.035,0.02,0.01,0.03,2
-12756.11,-0.1276,87243.89,14988.36,0.1466,-0.761,-0.851,0.253,20,0.2,4,16,6.9,False,True,-0.0924,0.0,4826.92,19112.82,9,0,3,5,3,0,14,67,22,0,0,0,35,26,0.5,1.0,10,0.035,0.02,0.01,0.03,3
-9545.58,-0.0955,90454.42,13182.95,0.1272,-0.792,-0.724,0.441,22,0.1818,4,18,7.8,False,True,-0.0483,0.0197,8267.54,18753.26,10,0,5,5,2,0,14,74,91,0,0,289,35,24,0.5,1.0,10,0.035,0.02,0.01,0.05,1
-9545.58,-0.0955,90454.42,13182.95,0.1272,-0.792,-0.724,0.441,22,0.1818,4,18,7.8,False,True,-0.0483,0.0197,8267.54,18753.26,10,0,5,5,2,0,14,74,91,0,0,289,35,24,0.5,1.0,10,0.035,0.02,0.01,0.05,2
-9545.58,-0.0955,90454.42,13182.95,0.1272,-0.792,-0.724,0.441,22,0.1818,4,18,7.8,False,True,-0.0483,0.0197,8267.54,18753.26,10,0,5,5,2,0,14,74,91,0,0,289,35,24,0.5,1.0,10,0.035,0.02,0.01,0.05,3
-12756.11,-0.1276,87243.89,14988.36,0.1466,-0.761,-0.851,0.253,20,0.2,4,16,6.9,False,True,-0.0924,0.0,4826.92,19112.82,9,0,3,5,3,0,14,67,22,0,0,0,35,26,0.5,1.0,10,0.035,0.02,0.02,0.03,1
-12756.11,-0.1276,87243.89,14988.36,0.1466,-0.761,-0.851,0.253,20,0.2,4,16,6.9,False,True,-0.0924,0.0,4826.92,19112.82,9,0,3,5,3,0,14,67,22,0,0,0,35,26,0.5,1.0,10,0.035,0.02,0.02,0.03,2
-12756.11,-0.1276,87243.89,14988.36,0.1466,-0.761,-0.851,0.253,20,0.2,4,16,6.9,False,True,-0.0924,0.0,4826.92,19112.82,9,0,3,5,3,0,14,67,22,0,0,0,35,26,0.5,1.0,10,0.035,0.02,0.02,0.03,3
-11198.43,-0.112,88801.57,14835.8,0.1432,-0.781,-0.755,0.424,20,0.2,4,16,7.0,False,True,-0.0762,0.0,8267.54,19519.27,10,0,2,5,3,0,14,53,21,0,0,0,35,15,0.5,1.0,10,0.035,0.02,0.02,0.05,1
-11198.43,-0.112,88801.57,14835.8,0.1432,-0.781,-0.755,0.424,20,0.2,4,16,7.0,False,True,-0.0762,0.0,8267.54,19519.27,10,0,2,5,3,0,14,53,21,0,0,0,35,15,0.5,1.0,10,0.035,0.02,0.02,0.05,2
-11198.43,-0.112,88801.57,14835.8,0.1432,-0.781,-0.755,0.424,20,0.2,4,16,7.0,False,True,-0.0762,0.0,8267.54,19519.27,10,0,2,5,3,0,14,53,21,0,0,0,35,15,0.5,1.0,10,0.035,0.02,0.02,0.05,3
-12756.11,-0.1276,87243.89,14988.36,0.1466,-0.761,-0.851,0.253,20,0.2,4,16,6.9,False,True,-0.0924,0.0,4826.92,19112.82,9,0,3,5,3,0,14,67,22,0,0,0,35,26,0.5,1.0,10,0.035,0.03,0.01,0.03,1
-12756.11,-0.1276,87243.89,14988.36,0.1466,-0.761,-0.851,0.253,20,0.2,4,16,6.9,False,True,-0.0924,0.0,4826.92,19112.82,9,0,3,5,3,0,14,67,22,0,0,0,35,26,0.5,1.0,10,0.035,0.03,0.01,0.03,2
-12756.11,-0.1276,87243.89,14988.36,0.1466,-0.761,-0.851,0.253,20,0.2,4,16,6.9,False,True,-0.0924,0.0,4826.92,19112.82,9,0,3,5,3,0,14,67,22,0,0,0,35,26,0.5,1.0,10,0.035,0.03,0.01,0.03,3
-9545.58,-0.0955,90454.42,13182.95,0.1272,-0.792,-0.724,0.441,22,0.1818,4,18,7.8,False,True,-0.0483,0.0197,8267.54,18753.26,10,0,5,5,2,0,14,74,91,0,0,289,35,24,0.5,1.0,10,0.035,0.03,0.01,0.05,1
-9545.58,-0.0955,90454.42,13182.95,0.1272,-0.792,-0.724,0.441,22,0.1818,4,18,7.8,False,True,-0.0483,0.0197,8267.54,18753.26,10,0,5,5,2,0,14,74,91,0,0,289,35,24,0.5,1.0,10,0.035,0.03,0.01,0.05,2
-9545.58,-0.0955,90454.42,13182.95,0.1272,-0.792,-0.724,0.441,22,0.1818,4,18,7.8,False,True,-0.0483,0.0197,8267.54,18753.26,10,0,5,5,2,0,14,74,91,0,0,289,35,24,0.5,1.0,10,0.035,0.03,0.01,0.05,3
-12756.11,-0.1276,87243.89,14988.36,0.1466,-0.761,-0.851,0.253,20,0.2,4,16,6.9,False,True,-0.0924,0.0,4826.92,19112.82,9,0,3,5,3,0,14,67,22,0,0,0,35,26,0.5,1.0,10,0.035,0.03,0.02,0.03,1
-12756.11,-0.1276,87243.89,14988.36,0.1466,-0.761,-0.851,0.253,20,0.2,4,16,6.9,False,True,-0.0924,0.0,4826.92,19112.82,9,0,3,5,3,0,14,67,22,0,0,0,35,26,0.5,1.0,10,0.035,0.03,0.02,0.03,2
-12756.11,-0.1276,87243.89,14988.36,0.1466,-0.761,-0.851,0.253,20,0.2,4,16,6.9,False,True,-0.0924,0.0,4826.92,19112.82,9,0,3,5,3,0,14,67,22,0,0,0,35,26,0.5,1.0,10,0.035,0.03,0.02,0.03,3
-11198.43,-0.112,88801.57,14835.8,0.1432,-0.781,-0.755,0.424,20,0.2,4,16,7.0,False,True,-0.0762,0.0,8267.54,19519.27,10,0,2,5,3,0,14,53,21,0,0,0,35,15,0.5,1.0,10,0.035,0.03,0.02,0.05,1
-11198.43,-0.112,88801.57,14835.8,0.1432,-0.781,-0.755,0.424,20,0.2,4,16,7.0,False,True,-0.0762,0.0,8267.54,19519.27,10,0,2,5,3,0,14,53,21,0,0,0,35,15,0.5,1.0,10,0.035,0.03,0.02,0.05,2
-11198.43,-0.112,88801.57,14835.8,0.1432,-0.781,-0.755,0.424,20,0.2,4,16,7.0,False,True,-0.0762,0.0,8267.54,19519.27,10,0,2,5,3,0,14,53,21,0,0,0,35,15,0.5,1.0,10,0.035,0.03,0.02,0.05,3
-12206.65,-0.1221,87793.35,13644.08,0.1345,-0.696,-0.895,0.283,18,0.2222,4,14,8.4,False,True,-0.0958,0.0101,4826.92,17058.3,8,0,3,5,2,0,0,84,88,0,0,289,35,20,0.5,1.0,15,0.025,0.02,0.01,0.03,1
-12206.65,-0.1221,87793.35,13644.08,0.1345,-0.696,-0.895,0.283,18,0.2222,4,14,8.4,False,True,-0.0958,0.0101,4826.92,17058.3,8,0,3,5,2,0,0,84,88,0,0,289,35,20,0.5,1.0,15,0.025,0.02,0.01,0.03,2
-12206.65,-0.1221,87793.35,13644.08,0.1345,-0.696,-0.895,0.283,18,0.2222,4,14,8.4,False,True,-0.0958,0.0101,4826.92,17058.3,8,0,3,5,2,0,0,84,88,0,0,289,35,20,0.5,1.0,15,0.025,0.02,0.01,0.03,3
-9545.58,-0.0955,90454.42,13182.95,0.1272,-0.792,-0.724,0.441,22,0.1818,4,18,7.8,False,True,-0.0483,0.0197,8267.54,18753.26,10,0,5,5,2,0,0,85,91,0,0,289,35,24,0.5,1.0,15,0.025,0.02,0.01,0.05,1
-9545.58,-0.0955,90454.42,13182.95,0.1272,-0.792,-0.724,0.441,22,0.1818,4,18,7.8,False,True,-0.0483,0.0197,8267.54,18753.26,10,0,5,5,2,0,0,85,91,0,0,289,35,24,0.5,1.0,15,0.025,0.02,0.01,0.05,2
-9545.58,-0.0955,90454.42,13182.95,0.1272,-0.792,-0.724,0.441,22,0.1818,4,18,7.8,False,True,-0.0483,0.0197,8267.54,18753.26,10,0,5,5,2,0,0,85,91,0,0,289,35,24,0.5,1.0,15,0.025,0.02,0.01,0.05,3
-11672.95,-0.1167,88327.05,12033.33,0.1203,-0.943,-0.97,0.274,21,0.1905,4,17,7.7,False,True,-0.0597,0.0,4826.92,17597.56,9,0,4,5,3,0,0,86,26,0,0,0,35,22,0.5,1.0,15,0.025,0.02,0.02,0.03,1
-11672.95,-0.1167,88327.05,12033.33,0.1203,-0.943,-0.97,0.274,21,0.1905,4,17,7.7,False,True,-0.0597,0.0,4826.92,17597.56,9,0,4,5,3,0,0,86,26,0,0,0,35,22,0.5,1.0,15,0.025,0.02,0.02,0.03,2
-11672.95,-0.1167,88327.05,12033.33,0.1203,-0.943,-0.97,0.274,21,0.1905,4,17,7.7,False,True,-0.0597,0.0,4826.92,17597.56,9,0,4,5,3,0,0,86,26,0,0,0,35,22,0.5,1.0,15,0.025,0.02,0.02,0.03,3
-11198.43,-0.112,88801.57,14835.8,0.1432,-0.781,-0.755,0.424,20,0.2,4,16,7.0,False,True,-0.0762,0.0,8267.54,19519.27,10,0,2,5,3,0,0,64,21,0,0,0,35,15,0.5,1.0,15,0.025,0.02,0.02,0.05,1
-11198.43,-0.112,88801.57,14835.8,0.1432,-0.781,-0.755,0.424,20,0.2,4,16,7.0,False,True,-0.0762,0.0,8267.54,19519.27,10,0,2,5,3,0,0,64,21,0,0,0,35,15,0.5,1.0,15,0.025,0.02,0.02,0.05,2
-11198.43,-0.112,88801.57,14835.8,0.1432,-0.781,-0.755,0.424,20,0.2,4,16,7.0,False,True,-0.0762,0.0,8267.54,19519.27,10,0,2,5,3,0,0,64,21,0,0,0,35,15,0.5,1.0,15,0.025,0.02,0.02,0.05,3
-12206.65,-0.1221,87793.35,13644.08,0.1345,-0.696,-0.895,0.283,18,0.2222,4,14,8.4,False,True,-0.0958,0.0101,4826.92,17058.3,8,0,3,5,2,0,0,84,88,0,0,289,35,20,0.5,1.0,15,0.025,0.03,0.01,0.03,1
-12206.65,-0.1221,87793.35,13644.08,0.1345,-0.696,-0.895,0.283,18,0.2222,4,14,8.4,False,True,-0.0958,0.0101,4826.92,17058.3,8,0,3,5,2,0,0,84,88,0,0,289,35,20,0.5,1.0,15,0.025,0.03,0.01,0.03,2
-12206.65,-0.1221,87793.35,13644.08,0.1345,-0.696,-0.895,0.283,18,0.2222,4,14,8.4,False,True,-0.0958,0.0101,4826.92,17058.3,8,0,3,5,2,0,0,84,88,0,0,289,35,20,0.5,1.0,15,0.025,0.03,0.01,0.03,3
-9545.58,-0.0955,90454.42,13182.95,0.1272,-0.792,-0.724,0.441,22,0.1818,4,18,7.8,False,True,-0.0483,0.0197,8267.54,18753.26,10,0,5,5,2,0,0,85,91,0,0,289,35,24,0.5,1.0,15,0.025,0.03,0.01,0.05,1
-9545.58,-0.0955,90454.42,13182.95,0.1272,-0.792,-0.724,0.441,22,0.1818,4,18,7.8,False,True,-0.0483,0.0197,8267.54,18753.26,10,0,5,5,2,0,0,85,91,0,0,289,35,24,0.5,1.0,15,0.025,0.03,0.01,0.05,2
-9545.58,-0.0955,90454.42,13182.95,0.1272,-0.792,-0.724,0.441,22,0.1818,4,18,7.8,False,True,-0.0483,0.0197,8267.54,18753.26,10,0,5,5,2,0,0,85,91,0,0,289,35,24,0.5,1.0,15,0.025,0.03,0.01,0.05,3
-11672.95,-0.1167,88327.05,12033.33,0.1203,-0.943,-0.97,0.274,21,0.1905,4,17,7.7,False,True,-0.0597,0.0,4826.92,17597.56,9,0,4,5,3,0,0,86,26,0,0,0,35,22,0.5,1.0,15,0.025,0.03,0.02,0.03,1
-11672.95,-0.1167,88327.05,12033.33,0.1203,-0.943,-0.97,0.274,21,0.1905,4,17,7.7,False,True,-0.0597,0.0,4826.92,17597.56,9,0,4,5,3,0,0,86,26,0,0,0,35,22,0.5,1.0,15,0.025,0.03,0.02,0.03,2
-11672.95,-0.1167,88327.05,12033.33,0.1203,-0.943,-0.97,0.274,21,0.1905,4,17,7.7,False,True,-0.0597,0.0,4826.92,17597.56,9,0,4,5,3,0,0,86,26,0,0,0,35,22,0.5,1.0,15,0.025,0.03,0.02,0.03,3
-11198.43,-0.112,88801.57,14835.8,0.1432,-0.781,-0.755,0.424,20,0.2,4,16,7.0,False,True,-0.0762,0.0,8267.54,19519.27,10,0,2,5,3,0,0,64,21,0,0,0,35,15,0.5,1.0,15,0.025,0.03,0.02,0.05,1
-11198.43,-0.112,88801.57,14835.8,0.1432,-0.781,-0.755,0.424,20,0.2,4,16,7.0,False,True,-0.0762,0.0,8267.54,19519.27,10,0,2,5,3,0,0,64,21,0,0,0,35,15,0.5,1.0,15,0.025,0.03,0.02,0.05,2
-11198.43,-0.112,88801.57,14835.8,0.1432,-0.781,-0.755,0.424,20,0.2,4,16,7.0,False,True,-0.0762,0.0,8267.54,19519.27,10,0,2,5,3,0,0,64,21,0,0,0,35,15,0.5,1.0,15,0.025,0.03,0.02,0.05,3
-12756.11,-0.1276,87243.89,14988.36,0.1466,-0.761,-0.851,0.253,20,0.2,4,16,6.9,False,True,-0.0924,0.0,4826.92,19112.82,9,0,3,5,3,0,0,78,22,0,0,0,35,26,0.5,1.0,15,0.035,0.02,0.01,0.03,1
-12756.11,-0.1276,87243.89,14988.36,0.1466,-0.761,-0.851,0.253,20,0.2,4,16,6.9,False,True,-0.0924,0.0,4826.92,19112.82,9,0,3,5,3,0,0,78,22,0,0,0,35,26,0.5,1.0,15,0.035,0.02,0.01,0.03,2
-12756.11,-0.1276,87243.89,14988.36,0.1466,-0.761,-0.851,0.253,20,0.2,4,16,6.9,False,True,-0.0924,0.0,4826.92,19112.82,9,0,3,5,3,0,0,78,22,0,0,0,35,26,0.5,1.0,15,0.035,0.02,0.01,0.03,3
-9545.58,-0.0955,90454.42,13182.95,0.1272,-0.792,-0.724,0.441,22,0.1818,4,18,7.8,False,True,-0.0483,0.0197,8267.54,18753.26,10,0,5,5,2,0,0,85,91,0,0,289,35,24,0.5,1.0,15,0.035,0.02,0.01,0.05,1
-9545.58,-0.0955,90454.42,13182.95,0.1272,-0.792,-0.724,0.441,22,0.1818,4,18,7.8,False,True,-0.0483,0.0197,8267.54,18753.26,10,0,5,5,2,0,0,85,91,0,0,289,35,24,0.5,1.0,15,0.035,0.02,0.01,0.05,2
-9545.58,-0.0955,90454.42,13182.95,0.1272,-0.792,-0.724,0.441,22,0.1818,4,18,7.8,False,True,-0.0483,0.0197,8267.54,18753.26,10,0,5,5,2,0,0,85,91,0,0,289,35,24,0.5,1.0,15,0.035,0.02,0.01,0.05,3
-12756.11,-0.1276,87243.89,14988.36,0.1466,-0.761,-0.851,0.253,20,0.2,4,16,6.9,False,True,-0.0924,0.0,4826.92,19112.82,9,0,3,5,3,0,0,78,22,0,0,0,35,26,0.5,1.0,15,0.035,0.02,0.02,0.03,1
-12756.11,-0.1276,87243.89,14988.36,0.1466,-0.761,-0.851,0.253,20,0.2,4,16,6.9,False,True,-0.0924,0.0,4826.92,19112.82,9,0,3,5,3,0,0,78,22,0,0,0,35,26,0.5,1.0,15,0.035,0.02,0.02,0.03,2
-12756.11,-0.1276,87243.89,14988.36,0.1466,-0.761,-0.851,0.253,20,0.2,4,16,6.9,False,True,-0.0924,0.0,4826.92,19112.82,9,0,3,5,3,0,0,78,22,0,0,0,35,26,0.5,1.0,15,0.035,0.02,0.02,0.03,3
-11198.43,-0.112,88801.57,14835.8,0.1432,-0.781,-0.755,0.424,20,0.2,4,16,7.0,False,True,-0.0762,0.0,8267.54,19519.27,10,0,2,5,3,0,0,64,21,0,0,0,35,15,0.5,1.0,15,0.035,0.02,0.02,0.05,1
-11198.43,-0.112,88801.57,14835.8,0.1432,-0.781,-0.755,0.424,20,0.2,4,16,7.0,False,True,-0.0762,0.0,8267.54,19519.27,10,0,2,5,3,0,0,64,21,0,0,0,35,15,0.5,1.0,15,0.035,0.02,0.02,0.05,2
-11198.43,-0.112,88801.57,14835.8,0.1432,-0.781,-0.755,0.424,20,0.2,4,16,7.0,False,True,-0.0762,0.0,8267.54,19519.27,10,0,2,5,3,0,0,64,21,0,0,0,35,15,0.5,1.0,15,0.035,0.02,0.02,0.05,3
-12756.11,-0.1276,87243.89,14988.36,0.1466,-0.761,-0.851,0.253,20,0.2,4,16,6.9,False,True,-0.0924,0.0,4826.92,19112.82,9,0,3,5,3,0,0,78,22,0,0,0,35,26,0.5,1.0,15,0.035,0.03,0.01,0.03,1
-12756.11,-0.1276,87243.89,14988.36,0.1466,-0.761,-0.851,0.253,20,0.2,4,16,6.9,False,True,-0.0924,0.0,4826.92,19112.82,9,0,3,5,3,0,0,78,22,0,0,0,35,26,0.5,1.0,15,0.035,0.03,0.01,0.03,2
-12756.11,-0.1276,87243.89,14988.36,0.1466,-0.761,-0.851,0.253,20,0.2,4,16,6.9,False,True,-0.0924,0.0,4826.92,19112.82,9,0,3,5,3,0,0,78,22,0,0,0,35,26,0.5,1.0,15,0.035,0.03,0.01,0.03,3
-9545.58,-0.0955,90454.42,13182.95,0.1272,-0.792,-0.724,0.441,22,0.1818,4,18,7.8,False,True,-0.0483,0.0197,8267.54,18753.26,10,0,5,5,2,0,0,85,91,0,0,289,35,24,0.5,1.0,15,0.035,0.03,0.01,0.05,1
-9545.58,-0.0955,90454.42,13182.95,0.1272,-0.792,-0.724,0.441,22,0.1818,4,18,7.8,False,True,-0.0483,0.0197,8267.54,18753.26,10,0,5,5,2,0,0,85,91,0,0,289,35,24,0.5,1.0,15,0.035,0.03,0.01,0.05,2
-9545.58,-0.0955,90454.42,13182.95,0.1272,-0.792,-0.724,0.441,22,0.1818,4,18,7.8,False,True,-0.0483,0.0197,8267.54,18753.26,10,0,5,5,2,0,0,85,91,0,0,289,35,24,0.5,1.0,15,0.035,0.03,0.01,0.05,3
-12756.11,-0.1276,87243.89,14988.36,0.1466,-0.761,-0.851,0.253,20,0.2,4,16,6.9,False,True,-0.0924,0.0,4826.92,19112.82,9,0,3,5,3,0,0,78,22,0,0,0,35,26,0.5,1.0,15,0.035,0.03,0.02,0.03,1
-12756.11,-0.1276,87243.89,14988.36,0.1466,-0.761,-0.851,0.253,20,0.2,4,16,6.9,False,True,-0.0924,0.0,4826.92,19112.82,9,0,3,5,3,0,0,78,22,0,0,0,35,26,0.5,1.0,15,0.035,0.03,0.02,0.03,2
-12756.11,-0.1276,87243.89,14988.36,0.1466,-0.761,-0.851,0.253,20,0.2,4,16,6.9,False,True,-0.0924,0.0,4826.92,19112.82,9,0,3,5,3,0,0,78,22,0,0,0,35,26,0.5,1.0,15,0.035,0.03,0.02,0.03,3
-11198.43,-0.112,88801.57,14835.8,0.1432,-0.781,-0.755,0.424,20,0.2,4,16,7.0,False,True,-0.0762,0.0,8267.54,19519.27,10,0,2,5,3,0,0,64,21,0,0,0,35,15,0.5,1.0,15,0.035,0.03,0.02,0.05,1
-11198.43,-0.112,88801.57,14835.8,0.1432,-0.781,-0.755,0.424,20,0.2,4,16,7.0,False,True,-0.0762,0.0,8267.54,19519.27,10,0,2,5,3,0,0,64,21,0,0,0,35,15,0.5,1.0,15,0.035,0.03,0.02,0.05,2
-11198.43,-0.112,88801.57,14835.8,0.1432,-0.781,-0.755,0.424,20,0.2,4,16,7.0,False,True,-0.0762,0.0,8267.54,19519.27,10,0,2,5,3,0,0,64,21,0,0,0,35,15,0.5,1.0,15,0.035,0.03,0.02,0.05,3
-10412.48,-0.1041,89587.52,13320.13,0.1305,-0.741,-0.782,0.034,9,0.1111,1,8,5.0,False,True,-0.0786,0.0,591.82,17458.57,4,0,1,2,2,0,41,31,11,0,0,0,35,5,0.5,1.5,5,0.025,0.02,0.01,0.03,1
-10412.48,-0.1041,89587.52,13320.13,0.1305,-0.741,-0.782,0.034,9,0.1111,1,8,5.0,False,True,-0.0786,0.0,591.82,17458.57,4,0,1,2,2,0,41,31,11,0,0,0,35,5,0.5,1.5,5,0.025,0.02,0.01,0.03,2
-10412.48,-0.1041,89587.52,13320.13,0.1305,-0.741,-0.782,0.034,9,0.1111,1,8,5.0,False,True,-0.0786,0.0,591.82,17458.57,4,0,1,2,2,0,41,31,11,0,0,0,35,5,0.5,1.5,5,0.025,0.02,0.01,0.03,3
-10412.48,-0.1041,89587.52,13320.13,0.1305,-0.741,-0.782,0.034,9,0.1111,1,8,5.0,False,True,-0.0786,0.0,591.82,17458.57,4,0,1,2,2,0,41,31,11,0,0,0,35,5,0.5,1.5,5,0.025,0.02,0.01,0.05,1
-10412.48,-0.1041,89587.52,13320.13,0.1305,-0.741,-0.782,0.034,9,0.1111,1,8,5.0,False,True,-0.0786,0.0,591.82,17458.57,4,0,1,2,2,0,41,31,11,0,0,0,35,5,0.5,1.5,5,0.025,0.02,0.01,0.05,2
-10412.48,-0.1041,89587.52,13320.13,0.1305,-0.741,-0.782,0.034,9,0.1111,1,8,5.0,False,True,-0.0786,0.0,591.82,17458.57,4,0,1,2,2,0,41,31,11,0,0,0,35,5,0.5,1.5,5,0.025,0.02,0.01,0.05,3
-10412.48,-0.1041,89587.52,13320.13,0.1305,-0.741,-0.782,0.034,9,0.1111,1,8,5.0,False,True,-0.0786,0.0,591.82,17458.57,4,0,1,2,2,0,41,31,11,0,0,0,35,5,0.5,1.5,5,0.025,0.02,0.02,0.03,1
-10412.48,-0.1041,89587.52,13320.13,0.1305,-0.741,-0.782,0.034,9,0.1111,1,8,5.0,False,True,-0.0786,0.0,591.82,17458.57,4,0,1,2,2,0,41,31,11,0,0,0,35,5,0.5,1.5,5,0.025,0.02,0.02,0.03,2
-10412.48,-0.1041,89587.52,13320.13,0.1305,-0.741,-0.782,0.034,9,0.1111,1,8,5.0,False,True,-0.0786,0.0,591.82,17458.57,4,0,1,2,2,0,41,31,11,0,0,0,35,5,0.5,1.5,5,0.025,0.02,0.02,0.03,3
-10412.48,-0.1041,89587.52,13320.13,0.1305,-0.741,-0.782,0.034,9,0.1111,1,8,5.0,False,True,-0.0786,0.0,591.82,17458.57,4,0,1,2,2,0,41,31,11,0,0,0,35,5,0.5,1.5,5,0.025,0.02,0.02,0.05,1
-10412.48,-0.1041,89587.52,13320.13,0.1305,-0.741,-0.782,0.034,9,0.1111,1,8,5.0,False,True,-0.0786,0.0,591.82,17458.57,4,0,1,2,2,0,41,31,11,0,0,0,35,5,0.5,1.5,5,0.025,0.02,0.02,0.05,2
-10412.48,-0.1041,89587.52,13320.13,0.1305,-0.741,-0.782,0.034,9,0.1111,1,8,5.0,False,True,-0.0786,0.0,591.82,17458.57,4,0,1,2,2,0,41,31,11,0,0,0,35,5,0.5,1.5,5,0.025,0.02,0.02,0.05,3
-10412.48,-0.1041,89587.52,13320.13,0.1305,-0.741,-0.782,0.034,9,0.1111,1,8,5.0,False,True,-0.0786,0.0,591.82,17458.57,4,0,1,2,2,0,41,31,11,0,0,0,35,5,0.5,1.5,5,0.025,0.03,0.01,0.03,1
-10412.48,-0.1041,89587.52,13320.13,0.1305,-0.741,-0.782,0.034,9,0.1111,1,8,5.0,False,True,-0.0786,0.0,591.82,17458.57,4,0,1,2,2,0,41,31,11,0,0,0,35,5,0.5,1.5,5,0.025,0.03,0.01,0.03,2
-10412.48,-0.1041,89587.52,13320.13,0.1305,-0.741,-0.782,0.034,9,0.1111,1,8,5.0,False,True,-0.0786,0.0,591.82,17458.57,4,0,1,2,2,0,41,31,11,0,0,0,35,5,0.5,1.5,5,0.025,0.03,0.01,0.03,3
-10412.48,-0.1041,89587.52,13320.13,0.1305,-0.741,-0.782,0.034,9,0.1111,1,8,5.0,False,True,-0.0786,0.0,591.82,17458.57,4,0,1,2,2,0,41,31,11,0,0,0,35,5,0.5,1.5,5,0.025,0.03,0.01,0.05,1
-10412.48,-0.1041,89587.52,13320.13,0.1305,-0.741,-0.782,0.034,9,0.1111,1,8,5.0,False,True,-0.0786,0.0,591.82,17458.57,4,0,1,2,2,0,41,31,11,0,0,0,35,5,0.5,1.5,5,0.025,0.03,0.01,0.05,2
-10412.48,-0.1041,89587.52,13320.13,0.1305,-0.741,-0.782,0.034,9,0.1111,1,8,5.0,False,True,-0.0786,0.0,591.82,17458.57,4,0,1,2,2,0,41,31,11,0,0,0,35,5,0.5,1.5,5,0.025,0.03,0.01,0.05,3
-10412.48,-0.1041,89587.52,13320.13,0.1305,-0.741,-0.782,0.034,9,0.1111,1,8,5.0,False,True,-0.0786,0.0,591.82,17458.57,4,0,1,2,2,0,41,31,11,0,0,0,35,5,0.5,1.5,5,0.025,0.03,0.02,0.03,1
-10412.48,-0.1041,89587.52,13320.13,0.1305,-0.741,-0.782,0.034,9,0.1111,1,8,5.0,False,True,-0.0786,0.0,591.82,17458.57,4,0,1,2,2,0,41,31,11,0,0,0,35,5,0.5,1.5,5,0.025,0.03,0.02,0.03,2
-10412.48,-0.1041,89587.52,13320.13,0.1305,-0.741,-0.782,0.034,9,0.1111,1,8,5.0,False,True,-0.0786,0.0,591.82,17458.57,4,0,1,2,2,0,41,31,11,0,0,0,35,5,0.5,1.5,5,0.025,0.03,0.02,0.03,3
-10412.48,-0.1041,89587.52,13320.13,0.1305,-0.741,-0.782,0.034,9,0.1111,1,8,5.0,False,True,-0.0786,0.0,591.82,17458.57,4,0,1,2,2,0,41,31,11,0,0,0,35,5,0.5,1.5,5,0.025,0.03,0.02,0.05,1
-10412.48,-0.1041,89587.52,13320.13,0.1305,-0.741,-0.782,0.034,9,0.1111,1,8,5.0,False,True,-0.0786,0.0,591.82,17458.57,4,0,1,2,2,0,41,31,11,0,0,0,35,5,0.5,1.5,5,0.025,0.03,0.02,0.05,2
-10412.48,-0.1041,89587.52,13320.13,0.1305,-0.741,-0.782,0.034,9,0.1111,1,8,5.0,False,True,-0.0786,0.0,591.82,17458.57,4,0,1,2,2,0,41,31,11,0,0,0,35,5,0.5,1.5,5,0.025,0.03,0.02,0.05,3
-10091.04,-0.1009,89908.96,11145.43,0.1103,-0.69,-0.905,0.362,16,0.1875,3,13,5.9,False,True,-0.0718,0.0148,5751.99,15895.54,7,0,3,4,2,0,189,63,90,0,0,289,38,31,0.5,1.5,5,0.035,0.02,0.01,0.03,1
-10091.04,-0.1009,89908.96,11145.43,0.1103,-0.69,-0.905,0.362,16,0.1875,3,13,5.9,False,True,-0.0718,0.0148,5751.99,15895.54,7,0,3,4,2,0,189,63,90,0,0,289,38,31,0.5,1.5,5,0.035,0.02,0.01,0.03,2
-10091.04,-0.1009,89908.96,11145.43,0.1103,-0.69,-0.905,0.362,16,0.1875,3,13,5.9,False,True,-0.0718,0.0148,5751.99,15895.54,7,0,3,4,2,0,189,63,90,0,0,289,38,31,0.5,1.5,5,0.035,0.02,0.01,0.03,3
-12041.89,-0.1204,87958.11,13077.86,0.1305,-0.794,-0.921,0.031,11,0.0909,1,10,4.6,False,True,-0.0786,0.0,591.82,18970.59,5,0,2,2,2,0,189,31,12,0,0,0,38,13,0.5,1.5,5,0.035,0.02,0.01,0.05,1
-12041.89,-0.1204,87958.11,13077.86,0.1305,-0.794,-0.921,0.031,11,0.0909,1,10,4.6,False,True,-0.0786,0.0,591.82,18970.59,5,0,2,2,2,0,189,31,12,0,0,0,38,13,0.5,1.5,5,0.035,0.02,0.01,0.05,2
-12041.89,-0.1204,87958.11,13077.86,0.1305,-0.794,-0.921,0.031,11,0.0909,1,10,4.6,False,True,-0.0786,0.0,591.82,18970.59,5,0,2,2,2,0,189,31,12,0,0,0,38,13,0.5,1.5,5,0.035,0.02,0.01,0.05,3
-11306.95,-0.1131,88693.05,12910.57,0.1278,-1.0,-0.876,0.307,18,0.1667,3,15,5.8,False,True,-0.0454,0.0,5751.99,18731.8,8,0,4,4,2,0,189,64,27,0,0,0,38,30,0.5,1.5,5,0.035,0.02,0.02,0.03,1
-11306.95,-0.1131,88693.05,12910.57,0.1278,-1.0,-0.876,0.307,18,0.1667,3,15,5.8,False,True,-0.0454,0.0,5751.99,18731.8,8,0,4,4,2,0,189,64,27,0,0,0,38,30,0.5,1.5,5,0.035,0.02,0.02,0.03,2
-11306.95,-0.1131,88693.05,12910.57,0.1278,-1.0,-0.876,0.307,18,0.1667,3,15,5.8,False,True,-0.0454,0.0,5751.99,18731.8,8,0,4,4,2,0,189,64,27,0,0,0,38,30,0.5,1.5,5,0.035,0.02,0.02,0.03,3
-12041.89,-0.1204,87958.11,13077.86,0.1305,-0.794,-0.921,0.031,11,0.0909,1,10,4.6,False,True,-0.0786,0.0,591.82,18970.59,5,0,2,2,2,0,189,31,12,0,0,0,38,13,0.5,1.5,5,0.035,0.02,0.02,0.05,1
-12041.89,-0.1204,87958.11,13077.86,0.1305,-0.794,-0.921,0.031,11,0.0909,1,10,4.6,False,True,-0.0786,0.0,591.82,18970.59,5,0,2,2,2,0,189,31,12,0,0,0,38,13,0.5,1.5,5,0.035,0.02,0.02,0.05,2
-12041.89,-0.1204,87958.11,13077.86,0.1305,-0.794,-0.921,0.031,11,0.0909,1,10,4.6,False,True,-0.0786,0.0,591.82,18970.59,5,0,2,2,2,0,189,31,12,0,0,0,38,13,0.5,1.5,5,0.035,0.02,0.02,0.05,3
-10091.04,-0.1009,89908.96,11145.43,0.1103,-0.69,-0.905,0.362,16,0.1875,3,13,5.9,False,True,-0.0718,0.0148,5751.99,15895.54,7,0,3,4,2,0,189,63,90,0,0,289,38,31,0.5,1.5,5,0.035,0.03,0.01,0.03,1
-10091.04,-0.1009,89908.96,11145.43,0.1103,-0.69,-0.905,0.362,16,0.1875,3,13,5.9,False,True,-0.0718,0.0148,5751.99,15895.54,7,0,3,4,2,0,189,63,90,0,0,289,38,31,0.5,1.5,5,0.035,0.03,0.01,0.03,2
-10091.04,-0.1009,89908.96,11145.43,0.1103,-0.69,-0.905,0.362,16,0.1875,3,13,5.9,False,True,-0.0718,0.0148,5751.99,15895.54,7,0,3,4,2,0,189,63,90,0,0,289,38,31,0.5,1.5,5,0.035,0.03,0.01,0.03,3
-12041.89,-0.1204,87958.11,13077.86,0.1305,-0.794,-0.921,0.031,11,0.0909,1,10,4.6,False,True,-0.0786,0.0,591.82,18970.59,5,0,2,2,2,0,189,31,12,0,0,0,38,13,0.5,1.5,5,0.035,0.03,0.01,0.05,1
-12041.89,-0.1204,87958.11,13077.86,0.1305,-0.794,-0.921,0.031,11,0.0909,1,10,4.6,False,True,-0.0786,0.0,591.82,18970.59,5,0,2,2,2,0,189,31,12,0,0,0,38,13,0.5,1.5,5,0.035,0.03,0.01,0.05,2
-12041.89,-0.1204,87958.11,13077.86,0.1305,-0.794,-0.921,0.031,11,0.0909,1,10,4.6,False,True,-0.0786,0.0,591.82,18970.59,5,0,2,2,2,0,189,31,12,0,0,0,38,13,0.5,1.5,5,0.035,0.03,0.01,0.05,3
-11306.95,-0.1131,88693.05,12910.57,0.1278,-1.0,-0.876,0.307,18,0.1667,3,15,5.8,False,True,-0.0454,0.0,5751.99,18731.8,8,0,4,4,2,0,189,64,27,0,0,0,38,30,0.5,1.5,5,0.035,0.03,0.02,0.03,1
-11306.95,-0.1131,88693.05,12910.57,0.1278,-1.0,-0.876,0.307,18,0.1667,3,15,5.8,False,True,-0.0454,0.0,5751.99,18731.8,8,0,4,4,2,0,189,64,27,0,0,0,38,30,0.5,1.5,5,0.035,0.03,0.02,0.03,2
-11306.95,-0.1131,88693.05,12910.57,0.1278,-1.0,-0.876,0.307,18,0.1667,3,15,5.8,False,True,-0.0454,0.0,5751.99,18731.8,8,0,4,4,2,0,189,64,27,0,0,0,38,30,0.5,1.5,5,0.035,0.03,0.02,0.03,3
-12041.89,-0.1204,87958.11,13077.86,0.1305,-0.794,-0.921,0.031,11,0.0909,1,10,4.6,False,True,-0.0786,0.0,591.82,18970.59,5,0,2,2,2,0,189,31,12,0,0,0,38,13,0.5,1.5,5,0.035,0.03,0.02,0.05,1
-12041.89,-0.1204,87958.11,13077.86,0.1305,-0.794,-0.921,0.031,11,0.0909,1,10,4.6,False,True,-0.0786,0.0,591.82,18970.59,5,0,2,2,2,0,189,31,12,0,0,0,38,13,0.5,1.5,5,0.035,0.03,0.02,0.05,2
-12041.89,-0.1204,87958.11,13077.86,0.1305,-0.794,-0.921,0.031,11,0.0909,1,10,4.6,False,True,-0.0786,0.0,591.82,18970.59,5,0,2,2,2,0,189,31,12,0,0,0,38,13,0.5,1.5,5,0.035,0.03,0.02,0.05,3
-11288.85,-0.1129,88711.15,11288.85,0.1129,-0.715,-1.0,0.385,18,0.2222,4,14,8.4,False,True,-0.0718,0.0148,7100.41,18425.79,8,0,3,5,2,0,14,73,88,0,0,289,35,20,0.5,1.5,10,0.025,0.02,0.01,0.03,1
-11288.85,-0.1129,88711.15,11288.85,0.1129,-0.715,-1.0,0.385,18,0.2222,4,14,8.4,False,True,-0.0718,0.0148,7100.41,18425.79,8,0,3,5,2,0,14,73,88,0,0,289,35,20,0.5,1.5,10,0.025,0.02,0.01,0.03,2
-11288.85,-0.1129,88711.15,11288.85,0.1129,-0.715,-1.0,0.385,18,0.2222,4,14,8.4,False,True,-0.0718,0.0148,7100.41,18425.79,8,0,3,5,2,0,14,73,88,0,0,289,35,20,0.5,1.5,10,0.025,0.02,0.01,0.03,3
-10921.81,-0.1092,89078.19,14092.86,0.1381,-0.711,-0.775,0.331,18,0.2222,4,14,7.9,False,True,-0.0683,0.0151,7134.93,21540.21,7,0,3,5,3,0,14,73,88,0,0,289,35,20,0.5,1.5,10,0.025,0.02,0.01,0.05,1
-10921.81,-0.1092,89078.19,14092.86,0.1381,-0.711,-0.775,0.331,18,0.2222,4,14,7.9,False,True,-0.0683,0.0151,7134.93,21540.21,7,0,3,5,3,0,14,73,88,0,0,289,35,20,0.5,1.5,10,0.025,0.02,0.01,0.05,2
-10921.81,-0.1092,89078.19,14092.86,0.1381,-0.711,-0.775,0.331,18,0.2222,4,14,7.9,False,True,-0.0683,0.0151,7134.93,21540.21,7,0,3,5,3,0,14,73,88,0,0,289,35,20,0.5,1.5,10,0.025,0.02,0.01,0.05,3
-12488.57,-0.1249,87511.43,13030.48,0.1303,-0.979,-0.958,0.334,21,0.1905,4,17,7.7,False,True,-0.0581,0.0,7100.41,21239.55,9,0,4,5,3,0,14,75,26,0,0,0,35,22,0.5,1.5,10,0.025,0.02,0.02,0.03,1
-12488.57,-0.1249,87511.43,13030.48,0.1303,-0.979,-0.958,0.334,21,0.1905,4,17,7.7,False,True,-0.0581,0.0,7100.41,21239.55,9,0,4,5,3,0,14,75,26,0,0,0,35,22,0.5,1.5,10,0.025,0.02,0.02,0.03,2
-12488.57,-0.1249,87511.43,13030.48,0.1303,-0.979,-0.958,0.334,21,0.1905,4,17,7.7,False,True,-0.0581,0.0,7100.41,21239.55,9,0,4,5,3,0,14,75,26,0,0,0,35,22,0.5,1.5,10,0.025,0.02,0.02,0.03,3
-14261.03,-0.1426,85738.97,14266.75,0.1427,-0.804,-1.0,0.333,17,0.2353,4,13,7.9,False,True,-0.0897,0.0,7134.93,21431.42,8,0,2,5,2,0,14,44,15,0,0,0,35,7,0.5,1.5,10,0.025,0.02,0.02,0.05,1
-14261.03,-0.1426,85738.97,14266.75,0.1427,-0.804,-1.0,0.333,17,0.2353,4,13,7.9,False,True,-0.0897,0.0,7134.93,21431.42,8,0,2,5,2,0,14,44,15,0,0,0,35,7,0.5,1.5,10,0.025,0.02,0.02,0.05,2
-14261.03,-0.1426,85738.97,14266.75,0.1427,-0.804,-1.0,0.333,17,0.2353,4,13,7.9,False,True,-0.0897,0.0,7134.93,21431.42,8,0,2,5,2,0,14,44,15,0,0,0,35,7,0.5,1.5,10,0.025,0.02,0.02,0.05,3
-11288.85,-0.1129,88711.15,11288.85,0.1129,-0.715,-1.0,0.385,18,0.2222,4,14,8.4,False,True,-0.0718,0.0148,7100.41,18425.79,8,0,3,5,2,0,14,73,88,0,0,289,35,20,0.5,1.5,10,0.025,0.03,0.01,0.03,1
-11288.85,-0.1129,88711.15,11288.85,0.1129,-0.715,-1.0,0.385,18,0.2222,4,14,8.4,False,True,-0.0718,0.0148,7100.41,18425.79,8,0,3,5,2,0,14,73,88,0,0,289,35,20,0.5,1.5,10,0.025,0.03,0.01,0.03,2
-11288.85,-0.1129,88711.15,11288.85,0.1129,-0.715,-1.0,0.385,18,0.2222,4,14,8.4,False,True,-0.0718,0.0148,7100.41,18425.79,8,0,3,5,2,0,14,73,88,0,0,289,35,20,0.5,1.5,10,0.025,0.03,0.01,0.03,3
-10921.81,-0.1092,89078.19,14092.86,0.1381,-0.711,-0.775,0.331,18,0.2222,4,14,7.9,False,True,-0.0683,0.0151,7134.93,21540.21,7,0,3,5,3,0,14,73,88,0,0,289,35,20,0.5,1.5,10,0.025,0.03,0.01,0.05,1
-10921.81,-0.1092,89078.19,14092.86,0.1381,-0.711,-0.775,0.331,18,0.2222,4,14,7.9,False,True,-0.0683,0.0151,7134.93,21540.21,7,0,3,5,3,0,14,73,88,0,0,289,35,20,0.5,1.5,10,0.025,0.03,0.01,0.05,2
-10921.81,-0.1092,89078.19,14092.86,0.1381,-0.711,-0.775,0.331,18,0.2222,4,14,7.9,False,True,-0.0683,0.0151,7134.93,21540.21,7,0,3,5,3,0,14,73,88,0,0,289,35,20,0.5,1.5,10,0.025,0.03,0.01,0.05,3
-12488.57,-0.1249,87511.43,13030.48,0.1303,-0.979,-0.958,0.334,21,0.1905,4,17,7.7,False,True,-0.0581,0.0,7100.41,21239.55,9,0,4,5,3,0,14,75,26,0,0,0,35,22,0.5,1.5,10,0.025,0.03,0.02,0.03,1
-12488.57,-0.1249,87511.43,13030.48,0.1303,-0.979,-0.958,0.334,21,0.1905,4,17,7.7,False,True,-0.0581,0.0,7100.41,21239.55,9,0,4,5,3,0,14,75,26,0,0,0,35,22,0.5,1.5,10,0.025,0.03,0.02,0.03,2
-12488.57,-0.1249,87511.43,13030.48,0.1303,-0.979,-0.958,0.334,21,0.1905,4,17,7.7,False,True,-0.0581,0.0,7100.41,21239.55,9,0,4,5,3,0,14,75,26,0,0,0,35,22,0.5,1.5,10,0.025,0.03,0.02,0.03,3
-14261.03,-0.1426,85738.97,14266.75,0.1427,-0.804,-1.0,0.333,17,0.2353,4,13,7.9,False,True,-0.0897,0.0,7134.93,21431.42,8,0,2,5,2,0,14,44,15,0,0,0,35,7,0.5,1.5,10,0.025,0.03,0.02,0.05,1
-14261.03,-0.1426,85738.97,14266.75,0.1427,-0.804,-1.0,0.333,17,0.2353,4,13,7.9,False,True,-0.0897,0.0,7134.93,21431.42,8,0,2,5,2,0,14,44,15,0,0,0,35,7,0.5,1.5,10,0.025,0.03,0.02,0.05,2
-14261.03,-0.1426,85738.97,14266.75,0.1427,-0.804,-1.0,0.333,17,0.2353,4,13,7.9,False,True,-0.0897,0.0,7134.93,21431.42,8,0,2,5,2,0,14,44,15,0,0,0,35,7,0.5,1.5,10,0.025,0.03,0.02,0.05,3
-11288.85,-0.1129,88711.15,11288.85,0.1129,-0.715,-1.0,0.385,19,0.2105,4,15,8.0,False,True,-0.0718,0.0148,7100.41,18441.08,8,0,3,5,3,0,14,74,89,0,0,289,35,23,0.5,1.5,10,0.035,0.02,0.01,0.03,1
-11288.85,-0.1129,88711.15,11288.85,0.1129,-0.715,-1.0,0.385,19,0.2105,4,15,8.0,False,True,-0.0718,0.0148,7100.41,18441.08,8,0,3,5,3,0,14,74,89,0,0,289,35,23,0.5,1.5,10,0.035,0.02,0.01,0.03,2
-11288.85,-0.1129,88711.15,11288.85,0.1129,-0.715,-1.0,0.385,19,0.2105,4,15,8.0,False,True,-0.0718,0.0148,7100.41,18441.08,8,0,3,5,3,0,14,74,89,0,0,289,35,23,0.5,1.5,10,0.035,0.02,0.01,0.03,3
-10921.81,-0.1092,89078.19,14092.86,0.1381,-0.711,-0.775,0.331,18,0.2222,4,14,7.9,False,True,-0.0683,0.0151,7134.93,21540.21,7,0,3,5,3,0,14,73,88,0,0,289,35,20,0.5,1.5,10,0.035,0.02,0.01,0.05,1
-10921.81,-0.1092,89078.19,14092.86,0.1381,-0.711,-0.775,0.331,18,0.2222,4,14,7.9,False,True,-0.0683,0.0151,7134.93,21540.21,7,0,3,5,3,0,14,73,88,0,0,289,35,20,0.5,1.5,10,0.035,0.02,0.01,0.05,2
-10921.81,-0.1092,89078.19,14092.86,0.1381,-0.711,-0.775,0.331,18,0.2222,4,14,7.9,False,True,-0.0683,0.0151,7134.93,21540.21,7,0,3,5,3,0,14,73,88,0,0,289,35,20,0.5,1.5,10,0.035,0.02,0.01,0.05,3
-12488.57,-0.1249,87511.43,13030.48,0.1303,-0.979,-0.958,0.334,21,0.1905,4,17,7.7,False,True,-0.0581,0.0,7100.41,21239.55,9,0,4,5,3,0,14,75,26,0,0,0,35,22,0.5,1.5,10,0.035,0.02,0.02,0.03,1
-12488.57,-0.1249,87511.43,13030.48,0.1303,-0.979,-0.958,0.334,21,0.1905,4,17,7.7,False,True,-0.0581,0.0,7100.41,21239.55,9,0,4,5,3,0,14,75,26,0,0,0,35,22,0.5,1.5,10,0.035,0.02,0.02,0.03,2
-12488.57,-0.1249,87511.43,13030.48,0.1303,-0.979,-0.958,0.334,21,0.1905,4,17,7.7,False,True,-0.0581,0.0,7100.41,21239.55,9,0,4,5,3,0,14,75,26,0,0,0,35,22,0.5,1.5,10,0.035,0.02,0.02,0.03,3
-14261.03,-0.1426,85738.97,14266.75,0.1427,-0.804,-1.0,0.333,17,0.2353,4,13,7.9,False,True,-0.0897,0.0,7134.93,21431.42,8,0,2,5,2,0,14,44,15,0,0,0,35,7,0.5,1.5,10,0.035,0.02,0.02,0.05,1
-14261.03,-0.1426,85738.97,14266.75,0.1427,-0.804,-1.0,0.333,17,0.2353,4,13,7.9,False,True,-0.0897,0.0,7134.93,21431.42,8,0,2,5,2,0,14,44,15,0,0,0,35,7,0.5,1.5,10,0.035,0.02,0.02,0.05,2
-14261.03,-0.1426,85738.97,14266.75,0.1427,-0.804,-1.0,0.333,17,0.2353,4,13,7.9,False,True,-0.0897,0.0,7134.93,21431.42,8,0,2,5,2,0,14,44,15,0,0,0,35,7,0.5,1.5,10,0.035,0.02,0.02,0.05,3
-11288.85,-0.1129,88711.15,11288.85,0.1129,-0.715,-1.0,0.385,19,0.2105,4,15,8.0,False,True,-0.0718,0.0148,7100.41,18441.08,8,0,3,5,3,0,14,74,89,0,0,289,35,23,0.5,1.5,10,0.035,0.03,0.01,0.03,1
-11288.85,-0.1129,88711.15,11288.85,0.1129,-0.715,-1.0,0.385,19,0.2105,4,15,8.0,False,True,-0.0718,0.0148,7100.41,18441.08,8,0,3,5,3,0,14,74,89,0,0,289,35,23,0.5,1.5,10,0.035,0.03,0.01,0.03,2
-11288.85,-0.1129,88711.15,11288.85,0.1129,-0.715,-1.0,0.385,19,0.2105,4,15,8.0,False,True,-0.0718,0.0148,7100.41,18441.08,8,0,3,5,3,0,14,74,89,0,0,289,35,23,0.5,1.5,10,0.035,0.03,0.01,0.03,3
-10921.81,-0.1092,89078.19,14092.86,0.1381,-0.711,-0.775,0.331,18,0.2222,4,14,7.9,False,True,-0.0683,0.0151,7134.93,21540.21,7,0,3,5,3,0,14,73,88,0,0,289,35,20,0.5,1.5,10,0.035,0.03,0.01,0.05,1
-10921.81,-0.1092,89078.19,14092.86,0.1381,-0.711,-0.775,0.331,18,0.2222,4,14,7.9,False,True,-0.0683,0.0151,7134.93,21540.21,7,0,3,5,3,0,14,73,88,0,0,289,35,20,0.5,1.5,10,0.035,0.03,0.01,0.05,2
-10921.81,-0.1092,89078.19,14092.86,0.1381,-0.711,-0.775,0.331,18,0.2222,4,14,7.9,False,True,-0.0683,0.0151,7134.93,21540.21,7,0,3,5,3,0,14,73,88,0,0,289,35,20,0.5,1.5,10,0.035,0.03,0.01,0.05,3
-12488.57,-0.1249,87511.43,13030.48,0.1303,-0.979,-0.958,0.334,21,0.1905,4,17,7.7,False,True,-0.0581,0.0,7100.41,21239.55,9,0,4,5,3,0,14,75,26,0,0,0,35,22,0.5,1.5,10,0.035,0.03,0.02,0.03,1
-12488.57,-0.1249,87511.43,13030.48,0.1303,-0.979,-0.958,0.334,21,0.1905,4,17,7.7,False,True,-0.0581,0.0,7100.41,21239.55,9,0,4,5,3,0,14,75,26,0,0,0,35,22,0.5,1.5,10,0.035,0.03,0.02,0.03,2
-12488.57,-0.1249,87511.43,13030.48,0.1303,-0.979,-0.958,0.334,21,0.1905,4,17,7.7,False,True,-0.0581,0.0,7100.41,21239.55,9,0,4,5,3,0,14,75,26,0,0,0,35,22,0.5,1.5,10,0.035,0.03,0.02,0.03,3
-14261.03,-0.1426,85738.97,14266.75,0.1427,-0.804,-1.0,0.333,17,0.2353,4,13,7.9,False,True,-0.0897,0.0,7134.93,21431.42,8,0,2,5,2,0,14,44,15,0,0,0,35,7,0.5,1.5,10,0.035,0.03,0.02,0.05,1
-14261.03,-0.1426,85738.97,14266.75,0.1427,-0.804,-1.0,0.333,17,0.2353,4,13,7.9,False,True,-0.0897,0.0,7134.93,21431.42,8,0,2,5,2,0,14,44,15,0,0,0,35,7,0.5,1.5,10,0.035,0.03,0.02,0.05,2
-14261.03,-0.1426,85738.97,14266.75,0.1427,-0.804,-1.0,0.333,17,0.2353,4,13,7.9,False,True,-0.0897,0.0,7134.93,21431.42,8,0,2,5,2,0,14,44,15,0,0,0,35,7,0.5,1.5,10,0.035,0.03,0.02,0.05,3
-11288.85,-0.1129,88711.15,11288.85,0.1129,-0.715,-1.0,0.385,18,0.2222,4,14,8.4,False,True,-0.0718,0.0148,7100.41,18425.79,8,0,3,5,2,0,0,84,88,0,0,289,35,20,0.5,1.5,15,0.025,0.02,0.01,0.03,1
-11288.85,-0.1129,88711.15,11288.85,0.1129,-0.715,-1.0,0.385,18,0.2222,4,14,8.4,False,True,-0.0718,0.0148,7100.41,18425.79,8,0,3,5,2,0,0,84,88,0,0,289,35,20,0.5,1.5,15,0.025,0.02,0.01,0.03,2
-11288.85,-0.1129,88711.15,11288.85,0.1129,-0.715,-1.0,0.385,18,0.2222,4,14,8.4,False,True,-0.0718,0.0148,7100.41,18425.79,8,0,3,5,2,0,0,84,88,0,0,289,35,20,0.5,1.5,15,0.025,0.02,0.01,0.03,3
-10921.81,-0.1092,89078.19,14092.86,0.1381,-0.711,-0.775,0.331,18,0.2222,4,14,7.9,False,True,-0.0683,0.0151,7134.93,21540.21,7,0,3,5,3,0,0,84,88,0,0,289,35,20,0.5,1.5,15,0.025,0.02,0.01,0.05,1
-10921.81,-0.1092,89078.19,14092.86,0.1381,-0.711,-0.775,0.331,18,0.2222,4,14,7.9,False,True,-0.0683,0.0151,7134.93,21540.21,7,0,3,5,3,0,0,84,88,0,0,289,35,20,0.5,1.5,15,0.025,0.02,0.01,0.05,2
-10921.81,-0.1092,89078.19,14092.86,0.1381,-0.711,-0.775,0.331,18,0.2222,4,14,7.9,False,True,-0.0683,0.0151,7134.93,21540.21,7,0,3,5,3,0,0,84,88,0,0,289,35,20,0.5,1.5,15,0.025,0.02,0.01,0.05,3
-12488.57,-0.1249,87511.43,13030.48,0.1303,-0.979,-0.958,0.334,21,0.1905,4,17,7.7,False,True,-0.0581,0.0,7100.41,21239.55,9,0,4,5,3,0,0,86,26,0,0,0,35,22,0.5,1.5,15,0.025,0.02,0.02,0.03,1
-12488.57,-0.1249,87511.43,13030.48,0.1303,-0.979,-0.958,0.334,21,0.1905,4,17,7.7,False,True,-0.0581,0.0,7100.41,21239.55,9,0,4,5,3,0,0,86,26,0,0,0,35,22,0.5,1.5,15,0.025,0.02,0.02,0.03,2
-12488.57,-0.1249,87511.43,13030.48,0.1303,-0.979,-0.958,0.334,21,0.1905,4,17,7.7,False,True,-0.0581,0.0,7100.41,21239.55,9,0,4,5,3,0,0,86,26,0,0,0,35,22,0.5,1.5,15,0.025,0.02,0.02,0.03,3
-14261.03,-0.1426,85738.97,14266.75,0.1427,-0.804,-1.0,0.333,17,0.2353,4,13,7.9,False,True,-0.0897,0.0,7134.93,21431.42,8,0,2,5,2,0,0,55,15,0,0,0,35,7,0.5,1.5,15,0.025,0.02,0.02,0.05,1
-14261.03,-0.1426,85738.97,14266.75,0.1427,-0.804,-1.0,0.333,17,0.2353,4,13,7.9,False,True,-0.0897,0.0,7134.93,21431.42,8,0,2,5,2,0,0,55,15,0,0,0,35,7,0.5,1.5,15,0.025,0.02,0.02,0.05,2
-14261.03,-0.1426,85738.97,14266.75,0.1427,-0.804,-1.0,0.333,17,0.2353,4,13,7.9,False,True,-0.0897,0.0,7134.93,21431.42,8,0,2,5,2,0,0,55,15,0,0,0,35,7,0.5,1.5,15,0.025,0.02,0.02,0.05,3
-11288.85,-0.1129,88711.15,11288.85,0.1129,-0.715,-1.0,0.385,18,0.2222,4,14,8.4,False,True,-0.0718,0.0148,7100.41,18425.79,8,0,3,5,2,0,0,84,88,0,0,289,35,20,0.5,1.5,15,0.025,0.03,0.01,0.03,1
-11288.85,-0.1129,88711.15,11288.85,0.1129,-0.715,-1.0,0.385,18,0.2222,4,14,8.4,False,True,-0.0718,0.0148,7100.41,18425.79,8,0,3,5,2,0,0,84,88,0,0,289,35,20,0.5,1.5,15,0.025,0.03,0.01,0.03,2
-11288.85,-0.1129,88711.15,11288.85,0.1129,-0.715,-1.0,0.385,18,0.2222,4,14,8.4,False,True,-0.0718,0.0148,7100.41,18425.79,8,0,3,5,2,0,0,84,88,0,0,289,35,20,0.5,1.5,15,0.025,0.03,0.01,0.03,3
-10921.81,-0.1092,89078.19,14092.86,0.1381,-0.711,-0.775,0.331,18,0.2222,4,14,7.9,False,True,-0.0683,0.0151,7134.93,21540.21,7,0,3,5,3,0,0,84,88,0,0,289,35,20,0.5,1.5,15,0.025,0.03,0.01,0.05,1
-10921.81,-0.1092,89078.19,14092.86,0.1381,-0.711,-0.775,0.331,18,0.2222,4,14,7.9,False,True,-0.0683,0.0151,7134.93,21540.21,7,0,3,5,3,0,0,84,88,0,0,289,35,20,0.5,1.5,15,0.025,0.03,0.01,0.05,2
-10921.81,-0.1092,89078.19,14092.86,0.1381,-0.711,-0.775,0.331,18,0.2222,4,14,7.9,False,True,-0.0683,0.0151,7134.93,21540.21,7,0,3,5,3,0,0,84,88,0,0,289,35,20,0.5,1.5,15,0.025,0.03,0.01,0.05,3
-12488.57,-0.1249,87511.43,13030.48,0.1303,-0.979,-0.958,0.334,21,0.1905,4,17,7.7,False,True,-0.0581,0.0,7100.41,21239.55,9,0,4,5,3,0,0,86,26,0,0,0,35,22,0.5,1.5,15,0.025,0.03,0.02,0.03,1
-12488.57,-0.1249,87511.43,13030.48,0.1303,-0.979,-0.958,0.334,21,0.1905,4,17,7.7,False,True,-0.0581,0.0,7100.41,21239.55,9,0,4,5,3,0,0,86,26,0,0,0,35,22,0.5,1.5,15,0.025,0.03,0.02,0.03,2
-12488.57,-0.1249,87511.43,13030.48,0.1303,-0.979,-0.958,0.334,21,0.1905,4,17,7.7,False,True,-0.0581,0.0,7100.41,21239.55,9,0,4,5,3,0,0,86,26,0,0,0,35,22,0.5,1.5,15,0.025,0.03,0.02,0.03,3
-14261.03,-0.1426,85738.97,14266.75,0.1427,-0.804,-1.0,0.333,17,0.2353,4,13,7.9,False,True,-0.0897,0.0,7134.93,21431.42,8,0,2,5,2,0,0,55,15,0,0,0,35,7,0.5,1.5,15,0.025,0.03,0.02,0.05,1
-14261.03,-0.1426,85738.97,14266.75,0.1427,-0.804,-1.0,0.333,17,0.2353,4,13,7.9,False,True,-0.0897,0.0,7134.93,21431.42,8,0,2,5,2,0,0,55,15,0,0,0,35,7,0.5,1.5,15,0.025,0.03,0.02,0.05,2
-14261.03,-0.1426,85738.97,14266.75,0.1427,-0.804,-1.0,0.333,17,0.2353,4,13,7.9,False,True,-0.0897,0.0,7134.93,21431.42,8,0,2,5,2,0,0,55,15,0,0,0,35,7,0.5,1.5,15,0.025,0.03,0.02,0.05,3
-11288.85,-0.1129,88711.15,11288.85,0.1129,-0.715,-1.0,0.385,19,0.2105,4,15,8.0,False,True,-0.0718,0.0148,7100.41,18441.08,8,0,3,5,3,0,0,85,89,0,0,289,35,23,0.5,1.5,15,0.035,0.02,0.01,0.03,1
-11288.85,-0.1129,88711.15,11288.85,0.1129,-0.715,-1.0,0.385,19,0.2105,4,15,8.0,False,True,-0.0718,0.0148,7100.41,18441.08,8,0,3,5,3,0,0,85,89,0,0,289,35,23,0.5,1.5,15,0.035,0.02,0.01,0.03,2
-11288.85,-0.1129,88711.15,11288.85,0.1129,-0.715,-1.0,0.385,19,0.2105,4,15,8.0,False,True,-0.0718,0.0148,7100.41,18441.08,8,0,3,5,3,0,0,85,89,0,0,289,35,23,0.5,1.5,15,0.035,0.02,0.01,0.03,3
-10921.81,-0.1092,89078.19,14092.86,0.1381,-0.711,-0.775,0.331,18,0.2222,4,14,7.9,False,True,-0.0683,0.0151,7134.93,21540.21,7,0,3,5,3,0,0,84,88,0,0,289,35,20,0.5,1.5,15,0.035,0.02,0.01,0.05,1
-10921.81,-0.1092,89078.19,14092.86,0.1381,-0.711,-0.775,0.331,18,0.2222,4,14,7.9,False,True,-0.0683,0.0151,7134.93,21540.21,7,0,3,5,3,0,0,84,88,0,0,289,35,20,0.5,1.5,15,0.035,0.02,0.01,0.05,2
-10921.81,-0.1092,89078.19,14092.86,0.1381,-0.711,-0.775,0.331,18,0.2222,4,14,7.9,False,True,-0.0683,0.0151,7134.93,21540.21,7,0,3,5,3,0,0,84,88,0,0,289,35,20,0.5,1.5,15,0.035,0.02,0.01,0.05,3
-12488.57,-0.1249,87511.43,13030.48,0.1303,-0.979,-0.958,0.334,21,0.1905,4,17,7.7,False,True,-0.0581,0.0,7100.41,21239.55,9,0,4,5,3,0,0,86,26,0,0,0,35,22,0.5,1.5,15,0.035,0.02,0.02,0.03,1
-12488.57,-0.1249,87511.43,13030.48,0.1303,-0.979,-0.958,0.334,21,0.1905,4,17,7.7,False,True,-0.0581,0.0,7100.41,21239.55,9,0,4,5,3,0,0,86,26,0,0,0,35,22,0.5,1.5,15,0.035,0.02,0.02,0.03,2
-12488.57,-0.1249,87511.43,13030.48,0.1303,-0.979,-0.958,0.334,21,0.1905,4,17,7.7,False,True,-0.0581,0.0,7100.41,21239.55,9,0,4,5,3,0,0,86,26,0,0,0,35,22,0.5,1.5,15,0.035,0.02,0.02,0.03,3
-14261.03,-0.1426,85738.97,14266.75,0.1427,-0.804,-1.0,0.333,17,0.2353,4,13,7.9,False,True,-0.0897,0.0,7134.93,21431.42,8,0,2,5,2,0,0,55,15,0,0,0,35,7,0.5,1.5,15,0.035,0.02,0.02,0.05,1
-14261.03,-0.1426,85738.97,14266.75,0.1427,-0.804,-1.0,0.333,17,0.2353,4,13,7.9,False,True,-0.0897,0.0,7134.93,21431.42,8,0,2,5,2,0,0,55,15,0,0,0,35,7,0.5,1.5,15,0.035,0.02,0.02,0.05,2
-14261.03,-0.1426,85738.97,14266.75,0.1427,-0.804,-1.0,0.333,17,0.2353,4,13,7.9,False,True,-0.0897,0.0,7134.93,21431.42,8,0,2,5,2,0,0,55,15,0,0,0,35,7,0.5,1.5,15,0.035,0.02,0.02,0.05,3
-11288.85,-0.1129,88711.15,11288.85,0.1129,-0.715,-1.0,0.385,19,0.2105,4,15,8.0,False,True,-0.0718,0.0148,7100.41,18441.08,8,0,3,5,3,0,0,85,89,0,0,289,35,23,0.5,1.5,15,0.035,0.03,0.01,0.03,1
-11288.85,-0.1129,88711.15,11288.85,0.1129,-0.715,-1.0,0.385,19,0.2105,4,15,8.0,False,True,-0.0718,0.0148,7100.41,18441.08,8,0,3,5,3,0,0,85,89,0,0,289,35,23,0.5,1.5,15,0.035,0.03,0.01,0.03,2
-11288.85,-0.1129,88711.15,11288.85,0.1129,-0.715,-1.0,0.385,19,0.2105,4,15,8.0,False,True,-0.0718,0.0148,7100.41,18441.08,8,0,3,5,3,0,0,85,89,0,0,289,35,23,0.5,1.5,15,0.035,0.03,0.01,0.03,3
-10921.81,-0.1092,89078.19,14092.86,0.1381,-0.711,-0.775,0.331,18,0.2222,4,14,7.9,False,True,-0.0683,0.0151,7134.93,21540.21,7,0,3,5,3,0,0,84,88,0,0,289,35,20,0.5,1.5,15,0.035,0.03,0.01,0.05,1
-10921.81,-0.1092,89078.19,14092.86,0.1381,-0.711,-0.775,0.331,18,0.2222,4,14,7.9,False,True,-0.0683,0.0151,7134.93,21540.21,7,0,3,5,3,0,0,84,88,0,0,289,35,20,0.5,1.5,15,0.035,0.03,0.01,0.05,2
-10921.81,-0.1092,89078.19,14092.86,0.1381,-0.711,-0.775,0.331,18,0.2222,4,14,7.9,False,True,-0.0683,0.0151,7134.93,21540.21,7,0,3,5,3,0,0,84,88,0,0,289,35,20,0.5,1.5,15,0.035,0.03,0.01,0.05,3
-12488.57,-0.1249,87511.43,13030.48,0.1303,-0.979,-0.958,0.334,21,0.1905,4,17,7.7,False,True,-0.0581,0.0,7100.41,21239.55,9,0,4,5,3,0,0,86,26,0,0,0,35,22,0.5,1.5,15,0.035,0.03,0.02,0.03,1
-12488.57,-0.1249,87511.43,13030.48,0.1303,-0.979,-0.958,0.334,21,0.1905,4,17,7.7,False,True,-0.0581,0.0,7100.41,21239.55,9,0,4,5,3,0,0,86,26,0,0,0,35,22,0.5,1.5,15,0.035,0.03,0.02,0.03,2
-12488.57,-0.1249,87511.43,13030.48,0.1303,-0.979,-0.958,0.334,21,0.1905,4,17,7.7,False,True,-0.0581,0.0,7100.41,21239.55,9,0,4,5,3,0,0,86,26,0,0,0,35,22,0.5,1.5,15,0.035,0.03,0.02,0.03,3
-14261.03,-0.1426,85738.97,14266.75,0.1427,-0.804,-1.0,0.333,17,0.2353,4,13,7.9,False,True,-0.0897,0.0,7134.93,21431.42,8,0,2,5,2,0,0,55,15,0,0,0,35,7,0.5,1.5,15,0.035,0.03,0.02,0.05,1
-14261.03,-0.1426,85738.97,14266.75,0.1427,-0.804,-1.0,0.333,17,0.2353,4,13,7.9,False,True,-0.0897,0.0,7134.93,21431.42,8,0,2,5,2,0,0,55,15,0,0,0,35,7,0.5,1.5,15,0.035,0.03,0.02,0.05,2
-14261.03,-0.1426,85738.97,14266.75,0.1427,-0.804,-1.0,0.333,17,0.2353,4,13,7.9,False,True,-0.0897,0.0,7134.93,21431.42,8,0,2,5,2,0,0,55,15,0,0,0,35,7,0.5,1.5,15,0.035,0.03,0.02,0.05,3
-4303.85,-0.043,95696.15,10835.29,0.1023,-0.329,-0.397,0.488,36,0.2222,8,28,7.9,False,True,-0.0422,0.0465,4988.7,10216.87,14,0,10,7,5,0,1,46,31,0,0,0,0,68,0.52,0.5,5,0.025,0.02,0.01,0.03,1
-4303.85,-0.043,95696.15,10835.29,0.1023,-0.329,-0.397,0.488,36,0.2222,8,28,7.9,False,True,-0.0422,0.0465,4988.7,10216.87,14,0,10,7,5,0,1,46,31,0,0,0,0,68,0.52,0.5,5,0.025,0.02,0.01,0.03,2
-4303.85,-0.043,95696.15,10835.29,0.1023,-0.329,-0.397,0.488,36,0.2222,8,28,7.9,False,True,-0.0422,0.0465,4988.7,10216.87,14,0,10,7,5,0,1,46,31,0,0,0,0,68,0.52,0.5,5,0.025,0.02,0.01,0.03,3
-4303.85,-0.043,95696.15,10835.29,0.1023,-0.329,-0.397,0.488,36,0.2222,8,28,7.9,False,True,-0.0422,0.0465,4988.7,10216.87,14,0,10,7,5,0,1,46,31,0,0,0,0,68,0.52,0.5,5,0.025,0.02,0.01,0.05,1
-4303.85,-0.043,95696.15,10835.29,0.1023,-0.329,-0.397,0.488,36,0.2222,8,28,7.9,False,True,-0.0422,0.0465,4988.7,10216.87,14,0,10,7,5,0,1,46,31,0,0,0,0,68,0.52,0.5,5,0.025,0.02,0.01,0.05,2
-4303.85,-0.043,95696.15,10835.29,0.1023,-0.329,-0.397,0.488,36,0.2222,8,28,7.9,False,True,-0.0422,0.0465,4988.7,10216.87,14,0,10,7,5,0,1,46,31,0,0,0,0,68,0.52,0.5,5,0.025,0.02,0.01,0.05,3
-4303.85,-0.043,95696.15,10835.29,0.1023,-0.329,-0.397,0.488,36,0.2222,8,28,7.9,False,True,-0.0422,0.0465,4988.7,10216.87,14,0,10,7,5,0,1,46,31,0,0,0,0,68,0.52,0.5,5,0.025,0.02,0.02,0.03,1
-4303.85,-0.043,95696.15,10835.29,0.1023,-0.329,-0.397,0.488,36,0.2222,8,28,7.9,False,True,-0.0422,0.0465,4988.7,10216.87,14,0,10,7,5,0,1,46,31,0,0,0,0,68,0.52,0.5,5,0.025,0.02,0.02,0.03,2
-4303.85,-0.043,95696.15,10835.29,0.1023,-0.329,-0.397,0.488,36,0.2222,8,28,7.9,False,True,-0.0422,0.0465,4988.7,10216.87,14,0,10,7,5,0,1,46,31,0,0,0,0,68,0.52,0.5,5,0.025,0.02,0.02,0.03,3
-4303.85,-0.043,95696.15,10835.29,0.1023,-0.329,-0.397,0.488,36,0.2222,8,28,7.9,False,True,-0.0422,0.0465,4988.7,10216.87,14,0,10,7,5,0,1,46,31,0,0,0,0,68,0.52,0.5,5,0.025,0.02,0.02,0.05,1
-4303.85,-0.043,95696.15,10835.29,0.1023,-0.329,-0.397,0.488,36,0.2222,8,28,7.9,False,True,-0.0422,0.0465,4988.7,10216.87,14,0,10,7,5,0,1,46,31,0,0,0,0,68,0.52,0.5,5,0.025,0.02,0.02,0.05,2
-4303.85,-0.043,95696.15,10835.29,0.1023,-0.329,-0.397,0.488,36,0.2222,8,28,7.9,False,True,-0.0422,0.0465,4988.7,10216.87,14,0,10,7,5,0,1,46,31,0,0,0,0,68,0.52,0.5,5,0.025,0.02,0.02,0.05,3
-4303.85,-0.043,95696.15,10835.29,0.1023,-0.329,-0.397,0.488,36,0.2222,8,28,7.9,False,True,-0.0422,0.0465,4988.7,10216.87,14,0,10,7,5,0,1,46,31,0,0,0,0,68,0.52,0.5,5,0.025,0.03,0.01,0.03,1
-4303.85,-0.043,95696.15,10835.29,0.1023,-0.329,-0.397,0.488,36,0.2222,8,28,7.9,False,True,-0.0422,0.0465,4988.7,10216.87,14,0,10,7,5,0,1,46,31,0,0,0,0,68,0.52,0.5,5,0.025,0.03,0.01,0.03,2
-4303.85,-0.043,95696.15,10835.29,0.1023,-0.329,-0.397,0.488,36,0.2222,8,28,7.9,False,True,-0.0422,0.0465,4988.7,10216.87,14,0,10,7,5,0,1,46,31,0,0,0,0,68,0.52,0.5,5,0.025,0.03,0.01,0.03,3
-4303.85,-0.043,95696.15,10835.29,0.1023,-0.329,-0.397,0.488,36,0.2222,8,28,7.9,False,True,-0.0422,0.0465,4988.7,10216.87,14,0,10,7,5,0,1,46,31,0,0,0,0,68,0.52,0.5,5,0.025,0.03,0.01,0.05,1
-4303.85,-0.043,95696.15,10835.29,0.1023,-0.329,-0.397,0.488,36,0.2222,8,28,7.9,False,True,-0.0422,0.0465,4988.7,10216.87,14,0,10,7,5,0,1,46,31,0,0,0,0,68,0.52,0.5,5,0.025,0.03,0.01,0.05,2
-4303.85,-0.043,95696.15,10835.29,0.1023,-0.329,-0.397,0.488,36,0.2222,8,28,7.9,False,True,-0.0422,0.0465,4988.7,10216.87,14,0,10,7,5,0,1,46,31,0,0,0,0,68,0.52,0.5,5,0.025,0.03,0.01,0.05,3
-4303.85,-0.043,95696.15,10835.29,0.1023,-0.329,-0.397,0.488,36,0.2222,8,28,7.9,False,True,-0.0422,0.0465,4988.7,10216.87,14,0,10,7,5,0,1,46,31,0,0,0,0,68,0.52,0.5,5,0.025,0.03,0.02,0.03,1
-4303.85,-0.043,95696.15,10835.29,0.1023,-0.329,-0.397,0.488,36,0.2222,8,28,7.9,False,True,-0.0422,0.0465,4988.7,10216.87,14,0,10,7,5,0,1,46,31,0,0,0,0,68,0.52,0.5,5,0.025,0.03,0.02,0.03,2
-4303.85,-0.043,95696.15,10835.29,0.1023,-0.329,-0.397,0.488,36,0.2222,8,28,7.9,False,True,-0.0422,0.0465,4988.7,10216.87,14,0,10,7,5,0,1,46,31,0,0,0,0,68,0.52,0.5,5,0.025,0.03,0.02,0.03,3
-4303.85,-0.043,95696.15,10835.29,0.1023,-0.329,-0.397,0.488,36,0.2222,8,28,7.9,False,True,-0.0422,0.0465,4988.7,10216.87,14,0,10,7,5,0,1,46,31,0,0,0,0,68,0.52,0.5,5,0.025,0.03,0.02,0.05,1
-4303.85,-0.043,95696.15,10835.29,0.1023,-0.329,-0.397,0.488,36,0.2222,8,28,7.9,False,True,-0.0422,0.0465,4988.7,10216.87,14,0,10,7,5,0,1,46,31,0,0,0,0,68,0.52,0.5,5,0.025,0.03,0.02,0.05,2
-4303.85,-0.043,95696.15,10835.29,0.1023,-0.329,-0.397,0.488,36,0.2222,8,28,7.9,False,True,-0.0422,0.0465,4988.7,10216.87,14,0,10,7,5,0,1,46,31,0,0,0,0,68,0.52,0.5,5,0.025,0.03,0.02,0.05,3
-4303.85,-0.043,95696.15,10835.29,0.1023,-0.329,-0.397,0.488,36,0.2222,8,28,7.9,False,True,-0.0422,0.0465,4988.7,10216.87,14,0,10,7,5,0,1,46,31,0,0,0,0,68,0.52,0.5,5,0.035,0.02,0.01,0.03,1
-4303.85,-0.043,95696.15,10835.29,0.1023,-0.329,-0.397,0.488,36,0.2222,8,28,7.9,False,True,-0.0422,0.0465,4988.7,10216.87,14,0,10,7,5,0,1,46,31,0,0,0,0,68,0.52,0.5,5,0.035,0.02,0.01,0.03,2
-4303.85,-0.043,95696.15,10835.29,0.1023,-0.329,-0.397,0.488,36,0.2222,8,28,7.9,False,True,-0.0422,0.0465,4988.7,10216.87,14,0,10,7,5,0,1,46,31,0,0,0,0,68,0.52,0.5,5,0.035,0.02,0.01,0.03,3
-4303.85,-0.043,95696.15,10835.29,0.1023,-0.329,-0.397,0.488,36,0.2222,8,28,7.9,False,True,-0.0422,0.0465,4988.7,10216.87,14,0,10,7,5,0,1,46,31,0,0,0,0,68,0.52,0.5,5,0.035,0.02,0.01,0.05,1
-4303.85,-0.043,95696.15,10835.29,0.1023,-0.329,-0.397,0.488,36,0.2222,8,28,7.9,False,True,-0.0422,0.0465,4988.7,10216.87,14,0,10,7,5,0,1,46,31,0,0,0,0,68,0.52,0.5,5,0.035,0.02,0.01,0.05,2
-4303.85,-0.043,95696.15,10835.29,0.1023,-0.329,-0.397,0.488,36,0.2222,8,28,7.9,False,True,-0.0422,0.0465,4988.7,10216.87,14,0,10,7,5,0,1,46,31,0,0,0,0,68,0.52,0.5,5,0.035,0.02,0.01,0.05,3
-4303.85,-0.043,95696.15,10835.29,0.1023,-0.329,-0.397,0.488,36,0.2222,8,28,7.9,False,True,-0.0422,0.0465,4988.7,10216.87,14,0,10,7,5,0,1,46,31,0,0,0,0,68,0.52,0.5,5,0.035,0.02,0.02,0.03,1
-4303.85,-0.043,95696.15,10835.29,0.1023,-0.329,-0.397,0.488,36,0.2222,8,28,7.9,False,True,-0.0422,0.0465,4988.7,10216.87,14,0,10,7,5,0,1,46,31,0,0,0,0,68,0.52,0.5,5,0.035,0.02,0.02,0.03,2
-4303.85,-0.043,95696.15,10835.29,0.1023,-0.329,-0.397,0.488,36,0.2222,8,28,7.9,False,True,-0.0422,0.0465,4988.7,10216.87,14,0,10,7,5,0,1,46,31,0,0,0,0,68,0.52,0.5,5,0.035,0.02,0.02,0.03,3
-4303.85,-0.043,95696.15,10835.29,0.1023,-0.329,-0.397,0.488,36,0.2222,8,28,7.9,False,True,-0.0422,0.0465,4988.7,10216.87,14,0,10,7,5,0,1,46,31,0,0,0,0,68,0.52,0.5,5,0.035,0.02,0.02,0.05,1
-4303.85,-0.043,95696.15,10835.29,0.1023,-0.329,-0.397,0.488,36,0.2222,8,28,7.9,False,True,-0.0422,0.0465,4988.7,10216.87,14,0,10,7,5,0,1,46,31,0,0,0,0,68,0.52,0.5,5,0.035,0.02,0.02,0.05,2
-4303.85,-0.043,95696.15,10835.29,0.1023,-0.329,-0.397,0.488,36,0.2222,8,28,7.9,False,True,-0.0422,0.0465,4988.7,10216.87,14,0,10,7,5,0,1,46,31,0,0,0,0,68,0.52,0.5,5,0.035,0.02,0.02,0.05,3
-4303.85,-0.043,95696.15,10835.29,0.1023,-0.329,-0.397,0.488,36,0.2222,8,28,7.9,False,True,-0.0422,0.0465,4988.7,10216.87,14,0,10,7,5,0,1,46,31,0,0,0,0,68,0.52,0.5,5,0.035,0.03,0.01,0.03,1
-4303.85,-0.043,95696.15,10835.29,0.1023,-0.329,-0.397,0.488,36,0.2222,8,28,7.9,False,True,-0.0422,0.0465,4988.7,10216.87,14,0,10,7,5,0,1,46,31,0,0,0,0,68,0.52,0.5,5,0.035,0.03,0.01,0.03,2
-4303.85,-0.043,95696.15,10835.29,0.1023,-0.329,-0.397,0.488,36,0.2222,8,28,7.9,False,True,-0.0422,0.0465,4988.7,10216.87,14,0,10,7,5,0,1,46,31,0,0,0,0,68,0.52,0.5,5,0.035,0.03,0.01,0.03,3
-4303.85,-0.043,95696.15,10835.29,0.1023,-0.329,-0.397,0.488,36,0.2222,8,28,7.9,False,True,-0.0422,0.0465,4988.7,10216.87,14,0,10,7,5,0,1,46,31,0,0,0,0,68,0.52,0.5,5,0.035,0.03,0.01,0.05,1
-4303.85,-0.043,95696.15,10835.29,0.1023,-0.329,-0.397,0.488,36,0.2222,8,28,7.9,False,True,-0.0422,0.0465,4988.7,10216.87,14,0,10,7,5,0,1,46,31,0,0,0,0,68,0.52,0.5,5,0.035,0.03,0.01,0.05,2
-4303.85,-0.043,95696.15,10835.29,0.1023,-0.329,-0.397,0.488,36,0.2222,8,28,7.9,False,True,-0.0422,0.0465,4988.7,10216.87,14,0,10,7,5,0,1,46,31,0,0,0,0,68,0.52,0.5,5,0.035,0.03,0.01,0.05,3
-4303.85,-0.043,95696.15,10835.29,0.1023,-0.329,-0.397,0.488,36,0.2222,8,28,7.9,False,True,-0.0422,0.0465,4988.7,10216.87,14,0,10,7,5,0,1,46,31,0,0,0,0,68,0.52,0.5,5,0.035,0.03,0.02,0.03,1
-4303.85,-0.043,95696.15,10835.29,0.1023,-0.329,-0.397,0.488,36,0.2222,8,28,7.9,False,True,-0.0422,0.0465,4988.7,10216.87,14,0,10,7,5,0,1,46,31,0,0,0,0,68,0.52,0.5,5,0.035,0.03,0.02,0.03,2
-4303.85,-0.043,95696.15,10835.29,0.1023,-0.329,-0.397,0.488,36,0.2222,8,28,7.9,False,True,-0.0422,0.0465,4988.7,10216.87,14,0,10,7,5,0,1,46,31,0,0,0,0,68,0.52,0.5,5,0.035,0.03,0.02,0.03,3
-4303.85,-0.043,95696.15,10835.29,0.1023,-0.329,-0.397,0.488,36,0.2222,8,28,7.9,False,True,-0.0422,0.0465,4988.7,10216.87,14,0,10,7,5,0,1,46,31,0,0,0,0,68,0.52,0.5,5,0.035,0.03,0.02,0.05,1
-4303.85,-0.043,95696.15,10835.29,0.1023,-0.329,-0.397,0.488,36,0.2222,8,28,7.9,False,True,-0.0422,0.0465,4988.7,10216.87,14,0,10,7,5,0,1,46,31,0,0,0,0,68,0.52,0.5,5,0.035,0.03,0.02,0.05,2
-4303.85,-0.043,95696.15,10835.29,0.1023,-0.329,-0.397,0.488,36,0.2222,8,28,7.9,False,True,-0.0422,0.0465,4988.7,10216.87,14,0,10,7,5,0,1,46,31,0,0,0,0,68,0.52,0.5,5,0.035,0.03,0.02,0.05,3
-4303.85,-0.043,95696.15,10835.29,0.1023,-0.329,-0.397,0.488,36,0.2222,8,28,7.9,False,True,-0.0422,0.0465,4988.7,10216.87,14,0,10,7,5,0,0,47,31,0,0,0,0,68,0.52,0.5,10,0.025,0.02,0.01,0.03,1
-4303.85,-0.043,95696.15,10835.29,0.1023,-0.329,-0.397,0.488,36,0.2222,8,28,7.9,False,True,-0.0422,0.0465,4988.7,10216.87,14,0,10,7,5,0,0,47,31,0,0,0,0,68,0.52,0.5,10,0.025,0.02,0.01,0.03,2
-4303.85,-0.043,95696.15,10835.29,0.1023,-0.329,-0.397,0.488,36,0.2222,8,28,7.9,False,True,-0.0422,0.0465,4988.7,10216.87,14,0,10,7,5,0,0,47,31,0,0,0,0,68,0.52,0.5,10,0.025,0.02,0.01,0.03,3
-4303.85,-0.043,95696.15,10835.29,0.1023,-0.329,-0.397,0.488,36,0.2222,8,28,7.9,False,True,-0.0422,0.0465,4988.7,10216.87,14,0,10,7,5,0,0,47,31,0,0,0,0,68,0.52,0.5,10,0.025,0.02,0.01,0.05,1
-4303.85,-0.043,95696.15,10835.29,0.1023,-0.329,-0.397,0.488,36,0.2222,8,28,7.9,False,True,-0.0422,0.0465,4988.7,10216.87,14,0,10,7,5,0,0,47,31,0,0,0,0,68,0.52,0.5,10,0.025,0.02,0.01,0.05,2
-4303.85,-0.043,95696.15,10835.29,0.1023,-0.329,-0.397,0.488,36,0.2222,8,28,7.9,False,True,-0.0422,0.0465,4988.7,10216.87,14,0,10,7,5,0,0,47,31,0,0,0,0,68,0.52,0.5,10,0.025,0.02,0.01,0.05,3
-4303.85,-0.043,95696.15,10835.29,0.1023,-0.329,-0.397,0.488,36,0.2222,8,28,7.9,False,True,-0.0422,0.0465,4988.7,10216.87,14,0,10,7,5,0,0,47,31,0,0,0,0,68,0.52,0.5,10,0.025,0.02,0.02,0.03,1
-4303.85,-0.043,95696.15,10835.29,0.1023,-0.329,-0.397,0.488,36,0.2222,8,28,7.9,False,True,-0.0422,0.0465,4988.7,10216.87,14,0,10,7,5,0,0,47,31,0,0,0,0,68,0.52,0.5,10,0.025,0.02,0.02,0.03,2
-4303.85,-0.043,95696.15,10835.29,0.1023,-0.329,-0.397,0.488,36,0.2222,8,28,7.9,False,True,-0.0422,0.0465,4988.7,10216.87,14,0,10,7,5,0,0,47,31,0,0,0,0,68,0.52,0.5,10,0.025,0.02,0.02,0.03,3
-4303.85,-0.043,95696.15,10835.29,0.1023,-0.329,-0.397,0.488,36,0.2222,8,28,7.9,False,True,-0.0422,0.0465,4988.7,10216.87,14,0,10,7,5,0,0,47,31,0,0,0,0,68,0.52,0.5,10,0.025,0.02,0.02,0.05,1
-4303.85,-0.043,95696.15,10835.29,0.1023,-0.329,-0.397,0.488,36,0.2222,8,28,7.9,False,True,-0.0422,0.0465,4988.7,10216.87,14,0,10,7,5,0,0,47,31,0,0,0,0,68,0.52,0.5,10,0.025,0.02,0.02,0.05,2
-4303.85,-0.043,95696.15,10835.29,0.1023,-0.329,-0.397,0.488,36,0.2222,8,28,7.9,False,True,-0.0422,0.0465,4988.7,10216.87,14,0,10,7,5,0,0,47,31,0,0,0,0,68,0.52,0.5,10,0.025,0.02,0.02,0.05,3
-4303.85,-0.043,95696.15,10835.29,0.1023,-0.329,-0.397,0.488,36,0.2222,8,28,7.9,False,True,-0.0422,0.0465,4988.7,10216.87,14,0,10,7,5,0,0,47,31,0,0,0,0,68,0.52,0.5,10,0.025,0.03,0.01,0.03,1
-4303.85,-0.043,95696.15,10835.29,0.1023,-0.329,-0.397,0.488,36,0.2222,8,28,7.9,False,True,-0.0422,0.0465,4988.7,10216.87,14,0,10,7,5,0,0,47,31,0,0,0,0,68,0.52,0.5,10,0.025,0.03,0.01,0.03,2
-4303.85,-0.043,95696.15,10835.29,0.1023,-0.329,-0.397,0.488,36,0.2222,8,28,7.9,False,True,-0.0422,0.0465,4988.7,10216.87,14,0,10,7,5,0,0,47,31,0,0,0,0,68,0.52,0.5,10,0.025,0.03,0.01,0.03,3
-4303.85,-0.043,95696.15,10835.29,0.1023,-0.329,-0.397,0.488,36,0.2222,8,28,7.9,False,True,-0.0422,0.0465,4988.7,10216.87,14,0,10,7,5,0,0,47,31,0,0,0,0,68,0.52,0.5,10,0.025,0.03,0.01,0.05,1
-4303.85,-0.043,95696.15,10835.29,0.1023,-0.329,-0.397,0.488,36,0.2222,8,28,7.9,False,True,-0.0422,0.0465,4988.7,10216.87,14,0,10,7,5,0,0,47,31,0,0,0,0,68,0.52,0.5,10,0.025,0.03,0.01,0.05,2
-4303.85,-0.043,95696.15,10835.29,0.1023,-0.329,-0.397,0.488,36,0.2222,8,28,7.9,False,True,-0.0422,0.0465,4988.7,10216.87,14,0,10,7,5,0,0,47,31,0,0,0,0,68,0.52,0.5,10,0.025,0.03,0.01,0.05,3
-4303.85,-0.043,95696.15,10835.29,0.1023,-0.329,-0.397,0.488,36,0.2222,8,28,7.9,False,True,-0.0422,0.0465,4988.7,10216.87,14,0,10,7,5,0,0,47,31,0,0,0,0,68,0.52,0.5,10,0.025,0.03,0.02,0.03,1
-4303.85,-0.043,95696.15,10835.29,0.1023,-0.329,-0.397,0.488,36,0.2222,8,28,7.9,False,True,-0.0422,0.0465,4988.7,10216.87,14,0,10,7,5,0,0,47,31,0,0,0,0,68,0.52,0.5,10,0.025,0.03,0.02,0.03,2
-4303.85,-0.043,95696.15,10835.29,0.1023,-0.329,-0.397,0.488,36,0.2222,8,28,7.9,False,True,-0.0422,0.0465,4988.7,10216.87,14,0,10,7,5,0,0,47,31,0,0,0,0,68,0.52,0.5,10,0.025,0.03,0.02,0.03,3
-4303.85,-0.043,95696.15,10835.29,0.1023,-0.329,-0.397,0.488,36,0.2222,8,28,7.9,False,True,-0.0422,0.0465,4988.7,10216.87,14,0,10,7,5,0,0,47,31,0,0,0,0,68,0.52,0.5,10,0.025,0.03,0.02,0.05,1
-4303.85,-0.043,95696.15,10835.29,0.1023,-0.329,-0.397,0.488,36,0.2222,8,28,7.9,False,True,-0.0422,0.0465,4988.7,10216.87,14,0,10,7,5,0,0,47,31,0,0,0,0,68,0.52,0.5,10,0.025,0.03,0.02,0.05,2
-4303.85,-0.043,95696.15,10835.29,0.1023,-0.329,-0.397,0.488,36,0.2222,8,28,7.9,False,True,-0.0422,0.0465,4988.7,10216.87,14,0,10,7,5,0,0,47,31,0,0,0,0,68,0.52,0.5,10,0.025,0.03,0.02,0.05,3
-4303.85,-0.043,95696.15,10835.29,0.1023,-0.329,-0.397,0.488,36,0.2222,8,28,7.9,False,True,-0.0422,0.0465,4988.7,10216.87,14,0,10,7,5,0,0,47,31,0,0,0,0,68,0.52,0.5,10,0.035,0.02,0.01,0.03,1
-4303.85,-0.043,95696.15,10835.29,0.1023,-0.329,-0.397,0.488,36,0.2222,8,28,7.9,False,True,-0.0422,0.0465,4988.7,10216.87,14,0,10,7,5,0,0,47,31,0,0,0,0,68,0.52,0.5,10,0.035,0.02,0.01,0.03,2
-4303.85,-0.043,95696.15,10835.29,0.1023,-0.329,-0.397,0.488,36,0.2222,8,28,7.9,False,True,-0.0422,0.0465,4988.7,10216.87,14,0,10,7,5,0,0,47,31,0,0,0,0,68,0.52,0.5,10,0.035,0.02,0.01,0.03,3
-4303.85,-0.043,95696.15,10835.29,0.1023,-0.329,-0.397,0.488,36,0.2222,8,28,7.9,False,True,-0.0422,0.0465,4988.7,10216.87,14,0,10,7,5,0,0,47,31,0,0,0,0,68,0.52,0.5,10,0.035,0.02,0.01,0.05,1
-4303.85,-0.043,95696.15,10835.29,0.1023,-0.329,-0.397,0.488,36,0.2222,8,28,7.9,False,True,-0.0422,0.0465,4988.7,10216.87,14,0,10,7,5,0,0,47,31,0,0,0,0,68,0.52,0.5,10,0.035,0.02,0.01,0.05,2
-4303.85,-0.043,95696.15,10835.29,0.1023,-0.329,-0.397,0.488,36,0.2222,8,28,7.9,False,True,-0.0422,0.0465,4988.7,10216.87,14,0,10,7,5,0,0,47,31,0,0,0,0,68,0.52,0.5,10,0.035,0.02,0.01,0.05,3
-4303.85,-0.043,95696.15,10835.29,0.1023,-0.329,-0.397,0.488,36,0.2222,8,28,7.9,False,True,-0.0422,0.0465,4988.7,10216.87,14,0,10,7,5,0,0,47,31,0,0,0,0,68,0.52,0.5,10,0.035,0.02,0.02,0.03,1
-4303.85,-0.043,95696.15,10835.29,0.1023,-0.329,-0.397,0.488,36,0.2222,8,28,7.9,False,True,-0.0422,0.0465,4988.7,10216.87,14,0,10,7,5,0,0,47,31,0,0,0,0,68,0.52,0.5,10,0.035,0.02,0.02,0.03,2
-4303.85,-0.043,95696.15,10835.29,0.1023,-0.329,-0.397,0.488,36,0.2222,8,28,7.9,False,True,-0.0422,0.0465,4988.7,10216.87,14,0,10,7,5,0,0,47,31,0,0,0,0,68,0.52,0.5,10,0.035,0.02,0.02,0.03,3
-4303.85,-0.043,95696.15,10835.29,0.1023,-0.329,-0.397,0.488,36,0.2222,8,28,7.9,False,True,-0.0422,0.0465,4988.7,10216.87,14,0,10,7,5,0,0,47,31,0,0,0,0,68,0.52,0.5,10,0.035,0.02,0.02,0.05,1
-4303.85,-0.043,95696.15,10835.29,0.1023,-0.329,-0.397,0.488,36,0.2222,8,28,7.9,False,True,-0.0422,0.0465,4988.7,10216.87,14,0,10,7,5,0,0,47,31,0,0,0,0,68,0.52,0.5,10,0.035,0.02,0.02,0.05,2
-4303.85,-0.043,95696.15,10835.29,0.1023,-0.329,-0.397,0.488,36,0.2222,8,28,7.9,False,True,-0.0422,0.0465,4988.7,10216.87,14,0,10,7,5,0,0,47,31,0,0,0,0,68,0.52,0.5,10,0.035,0.02,0.02,0.05,3
-4303.85,-0.043,95696.15,10835.29,0.1023,-0.329,-0.397,0.488,36,0.2222,8,28,7.9,False,True,-0.0422,0.0465,4988.7,10216.87,14,0,10,7,5,0,0,47,31,0,0,0,0,68,0.52,0.5,10,0.035,0.03,0.01,0.03,1
-4303.85,-0.043,95696.15,10835.29,0.1023,-0.329,-0.397,0.488,36,0.2222,8,28,7.9,False,True,-0.0422,0.0465,4988.7,10216.87,14,0,10,7,5,0,0,47,31,0,0,0,0,68,0.52,0.5,10,0.035,0.03,0.01,0.03,2
-4303.85,-0.043,95696.15,10835.29,0.1023,-0.329,-0.397,0.488,36,0.2222,8,28,7.9,False,True,-0.0422,0.0465,4988.7,10216.87,14,0,10,7,5,0,0,47,31,0,0,0,0,68,0.52,0.5,10,0.035,0.03,0.01,0.03,3
-4303.85,-0.043,95696.15,10835.29,0.1023,-0.329,-0.397,0.488,36,0.2222,8,28,7.9,False,True,-0.0422,0.0465,4988.7,10216.87,14,0,10,7,5,0,0,47,31,0,0,0,0,68,0.52,0.5,10,0.035,0.03,0.01,0.05,1
-4303.85,-0.043,95696.15,10835.29,0.1023,-0.329,-0.397,0.488,36,0.2222,8,28,7.9,False,True,-0.0422,0.0465,4988.7,10216.87,14,0,10,7,5,0,0,47,31,0,0,0,0,68,0.52,0.5,10,0.035,0.03,0.01,0.05,2
-4303.85,-0.043,95696.15,10835.29,0.1023,-0.329,-0.397,0.488,36,0.2222,8,28,7.9,False,True,-0.0422,0.0465,4988.7,10216.87,14,0,10,7,5,0,0,47,31,0,0,0,0,68,0.52,0.5,10,0.035,0.03,0.01,0.05,3
-4303.85,-0.043,95696.15,10835.29,0.1023,-0.329,-0.397,0.488,36,0.2222,8,28,7.9,False,True,-0.0422,0.0465,4988.7,10216.87,14,0,10,7,5,0,0,47,31,0,0,0,0,68,0.52,0.5,10,0.035,0.03,0.02,0.03,1
-4303.85,-0.043,95696.15,10835.29,0.1023,-0.329,-0.397,0.488,36,0.2222,8,28,7.9,False,True,-0.0422,0.0465,4988.7,10216.87,14,0,10,7,5,0,0,47,31,0,0,0,0,68,0.52,0.5,10,0.035,0.03,0.02,0.03,2
-4303.85,-0.043,95696.15,10835.29,0.1023,-0.329,-0.397,0.488,36,0.2222,8,28,7.9,False,True,-0.0422,0.0465,4988.7,10216.87,14,0,10,7,5,0,0,47,31,0,0,0,0,68,0.52,0.5,10,0.035,0.03,0.02,0.03,3
-4303.85,-0.043,95696.15,10835.29,0.1023,-0.329,-0.397,0.488,36,0.2222,8,28,7.9,False,True,-0.0422,0.0465,4988.7,10216.87,14,0,10,7,5,0,0,47,31,0,0,0,0,68,0.52,0.5,10,0.035,0.03,0.02,0.05,1
-4303.85,-0.043,95696.15,10835.29,0.1023,-0.329,-0.397,0.488,36,0.2222,8,28,7.9,False,True,-0.0422,0.0465,4988.7,10216.87,14,0,10,7,5,0,0,47,31,0,0,0,0,68,0.52,0.5,10,0.035,0.03,0.02,0.05,2
-4303.85,-0.043,95696.15,10835.29,0.1023,-0.329,-0.397,0.488,36,0.2222,8,28,7.9,False,True,-0.0422,0.0465,4988.7,10216.87,14,0,10,7,5,0,0,47,31,0,0,0,0,68,0.52,0.5,10,0.035,0.03,0.02,0.05,3
-4303.85,-0.043,95696.15,10835.29,0.1023,-0.329,-0.397,0.488,36,0.2222,8,28,7.9,False,True,-0.0422,0.0465,4988.7,10216.87,14,0,10,7,5,0,0,47,31,0,0,0,0,68,0.52,0.5,15,0.025,0.02,0.01,0.03,1
-4303.85,-0.043,95696.15,10835.29,0.1023,-0.329,-0.397,0.488,36,0.2222,8,28,7.9,False,True,-0.0422,0.0465,4988.7,10216.87,14,0,10,7,5,0,0,47,31,0,0,0,0,68,0.52,0.5,15,0.025,0.02,0.01,0.03,2
-4303.85,-0.043,95696.15,10835.29,0.1023,-0.329,-0.397,0.488,36,0.2222,8,28,7.9,False,True,-0.0422,0.0465,4988.7,10216.87,14,0,10,7,5,0,0,47,31,0,0,0,0,68,0.52,0.5,15,0.025,0.02,0.01,0.03,3
-4303.85,-0.043,95696.15,10835.29,0.1023,-0.329,-0.397,0.488,36,0.2222,8,28,7.9,False,True,-0.0422,0.0465,4988.7,10216.87,14,0,10,7,5,0,0,47,31,0,0,0,0,68,0.52,0.5,15,0.025,0.02,0.01,0.05,1
-4303.85,-0.043,95696.15,10835.29,0.1023,-0.329,-0.397,0.488,36,0.2222,8,28,7.9,False,True,-0.0422,0.0465,4988.7,10216.87,14,0,10,7,5,0,0,47,31,0,0,0,0,68,0.52,0.5,15,0.025,0.02,0.01,0.05,2
-4303.85,-0.043,95696.15,10835.29,0.1023,-0.329,-0.397,0.488,36,0.2222,8,28,7.9,False,True,-0.0422,0.0465,4988.7,10216.87,14,0,10,7,5,0,0,47,31,0,0,0,0,68,0.52,0.5,15,0.025,0.02,0.01,0.05,3
-4303.85,-0.043,95696.15,10835.29,0.1023,-0.329,-0.397,0.488,36,0.2222,8,28,7.9,False,True,-0.0422,0.0465,4988.7,10216.87,14,0,10,7,5,0,0,47,31,0,0,0,0,68,0.52,0.5,15,0.025,0.02,0.02,0.03,1
-4303.85,-0.043,95696.15,10835.29,0.1023,-0.329,-0.397,0.488,36,0.2222,8,28,7.9,False,True,-0.0422,0.0465,4988.7,10216.87,14,0,10,7,5,0,0,47,31,0,0,0,0,68,0.52,0.5,15,0.025,0.02,0.02,0.03,2
-4303.85,-0.043,95696.15,10835.29,0.1023,-0.329,-0.397,0.488,36,0.2222,8,28,7.9,False,True,-0.0422,0.0465,4988.7,10216.87,14,0,10,7,5,0,0,47,31,0,0,0,0,68,0.52,0.5,15,0.025,0.02,0.02,0.03,3
-4303.85,-0.043,95696.15,10835.29,0.1023,-0.329,-0.397,0.488,36,0.2222,8,28,7.9,False,True,-0.0422,0.0465,4988.7,10216.87,14,0,10,7,5,0,0,47,31,0,0,0,0,68,0.52,0.5,15,0.025,0.02,0.02,0.05,1
-4303.85,-0.043,95696.15,10835.29,0.1023,-0.329,-0.397,0.488,36,0.2222,8,28,7.9,False,True,-0.0422,0.0465,4988.7,10216.87,14,0,10,7,5,0,0,47,31,0,0,0,0,68,0.52,0.5,15,0.025,0.02,0.02,0.05,2
-4303.85,-0.043,95696.15,10835.29,0.1023,-0.329,-0.397,0.488,36,0.2222,8,28,7.9,False,True,-0.0422,0.0465,4988.7,10216.87,14,0,10,7,5,0,0,47,31,0,0,0,0,68,0.52,0.5,15,0.025,0.02,0.02,0.05,3
-4303.85,-0.043,95696.15,10835.29,0.1023,-0.329,-0.397,0.488,36,0.2222,8,28,7.9,False,True,-0.0422,0.0465,4988.7,10216.87,14,0,10,7,5,0,0,47,31,0,0,0,0,68,0.52,0.5,15,0.025,0.03,0.01,0.03,1
-4303.85,-0.043,95696.15,10835.29,0.1023,-0.329,-0.397,0.488,36,0.2222,8,28,7.9,False,True,-0.0422,0.0465,4988.7,10216.87,14,0,10,7,5,0,0,47,31,0,0,0,0,68,0.52,0.5,15,0.025,0.03,0.01,0.03,2
-4303.85,-0.043,95696.15,10835.29,0.1023,-0.329,-0.397,0.488,36,0.2222,8,28,7.9,False,True,-0.0422,0.0465,4988.7,10216.87,14,0,10,7,5,0,0,47,31,0,0,0,0,68,0.52,0.5,15,0.025,0.03,0.01,0.03,3
-4303.85,-0.043,95696.15,10835.29,0.1023,-0.329,-0.397,0.488,36,0.2222,8,28,7.9,False,True,-0.0422,0.0465,4988.7,10216.87,14,0,10,7,5,0,0,47,31,0,0,0,0,68,0.52,0.5,15,0.025,0.03,0.01,0.05,1
-4303.85,-0.043,95696.15,10835.29,0.1023,-0.329,-0.397,0.488,36,0.2222,8,28,7.9,False,True,-0.0422,0.0465,4988.7,10216.87,14,0,10,7,5,0,0,47,31,0,0,0,0,68,0.52,0.5,15,0.025,0.03,0.01,0.05,2
-4303.85,-0.043,95696.15,10835.29,0.1023,-0.329,-0.397,0.488,36,0.2222,8,28,7.9,False,True,-0.0422,0.0465,4988.7,10216.87,14,0,10,7,5,0,0,47,31,0,0,0,0,68,0.52,0.5,15,0.025,0.03,0.01,0.05,3
-4303.85,-0.043,95696.15,10835.29,0.1023,-0.329,-0.397,0.488,36,0.2222,8,28,7.9,False,True,-0.0422,0.0465,4988.7,10216.87,14,0,10,7,5,0,0,47,31,0,0,0,0,68,0.52,0.5,15,0.025,0.03,0.02,0.03,1
-4303.85,-0.043,95696.15,10835.29,0.1023,-0.329,-0.397,0.488,36,0.2222,8,28,7.9,False,True,-0.0422,0.0465,4988.7,10216.87,14,0,10,7,5,0,0,47,31,0,0,0,0,68,0.52,0.5,15,0.025,0.03,0.02,0.03,2
-4303.85,-0.043,95696.15,10835.29,0.1023,-0.329,-0.397,0.488,36,0.2222,8,28,7.9,False,True,-0.0422,0.0465,4988.7,10216.87,14,0,10,7,5,0,0,47,31,0,0,0,0,68,0.52,0.5,15,0.025,0.03,0.02,0.03,3
-4303.85,-0.043,95696.15,10835.29,0.1023,-0.329,-0.397,0.488,36,0.2222,8,28,7.9,False,True,-0.0422,0.0465,4988.7,10216.87,14,0,10,7,5,0,0,47,31,0,0,0,0,68,0.52,0.5,15,0.025,0.03,0.02,0.05,1
-4303.85,-0.043,95696.15,10835.29,0.1023,-0.329,-0.397,0.488,36,0.2222,8,28,7.9,False,True,-0.0422,0.0465,4988.7,10216.87,14,0,10,7,5,0,0,47,31,0,0,0,0,68,0.52,0.5,15,0.025,0.03,0.02,0.05,2
-4303.85,-0.043,95696.15,10835.29,0.1023,-0.329,-0.397,0.488,36,0.2222,8,28,7.9,False,True,-0.0422,0.0465,4988.7,10216.87,14,0,10,7,5,0,0,47,31,0,0,0,0,68,0.52,0.5,15,0.025,0.03,0.02,0.05,3
-4303.85,-0.043,95696.15,10835.29,0.1023,-0.329,-0.397,0.488,36,0.2222,8,28,7.9,False,True,-0.0422,0.0465,4988.7,10216.87,14,0,10,7,5,0,0,47,31,0,0,0,0,68,0.52,0.5,15,0.035,0.02,0.01,0.03,1
-4303.85,-0.043,95696.15,10835.29,0.1023,-0.329,-0.397,0.488,36,0.2222,8,28,7.9,False,True,-0.0422,0.0465,4988.7,10216.87,14,0,10,7,5,0,0,47,31,0,0,0,0,68,0.52,0.5,15,0.035,0.02,0.01,0.03,2
-4303.85,-0.043,95696.15,10835.29,0.1023,-0.329,-0.397,0.488,36,0.2222,8,28,7.9,False,True,-0.0422,0.0465,4988.7,10216.87,14,0,10,7,5,0,0,47,31,0,0,0,0,68,0.52,0.5,15,0.035,0.02,0.01,0.03,3
-4303.85,-0.043,95696.15,10835.29,0.1023,-0.329,-0.397,0.488,36,0.2222,8,28,7.9,False,True,-0.0422,0.0465,4988.7,10216.87,14,0,10,7,5,0,0,47,31,0,0,0,0,68,0.52,0.5,15,0.035,0.02,0.01,0.05,1
-4303.85,-0.043,95696.15,10835.29,0.1023,-0.329,-0.397,0.488,36,0.2222,8,28,7.9,False,True,-0.0422,0.0465,4988.7,10216.87,14,0,10,7,5,0,0,47,31,0,0,0,0,68,0.52,0.5,15,0.035,0.02,0.01,0.05,2
-4303.85,-0.043,95696.15,10835.29,0.1023,-0.329,-0.397,0.488,36,0.2222,8,28,7.9,False,True,-0.0422,0.0465,4988.7,10216.87,14,0,10,7,5,0,0,47,31,0,0,0,0,68,0.52,0.5,15,0.035,0.02,0.01,0.05,3
-4303.85,-0.043,95696.15,10835.29,0.1023,-0.329,-0.397,0.488,36,0.2222,8,28,7.9,False,True,-0.0422,0.0465,4988.7,10216.87,14,0,10,7,5,0,0,47,31,0,0,0,0,68,0.52,0.5,15,0.035,0.02,0.02,0.03,1
-4303.85,-0.043,95696.15,10835.29,0.1023,-0.329,-0.397,0.488,36,0.2222,8,28,7.9,False,True,-0.0422,0.0465,4988.7,10216.87,14,0,10,7,5,0,0,47,31,0,0,0,0,68,0.52,0.5,15,0.035,0.02,0.02,0.03,2
-4303.85,-0.043,95696.15,10835.29,0.1023,-0.329,-0.397,0.488,36,0.2222,8,28,7.9,False,True,-0.0422,0.0465,4988.7,10216.87,14,0,10,7,5,0,0,47,31,0,0,0,0,68,0.52,0.5,15,0.035,0.02,0.02,0.03,3
-4303.85,-0.043,95696.15,10835.29,0.1023,-0.329,-0.397,0.488,36,0.2222,8,28,7.9,False,True,-0.0422,0.0465,4988.7,10216.87,14,0,10,7,5,0,0,47,31,0,0,0,0,68,0.52,0.5,15,0.035,0.02,0.02,0.05,1
-4303.85,-0.043,95696.15,10835.29,0.1023,-0.329,-0.397,0.488,36,0.2222,8,28,7.9,False,True,-0.0422,0.0465,4988.7,10216.87,14,0,10,7,5,0,0,47,31,0,0,0,0,68,0.52,0.5,15,0.035,0.02,0.02,0.05,2
-4303.85,-0.043,95696.15,10835.29,0.1023,-0.329,-0.397,0.488,36,0.2222,8,28,7.9,False,True,-0.0422,0.0465,4988.7,10216.87,14,0,10,7,5,0,0,47,31,0,0,0,0,68,0.52,0.5,15,0.035,0.02,0.02,0.05,3
-4303.85,-0.043,95696.15,10835.29,0.1023,-0.329,-0.397,0.488,36,0.2222,8,28,7.9,False,True,-0.0422,0.0465,4988.7,10216.87,14,0,10,7,5,0,0,47,31,0,0,0,0,68,0.52,0.5,15,0.035,0.03,0.01,0.03,1
-4303.85,-0.043,95696.15,10835.29,0.1023,-0.329,-0.397,0.488,36,0.2222,8,28,7.9,False,True,-0.0422,0.0465,4988.7,10216.87,14,0,10,7,5,0,0,47,31,0,0,0,0,68,0.52,0.5,15,0.035,0.03,0.01,0.03,2
-4303.85,-0.043,95696.15,10835.29,0.1023,-0.329,-0.397,0.488,36,0.2222,8,28,7.9,False,True,-0.0422,0.0465,4988.7,10216.87,14,0,10,7,5,0,0,47,31,0,0,0,0,68,0.52,0.5,15,0.035,0.03,0.01,0.03,3
-4303.85,-0.043,95696.15,10835.29,0.1023,-0.329,-0.397,0.488,36,0.2222,8,28,7.9,False,True,-0.0422,0.0465,4988.7,10216.87,14,0,10,7,5,0,0,47,31,0,0,0,0,68,0.52,0.5,15,0.035,0.03,0.01,0.05,1
-4303.85,-0.043,95696.15,10835.29,0.1023,-0.329,-0.397,0.488,36,0.2222,8,28,7.9,False,True,-0.0422,0.0465,4988.7,10216.87,14,0,10,7,5,0,0,47,31,0,0,0,0,68,0.52,0.5,15,0.035,0.03,0.01,0.05,2
-4303.85,-0.043,95696.15,10835.29,0.1023,-0.329,-0.397,0.488,36,0.2222,8,28,7.9,False,True,-0.0422,0.0465,4988.7,10216.87,14,0,10,7,5,0,0,47,31,0,0,0,0,68,0.52,0.5,15,0.035,0.03,0.01,0.05,3
-4303.85,-0.043,95696.15,10835.29,0.1023,-0.329,-0.397,0.488,36,0.2222,8,28,7.9,False,True,-0.0422,0.0465,4988.7,10216.87,14,0,10,7,5,0,0,47,31,0,0,0,0,68,0.52,0.5,15,0.035,0.03,0.02,0.03,1
-4303.85,-0.043,95696.15,10835.29,0.1023,-0.329,-0.397,0.488,36,0.2222,8,28,7.9,False,True,-0.0422,0.0465,4988.7,10216.87,14,0,10,7,5,0,0,47,31,0,0,0,0,68,0.52,0.5,15,0.035,0.03,0.02,0.03,2
-4303.85,-0.043,95696.15,10835.29,0.1023,-0.329,-0.397,0.488,36,0.2222,8,28,7.9,False,True,-0.0422,0.0465,4988.7,10216.87,14,0,10,7,5,0,0,47,31,0,0,0,0,68,0.52,0.5,15,0.035,0.03,0.02,0.03,3
-4303.85,-0.043,95696.15,10835.29,0.1023,-0.329,-0.397,0.488,36,0.2222,8,28,7.9,False,True,-0.0422,0.0465,4988.7,10216.87,14,0,10,7,5,0,0,47,31,0,0,0,0,68,0.52,0.5,15,0.035,0.03,0.02,0.05,1
-4303.85,-0.043,95696.15,10835.29,0.1023,-0.329,-0.397,0.488,36,0.2222,8,28,7.9,False,True,-0.0422,0.0465,4988.7,10216.87,14,0,10,7,5,0,0,47,31,0,0,0,0,68,0.52,0.5,15,0.035,0.03,0.02,0.05,2
-4303.85,-0.043,95696.15,10835.29,0.1023,-0.329,-0.397,0.488,36,0.2222,8,28,7.9,False,True,-0.0422,0.0465,4988.7,10216.87,14,0,10,7,5,0,0,47,31,0,0,0,0,68,0.52,0.5,15,0.035,0.03,0.02,0.05,3
929.85,0.0093,100929.85,12300.78,0.11,0.081,0.076,0.907,26,0.2308,6,20,7.0,False,True,-0.0302,0.093,9920.6,10940.75,11,0,5,6,4,0,1,38,28,0,0,0,0,51,0.52,1.0,5,0.025,0.02,0.01,0.03,1
929.85,0.0093,100929.85,12300.78,0.11,0.081,0.076,0.907,26,0.2308,6,20,7.0,False,True,-0.0302,0.093,9920.6,10940.75,11,0,5,6,4,0,1,38,28,0,0,0,0,51,0.52,1.0,5,0.025,0.02,0.01,0.03,2
929.85,0.0093,100929.85,12300.78,0.11,0.081,0.076,0.907,26,0.2308,6,20,7.0,False,True,-0.0302,0.093,9920.6,10940.75,11,0,5,6,4,0,1,38,28,0,0,0,0,51,0.52,1.0,5,0.025,0.02,0.01,0.03,3
929.85,0.0093,100929.85,12300.78,0.11,0.081,0.076,0.907,26,0.2308,6,20,7.0,False,True,-0.0302,0.093,9920.6,10940.75,11,0,5,6,4,0,1,38,28,0,0,0,0,51,0.52,1.0,5,0.025,0.02,0.01,0.05,1
929.85,0.0093,100929.85,12300.78,0.11,0.081,0.076,0.907,26,0.2308,6,20,7.0,False,True,-0.0302,0.093,9920.6,10940.75,11,0,5,6,4,0,1,38,28,0,0,0,0,51,0.52,1.0,5,0.025,0.02,0.01,0.05,2
929.85,0.0093,100929.85,12300.78,0.11,0.081,0.076,0.907,26,0.2308,6,20,7.0,False,True,-0.0302,0.093,9920.6,10940.75,11,0,5,6,4,0,1,38,28,0,0,0,0,51,0.52,1.0,5,0.025,0.02,0.01,0.05,3
929.85,0.0093,100929.85,12300.78,0.11,0.081,0.076,0.907,26,0.2308,6,20,7.0,False,True,-0.0302,0.093,9920.6,10940.75,11,0,5,6,4,0,1,38,28,0,0,0,0,51,0.52,1.0,5,0.025,0.02,0.02,0.03,1
929.85,0.0093,100929.85,12300.78,0.11,0.081,0.076,0.907,26,0.2308,6,20,7.0,False,True,-0.0302,0.093,9920.6,10940.75,11,0,5,6,4,0,1,38,28,0,0,0,0,51,0.52,1.0,5,0.025,0.02,0.02,0.03,2
929.85,0.0093,100929.85,12300.78,0.11,0.081,0.076,0.907,26,0.2308,6,20,7.0,False,True,-0.0302,0.093,9920.6,10940.75,11,0,5,6,4,0,1,38,28,0,0,0,0,51,0.52,1.0,5,0.025,0.02,0.02,0.03,3
929.85,0.0093,100929.85,12300.78,0.11,0.081,0.076,0.907,26,0.2308,6,20,7.0,False,True,-0.0302,0.093,9920.6,10940.75,11,0,5,6,4,0,1,38,28,0,0,0,0,51,0.52,1.0,5,0.025,0.02,0.02,0.05,1
929.85,0.0093,100929.85,12300.78,0.11,0.081,0.076,0.907,26,0.2308,6,20,7.0,False,True,-0.0302,0.093,9920.6,10940.75,11,0,5,6,4,0,1,38,28,0,0,0,0,51,0.52,1.0,5,0.025,0.02,0.02,0.05,2
929.85,0.0093,100929.85,12300.78,0.11,0.081,0.076,0.907,26,0.2308,6,20,7.0,False,True,-0.0302,0.093,9920.6,10940.75,11,0,5,6,4,0,1,38,28,0,0,0,0,51,0.52,1.0,5,0.025,0.02,0.02,0.05,3
929.85,0.0093,100929.85,12300.78,0.11,0.081,0.076,0.907,26,0.2308,6,20,7.0,False,True,-0.0302,0.093,9920.6,10940.75,11,0,5,6,4,0,1,38,28,0,0,0,0,51,0.52,1.0,5,0.025,0.03,0.01,0.03,1
929.85,0.0093,100929.85,12300.78,0.11,0.081,0.076,0.907,26,0.2308,6,20,7.0,False,True,-0.0302,0.093,9920.6,10940.75,11,0,5,6,4,0,1,38,28,0,0,0,0,51,0.52,1.0,5,0.025,0.03,0.01,0.03,2
929.85,0.0093,100929.85,12300.78,0.11,0.081,0.076,0.907,26,0.2308,6,20,7.0,False,True,-0.0302,0.093,9920.6,10940.75,11,0,5,6,4,0,1,38,28,0,0,0,0,51,0.52,1.0,5,0.025,0.03,0.01,0.03,3
929.85,0.0093,100929.85,12300.78,0.11,0.081,0.076,0.907,26,0.2308,6,20,7.0,False,True,-0.0302,0.093,9920.6,10940.75,11,0,5,6,4,0,1,38,28,0,0,0,0,51,0.52,1.0,5,0.025,0.03,0.01,0.05,1
929.85,0.0093,100929.85,12300.78,0.11,0.081,0.076,0.907,26,0.2308,6,20,7.0,False,True,-0.0302,0.093,9920.6,10940.75,11,0,5,6,4,0,1,38,28,0,0,0,0,51,0.52,1.0,5,0.025,0.03,0.01,0.05,2
929.85,0.0093,100929.85,12300.78,0.11,0.081,0.076,0.907,26,0.2308,6,20,7.0,False,True,-0.0302,0.093,9920.6,10940.75,11,0,5,6,4,0,1,38,28,0,0,0,0,51,0.52,1.0,5,0.025,0.03,0.01,0.05,3
929.85,0.0093,100929.85,12300.78,0.11,0.081,0.076,0.907,26,0.2308,6,20,7.0,False,True,-0.0302,0.093,9920.6,10940.75,11,0,5,6,4,0,1,38,28,0,0,0,0,51,0.52,1.0,5,0.025,0.03,0.02,0.03,1
929.85,0.0093,100929.85,12300.78,0.11,0.081,0.076,0.907,26,0.2308,6,20,7.0,False,True,-0.0302,0.093,9920.6,10940.75,11,0,5,6,4,0,1,38,28,0,0,0,0,51,0.52,1.0,5,0.025,0.03,0.02,0.03,2
929.85,0.0093,100929.85,12300.78,0.11,0.081,0.076,0.907,26,0.2308,6,20,7.0,False,True,-0.0302,0.093,9920.6,10940.75,11,0,5,6,4,0,1,38,28,0,0,0,0,51,0.52,1.0,5,0.025,0.03,0.02,0.03,3
929.85,0.0093,100929.85,12300.78,0.11,0.081,0.076,0.907,26,0.2308,6,20,7.0,False,True,-0.0302,0.093,9920.6,10940.75,11,0,5,6,4,0,1,38,28,0,0,0,0,51,0.52,1.0,5,0.025,0.03,0.02,0.05,1
929.85,0.0093,100929.85,12300.78,0.11,0.081,0.076,0.907,26,0.2308,6,20,7.0,False,True,-0.0302,0.093,9920.6,10940.75,11,0,5,6,4,0,1,38,28,0,0,0,0,51,0.52,1.0,5,0.025,0.03,0.02,0.05,2
929.85,0.0093,100929.85,12300.78,0.11,0.081,0.076,0.907,26,0.2308,6,20,7.0,False,True,-0.0302,0.093,9920.6,10940.75,11,0,5,6,4,0,1,38,28,0,0,0,0,51,0.52,1.0,5,0.025,0.03,0.02,0.05,3
47.17,0.0005,100047.17,11789.63,0.1054,0.034,0.004,1.004,20,0.3,6,14,9.0,False,True,-0.0559,0.093,9916.1,9880.65,7,0,6,5,2,0,0,20,9,0,0,0,0,38,0.52,1.0,5,0.035,0.02,0.01,0.03,1
47.17,0.0005,100047.17,11789.63,0.1054,0.034,0.004,1.004,20,0.3,6,14,9.0,False,True,-0.0559,0.093,9916.1,9880.65,7,0,6,5,2,0,0,20,9,0,0,0,0,38,0.52,1.0,5,0.035,0.02,0.01,0.03,2
47.17,0.0005,100047.17,11789.63,0.1054,0.034,0.004,1.004,20,0.3,6,14,9.0,False,True,-0.0559,0.093,9916.1,9880.65,7,0,6,5,2,0,0,20,9,0,0,0,0,38,0.52,1.0,5,0.035,0.02,0.01,0.03,3
280.77,0.0028,100280.77,11556.03,0.1033,0.049,0.024,1.02,17,0.2941,5,12,7.4,False,True,-0.0825,0.093,9900.64,9709.35,5,0,4,5,3,0,0,15,6,0,0,0,0,32,0.52,1.0,5,0.035,0.02,0.01,0.05,1
280.77,0.0028,100280.77,11556.03,0.1033,0.049,0.024,1.02,17,0.2941,5,12,7.4,False,True,-0.0825,0.093,9900.64,9709.35,5,0,4,5,3,0,0,15,6,0,0,0,0,32,0.52,1.0,5,0.035,0.02,0.01,0.05,2
280.77,0.0028,100280.77,11556.03,0.1033,0.049,0.024,1.02,17,0.2941,5,12,7.4,False,True,-0.0825,0.093,9900.64,9709.35,5,0,4,5,3,0,0,15,6,0,0,0,0,32,0.52,1.0,5,0.035,0.02,0.01,0.05,3
47.17,0.0005,100047.17,11789.63,0.1054,0.034,0.004,1.004,20,0.3,6,14,9.0,False,True,-0.0559,0.093,9916.1,9880.65,7,0,6,5,2,0,0,20,9,0,0,0,0,38,0.52,1.0,5,0.035,0.02,0.02,0.03,1
47.17,0.0005,100047.17,11789.63,0.1054,0.034,0.004,1.004,20,0.3,6,14,9.0,False,True,-0.0559,0.093,9916.1,9880.65,7,0,6,5,2,0,0,20,9,0,0,0,0,38,0.52,1.0,5,0.035,0.02,0.02,0.03,2
47.17,0.0005,100047.17,11789.63,0.1054,0.034,0.004,1.004,20,0.3,6,14,9.0,False,True,-0.0559,0.093,9916.1,9880.65,7,0,6,5,2,0,0,20,9,0,0,0,0,38,0.52,1.0,5,0.035,0.02,0.02,0.03,3
280.77,0.0028,100280.77,11556.03,0.1033,0.049,0.024,1.02,17,0.2941,5,12,7.4,False,True,-0.0825,0.093,9900.64,9709.35,5,0,4,5,3,0,0,15,6,0,0,0,0,32,0.52,1.0,5,0.035,0.02,0.02,0.05,1
280.77,0.0028,100280.77,11556.03,0.1033,0.049,0.024,1.02,17,0.2941,5,12,7.4,False,True,-0.0825,0.093,9900.64,9709.35,5,0,4,5,3,0,0,15,6,0,0,0,0,32,0.52,1.0,5,0.035,0.02,0.02,0.05,2
280.77,0.0028,100280.77,11556.03,0.1033,0.049,0.024,1.02,17,0.2941,5,12,7.4,False,True,-0.0825,0.093,9900.64,9709.35,5,0,4,5,3,0,0,15,6,0,0,0,0,32,0.52,1.0,5,0.035,0.02,0.02,0.05,3
47.17,0.0005,100047.17,11789.63,0.1054,0.034,0.004,1.004,20,0.3,6,14,9.0,False,True,-0.0559,0.093,9916.1,9880.65,7,0,6,5,2,0,0,20,9,0,0,0,0,38,0.52,1.0,5,0.035,0.03,0.01,0.03,1
47.17,0.0005,100047.17,11789.63,0.1054,0.034,0.004,1.004,20,0.3,6,14,9.0,False,True,-0.0559,0.093,9916.1,9880.65,7,0,6,5,2,0,0,20,9,0,0,0,0,38,0.52,1.0,5,0.035,0.03,0.01,0.03,2
47.17,0.0005,100047.17,11789.63,0.1054,0.034,0.004,1.004,20,0.3,6,14,9.0,False,True,-0.0559,0.093,9916.1,9880.65,7,0,6,5,2,0,0,20,9,0,0,0,0,38,0.52,1.0,5,0.035,0.03,0.01,0.03,3
280.77,0.0028,100280.77,11556.03,0.1033,0.049,0.024,1.02,17,0.2941,5,12,7.4,False,True,-0.0825,0.093,9900.64,9709.35,5,0,4,5,3,0,0,15,6,0,0,0,0,32,0.52,1.0,5,0.035,0.03,0.01,0.05,1
280.77,0.0028,100280.77,11556.03,0.1033,0.049,0.024,1.02,17,0.2941,5,12,7.4,False,True,-0.0825,0.093,9900.64,9709.35,5,0,4,5,3,0,0,15,6,0,0,0,0,32,0.52,1.0,5,0.035,0.03,0.01,0.05,2
280.77,0.0028,100280.77,11556.03,0.1033,0.049,0.024,1.02,17,0.2941,5,12,7.4,False,True,-0.0825,0.093,9900.64,9709.35,5,0,4,5,3,0,0,15,6,0,0,0,0,32,0.52,1.0,5,0.035,0.03,0.01,0.05,3
47.17,0.0005,100047.17,11789.63,0.1054,0.034,0.004,1.004,20,0.3,6,14,9.0,False,True,-0.0559,0.093,9916.1,9880.65,7,0,6,5,2,0,0,20,9,0,0,0,0,38,0.52,1.0,5,0.035,0.03,0.02,0.03,1
47.17,0.0005,100047.17,11789.63,0.1054,0.034,0.004,1.004,20,0.3,6,14,9.0,False,True,-0.0559,0.093,9916.1,9880.65,7,0,6,5,2,0,0,20,9,0,0,0,0,38,0.52,1.0,5,0.035,0.03,0.02,0.03,2
47.17,0.0005,100047.17,11789.63,0.1054,0.034,0.004,1.004,20,0.3,6,14,9.0,False,True,-0.0559,0.093,9916.1,9880.65,7,0,6,5,2,0,0,20,9,0,0,0,0,38,0.52,1.0,5,0.035,0.03,0.02,0.03,3
280.77,0.0028,100280.77,11556.03,0.1033,0.049,0.024,1.02,17,0.2941,5,12,7.4,False,True,-0.0825,0.093,9900.64,9709.35,5,0,4,5,3,0,0,15,6,0,0,0,0,32,0.52,1.0,5,0.035,0.03,0.02,0.05,1
280.77,0.0028,100280.77,11556.03,0.1033,0.049,0.024,1.02,17,0.2941,5,12,7.4,False,True,-0.0825,0.093,9900.64,9709.35,5,0,4,5,3,0,0,15,6,0,0,0,0,32,0.52,1.0,5,0.035,0.03,0.02,0.05,2
280.77,0.0028,100280.77,11556.03,0.1033,0.049,0.024,1.02,17,0.2941,5,12,7.4,False,True,-0.0825,0.093,9900.64,9709.35,5,0,4,5,3,0,0,15,6,0,0,0,0,32,0.52,1.0,5,0.035,0.03,0.02,0.05,3
929.85,0.0093,100929.85,12300.78,0.11,0.081,0.076,0.907,26,0.2308,6,20,7.0,False,True,-0.0302,0.093,9920.6,10940.75,11,0,5,6,4,0,0,39,28,0,0,0,0,51,0.52,1.0,10,0.025,0.02,0.01,0.03,1
929.85,0.0093,100929.85,12300.78,0.11,0.081,0.076,0.907,26,0.2308,6,20,7.0,False,True,-0.0302,0.093,9920.6,10940.75,11,0,5,6,4,0,0,39,28,0,0,0,0,51,0.52,1.0,10,0.025,0.02,0.01,0.03,2
929.85,0.0093,100929.85,12300.78,0.11,0.081,0.076,0.907,26,0.2308,6,20,7.0,False,True,-0.0302,0.093,9920.6,10940.75,11,0,5,6,4,0,0,39,28,0,0,0,0,51,0.52,1.0,10,0.025,0.02,0.01,0.03,3
929.85,0.0093,100929.85,12300.78,0.11,0.081,0.076,0.907,26,0.2308,6,20,7.0,False,True,-0.0302,0.093,9920.6,10940.75,11,0,5,6,4,0,0,39,28,0,0,0,0,51,0.52,1.0,10,0.025,0.02,0.01,0.05,1
929.85,0.0093,100929.85,12300.78,0.11,0.081,0.076,0.907,26,0.2308,6,20,7.0,False,True,-0.0302,0.093,9920.6,10940.75,11,0,5,6,4,0,0,39,28,0,0,0,0,51,0.52,1.0,10,0.025,0.02,0.01,0.05,2
929.85,0.0093,100929.85,12300.78,0.11,0.081,0.076,0.907,26,0.2308,6,20,7.0,False,True,-0.0302,0.093,9920.6,10940.75,11,0,5,6,4,0,0,39,28,0,0,0,0,51,0.52,1.0,10,0.025,0.02,0.01,0.05,3
929.85,0.0093,100929.85,12300.78,0.11,0.081,0.076,0.907,26,0.2308,6,20,7.0,False,True,-0.0302,0.093,9920.6,10940.75,11,0,5,6,4,0,0,39,28,0,0,0,0,51,0.52,1.0,10,0.025,0.02,0.02,0.03,1
929.85,0.0093,100929.85,12300.78,0.11,0.081,0.076,0.907,26,0.2308,6,20,7.0,False,True,-0.0302,0.093,9920.6,10940.75,11,0,5,6,4,0,0,39,28,0,0,0,0,51,0.52,1.0,10,0.025,0.02,0.02,0.03,2
929.85,0.0093,100929.85,12300.78,0.11,0.081,0.076,0.907,26,0.2308,6,20,7.0,False,True,-0.0302,0.093,9920.6,10940.75,11,0,5,6,4,0,0,39,28,0,0,0,0,51,0.52,1.0,10,0.025,0.02,0.02,0.03,3
929.85,0.0093,100929.85,12300.78,0.11,0.081,0.076,0.907,26,0.2308,6,20,7.0,False,True,-0.0302,0.093,9920.6,10940.75,11,0,5,6,4,0,0,39,28,0,0,0,0,51,0.52,1.0,10,0.025,0.02,0.02,0.05,1
929.85,0.0093,100929.85,12300.78,0.11,0.081,0.076,0.907,26,0.2308,6,20,7.0,False,True,-0.0302,0.093,9920.6,10940.75,11,0,5,6,4,0,0,39,28,0,0,0,0,51,0.52,1.0,10,0.025,0.02,0.02,0.05,2
929.85,0.0093,100929.85,12300.78,0.11,0.081,0.076,0.907,26,0.2308,6,20,7.0,False,True,-0.0302,0.093,9920.6,10940.75,11,0,5,6,4,0,0,39,28,0,0,0,0,51,0.52,1.0,10,0.025,0.02,0.02,0.05,3
929.85,0.0093,100929.85,12300.78,0.11,0.081,0.076,0.907,26,0.2308,6,20,7.0,False,True,-0.0302,0.093,9920.6,10940.75,11,0,5,6,4,0,0,39,28,0,0,0,0,51,0.52,1.0,10,0.025,0.03,0.01,0.03,1
929.85,0.0093,100929.85,12300.78,0.11,0.081,0.076,0.907,26,0.2308,6,20,7.0,False,True,-0.0302,0.093,9920.6,10940.75,11,0,5,6,4,0,0,39,28,0,0,0,0,51,0.52,1.0,10,0.025,0.03,0.01,0.03,2
929.85,0.0093,100929.85,12300.78,0.11,0.081,0.076,0.907,26,0.2308,6,20,7.0,False,True,-0.0302,0.093,9920.6,10940.75,11,0,5,6,4,0,0,39,28,0,0,0,0,51,0.52,1.0,10,0.025,0.03,0.01,0.03,3
929.85,0.0093,100929.85,12300.78,0.11,0.081,0.076,0.907,26,0.2308,6,20,7.0,False,True,-0.0302,0.093,9920.6,10940.75,11,0,5,6,4,0,0,39,28,0,0,0,0,51,0.52,1.0,10,0.025,0.03,0.01,0.05,1
929.85,0.0093,100929.85,12300.78,0.11,0.081,0.076,0.907,26,0.2308,6,20,7.0,False,True,-0.0302,0.093,9920.6,10940.75,11,0,5,6,4,0,0,39,28,0,0,0,0,51,0.52,1.0,10,0.025,0.03,0.01,0.05,2
929.85,0.0093,100929.85,12300.78,0.11,0.081,0.076,0.907,26,0.2308,6,20,7.0,False,True,-0.0302,0.093,9920.6,10940.75,11,0,5,6,4,0,0,39,28,0,0,0,0,51,0.52,1.0,10,0.025,0.03,0.01,0.05,3
929.85,0.0093,100929.85,12300.78,0.11,0.081,0.076,0.907,26,0.2308,6,20,7.0,False,True,-0.0302,0.093,9920.6,10940.75,11,0,5,6,4,0,0,39,28,0,0,0,0,51,0.52,1.0,10,0.025,0.03,0.02,0.03,1
929.85,0.0093,100929.85,12300.78,0.11,0.081,0.076,0.907,26,0.2308,6,20,7.0,False,True,-0.0302,0.093,9920.6,10940.75,11,0,5,6,4,0,0,39,28,0,0,0,0,51,0.52,1.0,10,0.025,0.03,0.02,0.03,2
929.85,0.0093,100929.85,12300.78,0.11,0.081,0.076,0.907,26,0.2308,6,20,7.0,False,True,-0.0302,0.093,9920.6,10940.75,11,0,5,6,4,0,0,39,28,0,0,0,0,51,0.52,1.0,10,0.025,0.03,0.02,0.03,3
929.85,0.0093,100929.85,12300.78,0.11,0.081,0.076,0.907,26,0.2308,6,20,7.0,False,True,-0.0302,0.093,9920.6,10940.75,11,0,5,6,4,0,0,39,28,0,0,0,0,51,0.52,1.0,10,0.025,0.03,0.02,0.05,1
929.85,0.0093,100929.85,12300.78,0.11,0.081,0.076,0.907,26,0.2308,6,20,7.0,False,True,-0.0302,0.093,9920.6,10940.75,11,0,5,6,4,0,0,39,28,0,0,0,0,51,0.52,1.0,10,0.025,0.03,0.02,0.05,2
929.85,0.0093,100929.85,12300.78,0.11,0.081,0.076,0.907,26,0.2308,6,20,7.0,False,True,-0.0302,0.093,9920.6,10940.75,11,0,5,6,4,0,0,39,28,0,0,0,0,51,0.52,1.0,10,0.025,0.03,0.02,0.05,3
47.17,0.0005,100047.17,11789.63,0.1054,0.034,0.004,1.004,20,0.3,6,14,9.0,False,True,-0.0559,0.093,9916.1,9880.65,7,0,6,5,2,0,0,20,9,0,0,0,0,38,0.52,1.0,10,0.035,0.02,0.01,0.03,1
47.17,0.0005,100047.17,11789.63,0.1054,0.034,0.004,1.004,20,0.3,6,14,9.0,False,True,-0.0559,0.093,9916.1,9880.65,7,0,6,5,2,0,0,20,9,0,0,0,0,38,0.52,1.0,10,0.035,0.02,0.01,0.03,2
47.17,0.0005,100047.17,11789.63,0.1054,0.034,0.004,1.004,20,0.3,6,14,9.0,False,True,-0.0559,0.093,9916.1,9880.65,7,0,6,5,2,0,0,20,9,0,0,0,0,38,0.52,1.0,10,0.035,0.02,0.01,0.03,3
280.77,0.0028,100280.77,11556.03,0.1033,0.049,0.024,1.02,17,0.2941,5,12,7.4,False,True,-0.0825,0.093,9900.64,9709.35,5,0,4,5,3,0,0,15,6,0,0,0,0,32,0.52,1.0,10,0.035,0.02,0.01,0.05,1
280.77,0.0028,100280.77,11556.03,0.1033,0.049,0.024,1.02,17,0.2941,5,12,7.4,False,True,-0.0825,0.093,9900.64,9709.35,5,0,4,5,3,0,0,15,6,0,0,0,0,32,0.52,1.0,10,0.035,0.02,0.01,0.05,2
280.77,0.0028,100280.77,11556.03,0.1033,0.049,0.024,1.02,17,0.2941,5,12,7.4,False,True,-0.0825,0.093,9900.64,9709.35,5,0,4,5,3,0,0,15,6,0,0,0,0,32,0.52,1.0,10,0.035,0.02,0.01,0.05,3
47.17,0.0005,100047.17,11789.63,0.1054,0.034,0.004,1.004,20,0.3,6,14,9.0,False,True,-0.0559,0.093,9916.1,9880.65,7,0,6,5,2,0,0,20,9,0,0,0,0,38,0.52,1.0,10,0.035,0.02,0.02,0.03,1
47.17,0.0005,100047.17,11789.63,0.1054,0.034,0.004,1.004,20,0.3,6,14,9.0,False,True,-0.0559,0.093,9916.1,9880.65,7,0,6,5,2,0,0,20,9,0,0,0,0,38,0.52,1.0,10,0.035,0.02,0.02,0.03,2
47.17,0.0005,100047.17,11789.63,0.1054,0.034,0.004,1.004,20,0.3,6,14,9.0,False,True,-0.0559,0.093,9916.1,9880.65,7,0,6,5,2,0,0,20,9,0,0,0,0,38,0.52,1.0,10,0.035,0.02,0.02,0.03,3
280.77,0.0028,100280.77,11556.03,0.1033,0.049,0.024,1.02,17,0.2941,5,12,7.4,False,True,-0.0825,0.093,9900.64,9709.35,5,0,4,5,3,0,0,15,6,0,0,0,0,32,0.52,1.0,10,0.035,0.02,0.02,0.05,1
280.77,0.0028,100280.77,11556.03,0.1033,0.049,0.024,1.02,17,0.2941,5,12,7.4,False,True,-0.0825,0.093,9900.64,9709.35,5,0,4,5,3,0,0,15,6,0,0,0,0,32,0.52,1.0,10,0.035,0.02,0.02,0.05,2
280.77,0.0028,100280.77,11556.03,0.1033,0.049,0.024,1.02,17,0.2941,5,12,7.4,False,True,-0.0825,0.093,9900.64,9709.35,5,0,4,5,3,0,0,15,6,0,0,0,0,32,0.52,1.0,10,0.035,0.02,0.02,0.05,3
47.17,0.0005,100047.17,11789.63,0.1054,0.034,0.004,1.004,20,0.3,6,14,9.0,False,True,-0.0559,0.093,9916.1,9880.65,7,0,6,5,2,0,0,20,9,0,0,0,0,38,0.52,1.0,10,0.035,0.03,0.01,0.03,1
47.17,0.0005,100047.17,11789.63,0.1054,0.034,0.004,1.004,20,0.3,6,14,9.0,False,True,-0.0559,0.093,9916.1,9880.65,7,0,6,5,2,0,0,20,9,0,0,0,0,38,0.52,1.0,10,0.035,0.03,0.01,0.03,2
47.17,0.0005,100047.17,11789.63,0.1054,0.034,0.004,1.004,20,0.3,6,14,9.0,False,True,-0.0559,0.093,9916.1,9880.65,7,0,6,5,2,0,0,20,9,0,0,0,0,38,0.52,1.0,10,0.035,0.03,0.01,0.03,3
280.77,0.0028,100280.77,11556.03,0.1033,0.049,0.024,1.02,17,0.2941,5,12,7.4,False,True,-0.0825,0.093,9900.64,9709.35,5,0,4,5,3,0,0,15,6,0,0,0,0,32,0.52,1.0,10,0.035,0.03,0.01,0.05,1
280.77,0.0028,100280.77,11556.03,0.1033,0.049,0.024,1.02,17,0.2941,5,12,7.4,False,True,-0.0825,0.093,9900.64,9709.35,5,0,4,5,3,0,0,15,6,0,0,0,0,32,0.52,1.0,10,0.035,0.03,0.01,0.05,2
280.77,0.0028,100280.77,11556.03,0.1033,0.049,0.024,1.02,17,0.2941,5,12,7.4,False,True,-0.0825,0.093,9900.64,9709.35,5,0,4,5,3,0,0,15,6,0,0,0,0,32,0.52,1.0,10,0.035,0.03,0.01,0.05,3
47.17,0.0005,100047.17,11789.63,0.1054,0.034,0.004,1.004,20,0.3,6,14,9.0,False,True,-0.0559,0.093,9916.1,9880.65,7,0,6,5,2,0,0,20,9,0,0,0,0,38,0.52,1.0,10,0.035,0.03,0.02,0.03,1
47.17,0.0005,100047.17,11789.63,0.1054,0.034,0.004,1.004,20,0.3,6,14,9.0,False,True,-0.0559,0.093,9916.1,9880.65,7,0,6,5,2,0,0,20,9,0,0,0,0,38,0.52,1.0,10,0.035,0.03,0.02,0.03,2
47.17,0.0005,100047.17,11789.63,0.1054,0.034,0.004,1.004,20,0.3,6,14,9.0,False,True,-0.0559,0.093,9916.1,9880.65,7,0,6,5,2,0,0,20,9,0,0,0,0,38,0.52,1.0,10,0.035,0.03,0.02,0.03,3
280.77,0.0028,100280.77,11556.03,0.1033,0.049,0.024,1.02,17,0.2941,5,12,7.4,False,True,-0.0825,0.093,9900.64,9709.35,5,0,4,5,3,0,0,15,6,0,0,0,0,32,0.52,1.0,10,0.035,0.03,0.02,0.05,1
280.77,0.0028,100280.77,11556.03,0.1033,0.049,0.024,1.02,17,0.2941,5,12,7.4,False,True,-0.0825,0.093,9900.64,9709.35,5,0,4,5,3,0,0,15,6,0,0,0,0,32,0.52,1.0,10,0.035,0.03,0.02,0.05,2
280.77,0.0028,100280.77,11556.03,0.1033,0.049,0.024,1.02,17,0.2941,5,12,7.4,False,True,-0.0825,0.093,9900.64,9709.35,5,0,4,5,3,0,0,15,6,0,0,0,0,32,0.52,1.0,10,0.035,0.03,0.02,0.05,3
929.85,0.0093,100929.85,12300.78,0.11,0.081,0.076,0.907,26,0.2308,6,20,7.0,False,True,-0.0302,0.093,9920.6,10940.75,11,0,5,6,4,0,0,39,28,0,0,0,0,51,0.52,1.0,15,0.025,0.02,0.01,0.03,1
929.85,0.0093,100929.85,12300.78,0.11,0.081,0.076,0.907,26,0.2308,6,20,7.0,False,True,-0.0302,0.093,9920.6,10940.75,11,0,5,6,4,0,0,39,28,0,0,0,0,51,0.52,1.0,15,0.025,0.02,0.01,0.03,2
929.85,0.0093,100929.85,12300.78,0.11,0.081,0.076,0.907,26,0.2308,6,20,7.0,False,True,-0.0302,0.093,9920.6,10940.75,11,0,5,6,4,0,0,39,28,0,0,0,0,51,0.52,1.0,15,0.025,0.02,0.01,0.03,3
929.85,0.0093,100929.85,12300.78,0.11,0.081,0.076,0.907,26,0.2308,6,20,7.0,False,True,-0.0302,0.093,9920.6,10940.75,11,0,5,6,4,0,0,39,28,0,0,0,0,51,0.52,1.0,15,0.025,0.02,0.01,0.05,1
929.85,0.0093,100929.85,12300.78,0.11,0.081,0.076,0.907,26,0.2308,6,20,7.0,False,True,-0.0302,0.093,9920.6,10940.75,11,0,5,6,4,0,0,39,28,0,0,0,0,51,0.52,1.0,15,0.025,0.02,0.01,0.05,2
929.85,0.0093,100929.85,12300.78,0.11,0.081,0.076,0.907,26,0.2308,6,20,7.0,False,True,-0.0302,0.093,9920.6,10940.75,11,0,5,6,4,0,0,39,28,0,0,0,0,51,0.52,1.0,15,0.025,0.02,0.01,0.05,3
929.85,0.0093,100929.85,12300.78,0.11,0.081,0.076,0.907,26,0.2308,6,20,7.0,False,True,-0.0302,0.093,9920.6,10940.75,11,0,5,6,4,0,0,39,28,0,0,0,0,51,0.52,1.0,15,0.025,0.02,0.02,0.03,1
929.85,0.0093,100929.85,12300.78,0.11,0.081,0.076,0.907,26,0.2308,6,20,7.0,False,True,-0.0302,0.093,9920.6,10940.75,11,0,5,6,4,0,0,39,28,0,0,0,0,51,0.52,1.0,15,0.025,0.02,0.02,0.03,2
929.85,0.0093,100929.85,12300.78,0.11,0.081,0.076,0.907,26,0.2308,6,20,7.0,False,True,-0.0302,0.093,9920.6,10940.75,11,0,5,6,4,0,0,39,28,0,0,0,0,51,0.52,1.0,15,0.025,0.02,0.02,0.03,3
929.85,0.0093,100929.85,12300.78,0.11,0.081,0.076,0.907,26,0.2308,6,20,7.0,False,True,-0.0302,0.093,9920.6,10940.75,11,0,5,6,4,0,0,39,28,0,0,0,0,51,0.52,1.0,15,0.025,0.02,0.02,0.05,1
929.85,0.0093,100929.85,12300.78,0.11,0.081,0.076,0.907,26,0.2308,6,20,7.0,False,True,-0.0302,0.093,9920.6,10940.75,11,0,5,6,4,0,0,39,28,0,0,0,0,51,0.52,1.0,15,0.025,0.02,0.02,0.05,2
929.85,0.0093,100929.85,12300.78,0.11,0.081,0.076,0.907,26,0.2308,6,20,7.0,False,True,-0.0302,0.093,9920.6,10940.75,11,0,5,6,4,0,0,39,28,0,0,0,0,51,0.52,1.0,15,0.025,0.02,0.02,0.05,3
929.85,0.0093,100929.85,12300.78,0.11,0.081,0.076,0.907,26,0.2308,6,20,7.0,False,True,-0.0302,0.093,9920.6,10940.75,11,0,5,6,4,0,0,39,28,0,0,0,0,51,0.52,1.0,15,0.025,0.03,0.01,0.03,1
929.85,0.0093,100929.85,12300.78,0.11,0.081,0.076,0.907,26,0.2308,6,20,7.0,False,True,-0.0302,0.093,9920.6,10940.75,11,0,5,6,4,0,0,39,28,0,0,0,0,51,0.52,1.0,15,0.025,0.03,0.01,0.03,2
929.85,0.0093,100929.85,12300.78,0.11,0.081,0.076,0.907,26,0.2308,6,20,7.0,False,True,-0.0302,0.093,9920.6,10940.75,11,0,5,6,4,0,0,39,28,0,0,0,0,51,0.52,1.0,15,0.025,0.03,0.01,0.03,3
929.85,0.0093,100929.85,12300.78,0.11,0.081,0.076,0.907,26,0.2308,6,20,7.0,False,True,-0.0302,0.093,9920.6,10940.75,11,0,5,6,4,0,0,39,28,0,0,0,0,51,0.52,1.0,15,0.025,0.03,0.01,0.05,1
929.85,0.0093,100929.85,12300.78,0.11,0.081,0.076,0.907,26,0.2308,6,20,7.0,False,True,-0.0302,0.093,9920.6,10940.75,11,0,5,6,4,0,0,39,28,0,0,0,0,51,0.52,1.0,15,0.025,0.03,0.01,0.05,2
929.85,0.0093,100929.85,12300.78,0.11,0.081,0.076,0.907,26,0.2308,6,20,7.0,False,True,-0.0302,0.093,9920.6,10940.75,11,0,5,6,4,0,0,39,28,0,0,0,0,51,0.52,1.0,15,0.025,0.03,0.01,0.05,3
929.85,0.0093,100929.85,12300.78,0.11,0.081,0.076,0.907,26,0.2308,6,20,7.0,False,True,-0.0302,0.093,9920.6,10940.75,11,0,5,6,4,0,0,39,28,0,0,0,0,51,0.52,1.0,15,0.025,0.03,0.02,0.03,1
929.85,0.0093,100929.85,12300.78,0.11,0.081,0.076,0.907,26,0.2308,6,20,7.0,False,True,-0.0302,0.093,9920.6,10940.75,11,0,5,6,4,0,0,39,28,0,0,0,0,51,0.52,1.0,15,0.025,0.03,0.02,0.03,2
929.85,0.0093,100929.85,12300.78,0.11,0.081,0.076,0.907,26,0.2308,6,20,7.0,False,True,-0.0302,0.093,9920.6,10940.75,11,0,5,6,4,0,0,39,28,0,0,0,0,51,0.52,1.0,15,0.025,0.03,0.02,0.03,3
929.85,0.0093,100929.85,12300.78,0.11,0.081,0.076,0.907,26,0.2308,6,20,7.0,False,True,-0.0302,0.093,9920.6,10940.75,11,0,5,6,4,0,0,39,28,0,0,0,0,51,0.52,1.0,15,0.025,0.03,0.02,0.05,1
929.85,0.0093,100929.85,12300.78,0.11,0.081,0.076,0.907,26,0.2308,6,20,7.0,False,True,-0.0302,0.093,9920.6,10940.75,11,0,5,6,4,0,0,39,28,0,0,0,0,51,0.52,1.0,15,0.025,0.03,0.02,0.05,2
929.85,0.0093,100929.85,12300.78,0.11,0.081,0.076,0.907,26,0.2308,6,20,7.0,False,True,-0.0302,0.093,9920.6,10940.75,11,0,5,6,4,0,0,39,28,0,0,0,0,51,0.52,1.0,15,0.025,0.03,0.02,0.05,3
47.17,0.0005,100047.17,11789.63,0.1054,0.034,0.004,1.004,20,0.3,6,14,9.0,False,True,-0.0559,0.093,9916.1,9880.65,7,0,6,5,2,0,0,20,9,0,0,0,0,38,0.52,1.0,15,0.035,0.02,0.01,0.03,1
47.17,0.0005,100047.17,11789.63,0.1054,0.034,0.004,1.004,20,0.3,6,14,9.0,False,True,-0.0559,0.093,9916.1,9880.65,7,0,6,5,2,0,0,20,9,0,0,0,0,38,0.52,1.0,15,0.035,0.02,0.01,0.03,2
47.17,0.0005,100047.17,11789.63,0.1054,0.034,0.004,1.004,20,0.3,6,14,9.0,False,True,-0.0559,0.093,9916.1,9880.65,7,0,6,5,2,0,0,20,9,0,0,0,0,38,0.52,1.0,15,0.035,0.02,0.01,0.03,3
280.77,0.0028,100280.77,11556.03,0.1033,0.049,0.024,1.02,17,0.2941,5,12,7.4,False,True,-0.0825,0.093,9900.64,9709.35,5,0,4,5,3,0,0,15,6,0,0,0,0,32,0.52,1.0,15,0.035,0.02,0.01,0.05,1
280.77,0.0028,100280.77,11556.03,0.1033,0.049,0.024,1.02,17,0.2941,5,12,7.4,False,True,-0.0825,0.093,9900.64,9709.35,5,0,4,5,3,0,0,15,6,0,0,0,0,32,0.52,1.0,15,0.035,0.02,0.01,0.05,2
280.77,0.0028,100280.77,11556.03,0.1033,0.049,0.024,1.02,17,0.2941,5,12,7.4,False,True,-0.0825,0.093,9900.64,9709.35,5,0,4,5,3,0,0,15,6,0,0,0,0,32,0.52,1.0,15,0.035,0.02,0.01,0.05,3
47.17,0.0005,100047.17,11789.63,0.1054,0.034,0.004,1.004,20,0.3,6,14,9.0,False,True,-0.0559,0.093,9916.1,9880.65,7,0,6,5,2,0,0,20,9,0,0,0,0,38,0.52,1.0,15,0.035,0.02,0.02,0.03,1
47.17,0.0005,100047.17,11789.63,0.1054,0.034,0.004,1.004,20,0.3,6,14,9.0,False,True,-0.0559,0.093,9916.1,9880.65,7,0,6,5,2,0,0,20,9,0,0,0,0,38,0.52,1.0,15,0.035,0.02,0.02,0.03,2
47.17,0.0005,100047.17,11789.63,0.1054,0.034,0.004,1.004,20,0.3,6,14,9.0,False,True,-0.0559,0.093,9916.1,9880.65,7,0,6,5,2,0,0,20,9,0,0,0,0,38,0.52,1.0,15,0.035,0.02,0.02,0.03,3
280.77,0.0028,100280.77,11556.03,0.1033,0.049,0.024,1.02,17,0.2941,5,12,7.4,False,True,-0.0825,0.093,9900.64,9709.35,5,0,4,5,3,0,0,15,6,0,0,0,0,32,0.52,1.0,15,0.035,0.02,0.02,0.05,1
280.77,0.0028,100280.77,11556.03,0.1033,0.049,0.024,1.02,17,0.2941,5,12,7.4,False,True,-0.0825,0.093,9900.64,9709.35,5,0,4,5,3,0,0,15,6,0,0,0,0,32,0.52,1.0,15,0.035,0.02,0.02,0.05,2
280.77,0.0028,100280.77,11556.03,0.1033,0.049,0.024,1.02,17,0.2941,5,12,7.4,False,True,-0.0825,0.093,9900.64,9709.35,5,0,4,5,3,0,0,15,6,0,0,0,0,32,0.52,1.0,15,0.035,0.02,0.02,0.05,3
47.17,0.0005,100047.17,11789.63,0.1054,0.034,0.004,1.004,20,0.3,6,14,9.0,False,True,-0.0559,0.093,9916.1,9880.65,7,0,6,5,2,0,0,20,9,0,0,0,0,38,0.52,1.0,15,0.035,0.03,0.01,0.03,1
47.17,0.0005,100047.17,11789.63,0.1054,0.034,0.004,1.004,20,0.3,6,14,9.0,False,True,-0.0559,0.093,9916.1,9880.65,7,0,6,5,2,0,0,20,9,0,0,0,0,38,0.52,1.0,15,0.035,0.03,0.01,0.03,2
47.17,0.0005,100047.17,11789.63,0.1054,0.034,0.004,1.004,20,0.3,6,14,9.0,False,True,-0.0559,0.093,9916.1,9880.65,7,0,6,5,2,0,0,20,9,0,0,0,0,38,0.52,1.0,15,0.035,0.03,0.01,0.03,3
280.77,0.0028,100280.77,11556.03,0.1033,0.049,0.024,1.02,17,0.2941,5,12,7.4,False,True,-0.0825,0.093,9900.64,9709.35,5,0,4,5,3,0,0,15,6,0,0,0,0,32,0.52,1.0,15,0.035,0.03,0.01,0.05,1
280.77,0.0028,100280.77,11556.03,0.1033,0.049,0.024,1.02,17,0.2941,5,12,7.4,False,True,-0.0825,0.093,9900.64,9709.35,5,0,4,5,3,0,0,15,6,0,0,0,0,32,0.52,1.0,15,0.035,0.03,0.01,0.05,2
280.77,0.0028,100280.77,11556.03,0.1033,0.049,0.024,1.02,17,0.2941,5,12,7.4,False,True,-0.0825,0.093,9900.64,9709.35,5,0,4,5,3,0,0,15,6,0,0,0,0,32,0.52,1.0,15,0.035,0.03,0.01,0.05,3
47.17,0.0005,100047.17,11789.63,0.1054,0.034,0.004,1.004,20,0.3,6,14,9.0,False,True,-0.0559,0.093,9916.1,9880.65,7,0,6,5,2,0,0,20,9,0,0,0,0,38,0.52,1.0,15,0.035,0.03,0.02,0.03,1
47.17,0.0005,100047.17,11789.63,0.1054,0.034,0.004,1.004,20,0.3,6,14,9.0,False,True,-0.0559,0.093,9916.1,9880.65,7,0,6,5,2,0,0,20,9,0,0,0,0,38,0.52,1.0,15,0.035,0.03,0.02,0.03,2
47.17,0.0005,100047.17,11789.63,0.1054,0.034,0.004,1.004,20,0.3,6,14,9.0,False,True,-0.0559,0.093,9916.1,9880.65,7,0,6,5,2,0,0,20,9,0,0,0,0,38,0.52,1.0,15,0.035,0.03,0.02,0.03,3
280.77,0.0028,100280.77,11556.03,0.1033,0.049,0.024,1.02,17,0.2941,5,12,7.4,False,True,-0.0825,0.093,9900.64,9709.35,5,0,4,5,3,0,0,15,6,0,0,0,0,32,0.52,1.0,15,0.035,0.03,0.02,0.05,1
280.77,0.0028,100280.77,11556.03,0.1033,0.049,0.024,1.02,17,0.2941,5,12,7.4,False,True,-0.0825,0.093,9900.64,9709.35,5,0,4,5,3,0,0,15,6,0,0,0,0,32,0.52,1.0,15,0.035,0.03,0.02,0.05,2
280.77,0.0028,100280.77,11556.03,0.1033,0.049,0.024,1.02,17,0.2941,5,12,7.4,False,True,-0.0825,0.093,9900.64,9709.35,5,0,4,5,3,0,0,15,6,0,0,0,0,32,0.52,1.0,15,0.035,0.03,0.02,0.05,3
4112.15,0.0411,104112.15,13785.96,0.1169,0.195,0.298,1.38,15,0.3333,5,10,8.3,False,True,-0.0456,0.1393,14853.7,10760.14,6,0,3,5,1,0,0,20,7,0,0,0,0,24,0.52,1.5,5,0.025,0.02,0.01,0.03,1
4112.15,0.0411,104112.15,13785.96,0.1169,0.195,0.298,1.38,15,0.3333,5,10,8.3,False,True,-0.0456,0.1393,14853.7,10760.14,6,0,3,5,1,0,0,20,7,0,0,0,0,24,0.52,1.5,5,0.025,0.02,0.01,0.03,2
4112.15,0.0411,104112.15,13785.96,0.1169,0.195,0.298,1.38,15,0.3333,5,10,8.3,False,True,-0.0456,0.1393,14853.7,10760.14,6,0,3,5,1,0,0,20,7,0,0,0,0,24,0.52,1.5,5,0.025,0.02,0.01,0.03,3
4112.15,0.0411,104112.15,13785.96,0.1169,0.195,0.298,1.38,15,0.3333,5,10,8.3,False,True,-0.0456,0.1393,14853.7,10760.14,6,0,3,5,1,0,0,20,7,0,0,0,0,24,0.52,1.5,5,0.025,0.02,0.01,0.05,1
4112.15,0.0411,104112.15,13785.96,0.1169,0.195,0.298,1.38,15,0.3333,5,10,8.3,False,True,-0.0456,0.1393,14853.7,10760.14,6,0,3,5,1,0,0,20,7,0,0,0,0,24,0.52,1.5,5,0.025,0.02,0.01,0.05,2
4112.15,0.0411,104112.15,13785.96,0.1169,0.195,0.298,1.38,15,0.3333,5,10,8.3,False,True,-0.0456,0.1393,14853.7,10760.14,6,0,3,5,1,0,0,20,7,0,0,0,0,24,0.52,1.5,5,0.025,0.02,0.01,0.05,3
4112.15,0.0411,104112.15,13785.96,0.1169,0.195,0.298,1.38,15,0.3333,5,10,8.3,False,True,-0.0456,0.1393,14853.7,10760.14,6,0,3,5,1,0,0,20,7,0,0,0,0,24,0.52,1.5,5,0.025,0.02,0.02,0.03,1
4112.15,0.0411,104112.15,13785.96,0.1169,0.195,0.298,1.38,15,0.3333,5,10,8.3,False,True,-0.0456,0.1393,14853.7,10760.14,6,0,3,5,1,0,0,20,7,0,0,0,0,24,0.52,1.5,5,0.025,0.02,0.02,0.03,2
4112.15,0.0411,104112.15,13785.96,0.1169,0.195,0.298,1.38,15,0.3333,5,10,8.3,False,True,-0.0456,0.1393,14853.7,10760.14,6,0,3,5,1,0,0,20,7,0,0,0,0,24,0.52,1.5,5,0.025,0.02,0.02,0.03,3
4112.15,0.0411,104112.15,13785.96,0.1169,0.195,0.298,1.38,15,0.3333,5,10,8.3,False,True,-0.0456,0.1393,14853.7,10760.14,6,0,3,5,1,0,0,20,7,0,0,0,0,24,0.52,1.5,5,0.025,0.02,0.02,0.05,1
4112.15,0.0411,104112.15,13785.96,0.1169,0.195,0.298,1.38,15,0.3333,5,10,8.3,False,True,-0.0456,0.1393,14853.7,10760.14,6,0,3,5,1,0,0,20,7,0,0,0,0,24,0.52,1.5,5,0.025,0.02,0.02,0.05,2
4112.15,0.0411,104112.15,13785.96,0.1169,0.195,0.298,1.38,15,0.3333,5,10,8.3,False,True,-0.0456,0.1393,14853.7,10760.14,6,0,3,5,1,0,0,20,7,0,0,0,0,24,0.52,1.5,5,0.025,0.02,0.02,0.05,3
4112.15,0.0411,104112.15,13785.96,0.1169,0.195,0.298,1.38,15,0.3333,5,10,8.3,False,True,-0.0456,0.1393,14853.7,10760.14,6,0,3,5,1,0,0,20,7,0,0,0,0,24,0.52,1.5,5,0.025,0.03,0.01,0.03,1
4112.15,0.0411,104112.15,13785.96,0.1169,0.195,0.298,1.38,15,0.3333,5,10,8.3,False,True,-0.0456,0.1393,14853.7,10760.14,6,0,3,5,1,0,0,20,7,0,0,0,0,24,0.52,1.5,5,0.025,0.03,0.01,0.03,2
4112.15,0.0411,104112.15,13785.96,0.1169,0.195,0.298,1.38,15,0.3333,5,10,8.3,False,True,-0.0456,0.1393,14853.7,10760.14,6,0,3,5,1,0,0,20,7,0,0,0,0,24,0.52,1.5,5,0.025,0.03,0.01,0.03,3
4112.15,0.0411,104112.15,13785.96,0.1169,0.195,0.298,1.38,15,0.3333,5,10,8.3,False,True,-0.0456,0.1393,14853.7,10760.14,6,0,3,5,1,0,0,20,7,0,0,0,0,24,0.52,1.5,5,0.025,0.03,0.01,0.05,1
4112.15,0.0411,104112.15,13785.96,0.1169,0.195,0.298,1.38,15,0.3333,5,10,8.3,False,True,-0.0456,0.1393,14853.7,10760.14,6,0,3,5,1,0,0,20,7,0,0,0,0,24,0.52,1.5,5,0.025,0.03,0.01,0.05,2
4112.15,0.0411,104112.15,13785.96,0.1169,0.195,0.298,1.38,15,0.3333,5,10,8.3,False,True,-0.0456,0.1393,14853.7,10760.14,6,0,3,5,1,0,0,20,7,0,0,0,0,24,0.52,1.5,5,0.025,0.03,0.01,0.05,3
4112.15,0.0411,104112.15,13785.96,0.1169,0.195,0.298,1.38,15,0.3333,5,10,8.3,False,True,-0.0456,0.1393,14853.7,10760.14,6,0,3,5,1,0,0,20,7,0,0,0,0,24,0.52,1.5,5,0.025,0.03,0.02,0.03,1
4112.15,0.0411,104112.15,13785.96,0.1169,0.195,0.298,1.38,15,0.3333,5,10,8.3,False,True,-0.0456,0.1393,14853.7,10760.14,6,0,3,5,1,0,0,20,7,0,0,0,0,24,0.52,1.5,5,0.025,0.03,0.02,0.03,2
4112.15,0.0411,104112.15,13785.96,0.1169,0.195,0.298,1.38,15,0.3333,5,10,8.3,False,True,-0.0456,0.1393,14853.7,10760.14,6,0,3,5,1,0,0,20,7,0,0,0,0,24,0.52,1.5,5,0.025,0.03,0.02,0.03,3
4112.15,0.0411,104112.15,13785.96,0.1169,0.195,0.298,1.38,15,0.3333,5,10,8.3,False,True,-0.0456,0.1393,14853.7,10760.14,6,0,3,5,1,0,0,20,7,0,0,0,0,24,0.52,1.5,5,0.025,0.03,0.02,0.05,1
4112.15,0.0411,104112.15,13785.96,0.1169,0.195,0.298,1.38,15,0.3333,5,10,8.3,False,True,-0.0456,0.1393,14853.7,10760.14,6,0,3,5,1,0,0,20,7,0,0,0,0,24,0.52,1.5,5,0.025,0.03,0.02,0.05,2
4112.15,0.0411,104112.15,13785.96,0.1169,0.195,0.298,1.38,15,0.3333,5,10,8.3,False,True,-0.0456,0.1393,14853.7,10760.14,6,0,3,5,1,0,0,20,7,0,0,0,0,24,0.52,1.5,5,0.025,0.03,0.02,0.05,3
4112.15,0.0411,104112.15,13785.96,0.1169,0.195,0.298,1.38,15,0.3333,5,10,8.3,False,True,-0.0456,0.1393,14853.7,10760.14,6,0,3,5,1,0,0,20,7,0,0,0,0,24,0.52,1.5,5,0.035,0.02,0.01,0.03,1
4112.15,0.0411,104112.15,13785.96,0.1169,0.195,0.298,1.38,15,0.3333,5,10,8.3,False,True,-0.0456,0.1393,14853.7,10760.14,6,0,3,5,1,0,0,20,7,0,0,0,0,24,0.52,1.5,5,0.035,0.02,0.01,0.03,2
4112.15,0.0411,104112.15,13785.96,0.1169,0.195,0.298,1.38,15,0.3333,5,10,8.3,False,True,-0.0456,0.1393,14853.7,10760.14,6,0,3,5,1,0,0,20,7,0,0,0,0,24,0.52,1.5,5,0.035,0.02,0.01,0.03,3
4112.15,0.0411,104112.15,13785.96,0.1169,0.195,0.298,1.38,15,0.3333,5,10,8.3,False,True,-0.0456,0.1393,14853.7,10760.14,6,0,3,5,1,0,0,20,7,0,0,0,0,24,0.52,1.5,5,0.035,0.02,0.01,0.05,1
4112.15,0.0411,104112.15,13785.96,0.1169,0.195,0.298,1.38,15,0.3333,5,10,8.3,False,True,-0.0456,0.1393,14853.7,10760.14,6,0,3,5,1,0,0,20,7,0,0,0,0,24,0.52,1.5,5,0.035,0.02,0.01,0.05,2
4112.15,0.0411,104112.15,13785.96,0.1169,0.195,0.298,1.38,15,0.3333,5,10,8.3,False,True,-0.0456,0.1393,14853.7,10760.14,6,0,3,5,1,0,0,20,7,0,0,0,0,24,0.52,1.5,5,0.035,0.02,0.01,0.05,3
4112.15,0.0411,104112.15,13785.96,0.1169,0.195,0.298,1.38,15,0.3333,5,10,8.3,False,True,-0.0456,0.1393,14853.7,10760.14,6,0,3,5,1,0,0,20,7,0,0,0,0,24,0.52,1.5,5,0.035,0.02,0.02,0.03,1
4112.15,0.0411,104112.15,13785.96,0.1169,0.195,0.298,1.38,15,0.3333,5,10,8.3,False,True,-0.0456,0.1393,14853.7,10760.14,6,0,3,5,1,0,0,20,7,0,0,0,0,24,0.52,1.5,5,0.035,0.02,0.02,0.03,2
4112.15,0.0411,104112.15,13785.96,0.1169,0.195,0.298,1.38,15,0.3333,5,10,8.3,False,True,-0.0456,0.1393,14853.7,10760.14,6,0,3,5,1,0,0,20,7,0,0,0,0,24,0.52,1.5,5,0.035,0.02,0.02,0.03,3
4112.15,0.0411,104112.15,13785.96,0.1169,0.195,0.298,1.38,15,0.3333,5,10,8.3,False,True,-0.0456,0.1393,14853.7,10760.14,6,0,3,5,1,0,0,20,7,0,0,0,0,24,0.52,1.5,5,0.035,0.02,0.02,0.05,1
4112.15,0.0411,104112.15,13785.96,0.1169,0.195,0.298,1.38,15,0.3333,5,10,8.3,False,True,-0.0456,0.1393,14853.7,10760.14,6,0,3,5,1,0,0,20,7,0,0,0,0,24,0.52,1.5,5,0.035,0.02,0.02,0.05,2
4112.15,0.0411,104112.15,13785.96,0.1169,0.195,0.298,1.38,15,0.3333,5,10,8.3,False,True,-0.0456,0.1393,14853.7,10760.14,6,0,3,5,1,0,0,20,7,0,0,0,0,24,0.52,1.5,5,0.035,0.02,0.02,0.05,3
4112.15,0.0411,104112.15,13785.96,0.1169,0.195,0.298,1.38,15,0.3333,5,10,8.3,False,True,-0.0456,0.1393,14853.7,10760.14,6,0,3,5,1,0,0,20,7,0,0,0,0,24,0.52,1.5,5,0.035,0.03,0.01,0.03,1
4112.15,0.0411,104112.15,13785.96,0.1169,0.195,0.298,1.38,15,0.3333,5,10,8.3,False,True,-0.0456,0.1393,14853.7,10760.14,6,0,3,5,1,0,0,20,7,0,0,0,0,24,0.52,1.5,5,0.035,0.03,0.01,0.03,2
4112.15,0.0411,104112.15,13785.96,0.1169,0.195,0.298,1.38,15,0.3333,5,10,8.3,False,True,-0.0456,0.1393,14853.7,10760.14,6,0,3,5,1,0,0,20,7,0,0,0,0,24,0.52,1.5,5,0.035,0.03,0.01,0.03,3
4112.15,0.0411,104112.15,13785.96,0.1169,0.195,0.298,1.38,15,0.3333,5,10,8.3,False,True,-0.0456,0.1393,14853.7,10760.14,6,0,3,5,1,0,0,20,7,0,0,0,0,24,0.52,1.5,5,0.035,0.03,0.01,0.05,1
4112.15,0.0411,104112.15,13785.96,0.1169,0.195,0.298,1.38,15,0.3333,5,10,8.3,False,True,-0.0456,0.1393,14853.7,10760.14,6,0,3,5,1,0,0,20,7,0,0,0,0,24,0.52,1.5,5,0.035,0.03,0.01,0.05,2
4112.15,0.0411,104112.15,13785.96,0.1169,0.195,0.298,1.38,15,0.3333,5,10,8.3,False,True,-0.0456,0.1393,14853.7,10760.14,6,0,3,5,1,0,0,20,7,0,0,0,0,24,0.52,1.5,5,0.035,0.03,0.01,0.05,3
4112.15,0.0411,104112.15,13785.96,0.1169,0.195,0.298,1.38,15,0.3333,5,10,8.3,False,True,-0.0456,0.1393,14853.7,10760.14,6,0,3,5,1,0,0,20,7,0,0,0,0,24,0.52,1.5,5,0.035,0.03,0.02,0.03,1
4112.15,0.0411,104112.15,13785.96,0.1169,0.195,0.298,1.38,15,0.3333,5,10,8.3,False,True,-0.0456,0.1393,14853.7,10760.14,6,0,3,5,1,0,0,20,7,0,0,0,0,24,0.52,1.5,5,0.035,0.03,0.02,0.03,2
4112.15,0.0411,104112.15,13785.96,0.1169,0.195,0.298,1.38,15,0.3333,5,10,8.3,False,True,-0.0456,0.1393,14853.7,10760.14,6,0,3,5,1,0,0,20,7,0,0,0,0,24,0.52,1.5,5,0.035,0.03,0.02,0.03,3
4112.15,0.0411,104112.15,13785.96,0.1169,0.195,0.298,1.38,15,0.3333,5,10,8.3,False,True,-0.0456,0.1393,14853.7,10760.14,6,0,3,5,1,0,0,20,7,0,0,0,0,24,0.52,1.5,5,0.035,0.03,0.02,0.05,1
4112.15,0.0411,104112.15,13785.96,0.1169,0.195,0.298,1.38,15,0.3333,5,10,8.3,False,True,-0.0456,0.1393,14853.7,10760.14,6,0,3,5,1,0,0,20,7,0,0,0,0,24,0.52,1.5,5,0.035,0.03,0.02,0.05,2
4112.15,0.0411,104112.15,13785.96,0.1169,0.195,0.298,1.38,15,0.3333,5,10,8.3,False,True,-0.0456,0.1393,14853.7,10760.14,6,0,3,5,1,0,0,20,7,0,0,0,0,24,0.52,1.5,5,0.035,0.03,0.02,0.05,3
4112.15,0.0411,104112.15,13785.96,0.1169,0.195,0.298,1.38,15,0.3333,5,10,8.3,False,True,-0.0456,0.1393,14853.7,10760.14,6,0,3,5,1,0,0,20,7,0,0,0,0,24,0.52,1.5,10,0.025,0.02,0.01,0.03,1
4112.15,0.0411,104112.15,13785.96,0.1169,0.195,0.298,1.38,15,0.3333,5,10,8.3,False,True,-0.0456,0.1393,14853.7,10760.14,6,0,3,5,1,0,0,20,7,0,0,0,0,24,0.52,1.5,10,0.025,0.02,0.01,0.03,2
4112.15,0.0411,104112.15,13785.96,0.1169,0.195,0.298,1.38,15,0.3333,5,10,8.3,False,True,-0.0456,0.1393,14853.7,10760.14,6,0,3,5,1,0,0,20,7,0,0,0,0,24,0.52,1.5,10,0.025,0.02,0.01,0.03,3
4112.15,0.0411,104112.15,13785.96,0.1169,0.195,0.298,1.38,15,0.3333,5,10,8.3,False,True,-0.0456,0.1393,14853.7,10760.14,6,0,3,5,1,0,0,20,7,0,0,0,0,24,0.52,1.5,10,0.025,0.02,0.01,0.05,1
4112.15,0.0411,104112.15,13785.96,0.1169,0.195,0.298,1.38,15,0.3333,5,10,8.3,False,True,-0.0456,0.1393,14853.7,10760.14,6,0,3,5,1,0,0,20,7,0,0,0,0,24,0.52,1.5,10,0.025,0.02,0.01,0.05,2
4112.15,0.0411,104112.15,13785.96,0.1169,0.195,0.298,1.38,15,0.3333,5,10,8.3,False,True,-0.0456,0.1393,14853.7,10760.14,6,0,3,5,1,0,0,20,7,0,0,0,0,24,0.52,1.5,10,0.025,0.02,0.01,0.05,3
4112.15,0.0411,104112.15,13785.96,0.1169,0.195,0.298,1.38,15,0.3333,5,10,8.3,False,True,-0.0456,0.1393,14853.7,10760.14,6,0,3,5,1,0,0,20,7,0,0,0,0,24,0.52,1.5,10,0.025,0.02,0.02,0.03,1
4112.15,0.0411,104112.15,13785.96,0.1169,0.195,0.298,1.38,15,0.3333,5,10,8.3,False,True,-0.0456,0.1393,14853.7,10760.14,6,0,3,5,1,0,0,20,7,0,0,0,0,24,0.52,1.5,10,0.025,0.02,0.02,0.03,2
4112.15,0.0411,104112.15,13785.96,0.1169,0.195,0.298,1.38,15,0.3333,5,10,8.3,False,True,-0.0456,0.1393,14853.7,10760.14,6,0,3,5,1,0,0,20,7,0,0,0,0,24,0.52,1.5,10,0.025,0.02,0.02,0.03,3
4112.15,0.0411,104112.15,13785.96,0.1169,0.195,0.298,1.38,15,0.3333,5,10,8.3,False,True,-0.0456,0.1393,14853.7,10760.14,6,0,3,5,1,0,0,20,7,0,0,0,0,24,0.52,1.5,10,0.025,0.02,0.02,0.05,1
4112.15,0.0411,104112.15,13785.96,0.1169,0.195,0.298,1.38,15,0.3333,5,10,8.3,False,True,-0.0456,0.1393,14853.7,10760.14,6,0,3,5,1,0,0,20,7,0,0,0,0,24,0.52,1.5,10,0.025,0.02,0.02,0.05,2
4112.15,0.0411,104112.15,13785.96,0.1169,0.195,0.298,1.38,15,0.3333,5,10,8.3,False,True,-0.0456,0.1393,14853.7,10760.14,6,0,3,5,1,0,0,20,7,0,0,0,0,24,0.52,1.5,10,0.025,0.02,0.02,0.05,3
4112.15,0.0411,104112.15,13785.96,0.1169,0.195,0.298,1.38,15,0.3333,5,10,8.3,False,True,-0.0456,0.1393,14853.7,10760.14,6,0,3,5,1,0,0,20,7,0,0,0,0,24,0.52,1.5,10,0.025,0.03,0.01,0.03,1
4112.15,0.0411,104112.15,13785.96,0.1169,0.195,0.298,1.38,15,0.3333,5,10,8.3,False,True,-0.0456,0.1393,14853.7,10760.14,6,0,3,5,1,0,0,20,7,0,0,0,0,24,0.52,1.5,10,0.025,0.03,0.01,0.03,2
4112.15,0.0411,104112.15,13785.96,0.1169,0.195,0.298,1.38,15,0.3333,5,10,8.3,False,True,-0.0456,0.1393,14853.7,10760.14,6,0,3,5,1,0,0,20,7,0,0,0,0,24,0.52,1.5,10,0.025,0.03,0.01,0.03,3
4112.15,0.0411,104112.15,13785.96,0.1169,0.195,0.298,1.38,15,0.3333,5,10,8.3,False,True,-0.0456,0.1393,14853.7,10760.14,6,0,3,5,1,0,0,20,7,0,0,0,0,24,0.52,1.5,10,0.025,0.03,0.01,0.05,1
4112.15,0.0411,104112.15,13785.96,0.1169,0.195,0.298,1.38,15,0.3333,5,10,8.3,False,True,-0.0456,0.1393,14853.7,10760.14,6,0,3,5,1,0,0,20,7,0,0,0,0,24,0.52,1.5,10,0.025,0.03,0.01,0.05,2
4112.15,0.0411,104112.15,13785.96,0.1169,0.195,0.298,1.38,15,0.3333,5,10,8.3,False,True,-0.0456,0.1393,14853.7,10760.14,6,0,3,5,1,0,0,20,7,0,0,0,0,24,0.52,1.5,10,0.025,0.03,0.01,0.05,3
4112.15,0.0411,104112.15,13785.96,0.1169,0.195,0.298,1.38,15,0.3333,5,10,8.3,False,True,-0.0456,0.1393,14853.7,10760.14,6,0,3,5,1,0,0,20,7,0,0,0,0,24,0.52,1.5,10,0.025,0.03,0.02,0.03,1
4112.15,0.0411,104112.15,13785.96,0.1169,0.195,0.298,1.38,15,0.3333,5,10,8.3,False,True,-0.0456,0.1393,14853.7,10760.14,6,0,3,5,1,0,0,20,7,0,0,0,0,24,0.52,1.5,10,0.025,0.03,0.02,0.03,2
4112.15,0.0411,104112.15,13785.96,0.1169,0.195,0.298,1.38,15,0.3333,5,10,8.3,False,True,-0.0456,0.1393,14853.7,10760.14,6,0,3,5,1,0,0,20,7,0,0,0,0,24,0.52,1.5,10,0.025,0.03,0.02,0.03,3
4112.15,0.0411,104112.15,13785.96,0.1169,0.195,0.298,1.38,15,0.3333,5,10,8.3,False,True,-0.0456,0.1393,14853.7,10760.14,6,0,3,5,1,0,0,20,7,0,0,0,0,24,0.52,1.5,10,0.025,0.03,0.02,0.05,1
4112.15,0.0411,104112.15,13785.96,0.1169,0.195,0.298,1.38,15,0.3333,5,10,8.3,False,True,-0.0456,0.1393,14853.7,10760.14,6,0,3,5,1,0,0,20,7,0,0,0,0,24,0.52,1.5,10,0.025,0.03,0.02,0.05,2
4112.15,0.0411,104112.15,13785.96,0.1169,0.195,0.298,1.38,15,0.3333,5,10,8.3,False,True,-0.0456,0.1393,14853.7,10760.14,6,0,3,5,1,0,0,20,7,0,0,0,0,24,0.52,1.5,10,0.025,0.03,0.02,0.05,3
4112.15,0.0411,104112.15,13785.96,0.1169,0.195,0.298,1.38,15,0.3333,5,10,8.3,False,True,-0.0456,0.1393,14853.7,10760.14,6,0,3,5,1,0,0,20,7,0,0,0,0,24,0.52,1.5,10,0.035,0.02,0.01,0.03,1
4112.15,0.0411,104112.15,13785.96,0.1169,0.195,0.298,1.38,15,0.3333,5,10,8.3,False,True,-0.0456,0.1393,14853.7,10760.14,6,0,3,5,1,0,0,20,7,0,0,0,0,24,0.52,1.5,10,0.035,0.02,0.01,0.03,2
4112.15,0.0411,104112.15,13785.96,0.1169,0.195,0.298,1.38,15,0.3333,5,10,8.3,False,True,-0.0456,0.1393,14853.7,10760.14,6,0,3,5,1,0,0,20,7,0,0,0,0,24,0.52,1.5,10,0.035,0.02,0.01,0.03,3
4112.15,0.0411,104112.15,13785.96,0.1169,0.195,0.298,1.38,15,0.3333,5,10,8.3,False,True,-0.0456,0.1393,14853.7,10760.14,6,0,3,5,1,0,0,20,7,0,0,0,0,24,0.52,1.5,10,0.035,0.02,0.01,0.05,1
4112.15,0.0411,104112.15,13785.96,0.1169,0.195,0.298,1.38,15,0.3333,5,10,8.3,False,True,-0.0456,0.1393,14853.7,10760.14,6,0,3,5,1,0,0,20,7,0,0,0,0,24,0.52,1.5,10,0.035,0.02,0.01,0.05,2
4112.15,0.0411,104112.15,13785.96,0.1169,0.195,0.298,1.38,15,0.3333,5,10,8.3,False,True,-0.0456,0.1393,14853.7,10760.14,6,0,3,5,1,0,0,20,7,0,0,0,0,24,0.52,1.5,10,0.035,0.02,0.01,0.05,3
4112.15,0.0411,104112.15,13785.96,0.1169,0.195,0.298,1.38,15,0.3333,5,10,8.3,False,True,-0.0456,0.1393,14853.7,10760.14,6,0,3,5,1,0,0,20,7,0,0,0,0,24,0.52,1.5,10,0.035,0.02,0.02,0.03,1
4112.15,0.0411,104112.15,13785.96,0.1169,0.195,0.298,1.38,15,0.3333,5,10,8.3,False,True,-0.0456,0.1393,14853.7,10760.14,6,0,3,5,1,0,0,20,7,0,0,0,0,24,0.52,1.5,10,0.035,0.02,0.02,0.03,2
4112.15,0.0411,104112.15,13785.96,0.1169,0.195,0.298,1.38,15,0.3333,5,10,8.3,False,True,-0.0456,0.1393,14853.7,10760.14,6,0,3,5,1,0,0,20,7,0,0,0,0,24,0.52,1.5,10,0.035,0.02,0.02,0.03,3
4112.15,0.0411,104112.15,13785.96,0.1169,0.195,0.298,1.38,15,0.3333,5,10,8.3,False,True,-0.0456,0.1393,14853.7,10760.14,6,0,3,5,1,0,0,20,7,0,0,0,0,24,0.52,1.5,10,0.035,0.02,0.02,0.05,1
4112.15,0.0411,104112.15,13785.96,0.1169,0.195,0.298,1.38,15,0.3333,5,10,8.3,False,True,-0.0456,0.1393,14853.7,10760.14,6,0,3,5,1,0,0,20,7,0,0,0,0,24,0.52,1.5,10,0.035,0.02,0.02,0.05,2
4112.15,0.0411,104112.15,13785.96,0.1169,0.195,0.298,1.38,15,0.3333,5,10,8.3,False,True,-0.0456,0.1393,14853.7,10760.14,6,0,3,5,1,0,0,20,7,0,0,0,0,24,0.52,1.5,10,0.035,0.02,0.02,0.05,3
4112.15,0.0411,104112.15,13785.96,0.1169,0.195,0.298,1.38,15,0.3333,5,10,8.3,False,True,-0.0456,0.1393,14853.7,10760.14,6,0,3,5,1,0,0,20,7,0,0,0,0,24,0.52,1.5,10,0.035,0.03,0.01,0.03,1
4112.15,0.0411,104112.15,13785.96,0.1169,0.195,0.298,1.38,15,0.3333,5,10,8.3,False,True,-0.0456,0.1393,14853.7,10760.14,6,0,3,5,1,0,0,20,7,0,0,0,0,24,0.52,1.5,10,0.035,0.03,0.01,0.03,2
4112.15,0.0411,104112.15,13785.96,0.1169,0.195,0.298,1.38,15,0.3333,5,10,8.3,False,True,-0.0456,0.1393,14853.7,10760.14,6,0,3,5,1,0,0,20,7,0,0,0,0,24,0.52,1.5,10,0.035,0.03,0.01,0.03,3
4112.15,0.0411,104112.15,13785.96,0.1169,0.195,0.298,1.38,15,0.3333,5,10,8.3,False,True,-0.0456,0.1393,14853.7,10760.14,6,0,3,5,1,0,0,20,7,0,0,0,0,24,0.52,1.5,10,0.035,0.03,0.01,0.05,1
4112.15,0.0411,104112.15,13785.96,0.1169,0.195,0.298,1.38,15,0.3333,5,10,8.3,False,True,-0.0456,0.1393,14853.7,10760.14,6,0,3,5,1,0,0,20,7,0,0,0,0,24,0.52,1.5,10,0.035,0.03,0.01,0.05,2
4112.15,0.0411,104112.15,13785.96,0.1169,0.195,0.298,1.38,15,0.3333,5,10,8.3,False,True,-0.0456,0.1393,14853.7,10760.14,6,0,3,5,1,0,0,20,7,0,0,0,0,24,0.52,1.5,10,0.035,0.03,0.01,0.05,3
4112.15,0.0411,104112.15,13785.96,0.1169,0.195,0.298,1.38,15,0.3333,5,10,8.3,False,True,-0.0456,0.1393,14853.7,10760.14,6,0,3,5,1,0,0,20,7,0,0,0,0,24,0.52,1.5,10,0.035,0.03,0.02,0.03,1
4112.15,0.0411,104112.15,13785.96,0.1169,0.195,0.298,1.38,15,0.3333,5,10,8.3,False,True,-0.0456,0.1393,14853.7,10760.14,6,0,3,5,1,0,0,20,7,0,0,0,0,24,0.52,1.5,10,0.035,0.03,0.02,0.03,2
4112.15,0.0411,104112.15,13785.96,0.1169,0.195,0.298,1.38,15,0.3333,5,10,8.3,False,True,-0.0456,0.1393,14853.7,10760.14,6,0,3,5,1,0,0,20,7,0,0,0,0,24,0.52,1.5,10,0.035,0.03,0.02,0.03,3
4112.15,0.0411,104112.15,13785.96,0.1169,0.195,0.298,1.38,15,0.3333,5,10,8.3,False,True,-0.0456,0.1393,14853.7,10760.14,6,0,3,5,1,0,0,20,7,0,0,0,0,24,0.52,1.5,10,0.035,0.03,0.02,0.05,1
4112.15,0.0411,104112.15,13785.96,0.1169,0.195,0.298,1.38,15,0.3333,5,10,8.3,False,True,-0.0456,0.1393,14853.7,10760.14,6,0,3,5,1,0,0,20,7,0,0,0,0,24,0.52,1.5,10,0.035,0.03,0.02,0.05,2
4112.15,0.0411,104112.15,13785.96,0.1169,0.195,0.298,1.38,15,0.3333,5,10,8.3,False,True,-0.0456,0.1393,14853.7,10760.14,6,0,3,5,1,0,0,20,7,0,0,0,0,24,0.52,1.5,10,0.035,0.03,0.02,0.05,3
4112.15,0.0411,104112.15,13785.96,0.1169,0.195,0.298,1.38,15,0.3333,5,10,8.3,False,True,-0.0456,0.1393,14853.7,10760.14,6,0,3,5,1,0,0,20,7,0,0,0,0,24,0.52,1.5,15,0.025,0.02,0.01,0.03,1
4112.15,0.0411,104112.15,13785.96,0.1169,0.195,0.298,1.38,15,0.3333,5,10,8.3,False,True,-0.0456,0.1393,14853.7,10760.14,6,0,3,5,1,0,0,20,7,0,0,0,0,24,0.52,1.5,15,0.025,0.02,0.01,0.03,2
4112.15,0.0411,104112.15,13785.96,0.1169,0.195,0.298,1.38,15,0.3333,5,10,8.3,False,True,-0.0456,0.1393,14853.7,10760.14,6,0,3,5,1,0,0,20,7,0,0,0,0,24,0.52,1.5,15,0.025,0.02,0.01,0.03,3
4112.15,0.0411,104112.15,13785.96,0.1169,0.195,0.298,1.38,15,0.3333,5,10,8.3,False,True,-0.0456,0.1393,14853.7,10760.14,6,0,3,5,1,0,0,20,7,0,0,0,0,24,0.52,1.5,15,0.025,0.02,0.01,0.05,1
4112.15,0.0411,104112.15,13785.96,0.1169,0.195,0.298,1.38,15,0.3333,5,10,8.3,False,True,-0.0456,0.1393,14853.7,10760.14,6,0,3,5,1,0,0,20,7,0,0,0,0,24,0.52,1.5,15,0.025,0.02,0.01,0.05,2
4112.15,0.0411,104112.15,13785.96,0.1169,0.195,0.298,1.38,15,0.3333,5,10,8.3,False,True,-0.0456,0.1393,14853.7,10760.14,6,0,3,5,1,0,0,20,7,0,0,0,0,24,0.52,1.5,15,0.025,0.02,0.01,0.05,3
4112.15,0.0411,104112.15,13785.96,0.1169,0.195,0.298,1.38,15,0.3333,5,10,8.3,False,True,-0.0456,0.1393,14853.7,10760.14,6,0,3,5,1,0,0,20,7,0,0,0,0,24,0.52,1.5,15,0.025,0.02,0.02,0.03,1
4112.15,0.0411,104112.15,13785.96,0.1169,0.195,0.298,1.38,15,0.3333,5,10,8.3,False,True,-0.0456,0.1393,14853.7,10760.14,6,0,3,5,1,0,0,20,7,0,0,0,0,24,0.52,1.5,15,0.025,0.02,0.02,0.03,2
4112.15,0.0411,104112.15,13785.96,0.1169,0.195,0.298,1.38,15,0.3333,5,10,8.3,False,True,-0.0456,0.1393,14853.7,10760.14,6,0,3,5,1,0,0,20,7,0,0,0,0,24,0.52,1.5,15,0.025,0.02,0.02,0.03,3
4112.15,0.0411,104112.15,13785.96,0.1169,0.195,0.298,1.38,15,0.3333,5,10,8.3,False,True,-0.0456,0.1393,14853.7,10760.14,6,0,3,5,1,0,0,20,7,0,0,0,0,24,0.52,1.5,15,0.025,0.02,0.02,0.05,1
4112.15,0.0411,104112.15,13785.96,0.1169,0.195,0.298,1.38,15,0.3333,5,10,8.3,False,True,-0.0456,0.1393,14853.7,10760.14,6,0,3,5,1,0,0,20,7,0,0,0,0,24,0.52,1.5,15,0.025,0.02,0.02,0.05,2
4112.15,0.0411,104112.15,13785.96,0.1169,0.195,0.298,1.38,15,0.3333,5,10,8.3,False,True,-0.0456,0.1393,14853.7,10760.14,6,0,3,5,1,0,0,20,7,0,0,0,0,24,0.52,1.5,15,0.025,0.02,0.02,0.05,3
4112.15,0.0411,104112.15,13785.96,0.1169,0.195,0.298,1.38,15,0.3333,5,10,8.3,False,True,-0.0456,0.1393,14853.7,10760.14,6,0,3,5,1,0,0,20,7,0,0,0,0,24,0.52,1.5,15,0.025,0.03,0.01,0.03,1
4112.15,0.0411,104112.15,13785.96,0.1169,0.195,0.298,1.38,15,0.3333,5,10,8.3,False,True,-0.0456,0.1393,14853.7,10760.14,6,0,3,5,1,0,0,20,7,0,0,0,0,24,0.52,1.5,15,0.025,0.03,0.01,0.03,2
4112.15,0.0411,104112.15,13785.96,0.1169,0.195,0.298,1.38,15,0.3333,5,10,8.3,False,True,-0.0456,0.1393,14853.7,10760.14,6,0,3,5,1,0,0,20,7,0,0,0,0,24,0.52,1.5,15,0.025,0.03,0.01,0.03,3
4112.15,0.0411,104112.15,13785.96,0.1169,0.195,0.298,1.38,15,0.3333,5,10,8.3,False,True,-0.0456,0.1393,14853.7,10760.14,6,0,3,5,1,0,0,20,7,0,0,0,0,24,0.52,1.5,15,0.025,0.03,0.01,0.05,1
4112.15,0.0411,104112.15,13785.96,0.1169,0.195,0.298,1.38,15,0.3333,5,10,8.3,False,True,-0.0456,0.1393,14853.7,10760.14,6,0,3,5,1,0,0,20,7,0,0,0,0,24,0.52,1.5,15,0.025,0.03,0.01,0.05,2
4112.15,0.0411,104112.15,13785.96,0.1169,0.195,0.298,1.38,15,0.3333,5,10,8.3,False,True,-0.0456,0.1393,14853.7,10760.14,6,0,3,5,1,0,0,20,7,0,0,0,0,24,0.52,1.5,15,0.025,0.03,0.01,0.05,3
4112.15,0.0411,104112.15,13785.96,0.1169,0.195,0.298,1.38,15,0.3333,5,10,8.3,False,True,-0.0456,0.1393,14853.7,10760.14,6,0,3,5,1,0,0,20,7,0,0,0,0,24,0.52,1.5,15,0.025,0.03,0.02,0.03,1
4112.15,0.0411,104112.15,13785.96,0.1169,0.195,0.298,1.38,15,0.3333,5,10,8.3,False,True,-0.0456,0.1393,14853.7,10760.14,6,0,3,5,1,0,0,20,7,0,0,0,0,24,0.52,1.5,15,0.025,0.03,0.02,0.03,2
4112.15,0.0411,104112.15,13785.96,0.1169,0.195,0.298,1.38,15,0.3333,5,10,8.3,False,True,-0.0456,0.1393,14853.7,10760.14,6,0,3,5,1,0,0,20,7,0,0,0,0,24,0.52,1.5,15,0.025,0.03,0.02,0.03,3
4112.15,0.0411,104112.15,13785.96,0.1169,0.195,0.298,1.38,15,0.3333,5,10,8.3,False,True,-0.0456,0.1393,14853.7,10760.14,6,0,3,5,1,0,0,20,7,0,0,0,0,24,0.52,1.5,15,0.025,0.03,0.02,0.05,1
4112.15,0.0411,104112.15,13785.96,0.1169,0.195,0.298,1.38,15,0.3333,5,10,8.3,False,True,-0.0456,0.1393,14853.7,10760.14,6,0,3,5,1,0,0,20,7,0,0,0,0,24,0.52,1.5,15,0.025,0.03,0.02,0.05,2
4112.15,0.0411,104112.15,13785.96,0.1169,0.195,0.298,1.38,15,0.3333,5,10,8.3,False,True,-0.0456,0.1393,14853.7,10760.14,6,0,3,5,1,0,0,20,7,0,0,0,0,24,0.52,1.5,15,0.025,0.03,0.02,0.05,3
4112.15,0.0411,104112.15,13785.96,0.1169,0.195,0.298,1.38,15,0.3333,5,10,8.3,False,True,-0.0456,0.1393,14853.7,10760.14,6,0,3,5,1,0,0,20,7,0,0,0,0,24,0.52,1.5,15,0.035,0.02,0.01,0.03,1
4112.15,0.0411,104112.15,13785.96,0.1169,0.195,0.298,1.38,15,0.3333,5,10,8.3,False,True,-0.0456,0.1393,14853.7,10760.14,6,0,3,5,1,0,0,20,7,0,0,0,0,24,0.52,1.5,15,0.035,0.02,0.01,0.03,2
4112.15,0.0411,104112.15,13785.96,0.1169,0.195,0.298,1.38,15,0.3333,5,10,8.3,False,True,-0.0456,0.1393,14853.7,10760.14,6,0,3,5,1,0,0,20,7,0,0,0,0,24,0.52,1.5,15,0.035,0.02,0.01,0.03,3
4112.15,0.0411,104112.15,13785.96,0.1169,0.195,0.298,1.38,15,0.3333,5,10,8.3,False,True,-0.0456,0.1393,14853.7,10760.14,6,0,3,5,1,0,0,20,7,0,0,0,0,24,0.52,1.5,15,0.035,0.02,0.01,0.05,1
4112.15,0.0411,104112.15,13785.96,0.1169,0.195,0.298,1.38,15,0.3333,5,10,8.3,False,True,-0.0456,0.1393,14853.7,10760.14,6,0,3,5,1,0,0,20,7,0,0,0,0,24,0.52,1.5,15,0.035,0.02,0.01,0.05,2
4112.15,0.0411,104112.15,13785.96,0.1169,0.195,0.298,1.38,15,0.3333,5,10,8.3,False,True,-0.0456,0.1393,14853.7,10760.14,6,0,3,5,1,0,0,20,7,0,0,0,0,24,0.52,1.5,15,0.035,0.02,0.01,0.05,3
4112.15,0.0411,104112.15,13785.96,0.1169,0.195,0.298,1.38,15,0.3333,5,10,8.3,False,True,-0.0456,0.1393,14853.7,10760.14,6,0,3,5,1,0,0,20,7,0,0,0,0,24,0.52,1.5,15,0.035,0.02,0.02,0.03,1
4112.15,0.0411,104112.15,13785.96,0.1169,0.195,0.298,1.38,15,0.3333,5,10,8.3,False,True,-0.0456,0.1393,14853.7,10760.14,6,0,3,5,1,0,0,20,7,0,0,0,0,24,0.52,1.5,15,0.035,0.02,0.02,0.03,2
4112.15,0.0411,104112.15,13785.96,0.1169,0.195,0.298,1.38,15,0.3333,5,10,8.3,False,True,-0.0456,0.1393,14853.7,10760.14,6,0,3,5,1,0,0,20,7,0,0,0,0,24,0.52,1.5,15,0.035,0.02,0.02,0.03,3
4112.15,0.0411,104112.15,13785.96,0.1169,0.195,0.298,1.38,15,0.3333,5,10,8.3,False,True,-0.0456,0.1393,14853.7,10760.14,6,0,3,5,1,0,0,20,7,0,0,0,0,24,0.52,1.5,15,0.035,0.02,0.02,0.05,1
4112.15,0.0411,104112.15,13785.96,0.1169,0.195,0.298,1.38,15,0.3333,5,10,8.3,False,True,-0.0456,0.1393,14853.7,10760.14,6,0,3,5,1,0,0,20,7,0,0,0,0,24,0.52,1.5,15,0.035,0.02,0.02,0.05,2
4112.15,0.0411,104112.15,13785.96,0.1169,0.195,0.298,1.38,15,0.3333,5,10,8.3,False,True,-0.0456,0.1393,14853.7,10760.14,6,0,3,5,1,0,0,20,7,0,0,0,0,24,0.52,1.5,15,0.035,0.02,0.02,0.05,3
4112.15,0.0411,104112.15,13785.96,0.1169,0.195,0.298,1.38,15,0.3333,5,10,8.3,False,True,-0.0456,0.1393,14853.7,10760.14,6,0,3,5,1,0,0,20,7,0,0,0,0,24,0.52,1.5,15,0.035,0.03,0.01,0.03,1
4112.15,0.0411,104112.15,13785.96,0.1169,0.195,0.298,1.38,15,0.3333,5,10,8.3,False,True,-0.0456,0.1393,14853.7,10760.14,6,0,3,5,1,0,0,20,7,0,0,0,0,24,0.52,1.5,15,0.035,0.03,0.01,0.03,2
4112.15,0.0411,104112.15,13785.96,0.1169,0.195,0.298,1.38,15,0.3333,5,10,8.3,False,True,-0.0456,0.1393,14853.7,10760.14,6,0,3,5,1,0,0,20,7,0,0,0,0,24,0.52,1.5,15,0.035,0.03,0.01,0.03,3
4112.15,0.0411,104112.15,13785.96,0.1169,0.195,0.298,1.38,15,0.3333,5,10,8.3,False,True,-0.0456,0.1393,14853.7,10760.14,6,0,3,5,1,0,0,20,7,0,0,0,0,24,0.52,1.5,15,0.035,0.03,0.01,0.05,1
4112.15,0.0411,104112.15,13785.96,0.1169,0.195,0.298,1.38,15,0.3333,5,10,8.3,False,True,-0.0456,0.1393,14853.7,10760.14,6,0,3,5,1,0,0,20,7,0,0,0,0,24,0.52,1.5,15,0.035,0.03,0.01,0.05,2
4112.15,0.0411,104112.15,13785.96,0.1169,0.195,0.298,1.38,15,0.3333,5,10,8.3,False,True,-0.0456,0.1393,14853.7,10760.14,6,0,3,5,1,0,0,20,7,0,0,0,0,24,0.52,1.5,15,0.035,0.03,0.01,0.05,3
4112.15,0.0411,104112.15,13785.96,0.1169,0.195,0.298,1.38,15,0.3333,5,10,8.3,False,True,-0.0456,0.1393,14853.7,10760.14,6,0,3,5,1,0,0,20,7,0,0,0,0,24,0.52,1.5,15,0.035,0.03,0.02,0.03,1
4112.15,0.0411,104112.15,13785.96,0.1169,0.195,0.298,1.38,15,0.3333,5,10,8.3,False,True,-0.0456,0.1393,14853.7,10760.14,6,0,3,5,1,0,0,20,7,0,0,0,0,24,0.52,1.5,15,0.035,0.03,0.02,0.03,2
4112.15,0.0411,104112.15,13785.96,0.1169,0.195,0.298,1.38,15,0.3333,5,10,8.3,False,True,-0.0456,0.1393,14853.7,10760.14,6,0,3,5,1,0,0,20,7,0,0,0,0,24,0.52,1.5,15,0.035,0.03,0.02,0.03,3
4112.15,0.0411,104112.15,13785.96,0.1169,0.195,0.298,1.38,15,0.3333,5,10,8.3,False,True,-0.0456,0.1393,14853.7,10760.14,6,0,3,5,1,0,0,20,7,0,0,0,0,24,0.52,1.5,15,0.035,0.03,0.02,0.05,1
4112.15,0.0411,104112.15,13785.96,0.1169,0.195,0.298,1.38,15,0.3333,5,10,8.3,False,True,-0.0456,0.1393,14853.7,10760.14,6,0,3,5,1,0,0,20,7,0,0,0,0,24,0.52,1.5,15,0.035,0.03,0.02,0.05,2
4112.15,0.0411,104112.15,13785.96,0.1169,0.195,0.298,1.38,15,0.3333,5,10,8.3,False,True,-0.0456,0.1393,14853.7,10760.14,6,0,3,5,1,0,0,20,7,0,0,0,0,24,0.52,1.5,15,0.035,0.03,0.02,0.05,3
-6529.95,-0.0653,93470.05,10577.06,0.1023,-0.633,-0.617,0.396,36,0.2222,8,28,7.7,False,True,-0.0421,0.0221,4872.37,12305.15,15,0,9,7,5,0,1,44,27,0,0,0,0,64,0.54,0.5,5,0.025,0.02,0.01,0.03,1
-6529.95,-0.0653,93470.05,10577.06,0.1023,-0.633,-0.617,0.396,36,0.2222,8,28,7.7,False,True,-0.0421,0.0221,4872.37,12305.15,15,0,9,7,5,0,1,44,27,0,0,0,0,64,0.54,0.5,5,0.025,0.02,0.01,0.03,2
-6529.95,-0.0653,93470.05,10577.06,0.1023,-0.633,-0.617,0.396,36,0.2222,8,28,7.7,False,True,-0.0421,0.0221,4872.37,12305.15,15,0,9,7,5,0,1,44,27,0,0,0,0,64,0.54,0.5,5,0.025,0.02,0.01,0.03,3
-6529.95,-0.0653,93470.05,10577.06,0.1023,-0.633,-0.617,0.396,36,0.2222,8,28,7.7,False,True,-0.0421,0.0221,4872.37,12305.15,15,0,9,7,5,0,1,44,27,0,0,0,0,64,0.54,0.5,5,0.025,0.02,0.01,0.05,1
-6529.95,-0.0653,93470.05,10577.06,0.1023,-0.633,-0.617,0.396,36,0.2222,8,28,7.7,False,True,-0.0421,0.0221,4872.37,12305.15,15,0,9,7,5,0,1,44,27,0,0,0,0,64,0.54,0.5,5,0.025,0.02,0.01,0.05,2
-6529.95,-0.0653,93470.05,10577.06,0.1023,-0.633,-0.617,0.396,36,0.2222,8,28,7.7,False,True,-0.0421,0.0221,4872.37,12305.15,15,0,9,7,5,0,1,44,27,0,0,0,0,64,0.54,0.5,5,0.025,0.02,0.01,0.05,3
-6529.95,-0.0653,93470.05,10577.06,0.1023,-0.633,-0.617,0.396,36,0.2222,8,28,7.7,False,True,-0.0421,0.0221,4872.37,12305.15,15,0,9,7,5,0,1,44,27,0,0,0,0,64,0.54,0.5,5,0.025,0.02,0.02,0.03,1
-6529.95,-0.0653,93470.05,10577.06,0.1023,-0.633,-0.617,0.396,36,0.2222,8,28,7.7,False,True,-0.0421,0.0221,4872.37,12305.15,15,0,9,7,5,0,1,44,27,0,0,0,0,64,0.54,0.5,5,0.025,0.02,0.02,0.03,2
-6529.95,-0.0653,93470.05,10577.06,0.1023,-0.633,-0.617,0.396,36,0.2222,8,28,7.7,False,True,-0.0421,0.0221,4872.37,12305.15,15,0,9,7,5,0,1,44,27,0,0,0,0,64,0.54,0.5,5,0.025,0.02,0.02,0.03,3
-6529.95,-0.0653,93470.05,10577.06,0.1023,-0.633,-0.617,0.396,36,0.2222,8,28,7.7,False,True,-0.0421,0.0221,4872.37,12305.15,15,0,9,7,5,0,1,44,27,0,0,0,0,64,0.54,0.5,5,0.025,0.02,0.02,0.05,1
-6529.95,-0.0653,93470.05,10577.06,0.1023,-0.633,-0.617,0.396,36,0.2222,8,28,7.7,False,True,-0.0421,0.0221,4872.37,12305.15,15,0,9,7,5,0,1,44,27,0,0,0,0,64,0.54,0.5,5,0.025,0.02,0.02,0.05,2
-6529.95,-0.0653,93470.05,10577.06,0.1023,-0.633,-0.617,0.396,36,0.2222,8,28,7.7,False,True,-0.0421,0.0221,4872.37,12305.15,15,0,9,7,5,0,1,44,27,0,0,0,0,64,0.54,0.5,5,0.025,0.02,0.02,0.05,3
-5623.71,-0.0562,94376.29,10701.81,0.1025,-0.664,-0.525,0.427,37,0.2162,8,29,7.8,False,True,-0.0357,0.0171,4864.71,11400.0,15,0,10,7,5,0,1,44,34,0,0,19,0,71,0.54,0.5,5,0.025,0.03,0.01,0.03,1
-5623.71,-0.0562,94376.29,10701.81,0.1025,-0.664,-0.525,0.427,37,0.2162,8,29,7.8,False,True,-0.0357,0.0171,4864.71,11400.0,15,0,10,7,5,0,1,44,34,0,0,19,0,71,0.54,0.5,5,0.025,0.03,0.01,0.03,2
-5623.71,-0.0562,94376.29,10701.81,0.1025,-0.664,-0.525,0.427,37,0.2162,8,29,7.8,False,True,-0.0357,0.0171,4864.71,11400.0,15,0,10,7,5,0,1,44,34,0,0,19,0,71,0.54,0.5,5,0.025,0.03,0.01,0.03,3
-6045.98,-0.0605,93954.02,10472.43,0.1003,-0.61,-0.577,0.445,26,0.2692,7,19,7.7,False,True,-0.0421,0.0171,4857.22,10923.13,10,0,7,6,3,0,0,27,14,0,0,19,0,44,0.54,0.5,5,0.025,0.03,0.01,0.05,1
-6045.98,-0.0605,93954.02,10472.43,0.1003,-0.61,-0.577,0.445,26,0.2692,7,19,7.7,False,True,-0.0421,0.0171,4857.22,10923.13,10,0,7,6,3,0,0,27,14,0,0,19,0,44,0.54,0.5,5,0.025,0.03,0.01,0.05,2
-6045.98,-0.0605,93954.02,10472.43,0.1003,-0.61,-0.577,0.445,26,0.2692,7,19,7.7,False,True,-0.0421,0.0171,4857.22,10923.13,10,0,7,6,3,0,0,27,14,0,0,19,0,44,0.54,0.5,5,0.025,0.03,0.01,0.05,3
-5590.35,-0.0559,94409.65,10668.68,0.1022,-0.663,-0.524,0.426,38,0.1842,7,31,8.0,False,True,-0.0357,0.0171,4835.45,11337.7,17,0,9,6,6,0,1,44,34,0,0,15,0,74,0.54,0.5,5,0.025,0.03,0.02,0.03,1
-5590.35,-0.0559,94409.65,10668.68,0.1022,-0.663,-0.524,0.426,38,0.1842,7,31,8.0,False,True,-0.0357,0.0171,4835.45,11337.7,17,0,9,6,6,0,1,44,34,0,0,15,0,74,0.54,0.5,5,0.025,0.03,0.02,0.03,2
-5590.35,-0.0559,94409.65,10668.68,0.1022,-0.663,-0.524,0.426,38,0.1842,7,31,8.0,False,True,-0.0357,0.0171,4835.45,11337.7,17,0,9,6,6,0,1,44,34,0,0,15,0,74,0.54,0.5,5,0.025,0.03,0.02,0.03,3
-6850.06,-0.0685,93149.94,11276.51,0.108,-0.692,-0.607,0.413,31,0.2258,7,24,8.3,False,True,-0.0416,0.0171,4842.41,11720.89,13,0,7,6,5,0,0,28,16,0,0,15,0,50,0.54,0.5,5,0.025,0.03,0.02,0.05,1
-6850.06,-0.0685,93149.94,11276.51,0.108,-0.692,-0.607,0.413,31,0.2258,7,24,8.3,False,True,-0.0416,0.0171,4842.41,11720.89,13,0,7,6,5,0,0,28,16,0,0,15,0,50,0.54,0.5,5,0.025,0.03,0.02,0.05,2
-6850.06,-0.0685,93149.94,11276.51,0.108,-0.692,-0.607,0.413,31,0.2258,7,24,8.3,False,True,-0.0416,0.0171,4842.41,11720.89,13,0,7,6,5,0,0,28,16,0,0,15,0,50,0.54,0.5,5,0.025,0.03,0.02,0.05,3
-6529.95,-0.0653,93470.05,10577.06,0.1023,-0.633,-0.617,0.396,36,0.2222,8,28,7.7,False,True,-0.0421,0.0221,4872.37,12305.15,15,0,9,7,5,0,1,44,27,0,0,0,0,64,0.54,0.5,5,0.035,0.02,0.01,0.03,1
-6529.95,-0.0653,93470.05,10577.06,0.1023,-0.633,-0.617,0.396,36,0.2222,8,28,7.7,False,True,-0.0421,0.0221,4872.37,12305.15,15,0,9,7,5,0,1,44,27,0,0,0,0,64,0.54,0.5,5,0.035,0.02,0.01,0.03,2
-6529.95,-0.0653,93470.05,10577.06,0.1023,-0.633,-0.617,0.396,36,0.2222,8,28,7.7,False,True,-0.0421,0.0221,4872.37,12305.15,15,0,9,7,5,0,1,44,27,0,0,0,0,64,0.54,0.5,5,0.035,0.02,0.01,0.03,3
-6529.95,-0.0653,93470.05,10577.06,0.1023,-0.633,-0.617,0.396,36,0.2222,8,28,7.7,False,True,-0.0421,0.0221,4872.37,12305.15,15,0,9,7,5,0,1,44,27,0,0,0,0,64,0.54,0.5,5,0.035,0.02,0.01,0.05,1
-6529.95,-0.0653,93470.05,10577.06,0.1023,-0.633,-0.617,0.396,36,0.2222,8,28,7.7,False,True,-0.0421,0.0221,4872.37,12305.15,15,0,9,7,5,0,1,44,27,0,0,0,0,64,0.54,0.5,5,0.035,0.02,0.01,0.05,2
-6529.95,-0.0653,93470.05,10577.06,0.1023,-0.633,-0.617,0.396,36,0.2222,8,28,7.7,False,True,-0.0421,0.0221,4872.37,12305.15,15,0,9,7,5,0,1,44,27,0,0,0,0,64,0.54,0.5,5,0.035,0.02,0.01,0.05,3
-6529.95,-0.0653,93470.05,10577.06,0.1023,-0.633,-0.617,0.396,36,0.2222,8,28,7.7,False,True,-0.0421,0.0221,4872.37,12305.15,15,0,9,7,5,0,1,44,27,0,0,0,0,64,0.54,0.5,5,0.035,0.02,0.02,0.03,1
-6529.95,-0.0653,93470.05,10577.06,0.1023,-0.633,-0.617,0.396,36,0.2222,8,28,7.7,False,True,-0.0421,0.0221,4872.37,12305.15,15,0,9,7,5,0,1,44,27,0,0,0,0,64,0.54,0.5,5,0.035,0.02,0.02,0.03,2
-6529.95,-0.0653,93470.05,10577.06,0.1023,-0.633,-0.617,0.396,36,0.2222,8,28,7.7,False,True,-0.0421,0.0221,4872.37,12305.15,15,0,9,7,5,0,1,44,27,0,0,0,0,64,0.54,0.5,5,0.035,0.02,0.02,0.03,3
-6529.95,-0.0653,93470.05,10577.06,0.1023,-0.633,-0.617,0.396,36,0.2222,8,28,7.7,False,True,-0.0421,0.0221,4872.37,12305.15,15,0,9,7,5,0,1,44,27,0,0,0,0,64,0.54,0.5,5,0.035,0.02,0.02,0.05,1
-6529.95,-0.0653,93470.05,10577.06,0.1023,-0.633,-0.617,0.396,36,0.2222,8,28,7.7,False,True,-0.0421,0.0221,4872.37,12305.15,15,0,9,7,5,0,1,44,27,0,0,0,0,64,0.54,0.5,5,0.035,0.02,0.02,0.05,2
-6529.95,-0.0653,93470.05,10577.06,0.1023,-0.633,-0.617,0.396,36,0.2222,8,28,7.7,False,True,-0.0421,0.0221,4872.37,12305.15,15,0,9,7,5,0,1,44,27,0,0,0,0,64,0.54,0.5,5,0.035,0.02,0.02,0.05,3
-6383.45,-0.0638,93616.55,10809.9,0.1035,-0.617,-0.591,0.431,32,0.2188,7,25,9.3,False,True,-0.0455,0.0171,4849.89,11253.2,13,0,10,6,3,0,4,27,19,0,0,19,0,59,0.54,0.5,5,0.035,0.03,0.01,0.03,1
-6383.45,-0.0638,93616.55,10809.9,0.1035,-0.617,-0.591,0.431,32,0.2188,7,25,9.3,False,True,-0.0455,0.0171,4849.89,11253.2,13,0,10,6,3,0,4,27,19,0,0,19,0,59,0.54,0.5,5,0.035,0.03,0.01,0.03,2
-6383.45,-0.0638,93616.55,10809.9,0.1035,-0.617,-0.591,0.431,32,0.2188,7,25,9.3,False,True,-0.0455,0.0171,4849.89,11253.2,13,0,10,6,3,0,4,27,19,0,0,19,0,59,0.54,0.5,5,0.035,0.03,0.01,0.03,3
-6045.98,-0.0605,93954.02,10472.43,0.1003,-0.61,-0.577,0.445,26,0.2692,7,19,7.7,False,True,-0.0421,0.0171,4857.22,10923.13,10,0,7,6,3,0,0,27,14,0,0,19,0,44,0.54,0.5,5,0.035,0.03,0.01,0.05,1
-6045.98,-0.0605,93954.02,10472.43,0.1003,-0.61,-0.577,0.445,26,0.2692,7,19,7.7,False,True,-0.0421,0.0171,4857.22,10923.13,10,0,7,6,3,0,0,27,14,0,0,19,0,44,0.54,0.5,5,0.035,0.03,0.01,0.05,2
-6045.98,-0.0605,93954.02,10472.43,0.1003,-0.61,-0.577,0.445,26,0.2692,7,19,7.7,False,True,-0.0421,0.0171,4857.22,10923.13,10,0,7,6,3,0,0,27,14,0,0,19,0,44,0.54,0.5,5,0.035,0.03,0.01,0.05,3
-6335.29,-0.0634,93664.71,10761.74,0.1031,-0.616,-0.589,0.431,32,0.1875,6,26,9.6,False,True,-0.045,0.0171,4820.63,11175.78,15,0,8,5,4,0,4,27,19,0,0,15,0,63,0.54,0.5,5,0.035,0.03,0.02,0.03,1
-6335.29,-0.0634,93664.71,10761.74,0.1031,-0.616,-0.589,0.431,32,0.1875,6,26,9.6,False,True,-0.045,0.0171,4820.63,11175.78,15,0,8,5,4,0,4,27,19,0,0,15,0,63,0.54,0.5,5,0.035,0.03,0.02,0.03,2
-6335.29,-0.0634,93664.71,10761.74,0.1031,-0.616,-0.589,0.431,32,0.1875,6,26,9.6,False,True,-0.045,0.0171,4820.63,11175.78,15,0,8,5,4,0,4,27,19,0,0,15,0,63,0.54,0.5,5,0.035,0.03,0.02,0.03,3
-6850.06,-0.0685,93149.94,11276.51,0.108,-0.692,-0.607,0.413,31,0.2258,7,24,8.3,False,True,-0.0416,0.0171,4842.41,11720.89,13,0,7,6,5,0,0,28,16,0,0,15,0,50,0.54,0.5,5,0.035,0.03,0.02,0.05,1
-6850.06,-0.0685,93149.94,11276.51,0.108,-0.692,-0.607,0.413,31,0.2258,7,24,8.3,False,True,-0.0416,0.0171,4842.41,11720.89,13,0,7,6,5,0,0,28,16,0,0,15,0,50,0.54,0.5,5,0.035,0.03,0.02,0.05,2
-6850.06,-0.0685,93149.94,11276.51,0.108,-0.692,-0.607,0.413,31,0.2258,7,24,8.3,False,True,-0.0416,0.0171,4842.41,11720.89,13,0,7,6,5,0,0,28,16,0,0,15,0,50,0.54,0.5,5,0.035,0.03,0.02,0.05,3
-6529.95,-0.0653,93470.05,10577.06,0.1023,-0.633,-0.617,0.396,36,0.2222,8,28,7.7,False,True,-0.0421,0.0221,4872.37,12305.15,15,0,9,7,5,0,0,45,27,0,0,0,0,64,0.54,0.5,10,0.025,0.02,0.01,0.03,1
-6529.95,-0.0653,93470.05,10577.06,0.1023,-0.633,-0.617,0.396,36,0.2222,8,28,7.7,False,True,-0.0421,0.0221,4872.37,12305.15,15,0,9,7,5,0,0,45,27,0,0,0,0,64,0.54,0.5,10,0.025,0.02,0.01,0.03,2
-6529.95,-0.0653,93470.05,10577.06,0.1023,-0.633,-0.617,0.396,36,0.2222,8,28,7.7,False,True,-0.0421,0.0221,4872.37,12305.15,15,0,9,7,5,0,0,45,27,0,0,0,0,64,0.54,0.5,10,0.025,0.02,0.01,0.03,3
-6529.95,-0.0653,93470.05,10577.06,0.1023,-0.633,-0.617,0.396,36,0.2222,8,28,7.7,False,True,-0.0421,0.0221,4872.37,12305.15,15,0,9,7,5,0,0,45,27,0,0,0,0,64,0.54,0.5,10,0.025,0.02,0.01,0.05,1
-6529.95,-0.0653,93470.05,10577.06,0.1023,-0.633,-0.617,0.396,36,0.2222,8,28,7.7,False,True,-0.0421,0.0221,4872.37,12305.15,15,0,9,7,5,0,0,45,27,0,0,0,0,64,0.54,0.5,10,0.025,0.02,0.01,0.05,2
-6529.95,-0.0653,93470.05,10577.06,0.1023,-0.633,-0.617,0.396,36,0.2222,8,28,7.7,False,True,-0.0421,0.0221,4872.37,12305.15,15,0,9,7,5,0,0,45,27,0,0,0,0,64,0.54,0.5,10,0.025,0.02,0.01,0.05,3
-6529.95,-0.0653,93470.05,10577.06,0.1023,-0.633,-0.617,0.396,36,0.2222,8,28,7.7,False,True,-0.0421,0.0221,4872.37,12305.15,15,0,9,7,5,0,0,45,27,0,0,0,0,64,0.54,0.5,10,0.025,0.02,0.02,0.03,1
-6529.95,-0.0653,93470.05,10577.06,0.1023,-0.633,-0.617,0.396,36,0.2222,8,28,7.7,False,True,-0.0421,0.0221,4872.37,12305.15,15,0,9,7,5,0,0,45,27,0,0,0,0,64,0.54,0.5,10,0.025,0.02,0.02,0.03,2
-6529.95,-0.0653,93470.05,10577.06,0.1023,-0.633,-0.617,0.396,36,0.2222,8,28,7.7,False,True,-0.0421,0.0221,4872.37,12305.15,15,0,9,7,5,0,0,45,27,0,0,0,0,64,0.54,0.5,10,0.025,0.02,0.02,0.03,3
-6529.95,-0.0653,93470.05,10577.06,0.1023,-0.633,-0.617,0.396,36,0.2222,8,28,7.7,False,True,-0.0421,0.0221,4872.37,12305.15,15,0,9,7,5,0,0,45,27,0,0,0,0,64,0.54,0.5,10,0.025,0.02,0.02,0.05,1
-6529.95,-0.0653,93470.05,10577.06,0.1023,-0.633,-0.617,0.396,36,0.2222,8,28,7.7,False,True,-0.0421,0.0221,4872.37,12305.15,15,0,9,7,5,0,0,45,27,0,0,0,0,64,0.54,0.5,10,0.025,0.02,0.02,0.05,2
-6529.95,-0.0653,93470.05,10577.06,0.1023,-0.633,-0.617,0.396,36,0.2222,8,28,7.7,False,True,-0.0421,0.0221,4872.37,12305.15,15,0,9,7,5,0,0,45,27,0,0,0,0,64,0.54,0.5,10,0.025,0.02,0.02,0.05,3
-5623.71,-0.0562,94376.29,10701.81,0.1025,-0.664,-0.525,0.427,37,0.2162,8,29,7.8,False,True,-0.0357,0.0171,4864.71,11400.0,15,0,10,7,5,0,0,45,34,0,0,19,0,71,0.54,0.5,10,0.025,0.03,0.01,0.03,1
-5623.71,-0.0562,94376.29,10701.81,0.1025,-0.664,-0.525,0.427,37,0.2162,8,29,7.8,False,True,-0.0357,0.0171,4864.71,11400.0,15,0,10,7,5,0,0,45,34,0,0,19,0,71,0.54,0.5,10,0.025,0.03,0.01,0.03,2
-5623.71,-0.0562,94376.29,10701.81,0.1025,-0.664,-0.525,0.427,37,0.2162,8,29,7.8,False,True,-0.0357,0.0171,4864.71,11400.0,15,0,10,7,5,0,0,45,34,0,0,19,0,71,0.54,0.5,10,0.025,0.03,0.01,0.03,3
-6045.98,-0.0605,93954.02,10472.43,0.1003,-0.61,-0.577,0.445,26,0.2692,7,19,7.7,False,True,-0.0421,0.0171,4857.22,10923.13,10,0,7,6,3,0,0,27,14,0,0,19,0,44,0.54,0.5,10,0.025,0.03,0.01,0.05,1
-6045.98,-0.0605,93954.02,10472.43,0.1003,-0.61,-0.577,0.445,26,0.2692,7,19,7.7,False,True,-0.0421,0.0171,4857.22,10923.13,10,0,7,6,3,0,0,27,14,0,0,19,0,44,0.54,0.5,10,0.025,0.03,0.01,0.05,2
-6045.98,-0.0605,93954.02,10472.43,0.1003,-0.61,-0.577,0.445,26,0.2692,7,19,7.7,False,True,-0.0421,0.0171,4857.22,10923.13,10,0,7,6,3,0,0,27,14,0,0,19,0,44,0.54,0.5,10,0.025,0.03,0.01,0.05,3
-5590.35,-0.0559,94409.65,10668.68,0.1022,-0.663,-0.524,0.426,38,0.1842,7,31,8.0,False,True,-0.0357,0.0171,4835.45,11337.7,17,0,9,6,6,0,0,45,34,0,0,15,0,74,0.54,0.5,10,0.025,0.03,0.02,0.03,1
-5590.35,-0.0559,94409.65,10668.68,0.1022,-0.663,-0.524,0.426,38,0.1842,7,31,8.0,False,True,-0.0357,0.0171,4835.45,11337.7,17,0,9,6,6,0,0,45,34,0,0,15,0,74,0.54,0.5,10,0.025,0.03,0.02,0.03,2
-5590.35,-0.0559,94409.65,10668.68,0.1022,-0.663,-0.524,0.426,38,0.1842,7,31,8.0,False,True,-0.0357,0.0171,4835.45,11337.7,17,0,9,6,6,0,0,45,34,0,0,15,0,74,0.54,0.5,10,0.025,0.03,0.02,0.03,3
-6850.06,-0.0685,93149.94,11276.51,0.108,-0.692,-0.607,0.413,31,0.2258,7,24,8.3,False,True,-0.0416,0.0171,4842.41,11720.89,13,0,7,6,5,0,0,28,16,0,0,15,0,50,0.54,0.5,10,0.025,0.03,0.02,0.05,1
-6850.06,-0.0685,93149.94,11276.51,0.108,-0.692,-0.607,0.413,31,0.2258,7,24,8.3,False,True,-0.0416,0.0171,4842.41,11720.89,13,0,7,6,5,0,0,28,16,0,0,15,0,50,0.54,0.5,10,0.025,0.03,0.02,0.05,2
-6850.06,-0.0685,93149.94,11276.51,0.108,-0.692,-0.607,0.413,31,0.2258,7,24,8.3,False,True,-0.0416,0.0171,4842.41,11720.89,13,0,7,6,5,0,0,28,16,0,0,15,0,50,0.54,0.5,10,0.025,0.03,0.02,0.05,3
-6529.95,-0.0653,93470.05,10577.06,0.1023,-0.633,-0.617,0.396,36,0.2222,8,28,7.7,False,True,-0.0421,0.0221,4872.37,12305.15,15,0,9,7,5,0,0,45,27,0,0,0,0,64,0.54,0.5,10,0.035,0.02,0.01,0.03,1
-6529.95,-0.0653,93470.05,10577.06,0.1023,-0.633,-0.617,0.396,36,0.2222,8,28,7.7,False,True,-0.0421,0.0221,4872.37,12305.15,15,0,9,7,5,0,0,45,27,0,0,0,0,64,0.54,0.5,10,0.035,0.02,0.01,0.03,2
-6529.95,-0.0653,93470.05,10577.06,0.1023,-0.633,-0.617,0.396,36,0.2222,8,28,7.7,False,True,-0.0421,0.0221,4872.37,12305.15,15,0,9,7,5,0,0,45,27,0,0,0,0,64,0.54,0.5,10,0.035,0.02,0.01,0.03,3
-6529.95,-0.0653,93470.05,10577.06,0.1023,-0.633,-0.617,0.396,36,0.2222,8,28,7.7,False,True,-0.0421,0.0221,4872.37,12305.15,15,0,9,7,5,0,0,45,27,0,0,0,0,64,0.54,0.5,10,0.035,0.02,0.01,0.05,1
-6529.95,-0.0653,93470.05,10577.06,0.1023,-0.633,-0.617,0.396,36,0.2222,8,28,7.7,False,True,-0.0421,0.0221,4872.37,12305.15,15,0,9,7,5,0,0,45,27,0,0,0,0,64,0.54,0.5,10,0.035,0.02,0.01,0.05,2
-6529.95,-0.0653,93470.05,10577.06,0.1023,-0.633,-0.617,0.396,36,0.2222,8,28,7.7,False,True,-0.0421,0.0221,4872.37,12305.15,15,0,9,7,5,0,0,45,27,0,0,0,0,64,0.54,0.5,10,0.035,0.02,0.01,0.05,3
-6529.95,-0.0653,93470.05,10577.06,0.1023,-0.633,-0.617,0.396,36,0.2222,8,28,7.7,False,True,-0.0421,0.0221,4872.37,12305.15,15,0,9,7,5,0,0,45,27,0,0,0,0,64,0.54,0.5,10,0.035,0.02,0.02,0.03,1
-6529.95,-0.0653,93470.05,10577.06,0.1023,-0.633,-0.617,0.396,36,0.2222,8,28,7.7,False,True,-0.0421,0.0221,4872.37,12305.15,15,0,9,7,5,0,0,45,27,0,0,0,0,64,0.54,0.5,10,0.035,0.02,0.02,0.03,2
-6529.95,-0.0653,93470.05,10577.06,0.1023,-0.633,-0.617,0.396,36,0.2222,8,28,7.7,False,True,-0.0421,0.0221,4872.37,12305.15,15,0,9,7,5,0,0,45,27,0,0,0,0,64,0.54,0.5,10,0.035,0.02,0.02,0.03,3
-6529.95,-0.0653,93470.05,10577.06,0.1023,-0.633,-0.617,0.396,36,0.2222,8,28,7.7,False,True,-0.0421,0.0221,4872.37,12305.15,15,0,9,7,5,0,0,45,27,0,0,0,0,64,0.54,0.5,10,0.035,0.02,0.02,0.05,1
-6529.95,-0.0653,93470.05,10577.06,0.1023,-0.633,-0.617,0.396,36,0.2222,8,28,7.7,False,True,-0.0421,0.0221,4872.37,12305.15,15,0,9,7,5,0,0,45,27,0,0,0,0,64,0.54,0.5,10,0.035,0.02,0.02,0.05,2
-6529.95,-0.0653,93470.05,10577.06,0.1023,-0.633,-0.617,0.396,36,0.2222,8,28,7.7,False,True,-0.0421,0.0221,4872.37,12305.15,15,0,9,7,5,0,0,45,27,0,0,0,0,64,0.54,0.5,10,0.035,0.02,0.02,0.05,3
-6383.45,-0.0638,93616.55,10809.9,0.1035,-0.617,-0.591,0.431,32,0.2188,7,25,9.3,False,True,-0.0455,0.0171,4849.89,11253.2,13,0,10,6,3,0,0,31,19,0,0,19,0,59,0.54,0.5,10,0.035,0.03,0.01,0.03,1
-6383.45,-0.0638,93616.55,10809.9,0.1035,-0.617,-0.591,0.431,32,0.2188,7,25,9.3,False,True,-0.0455,0.0171,4849.89,11253.2,13,0,10,6,3,0,0,31,19,0,0,19,0,59,0.54,0.5,10,0.035,0.03,0.01,0.03,2
-6383.45,-0.0638,93616.55,10809.9,0.1035,-0.617,-0.591,0.431,32,0.2188,7,25,9.3,False,True,-0.0455,0.0171,4849.89,11253.2,13,0,10,6,3,0,0,31,19,0,0,19,0,59,0.54,0.5,10,0.035,0.03,0.01,0.03,3
-6045.98,-0.0605,93954.02,10472.43,0.1003,-0.61,-0.577,0.445,26,0.2692,7,19,7.7,False,True,-0.0421,0.0171,4857.22,10923.13,10,0,7,6,3,0,0,27,14,0,0,19,0,44,0.54,0.5,10,0.035,0.03,0.01,0.05,1
-6045.98,-0.0605,93954.02,10472.43,0.1003,-0.61,-0.577,0.445,26,0.2692,7,19,7.7,False,True,-0.0421,0.0171,4857.22,10923.13,10,0,7,6,3,0,0,27,14,0,0,19,0,44,0.54,0.5,10,0.035,0.03,0.01,0.05,2
-6045.98,-0.0605,93954.02,10472.43,0.1003,-0.61,-0.577,0.445,26,0.2692,7,19,7.7,False,True,-0.0421,0.0171,4857.22,10923.13,10,0,7,6,3,0,0,27,14,0,0,19,0,44,0.54,0.5,10,0.035,0.03,0.01,0.05,3
-6335.29,-0.0634,93664.71,10761.74,0.1031,-0.616,-0.589,0.431,32,0.1875,6,26,9.6,False,True,-0.045,0.0171,4820.63,11175.78,15,0,8,5,4,0,0,31,19,0,0,15,0,63,0.54,0.5,10,0.035,0.03,0.02,0.03,1
-6335.29,-0.0634,93664.71,10761.74,0.1031,-0.616,-0.589,0.431,32,0.1875,6,26,9.6,False,True,-0.045,0.0171,4820.63,11175.78,15,0,8,5,4,0,0,31,19,0,0,15,0,63,0.54,0.5,10,0.035,0.03,0.02,0.03,2
-6335.29,-0.0634,93664.71,10761.74,0.1031,-0.616,-0.589,0.431,32,0.1875,6,26,9.6,False,True,-0.045,0.0171,4820.63,11175.78,15,0,8,5,4,0,0,31,19,0,0,15,0,63,0.54,0.5,10,0.035,0.03,0.02,0.03,3
-6850.06,-0.0685,93149.94,11276.51,0.108,-0.692,-0.607,0.413,31,0.2258,7,24,8.3,False,True,-0.0416,0.0171,4842.41,11720.89,13,0,7,6,5,0,0,28,16,0,0,15,0,50,0.54,0.5,10,0.035,0.03,0.02,0.05,1
-6850.06,-0.0685,93149.94,11276.51,0.108,-0.692,-0.607,0.413,31,0.2258,7,24,8.3,False,True,-0.0416,0.0171,4842.41,11720.89,13,0,7,6,5,0,0,28,16,0,0,15,0,50,0.54,0.5,10,0.035,0.03,0.02,0.05,2
-6850.06,-0.0685,93149.94,11276.51,0.108,-0.692,-0.607,0.413,31,0.2258,7,24,8.3,False,True,-0.0416,0.0171,4842.41,11720.89,13,0,7,6,5,0,0,28,16,0,0,15,0,50,0.54,0.5,10,0.035,0.03,0.02,0.05,3
-6529.95,-0.0653,93470.05,10577.06,0.1023,-0.633,-0.617,0.396,36,0.2222,8,28,7.7,False,True,-0.0421,0.0221,4872.37,12305.15,15,0,9,7,5,0,0,45,27,0,0,0,0,64,0.54,0.5,15,0.025,0.02,0.01,0.03,1
-6529.95,-0.0653,93470.05,10577.06,0.1023,-0.633,-0.617,0.396,36,0.2222,8,28,7.7,False,True,-0.0421,0.0221,4872.37,12305.15,15,0,9,7,5,0,0,45,27,0,0,0,0,64,0.54,0.5,15,0.025,0.02,0.01,0.03,2
-6529.95,-0.0653,93470.05,10577.06,0.1023,-0.633,-0.617,0.396,36,0.2222,8,28,7.7,False,True,-0.0421,0.0221,4872.37,12305.15,15,0,9,7,5,0,0,45,27,0,0,0,0,64,0.54,0.5,15,0.025,0.02,0.01,0.03,3
-6529.95,-0.0653,93470.05,10577.06,0.1023,-0.633,-0.617,0.396,36,0.2222,8,28,7.7,False,True,-0.0421,0.0221,4872.37,12305.15,15,0,9,7,5,0,0,45,27,0,0,0,0,64,0.54,0.5,15,0.025,0.02,0.01,0.05,1
-6529.95,-0.0653,93470.05,10577.06,0.1023,-0.633,-0.617,0.396,36,0.2222,8,28,7.7,False,True,-0.0421,0.0221,4872.37,12305.15,15,0,9,7,5,0,0,45,27,0,0,0,0,64,0.54,0.5,15,0.025,0.02,0.01,0.05,2
-6529.95,-0.0653,93470.05,10577.06,0.1023,-0.633,-0.617,0.396,36,0.2222,8,28,7.7,False,True,-0.0421,0.0221,4872.37,12305.15,15,0,9,7,5,0,0,45,27,0,0,0,0,64,0.54,0.5,15,0.025,0.02,0.01,0.05,3
-6529.95,-0.0653,93470.05,10577.06,0.1023,-0.633,-0.617,0.396,36,0.2222,8,28,7.7,False,True,-0.0421,0.0221,4872.37,12305.15,15,0,9,7,5,0,0,45,27,0,0,0,0,64,0.54,0.5,15,0.025,0.02,0.02,0.03,1
-6529.95,-0.0653,93470.05,10577.06,0.1023,-0.633,-0.617,0.396,36,0.2222,8,28,7.7,False,True,-0.0421,0.0221,4872.37,12305.15,15,0,9,7,5,0,0,45,27,0,0,0,0,64,0.54,0.5,15,0.025,0.02,0.02,0.03,2
-6529.95,-0.0653,93470.05,10577.06,0.1023,-0.633,-0.617,0.396,36,0.2222,8,28,7.7,False,True,-0.0421,0.0221,4872.37,12305.15,15,0,9,7,5,0,0,45,27,0,0,0,0,64,0.54,0.5,15,0.025,0.02,0.02,0.03,3
-6529.95,-0.0653,93470.05,10577.06,0.1023,-0.633,-0.617,0.396,36,0.2222,8,28,7.7,False,True,-0.0421,0.0221,4872.37,12305.15,15,0,9,7,5,0,0,45,27,0,0,0,0,64,0.54,0.5,15,0.025,0.02,0.02,0.05,1
-6529.95,-0.0653,93470.05,10577.06,0.1023,-0.633,-0.617,0.396,36,0.2222,8,28,7.7,False,True,-0.0421,0.0221,4872.37,12305.15,15,0,9,7,5,0,0,45,27,0,0,0,0,64,0.54,0.5,15,0.025,0.02,0.02,0.05,2
-6529.95,-0.0653,93470.05,10577.06,0.1023,-0.633,-0.617,0.396,36,0.2222,8,28,7.7,False,True,-0.0421,0.0221,4872.37,12305.15,15,0,9,7,5,0,0,45,27,0,0,0,0,64,0.54,0.5,15,0.025,0.02,0.02,0.05,3
-5623.71,-0.0562,94376.29,10701.81,0.1025,-0.664,-0.525,0.427,37,0.2162,8,29,7.8,False,True,-0.0357,0.0171,4864.71,11400.0,15,0,10,7,5,0,0,45,34,0,0,19,0,71,0.54,0.5,15,0.025,0.03,0.01,0.03,1
-5623.71,-0.0562,94376.29,10701.81,0.1025,-0.664,-0.525,0.427,37,0.2162,8,29,7.8,False,True,-0.0357,0.0171,4864.71,11400.0,15,0,10,7,5,0,0,45,34,0,0,19,0,71,0.54,0.5,15,0.025,0.03,0.01,0.03,2
-5623.71,-0.0562,94376.29,10701.81,0.1025,-0.664,-0.525,0.427,37,0.2162,8,29,7.8,False,True,-0.0357,0.0171,4864.71,11400.0,15,0,10,7,5,0,0,45,34,0,0,19,0,71,0.54,0.5,15,0.025,0.03,0.01,0.03,3
-6045.98,-0.0605,93954.02,10472.43,0.1003,-0.61,-0.577,0.445,26,0.2692,7,19,7.7,False,True,-0.0421,0.0171,4857.22,10923.13,10,0,7,6,3,0,0,27,14,0,0,19,0,44,0.54,0.5,15,0.025,0.03,0.01,0.05,1
-6045.98,-0.0605,93954.02,10472.43,0.1003,-0.61,-0.577,0.445,26,0.2692,7,19,7.7,False,True,-0.0421,0.0171,4857.22,10923.13,10,0,7,6,3,0,0,27,14,0,0,19,0,44,0.54,0.5,15,0.025,0.03,0.01,0.05,2
-6045.98,-0.0605,93954.02,10472.43,0.1003,-0.61,-0.577,0.445,26,0.2692,7,19,7.7,False,True,-0.0421,0.0171,4857.22,10923.13,10,0,7,6,3,0,0,27,14,0,0,19,0,44,0.54,0.5,15,0.025,0.03,0.01,0.05,3
-5590.35,-0.0559,94409.65,10668.68,0.1022,-0.663,-0.524,0.426,38,0.1842,7,31,8.0,False,True,-0.0357,0.0171,4835.45,11337.7,17,0,9,6,6,0,0,45,34,0,0,15,0,74,0.54,0.5,15,0.025,0.03,0.02,0.03,1
-5590.35,-0.0559,94409.65,10668.68,0.1022,-0.663,-0.524,0.426,38,0.1842,7,31,8.0,False,True,-0.0357,0.0171,4835.45,11337.7,17,0,9,6,6,0,0,45,34,0,0,15,0,74,0.54,0.5,15,0.025,0.03,0.02,0.03,2
-5590.35,-0.0559,94409.65,10668.68,0.1022,-0.663,-0.524,0.426,38,0.1842,7,31,8.0,False,True,-0.0357,0.0171,4835.45,11337.7,17,0,9,6,6,0,0,45,34,0,0,15,0,74,0.54,0.5,15,0.025,0.03,0.02,0.03,3
-6850.06,-0.0685,93149.94,11276.51,0.108,-0.692,-0.607,0.413,31,0.2258,7,24,8.3,False,True,-0.0416,0.0171,4842.41,11720.89,13,0,7,6,5,0,0,28,16,0,0,15,0,50,0.54,0.5,15,0.025,0.03,0.02,0.05,1
-6850.06,-0.0685,93149.94,11276.51,0.108,-0.692,-0.607,0.413,31,0.2258,7,24,8.3,False,True,-0.0416,0.0171,4842.41,11720.89,13,0,7,6,5,0,0,28,16,0,0,15,0,50,0.54,0.5,15,0.025,0.03,0.02,0.05,2
-6850.06,-0.0685,93149.94,11276.51,0.108,-0.692,-0.607,0.413,31,0.2258,7,24,8.3,False,True,-0.0416,0.0171,4842.41,11720.89,13,0,7,6,5,0,0,28,16,0,0,15,0,50,0.54,0.5,15,0.025,0.03,0.02,0.05,3
-6529.95,-0.0653,93470.05,10577.06,0.1023,-0.633,-0.617,0.396,36,0.2222,8,28,7.7,False,True,-0.0421,0.0221,4872.37,12305.15,15,0,9,7,5,0,0,45,27,0,0,0,0,64,0.54,0.5,15,0.035,0.02,0.01,0.03,1
-6529.95,-0.0653,93470.05,10577.06,0.1023,-0.633,-0.617,0.396,36,0.2222,8,28,7.7,False,True,-0.0421,0.0221,4872.37,12305.15,15,0,9,7,5,0,0,45,27,0,0,0,0,64,0.54,0.5,15,0.035,0.02,0.01,0.03,2
-6529.95,-0.0653,93470.05,10577.06,0.1023,-0.633,-0.617,0.396,36,0.2222,8,28,7.7,False,True,-0.0421,0.0221,4872.37,12305.15,15,0,9,7,5,0,0,45,27,0,0,0,0,64,0.54,0.5,15,0.035,0.02,0.01,0.03,3
-6529.95,-0.0653,93470.05,10577.06,0.1023,-0.633,-0.617,0.396,36,0.2222,8,28,7.7,False,True,-0.0421,0.0221,4872.37,12305.15,15,0,9,7,5,0,0,45,27,0,0,0,0,64,0.54,0.5,15,0.035,0.02,0.01,0.05,1
-6529.95,-0.0653,93470.05,10577.06,0.1023,-0.633,-0.617,0.396,36,0.2222,8,28,7.7,False,True,-0.0421,0.0221,4872.37,12305.15,15,0,9,7,5,0,0,45,27,0,0,0,0,64,0.54,0.5,15,0.035,0.02,0.01,0.05,2
-6529.95,-0.0653,93470.05,10577.06,0.1023,-0.633,-0.617,0.396,36,0.2222,8,28,7.7,False,True,-0.0421,0.0221,4872.37,12305.15,15,0,9,7,5,0,0,45,27,0,0,0,0,64,0.54,0.5,15,0.035,0.02,0.01,0.05,3
-6529.95,-0.0653,93470.05,10577.06,0.1023,-0.633,-0.617,0.396,36,0.2222,8,28,7.7,False,True,-0.0421,0.0221,4872.37,12305.15,15,0,9,7,5,0,0,45,27,0,0,0,0,64,0.54,0.5,15,0.035,0.02,0.02,0.03,1
-6529.95,-0.0653,93470.05,10577.06,0.1023,-0.633,-0.617,0.396,36,0.2222,8,28,7.7,False,True,-0.0421,0.0221,4872.37,12305.15,15,0,9,7,5,0,0,45,27,0,0,0,0,64,0.54,0.5,15,0.035,0.02,0.02,0.03,2
-6529.95,-0.0653,93470.05,10577.06,0.1023,-0.633,-0.617,0.396,36,0.2222,8,28,7.7,False,True,-0.0421,0.0221,4872.37,12305.15,15,0,9,7,5,0,0,45,27,0,0,0,0,64,0.54,0.5,15,0.035,0.02,0.02,0.03,3
-6529.95,-0.0653,93470.05,10577.06,0.1023,-0.633,-0.617,0.396,36,0.2222,8,28,7.7,False,True,-0.0421,0.0221,4872.37,12305.15,15,0,9,7,5,0,0,45,27,0,0,0,0,64,0.54,0.5,15,0.035,0.02,0.02,0.05,1
-6529.95,-0.0653,93470.05,10577.06,0.1023,-0.633,-0.617,0.396,36,0.2222,8,28,7.7,False,True,-0.0421,0.0221,4872.37,12305.15,15,0,9,7,5,0,0,45,27,0,0,0,0,64,0.54,0.5,15,0.035,0.02,0.02,0.05,2
-6529.95,-0.0653,93470.05,10577.06,0.1023,-0.633,-0.617,0.396,36,0.2222,8,28,7.7,False,True,-0.0421,0.0221,4872.37,12305.15,15,0,9,7,5,0,0,45,27,0,0,0,0,64,0.54,0.5,15,0.035,0.02,0.02,0.05,3
-6383.45,-0.0638,93616.55,10809.9,0.1035,-0.617,-0.591,0.431,32,0.2188,7,25,9.3,False,True,-0.0455,0.0171,4849.89,11253.2,13,0,10,6,3,0,0,31,19,0,0,19,0,59,0.54,0.5,15,0.035,0.03,0.01,0.03,1
-6383.45,-0.0638,93616.55,10809.9,0.1035,-0.617,-0.591,0.431,32,0.2188,7,25,9.3,False,True,-0.0455,0.0171,4849.89,11253.2,13,0,10,6,3,0,0,31,19,0,0,19,0,59,0.54,0.5,15,0.035,0.03,0.01,0.03,2
-6383.45,-0.0638,93616.55,10809.9,0.1035,-0.617,-0.591,0.431,32,0.2188,7,25,9.3,False,True,-0.0455,0.0171,4849.89,11253.2,13,0,10,6,3,0,0,31,19,0,0,19,0,59,0.54,0.5,15,0.035,0.03,0.01,0.03,3
-6045.98,-0.0605,93954.02,10472.43,0.1003,-0.61,-0.577,0.445,26,0.2692,7,19,7.7,False,True,-0.0421,0.0171,4857.22,10923.13,10,0,7,6,3,0,0,27,14,0,0,19,0,44,0.54,0.5,15,0.035,0.03,0.01,0.05,1
-6045.98,-0.0605,93954.02,10472.43,0.1003,-0.61,-0.577,0.445,26,0.2692,7,19,7.7,False,True,-0.0421,0.0171,4857.22,10923.13,10,0,7,6,3,0,0,27,14,0,0,19,0,44,0.54,0.5,15,0.035,0.03,0.01,0.05,2
-6045.98,-0.0605,93954.02,10472.43,0.1003,-0.61,-0.577,0.445,26,0.2692,7,19,7.7,False,True,-0.0421,0.0171,4857.22,10923.13,10,0,7,6,3,0,0,27,14,0,0,19,0,44,0.54,0.5,15,0.035,0.03,0.01,0.05,3
-6335.29,-0.0634,93664.71,10761.74,0.1031,-0.616,-0.589,0.431,32,0.1875,6,26,9.6,False,True,-0.045,0.0171,4820.63,11175.78,15,0,8,5,4,0,0,31,19,0,0,15,0,63,0.54,0.5,15,0.035,0.03,0.02,0.03,1
-6335.29,-0.0634,93664.71,10761.74,0.1031,-0.616,-0.589,0.431,32,0.1875,6,26,9.6,False,True,-0.045,0.0171,4820.63,11175.78,15,0,8,5,4,0,0,31,19,0,0,15,0,63,0.54,0.5,15,0.035,0.03,0.02,0.03,2
-6335.29,-0.0634,93664.71,10761.74,0.1031,-0.616,-0.589,0.431,32,0.1875,6,26,9.6,False,True,-0.045,0.0171,4820.63,11175.78,15,0,8,5,4,0,0,31,19,0,0,15,0,63,0.54,0.5,15,0.035,0.03,0.02,0.03,3
-6850.06,-0.0685,93149.94,11276.51,0.108,-0.692,-0.607,0.413,31,0.2258,7,24,8.3,False,True,-0.0416,0.0171,4842.41,11720.89,13,0,7,6,5,0,0,28,16,0,0,15,0,50,0.54,0.5,15,0.035,0.03,0.02,0.05,1
-6850.06,-0.0685,93149.94,11276.51,0.108,-0.692,-0.607,0.413,31,0.2258,7,24,8.3,False,True,-0.0416,0.0171,4842.41,11720.89,13,0,7,6,5,0,0,28,16,0,0,15,0,50,0.54,0.5,15,0.035,0.03,0.02,0.05,2
-6850.06,-0.0685,93149.94,11276.51,0.108,-0.692,-0.607,0.413,31,0.2258,7,24,8.3,False,True,-0.0416,0.0171,4842.41,11720.89,13,0,7,6,5,0,0,28,16,0,0,15,0,50,0.54,0.5,15,0.035,0.03,0.02,0.05,3
-11679.86,-0.1168,88320.14,11686.96,0.1169,-0.99,-0.999,0.01,16,0.1875,3,13,7.8,False,True,-0.0486,0.0,114.38,11804.36,7,0,5,2,2,0,0,7,6,0,0,0,0,25,0.54,1.0,5,0.025,0.02,0.01,0.03,1
-11679.86,-0.1168,88320.14,11686.96,0.1169,-0.99,-0.999,0.01,16,0.1875,3,13,7.8,False,True,-0.0486,0.0,114.38,11804.36,7,0,5,2,2,0,0,7,6,0,0,0,0,25,0.54,1.0,5,0.025,0.02,0.01,0.03,2
-11679.86,-0.1168,88320.14,11686.96,0.1169,-0.99,-0.999,0.01,16,0.1875,3,13,7.8,False,True,-0.0486,0.0,114.38,11804.36,7,0,5,2,2,0,0,7,6,0,0,0,0,25,0.54,1.0,5,0.025,0.02,0.01,0.03,3
-10437.6,-0.1044,89562.4,10444.7,0.1044,-0.978,-0.999,0.019,11,0.1818,2,9,6.3,False,True,-0.0486,0.0,201.47,10649.32,6,0,2,2,1,0,0,6,6,0,0,0,0,12,0.54,1.0,5,0.025,0.02,0.01,0.05,1
-10437.6,-0.1044,89562.4,10444.7,0.1044,-0.978,-0.999,0.019,11,0.1818,2,9,6.3,False,True,-0.0486,0.0,201.47,10649.32,6,0,2,2,1,0,0,6,6,0,0,0,0,12,0.54,1.0,5,0.025,0.02,0.01,0.05,2
-10437.6,-0.1044,89562.4,10444.7,0.1044,-0.978,-0.999,0.019,11,0.1818,2,9,6.3,False,True,-0.0486,0.0,201.47,10649.32,6,0,2,2,1,0,0,6,6,0,0,0,0,12,0.54,1.0,5,0.025,0.02,0.01,0.05,3
-11679.86,-0.1168,88320.14,11686.96,0.1169,-0.99,-0.999,0.01,16,0.1875,3,13,7.8,False,True,-0.0486,0.0,114.38,11804.36,7,0,5,2,2,0,0,7,6,0,0,0,0,25,0.54,1.0,5,0.025,0.02,0.02,0.03,1
-11679.86,-0.1168,88320.14,11686.96,0.1169,-0.99,-0.999,0.01,16,0.1875,3,13,7.8,False,True,-0.0486,0.0,114.38,11804.36,7,0,5,2,2,0,0,7,6,0,0,0,0,25,0.54,1.0,5,0.025,0.02,0.02,0.03,2
-11679.86,-0.1168,88320.14,11686.96,0.1169,-0.99,-0.999,0.01,16,0.1875,3,13,7.8,False,True,-0.0486,0.0,114.38,11804.36,7,0,5,2,2,0,0,7,6,0,0,0,0,25,0.54,1.0,5,0.025,0.02,0.02,0.03,3
-10437.6,-0.1044,89562.4,10444.7,0.1044,-0.978,-0.999,0.019,11,0.1818,2,9,6.3,False,True,-0.0486,0.0,201.47,10649.32,6,0,2,2,1,0,0,6,6,0,0,0,0,12,0.54,1.0,5,0.025,0.02,0.02,0.05,1
-10437.6,-0.1044,89562.4,10444.7,0.1044,-0.978,-0.999,0.019,11,0.1818,2,9,6.3,False,True,-0.0486,0.0,201.47,10649.32,6,0,2,2,1,0,0,6,6,0,0,0,0,12,0.54,1.0,5,0.025,0.02,0.02,0.05,2
-10437.6,-0.1044,89562.4,10444.7,0.1044,-0.978,-0.999,0.019,11,0.1818,2,9,6.3,False,True,-0.0486,0.0,201.47,10649.32,6,0,2,2,1,0,0,6,6,0,0,0,0,12,0.54,1.0,5,0.025,0.02,0.02,0.05,3
-11679.86,-0.1168,88320.14,11686.96,0.1169,-0.99,-0.999,0.01,16,0.1875,3,13,7.8,False,True,-0.0486,0.0,114.38,11804.36,7,0,5,2,2,0,0,7,6,0,0,0,0,25,0.54,1.0,5,0.025,0.03,0.01,0.03,1
-11679.86,-0.1168,88320.14,11686.96,0.1169,-0.99,-0.999,0.01,16,0.1875,3,13,7.8,False,True,-0.0486,0.0,114.38,11804.36,7,0,5,2,2,0,0,7,6,0,0,0,0,25,0.54,1.0,5,0.025,0.03,0.01,0.03,2
-11679.86,-0.1168,88320.14,11686.96,0.1169,-0.99,-0.999,0.01,16,0.1875,3,13,7.8,False,True,-0.0486,0.0,114.38,11804.36,7,0,5,2,2,0,0,7,6,0,0,0,0,25,0.54,1.0,5,0.025,0.03,0.01,0.03,3
-10437.6,-0.1044,89562.4,10444.7,0.1044,-0.978,-0.999,0.019,11,0.1818,2,9,6.3,False,True,-0.0486,0.0,201.47,10649.32,6,0,2,2,1,0,0,6,6,0,0,0,0,12,0.54,1.0,5,0.025,0.03,0.01,0.05,1
-10437.6,-0.1044,89562.4,10444.7,0.1044,-0.978,-0.999,0.019,11,0.1818,2,9,6.3,False,True,-0.0486,0.0,201.47,10649.32,6,0,2,2,1,0,0,6,6,0,0,0,0,12,0.54,1.0,5,0.025,0.03,0.01,0.05,2
-10437.6,-0.1044,89562.4,10444.7,0.1044,-0.978,-0.999,0.019,11,0.1818,2,9,6.3,False,True,-0.0486,0.0,201.47,10649.32,6,0,2,2,1,0,0,6,6,0,0,0,0,12,0.54,1.0,5,0.025,0.03,0.01,0.05,3
-11679.86,-0.1168,88320.14,11686.96,0.1169,-0.99,-0.999,0.01,16,0.1875,3,13,7.8,False,True,-0.0486,0.0,114.38,11804.36,7,0,5,2,2,0,0,7,6,0,0,0,0,25,0.54,1.0,5,0.025,0.03,0.02,0.03,1
-11679.86,-0.1168,88320.14,11686.96,0.1169,-0.99,-0.999,0.01,16,0.1875,3,13,7.8,False,True,-0.0486,0.0,114.38,11804.36,7,0,5,2,2,0,0,7,6,0,0,0,0,25,0.54,1.0,5,0.025,0.03,0.02,0.03,2
-11679.86,-0.1168,88320.14,11686.96,0.1169,-0.99,-0.999,0.01,16,0.1875,3,13,7.8,False,True,-0.0486,0.0,114.38,11804.36,7,0,5,2,2,0,0,7,6,0,0,0,0,25,0.54,1.0,5,0.025,0.03,0.02,0.03,3
-10437.6,-0.1044,89562.4,10444.7,0.1044,-0.978,-0.999,0.019,11,0.1818,2,9,6.3,False,True,-0.0486,0.0,201.47,10649.32,6,0,2,2,1,0,0,6,6,0,0,0,0,12,0.54,1.0,5,0.025,0.03,0.02,0.05,1
-10437.6,-0.1044,89562.4,10444.7,0.1044,-0.978,-0.999,0.019,11,0.1818,2,9,6.3,False,True,-0.0486,0.0,201.47,10649.32,6,0,2,2,1,0,0,6,6,0,0,0,0,12,0.54,1.0,5,0.025,0.03,0.02,0.05,2
-10437.6,-0.1044,89562.4,10444.7,0.1044,-0.978,-0.999,0.019,11,0.1818,2,9,6.3,False,True,-0.0486,0.0,201.47,10649.32,6,0,2,2,1,0,0,6,6,0,0,0,0,12,0.54,1.0,5,0.025,0.03,0.02,0.05,3
-11679.86,-0.1168,88320.14,11686.96,0.1169,-0.99,-0.999,0.01,16,0.1875,3,13,7.8,False,True,-0.0486,0.0,114.38,11804.36,7,0,5,2,2,0,0,7,6,0,0,0,0,25,0.54,1.0,5,0.035,0.02,0.01,0.03,1
-11679.86,-0.1168,88320.14,11686.96,0.1169,-0.99,-0.999,0.01,16,0.1875,3,13,7.8,False,True,-0.0486,0.0,114.38,11804.36,7,0,5,2,2,0,0,7,6,0,0,0,0,25,0.54,1.0,5,0.035,0.02,0.01,0.03,2
-11679.86,-0.1168,88320.14,11686.96,0.1169,-0.99,-0.999,0.01,16,0.1875,3,13,7.8,False,True,-0.0486,0.0,114.38,11804.36,7,0,5,2,2,0,0,7,6,0,0,0,0,25,0.54,1.0,5,0.035,0.02,0.01,0.03,3
-10202.83,-0.102,89797.17,10209.93,0.1021,-0.82,-0.999,0.019,13,0.1538,2,11,5.5,False,True,-0.0562,0.0,201.47,10482.12,5,0,3,2,3,0,0,2,3,0,0,0,0,20,0.54,1.0,5,0.035,0.02,0.01,0.05,1
-10202.83,-0.102,89797.17,10209.93,0.1021,-0.82,-0.999,0.019,13,0.1538,2,11,5.5,False,True,-0.0562,0.0,201.47,10482.12,5,0,3,2,3,0,0,2,3,0,0,0,0,20,0.54,1.0,5,0.035,0.02,0.01,0.05,2
-10202.83,-0.102,89797.17,10209.93,0.1021,-0.82,-0.999,0.019,13,0.1538,2,11,5.5,False,True,-0.0562,0.0,201.47,10482.12,5,0,3,2,3,0,0,2,3,0,0,0,0,20,0.54,1.0,5,0.035,0.02,0.01,0.05,3
-11679.86,-0.1168,88320.14,11686.96,0.1169,-0.99,-0.999,0.01,16,0.1875,3,13,7.8,False,True,-0.0486,0.0,114.38,11804.36,7,0,5,2,2,0,0,7,6,0,0,0,0,25,0.54,1.0,5,0.035,0.02,0.02,0.03,1
-11679.86,-0.1168,88320.14,11686.96,0.1169,-0.99,-0.999,0.01,16,0.1875,3,13,7.8,False,True,-0.0486,0.0,114.38,11804.36,7,0,5,2,2,0,0,7,6,0,0,0,0,25,0.54,1.0,5,0.035,0.02,0.02,0.03,2
-11679.86,-0.1168,88320.14,11686.96,0.1169,-0.99,-0.999,0.01,16,0.1875,3,13,7.8,False,True,-0.0486,0.0,114.38,11804.36,7,0,5,2,2,0,0,7,6,0,0,0,0,25,0.54,1.0,5,0.035,0.02,0.02,0.03,3
-10202.83,-0.102,89797.17,10209.93,0.1021,-0.82,-0.999,0.019,13,0.1538,2,11,5.5,False,True,-0.0562,0.0,201.47,10482.12,5,0,3,2,3,0,0,2,3,0,0,0,0,20,0.54,1.0,5,0.035,0.02,0.02,0.05,1
-10202.83,-0.102,89797.17,10209.93,0.1021,-0.82,-0.999,0.019,13,0.1538,2,11,5.5,False,True,-0.0562,0.0,201.47,10482.12,5,0,3,2,3,0,0,2,3,0,0,0,0,20,0.54,1.0,5,0.035,0.02,0.02,0.05,2
-10202.83,-0.102,89797.17,10209.93,0.1021,-0.82,-0.999,0.019,13,0.1538,2,11,5.5,False,True,-0.0562,0.0,201.47,10482.12,5,0,3,2,3,0,0,2,3,0,0,0,0,20,0.54,1.0,5,0.035,0.02,0.02,0.05,3
-11679.86,-0.1168,88320.14,11686.96,0.1169,-0.99,-0.999,0.01,16,0.1875,3,13,7.8,False,True,-0.0486,0.0,114.38,11804.36,7,0,5,2,2,0,0,7,6,0,0,0,0,25,0.54,1.0,5,0.035,0.03,0.01,0.03,1
-11679.86,-0.1168,88320.14,11686.96,0.1169,-0.99,-0.999,0.01,16,0.1875,3,13,7.8,False,True,-0.0486,0.0,114.38,11804.36,7,0,5,2,2,0,0,7,6,0,0,0,0,25,0.54,1.0,5,0.035,0.03,0.01,0.03,2
-11679.86,-0.1168,88320.14,11686.96,0.1169,-0.99,-0.999,0.01,16,0.1875,3,13,7.8,False,True,-0.0486,0.0,114.38,11804.36,7,0,5,2,2,0,0,7,6,0,0,0,0,25,0.54,1.0,5,0.035,0.03,0.01,0.03,3
-10202.83,-0.102,89797.17,10209.93,0.1021,-0.82,-0.999,0.019,13,0.1538,2,11,5.5,False,True,-0.0562,0.0,201.47,10482.12,5,0,3,2,3,0,0,2,3,0,0,0,0,20,0.54,1.0,5,0.035,0.03,0.01,0.05,1
-10202.83,-0.102,89797.17,10209.93,0.1021,-0.82,-0.999,0.019,13,0.1538,2,11,5.5,False,True,-0.0562,0.0,201.47,10482.12,5,0,3,2,3,0,0,2,3,0,0,0,0,20,0.54,1.0,5,0.035,0.03,0.01,0.05,2
-10202.83,-0.102,89797.17,10209.93,0.1021,-0.82,-0.999,0.019,13,0.1538,2,11,5.5,False,True,-0.0562,0.0,201.47,10482.12,5,0,3,2,3,0,0,2,3,0,0,0,0,20,0.54,1.0,5,0.035,0.03,0.01,0.05,3
-11679.86,-0.1168,88320.14,11686.96,0.1169,-0.99,-0.999,0.01,16,0.1875,3,13,7.8,False,True,-0.0486,0.0,114.38,11804.36,7,0,5,2,2,0,0,7,6,0,0,0,0,25,0.54,1.0,5,0.035,0.03,0.02,0.03,1
-11679.86,-0.1168,88320.14,11686.96,0.1169,-0.99,-0.999,0.01,16,0.1875,3,13,7.8,False,True,-0.0486,0.0,114.38,11804.36,7,0,5,2,2,0,0,7,6,0,0,0,0,25,0.54,1.0,5,0.035,0.03,0.02,0.03,2
-11679.86,-0.1168,88320.14,11686.96,0.1169,-0.99,-0.999,0.01,16,0.1875,3,13,7.8,False,True,-0.0486,0.0,114.38,11804.36,7,0,5,2,2,0,0,7,6,0,0,0,0,25,0.54,1.0,5,0.035,0.03,0.02,0.03,3
-10202.83,-0.102,89797.17,10209.93,0.1021,-0.82,-0.999,0.019,13,0.1538,2,11,5.5,False,True,-0.0562,0.0,201.47,10482.12,5,0,3,2,3,0,0,2,3,0,0,0,0,20,0.54,1.0,5,0.035,0.03,0.02,0.05,1
-10202.83,-0.102,89797.17,10209.93,0.1021,-0.82,-0.999,0.019,13,0.1538,2,11,5.5,False,True,-0.0562,0.0,201.47,10482.12,5,0,3,2,3,0,0,2,3,0,0,0,0,20,0.54,1.0,5,0.035,0.03,0.02,0.05,2
-10202.83,-0.102,89797.17,10209.93,0.1021,-0.82,-0.999,0.019,13,0.1538,2,11,5.5,False,True,-0.0562,0.0,201.47,10482.12,5,0,3,2,3,0,0,2,3,0,0,0,0,20,0.54,1.0,5,0.035,0.03,0.02,0.05,3
-11679.86,-0.1168,88320.14,11686.96,0.1169,-0.99,-0.999,0.01,16,0.1875,3,13,7.8,False,True,-0.0486,0.0,114.38,11804.36,7,0,5,2,2,0,0,7,6,0,0,0,0,25,0.54,1.0,10,0.025,0.02,0.01,0.03,1
-11679.86,-0.1168,88320.14,11686.96,0.1169,-0.99,-0.999,0.01,16,0.1875,3,13,7.8,False,True,-0.0486,0.0,114.38,11804.36,7,0,5,2,2,0,0,7,6,0,0,0,0,25,0.54,1.0,10,0.025,0.02,0.01,0.03,2
-11679.86,-0.1168,88320.14,11686.96,0.1169,-0.99,-0.999,0.01,16,0.1875,3,13,7.8,False,True,-0.0486,0.0,114.38,11804.36,7,0,5,2,2,0,0,7,6,0,0,0,0,25,0.54,1.0,10,0.025,0.02,0.01,0.03,3
-10437.6,-0.1044,89562.4,10444.7,0.1044,-0.978,-0.999,0.019,11,0.1818,2,9,6.3,False,True,-0.0486,0.0,201.47,10649.32,6,0,2,2,1,0,0,6,6,0,0,0,0,12,0.54,1.0,10,0.025,0.02,0.01,0.05,1
-10437.6,-0.1044,89562.4,10444.7,0.1044,-0.978,-0.999,0.019,11,0.1818,2,9,6.3,False,True,-0.0486,0.0,201.47,10649.32,6,0,2,2,1,0,0,6,6,0,0,0,0,12,0.54,1.0,10,0.025,0.02,0.01,0.05,2
-10437.6,-0.1044,89562.4,10444.7,0.1044,-0.978,-0.999,0.019,11,0.1818,2,9,6.3,False,True,-0.0486,0.0,201.47,10649.32,6,0,2,2,1,0,0,6,6,0,0,0,0,12,0.54,1.0,10,0.025,0.02,0.01,0.05,3
-11679.86,-0.1168,88320.14,11686.96,0.1169,-0.99,-0.999,0.01,16,0.1875,3,13,7.8,False,True,-0.0486,0.0,114.38,11804.36,7,0,5,2,2,0,0,7,6,0,0,0,0,25,0.54,1.0,10,0.025,0.02,0.02,0.03,1
-11679.86,-0.1168,88320.14,11686.96,0.1169,-0.99,-0.999,0.01,16,0.1875,3,13,7.8,False,True,-0.0486,0.0,114.38,11804.36,7,0,5,2,2,0,0,7,6,0,0,0,0,25,0.54,1.0,10,0.025,0.02,0.02,0.03,2
-11679.86,-0.1168,88320.14,11686.96,0.1169,-0.99,-0.999,0.01,16,0.1875,3,13,7.8,False,True,-0.0486,0.0,114.38,11804.36,7,0,5,2,2,0,0,7,6,0,0,0,0,25,0.54,1.0,10,0.025,0.02,0.02,0.03,3
-10437.6,-0.1044,89562.4,10444.7,0.1044,-0.978,-0.999,0.019,11,0.1818,2,9,6.3,False,True,-0.0486,0.0,201.47,10649.32,6,0,2,2,1,0,0,6,6,0,0,0,0,12,0.54,1.0,10,0.025,0.02,0.02,0.05,1
-10437.6,-0.1044,89562.4,10444.7,0.1044,-0.978,-0.999,0.019,11,0.1818,2,9,6.3,False,True,-0.0486,0.0,201.47,10649.32,6,0,2,2,1,0,0,6,6,0,0,0,0,12,0.54,1.0,10,0.025,0.02,0.02,0.05,2
-10437.6,-0.1044,89562.4,10444.7,0.1044,-0.978,-0.999,0.019,11,0.1818,2,9,6.3,False,True,-0.0486,0.0,201.47,10649.32,6,0,2,2,1,0,0,6,6,0,0,0,0,12,0.54,1.0,10,0.025,0.02,0.02,0.05,3
-11679.86,-0.1168,88320.14,11686.96,0.1169,-0.99,-0.999,0.01,16,0.1875,3,13,7.8,False,True,-0.0486,0.0,114.38,11804.36,7,0,5,2,2,0,0,7,6,0,0,0,0,25,0.54,1.0,10,0.025,0.03,0.01,0.03,1
-11679.86,-0.1168,88320.14,11686.96,0.1169,-0.99,-0.999,0.01,16,0.1875,3,13,7.8,False,True,-0.0486,0.0,114.38,11804.36,7,0,5,2,2,0,0,7,6,0,0,0,0,25,0.54,1.0,10,0.025,0.03,0.01,0.03,2
-11679.86,-0.1168,88320.14,11686.96,0.1169,-0.99,-0.999,0.01,16,0.1875,3,13,7.8,False,True,-0.0486,0.0,114.38,11804.36,7,0,5,2,2,0,0,7,6,0,0,0,0,25,0.54,1.0,10,0.025,0.03,0.01,0.03,3
-10437.6,-0.1044,89562.4,10444.7,0.1044,-0.978,-0.999,0.019,11,0.1818,2,9,6.3,False,True,-0.0486,0.0,201.47,10649.32,6,0,2,2,1,0,0,6,6,0,0,0,0,12,0.54,1.0,10,0.025,0.03,0.01,0.05,1
-10437.6,-0.1044,89562.4,10444.7,0.1044,-0.978,-0.999,0.019,11,0.1818,2,9,6.3,False,True,-0.0486,0.0,201.47,10649.32,6,0,2,2,1,0,0,6,6,0,0,0,0,12,0.54,1.0,10,0.025,0.03,0.01,0.05,2
-10437.6,-0.1044,89562.4,10444.7,0.1044,-0.978,-0.999,0.019,11,0.1818,2,9,6.3,False,True,-0.0486,0.0,201.47,10649.32,6,0,2,2,1,0,0,6,6,0,0,0,0,12,0.54,1.0,10,0.025,0.03,0.01,0.05,3
-11679.86,-0.1168,88320.14,11686.96,0.1169,-0.99,-0.999,0.01,16,0.1875,3,13,7.8,False,True,-0.0486,0.0,114.38,11804.36,7,0,5,2,2,0,0,7,6,0,0,0,0,25,0.54,1.0,10,0.025,0.03,0.02,0.03,1
-11679.86,-0.1168,88320.14,11686.96,0.1169,-0.99,-0.999,0.01,16,0.1875,3,13,7.8,False,True,-0.0486,0.0,114.38,11804.36,7,0,5,2,2,0,0,7,6,0,0,0,0,25,0.54,1.0,10,0.025,0.03,0.02,0.03,2
-11679.86,-0.1168,88320.14,11686.96,0.1169,-0.99,-0.999,0.01,16,0.1875,3,13,7.8,False,True,-0.0486,0.0,114.38,11804.36,7,0,5,2,2,0,0,7,6,0,0,0,0,25,0.54,1.0,10,0.025,0.03,0.02,0.03,3
-10437.6,-0.1044,89562.4,10444.7,0.1044,-0.978,-0.999,0.019,11,0.1818,2,9,6.3,False,True,-0.0486,0.0,201.47,10649.32,6,0,2,2,1,0,0,6,6,0,0,0,0,12,0.54,1.0,10,0.025,0.03,0.02,0.05,1
-10437.6,-0.1044,89562.4,10444.7,0.1044,-0.978,-0.999,0.019,11,0.1818,2,9,6.3,False,True,-0.0486,0.0,201.47,10649.32,6,0,2,2,1,0,0,6,6,0,0,0,0,12,0.54,1.0,10,0.025,0.03,0.02,0.05,2
-10437.6,-0.1044,89562.4,10444.7,0.1044,-0.978,-0.999,0.019,11,0.1818,2,9,6.3,False,True,-0.0486,0.0,201.47,10649.32,6,0,2,2,1,0,0,6,6,0,0,0,0,12,0.54,1.0,10,0.025,0.03,0.02,0.05,3
-11679.86,-0.1168,88320.14,11686.96,0.1169,-0.99,-0.999,0.01,16,0.1875,3,13,7.8,False,True,-0.0486,0.0,114.38,11804.36,7,0,5,2,2,0,0,7,6,0,0,0,0,25,0.54,1.0,10,0.035,0.02,0.01,0.03,1
-11679.86,-0.1168,88320.14,11686.96,0.1169,-0.99,-0.999,0.01,16,0.1875,3,13,7.8,False,True,-0.0486,0.0,114.38,11804.36,7,0,5,2,2,0,0,7,6,0,0,0,0,25,0.54,1.0,10,0.035,0.02,0.01,0.03,2
-11679.86,-0.1168,88320.14,11686.96,0.1169,-0.99,-0.999,0.01,16,0.1875,3,13,7.8,False,True,-0.0486,0.0,114.38,11804.36,7,0,5,2,2,0,0,7,6,0,0,0,0,25,0.54,1.0,10,0.035,0.02,0.01,0.03,3
-10202.83,-0.102,89797.17,10209.93,0.1021,-0.82,-0.999,0.019,13,0.1538,2,11,5.5,False,True,-0.0562,0.0,201.47,10482.12,5,0,3,2,3,0,0,2,3,0,0,0,0,20,0.54,1.0,10,0.035,0.02,0.01,0.05,1
-10202.83,-0.102,89797.17,10209.93,0.1021,-0.82,-0.999,0.019,13,0.1538,2,11,5.5,False,True,-0.0562,0.0,201.47,10482.12,5,0,3,2,3,0,0,2,3,0,0,0,0,20,0.54,1.0,10,0.035,0.02,0.01,0.05,2
-10202.83,-0.102,89797.17,10209.93,0.1021,-0.82,-0.999,0.019,13,0.1538,2,11,5.5,False,True,-0.0562,0.0,201.47,10482.12,5,0,3,2,3,0,0,2,3,0,0,0,0,20,0.54,1.0,10,0.035,0.02,0.01,0.05,3
-11679.86,-0.1168,88320.14,11686.96,0.1169,-0.99,-0.999,0.01,16,0.1875,3,13,7.8,False,True,-0.0486,0.0,114.38,11804.36,7,0,5,2,2,0,0,7,6,0,0,0,0,25,0.54,1.0,10,0.035,0.02,0.02,0.03,1
-11679.86,-0.1168,88320.14,11686.96,0.1169,-0.99,-0.999,0.01,16,0.1875,3,13,7.8,False,True,-0.0486,0.0,114.38,11804.36,7,0,5,2,2,0,0,7,6,0,0,0,0,25,0.54,1.0,10,0.035,0.02,0.02,0.03,2
-11679.86,-0.1168,88320.14,11686.96,0.1169,-0.99,-0.999,0.01,16,0.1875,3,13,7.8,False,True,-0.0486,0.0,114.38,11804.36,7,0,5,2,2,0,0,7,6,0,0,0,0,25,0.54,1.0,10,0.035,0.02,0.02,0.03,3
-10202.83,-0.102,89797.17,10209.93,0.1021,-0.82,-0.999,0.019,13,0.1538,2,11,5.5,False,True,-0.0562,0.0,201.47,10482.12,5,0,3,2,3,0,0,2,3,0,0,0,0,20,0.54,1.0,10,0.035,0.02,0.02,0.05,1
-10202.83,-0.102,89797.17,10209.93,0.1021,-0.82,-0.999,0.019,13,0.1538,2,11,5.5,False,True,-0.0562,0.0,201.47,10482.12,5,0,3,2,3,0,0,2,3,0,0,0,0,20,0.54,1.0,10,0.035,0.02,0.02,0.05,2
-10202.83,-0.102,89797.17,10209.93,0.1021,-0.82,-0.999,0.019,13,0.1538,2,11,5.5,False,True,-0.0562,0.0,201.47,10482.12,5,0,3,2,3,0,0,2,3,0,0,0,0,20,0.54,1.0,10,0.035,0.02,0.02,0.05,3
-11679.86,-0.1168,88320.14,11686.96,0.1169,-0.99,-0.999,0.01,16,0.1875,3,13,7.8,False,True,-0.0486,0.0,114.38,11804.36,7,0,5,2,2,0,0,7,6,0,0,0,0,25,0.54,1.0,10,0.035,0.03,0.01,0.03,1
-11679.86,-0.1168,88320.14,11686.96,0.1169,-0.99,-0.999,0.01,16,0.1875,3,13,7.8,False,True,-0.0486,0.0,114.38,11804.36,7,0,5,2,2,0,0,7,6,0,0,0,0,25,0.54,1.0,10,0.035,0.03,0.01,0.03,2
-11679.86,-0.1168,88320.14,11686.96,0.1169,-0.99,-0.999,0.01,16,0.1875,3,13,7.8,False,True,-0.0486,0.0,114.38,11804.36,7,0,5,2,2,0,0,7,6,0,0,0,0,25,0.54,1.0,10,0.035,0.03,0.01,0.03,3
-10202.83,-0.102,89797.17,10209.93,0.1021,-0.82,-0.999,0.019,13,0.1538,2,11,5.5,False,True,-0.0562,0.0,201.47,10482.12,5,0,3,2,3,0,0,2,3,0,0,0,0,20,0.54,1.0,10,0.035,0.03,0.01,0.05,1
-10202.83,-0.102,89797.17,10209.93,0.1021,-0.82,-0.999,0.019,13,0.1538,2,11,5.5,False,True,-0.0562,0.0,201.47,10482.12,5,0,3,2,3,0,0,2,3,0,0,0,0,20,0.54,1.0,10,0.035,0.03,0.01,0.05,2
-10202.83,-0.102,89797.17,10209.93,0.1021,-0.82,-0.999,0.019,13,0.1538,2,11,5.5,False,True,-0.0562,0.0,201.47,10482.12,5,0,3,2,3,0,0,2,3,0,0,0,0,20,0.54,1.0,10,0.035,0.03,0.01,0.05,3
-11679.86,-0.1168,88320.14,11686.96,0.1169,-0.99,-0.999,0.01,16,0.1875,3,13,7.8,False,True,-0.0486,0.0,114.38,11804.36,7,0,5,2,2,0,0,7,6,0,0,0,0,25,0.54,1.0,10,0.035,0.03,0.02,0.03,1
-11679.86,-0.1168,88320.14,11686.96,0.1169,-0.99,-0.999,0.01,16,0.1875,3,13,7.8,False,True,-0.0486,0.0,114.38,11804.36,7,0,5,2,2,0,0,7,6,0,0,0,0,25,0.54,1.0,10,0.035,0.03,0.02,0.03,2
-11679.86,-0.1168,88320.14,11686.96,0.1169,-0.99,-0.999,0.01,16,0.1875,3,13,7.8,False,True,-0.0486,0.0,114.38,11804.36,7,0,5,2,2,0,0,7,6,0,0,0,0,25,0.54,1.0,10,0.035,0.03,0.02,0.03,3
-10202.83,-0.102,89797.17,10209.93,0.1021,-0.82,-0.999,0.019,13,0.1538,2,11,5.5,False,True,-0.0562,0.0,201.47,10482.12,5,0,3,2,3,0,0,2,3,0,0,0,0,20,0.54,1.0,10,0.035,0.03,0.02,0.05,1
-10202.83,-0.102,89797.17,10209.93,0.1021,-0.82,-0.999,0.019,13,0.1538,2,11,5.5,False,True,-0.0562,0.0,201.47,10482.12,5,0,3,2,3,0,0,2,3,0,0,0,0,20,0.54,1.0,10,0.035,0.03,0.02,0.05,2
-10202.83,-0.102,89797.17,10209.93,0.1021,-0.82,-0.999,0.019,13,0.1538,2,11,5.5,False,True,-0.0562,0.0,201.47,10482.12,5,0,3,2,3,0,0,2,3,0,0,0,0,20,0.54,1.0,10,0.035,0.03,0.02,0.05,3
-11679.86,-0.1168,88320.14,11686.96,0.1169,-0.99,-0.999,0.01,16,0.1875,3,13,7.8,False,True,-0.0486,0.0,114.38,11804.36,7,0,5,2,2,0,0,7,6,0,0,0,0,25,0.54,1.0,15,0.025,0.02,0.01,0.03,1
-11679.86,-0.1168,88320.14,11686.96,0.1169,-0.99,-0.999,0.01,16,0.1875,3,13,7.8,False,True,-0.0486,0.0,114.38,11804.36,7,0,5,2,2,0,0,7,6,0,0,0,0,25,0.54,1.0,15,0.025,0.02,0.01,0.03,2
-11679.86,-0.1168,88320.14,11686.96,0.1169,-0.99,-0.999,0.01,16,0.1875,3,13,7.8,False,True,-0.0486,0.0,114.38,11804.36,7,0,5,2,2,0,0,7,6,0,0,0,0,25,0.54,1.0,15,0.025,0.02,0.01,0.03,3
-10437.6,-0.1044,89562.4,10444.7,0.1044,-0.978,-0.999,0.019,11,0.1818,2,9,6.3,False,True,-0.0486,0.0,201.47,10649.32,6,0,2,2,1,0,0,6,6,0,0,0,0,12,0.54,1.0,15,0.025,0.02,0.01,0.05,1
-10437.6,-0.1044,89562.4,10444.7,0.1044,-0.978,-0.999,0.019,11,0.1818,2,9,6.3,False,True,-0.0486,0.0,201.47,10649.32,6,0,2,2,1,0,0,6,6,0,0,0,0,12,0.54,1.0,15,0.025,0.02,0.01,0.05,2
-10437.6,-0.1044,89562.4,10444.7,0.1044,-0.978,-0.999,0.019,11,0.1818,2,9,6.3,False,True,-0.0486,0.0,201.47,10649.32,6,0,2,2,1,0,0,6,6,0,0,0,0,12,0.54,1.0,15,0.025,0.02,0.01,0.05,3
-11679.86,-0.1168,88320.14,11686.96,0.1169,-0.99,-0.999,0.01,16,0.1875,3,13,7.8,False,True,-0.0486,0.0,114.38,11804.36,7,0,5,2,2,0,0,7,6,0,0,0,0,25,0.54,1.0,15,0.025,0.02,0.02,0.03,1
-11679.86,-0.1168,88320.14,11686.96,0.1169,-0.99,-0.999,0.01,16,0.1875,3,13,7.8,False,True,-0.0486,0.0,114.38,11804.36,7,0,5,2,2,0,0,7,6,0,0,0,0,25,0.54,1.0,15,0.025,0.02,0.02,0.03,2
-11679.86,-0.1168,88320.14,11686.96,0.1169,-0.99,-0.999,0.01,16,0.1875,3,13,7.8,False,True,-0.0486,0.0,114.38,11804.36,7,0,5,2,2,0,0,7,6,0,0,0,0,25,0.54,1.0,15,0.025,0.02,0.02,0.03,3
-10437.6,-0.1044,89562.4,10444.7,0.1044,-0.978,-0.999,0.019,11,0.1818,2,9,6.3,False,True,-0.0486,0.0,201.47,10649.32,6,0,2,2,1,0,0,6,6,0,0,0,0,12,0.54,1.0,15,0.025,0.02,0.02,0.05,1
-10437.6,-0.1044,89562.4,10444.7,0.1044,-0.978,-0.999,0.019,11,0.1818,2,9,6.3,False,True,-0.0486,0.0,201.47,10649.32,6,0,2,2,1,0,0,6,6,0,0,0,0,12,0.54,1.0,15,0.025,0.02,0.02,0.05,2
-10437.6,-0.1044,89562.4,10444.7,0.1044,-0.978,-0.999,0.019,11,0.1818,2,9,6.3,False,True,-0.0486,0.0,201.47,10649.32,6,0,2,2,1,0,0,6,6,0,0,0,0,12,0.54,1.0,15,0.025,0.02,0.02,0.05,3
-11679.86,-0.1168,88320.14,11686.96,0.1169,-0.99,-0.999,0.01,16,0.1875,3,13,7.8,False,True,-0.0486,0.0,114.38,11804.36,7,0,5,2,2,0,0,7,6,0,0,0,0,25,0.54,1.0,15,0.025,0.03,0.01,0.03,1
-11679.86,-0.1168,88320.14,11686.96,0.1169,-0.99,-0.999,0.01,16,0.1875,3,13,7.8,False,True,-0.0486,0.0,114.38,11804.36,7,0,5,2,2,0,0,7,6,0,0,0,0,25,0.54,1.0,15,0.025,0.03,0.01,0.03,2
-11679.86,-0.1168,88320.14,11686.96,0.1169,-0.99,-0.999,0.01,16,0.1875,3,13,7.8,False,True,-0.0486,0.0,114.38,11804.36,7,0,5,2,2,0,0,7,6,0,0,0,0,25,0.54,1.0,15,0.025,0.03,0.01,0.03,3
-10437.6,-0.1044,89562.4,10444.7,0.1044,-0.978,-0.999,0.019,11,0.1818,2,9,6.3,False,True,-0.0486,0.0,201.47,10649.32,6,0,2,2,1,0,0,6,6,0,0,0,0,12,0.54,1.0,15,0.025,0.03,0.01,0.05,1
-10437.6,-0.1044,89562.4,10444.7,0.1044,-0.978,-0.999,0.019,11,0.1818,2,9,6.3,False,True,-0.0486,0.0,201.47,10649.32,6,0,2,2,1,0,0,6,6,0,0,0,0,12,0.54,1.0,15,0.025,0.03,0.01,0.05,2
-10437.6,-0.1044,89562.4,10444.7,0.1044,-0.978,-0.999,0.019,11,0.1818,2,9,6.3,False,True,-0.0486,0.0,201.47,10649.32,6,0,2,2,1,0,0,6,6,0,0,0,0,12,0.54,1.0,15,0.025,0.03,0.01,0.05,3
-11679.86,-0.1168,88320.14,11686.96,0.1169,-0.99,-0.999,0.01,16,0.1875,3,13,7.8,False,True,-0.0486,0.0,114.38,11804.36,7,0,5,2,2,0,0,7,6,0,0,0,0,25,0.54,1.0,15,0.025,0.03,0.02,0.03,1
-11679.86,-0.1168,88320.14,11686.96,0.1169,-0.99,-0.999,0.01,16,0.1875,3,13,7.8,False,True,-0.0486,0.0,114.38,11804.36,7,0,5,2,2,0,0,7,6,0,0,0,0,25,0.54,1.0,15,0.025,0.03,0.02,0.03,2
-11679.86,-0.1168,88320.14,11686.96,0.1169,-0.99,-0.999,0.01,16,0.1875,3,13,7.8,False,True,-0.0486,0.0,114.38,11804.36,7,0,5,2,2,0,0,7,6,0,0,0,0,25,0.54,1.0,15,0.025,0.03,0.02,0.03,3
-10437.6,-0.1044,89562.4,10444.7,0.1044,-0.978,-0.999,0.019,11,0.1818,2,9,6.3,False,True,-0.0486,0.0,201.47,10649.32,6,0,2,2,1,0,0,6,6,0,0,0,0,12,0.54,1.0,15,0.025,0.03,0.02,0.05,1
-10437.6,-0.1044,89562.4,10444.7,0.1044,-0.978,-0.999,0.019,11,0.1818,2,9,6.3,False,True,-0.0486,0.0,201.47,10649.32,6,0,2,2,1,0,0,6,6,0,0,0,0,12,0.54,1.0,15,0.025,0.03,0.02,0.05,2
-10437.6,-0.1044,89562.4,10444.7,0.1044,-0.978,-0.999,0.019,11,0.1818,2,9,6.3,False,True,-0.0486,0.0,201.47,10649.32,6,0,2,2,1,0,0,6,6,0,0,0,0,12,0.54,1.0,15,0.025,0.03,0.02,0.05,3
-11679.86,-0.1168,88320.14,11686.96,0.1169,-0.99,-0.999,0.01,16,0.1875,3,13,7.8,False,True,-0.0486,0.0,114.38,11804.36,7,0,5,2,2,0,0,7,6,0,0,0,0,25,0.54,1.0,15,0.035,0.02,0.01,0.03,1
-11679.86,-0.1168,88320.14,11686.96,0.1169,-0.99,-0.999,0.01,16,0.1875,3,13,7.8,False,True,-0.0486,0.0,114.38,11804.36,7,0,5,2,2,0,0,7,6,0,0,0,0,25,0.54,1.0,15,0.035,0.02,0.01,0.03,2
-11679.86,-0.1168,88320.14,11686.96,0.1169,-0.99,-0.999,0.01,16,0.1875,3,13,7.8,False,True,-0.0486,0.0,114.38,11804.36,7,0,5,2,2,0,0,7,6,0,0,0,0,25,0.54,1.0,15,0.035,0.02,0.01,0.03,3
-10202.83,-0.102,89797.17,10209.93,0.1021,-0.82,-0.999,0.019,13,0.1538,2,11,5.5,False,True,-0.0562,0.0,201.47,10482.12,5,0,3,2,3,0,0,2,3,0,0,0,0,20,0.54,1.0,15,0.035,0.02,0.01,0.05,1
-10202.83,-0.102,89797.17,10209.93,0.1021,-0.82,-0.999,0.019,13,0.1538,2,11,5.5,False,True,-0.0562,0.0,201.47,10482.12,5,0,3,2,3,0,0,2,3,0,0,0,0,20,0.54,1.0,15,0.035,0.02,0.01,0.05,2
-10202.83,-0.102,89797.17,10209.93,0.1021,-0.82,-0.999,0.019,13,0.1538,2,11,5.5,False,True,-0.0562,0.0,201.47,10482.12,5,0,3,2,3,0,0,2,3,0,0,0,0,20,0.54,1.0,15,0.035,0.02,0.01,0.05,3
-11679.86,-0.1168,88320.14,11686.96,0.1169,-0.99,-0.999,0.01,16,0.1875,3,13,7.8,False,True,-0.0486,0.0,114.38,11804.36,7,0,5,2,2,0,0,7,6,0,0,0,0,25,0.54,1.0,15,0.035,0.02,0.02,0.03,1
-11679.86,-0.1168,88320.14,11686.96,0.1169,-0.99,-0.999,0.01,16,0.1875,3,13,7.8,False,True,-0.0486,0.0,114.38,11804.36,7,0,5,2,2,0,0,7,6,0,0,0,0,25,0.54,1.0,15,0.035,0.02,0.02,0.03,2
-11679.86,-0.1168,88320.14,11686.96,0.1169,-0.99,-0.999,0.01,16,0.1875,3,13,7.8,False,True,-0.0486,0.0,114.38,11804.36,7,0,5,2,2,0,0,7,6,0,0,0,0,25,0.54,1.0,15,0.035,0.02,0.02,0.03,3
-10202.83,-0.102,89797.17,10209.93,0.1021,-0.82,-0.999,0.019,13,0.1538,2,11,5.5,False,True,-0.0562,0.0,201.47,10482.12,5,0,3,2,3,0,0,2,3,0,0,0,0,20,0.54,1.0,15,0.035,0.02,0.02,0.05,1
-10202.83,-0.102,89797.17,10209.93,0.1021,-0.82,-0.999,0.019,13,0.1538,2,11,5.5,False,True,-0.0562,0.0,201.47,10482.12,5,0,3,2,3,0,0,2,3,0,0,0,0,20,0.54,1.0,15,0.035,0.02,0.02,0.05,2
-10202.83,-0.102,89797.17,10209.93,0.1021,-0.82,-0.999,0.019,13,0.1538,2,11,5.5,False,True,-0.0562,0.0,201.47,10482.12,5,0,3,2,3,0,0,2,3,0,0,0,0,20,0.54,1.0,15,0.035,0.02,0.02,0.05,3
-11679.86,-0.1168,88320.14,11686.96,0.1169,-0.99,-0.999,0.01,16,0.1875,3,13,7.8,False,True,-0.0486,0.0,114.38,11804.36,7,0,5,2,2,0,0,7,6,0,0,0,0,25,0.54,1.0,15,0.035,0.03,0.01,0.03,1
-11679.86,-0.1168,88320.14,11686.96,0.1169,-0.99,-0.999,0.01,16,0.1875,3,13,7.8,False,True,-0.0486,0.0,114.38,11804.36,7,0,5,2,2,0,0,7,6,0,0,0,0,25,0.54,1.0,15,0.035,0.03,0.01,0.03,2
-11679.86,-0.1168,88320.14,11686.96,0.1169,-0.99,-0.999,0.01,16,0.1875,3,13,7.8,False,True,-0.0486,0.0,114.38,11804.36,7,0,5,2,2,0,0,7,6,0,0,0,0,25,0.54,1.0,15,0.035,0.03,0.01,0.03,3
-10202.83,-0.102,89797.17,10209.93,0.1021,-0.82,-0.999,0.019,13,0.1538,2,11,5.5,False,True,-0.0562,0.0,201.47,10482.12,5,0,3,2,3,0,0,2,3,0,0,0,0,20,0.54,1.0,15,0.035,0.03,0.01,0.05,1
-10202.83,-0.102,89797.17,10209.93,0.1021,-0.82,-0.999,0.019,13,0.1538,2,11,5.5,False,True,-0.0562,0.0,201.47,10482.12,5,0,3,2,3,0,0,2,3,0,0,0,0,20,0.54,1.0,15,0.035,0.03,0.01,0.05,2
-10202.83,-0.102,89797.17,10209.93,0.1021,-0.82,-0.999,0.019,13,0.1538,2,11,5.5,False,True,-0.0562,0.0,201.47,10482.12,5,0,3,2,3,0,0,2,3,0,0,0,0,20,0.54,1.0,15,0.035,0.03,0.01,0.05,3
-11679.86,-0.1168,88320.14,11686.96,0.1169,-0.99,-0.999,0.01,16,0.1875,3,13,7.8,False,True,-0.0486,0.0,114.38,11804.36,7,0,5,2,2,0,0,7,6,0,0,0,0,25,0.54,1.0,15,0.035,0.03,0.02,0.03,1
-11679.86,-0.1168,88320.14,11686.96,0.1169,-0.99,-0.999,0.01,16,0.1875,3,13,7.8,False,True,-0.0486,0.0,114.38,11804.36,7,0,5,2,2,0,0,7,6,0,0,0,0,25,0.54,1.0,15,0.035,0.03,0.02,0.03,2
-11679.86,-0.1168,88320.14,11686.96,0.1169,-0.99,-0.999,0.01,16,0.1875,3,13,7.8,False,True,-0.0486,0.0,114.38,11804.36,7,0,5,2,2,0,0,7,6,0,0,0,0,25,0.54,1.0,15,0.035,0.03,0.02,0.03,3
-10202.83,-0.102,89797.17,10209.93,0.1021,-0.82,-0.999,0.019,13,0.1538,2,11,5.5,False,True,-0.0562,0.0,201.47,10482.12,5,0,3,2,3,0,0,2,3,0,0,0,0,20,0.54,1.0,15,0.035,0.03,0.02,0.05,1
-10202.83,-0.102,89797.17,10209.93,0.1021,-0.82,-0.999,0.019,13,0.1538,2,11,5.5,False,True,-0.0562,0.0,201.47,10482.12,5,0,3,2,3,0,0,2,3,0,0,0,0,20,0.54,1.0,15,0.035,0.03,0.02,0.05,2
-10202.83,-0.102,89797.17,10209.93,0.1021,-0.82,-0.999,0.019,13,0.1538,2,11,5.5,False,True,-0.0562,0.0,201.47,10482.12,5,0,3,2,3,0,0,2,3,0,0,0,0,20,0.54,1.0,15,0.035,0.03,0.02,0.05,3
-9355.33,-0.0936,90644.67,10133.08,0.1013,-0.726,-0.923,0.009,12,0.0833,1,11,3.8,False,True,-0.0728,0.0,107.26,11586.71,4,0,3,1,4,0,0,2,3,0,0,0,0,14,0.54,1.5,5,0.025,0.02,0.01,0.03,1
-9355.33,-0.0936,90644.67,10133.08,0.1013,-0.726,-0.923,0.009,12,0.0833,1,11,3.8,False,True,-0.0728,0.0,107.26,11586.71,4,0,3,1,4,0,0,2,3,0,0,0,0,14,0.54,1.5,5,0.025,0.02,0.01,0.03,2
-9355.33,-0.0936,90644.67,10133.08,0.1013,-0.726,-0.923,0.009,12,0.0833,1,11,3.8,False,True,-0.0728,0.0,107.26,11586.71,4,0,3,1,4,0,0,2,3,0,0,0,0,14,0.54,1.5,5,0.025,0.02,0.01,0.03,3
-9355.33,-0.0936,90644.67,10133.08,0.1013,-0.726,-0.923,0.009,12,0.0833,1,11,3.8,False,True,-0.0728,0.0,107.26,11586.71,4,0,3,1,4,0,0,2,3,0,0,0,0,14,0.54,1.5,5,0.025,0.02,0.01,0.05,1
-9355.33,-0.0936,90644.67,10133.08,0.1013,-0.726,-0.923,0.009,12,0.0833,1,11,3.8,False,True,-0.0728,0.0,107.26,11586.71,4,0,3,1,4,0,0,2,3,0,0,0,0,14,0.54,1.5,5,0.025,0.02,0.01,0.05,2
-9355.33,-0.0936,90644.67,10133.08,0.1013,-0.726,-0.923,0.009,12,0.0833,1,11,3.8,False,True,-0.0728,0.0,107.26,11586.71,4,0,3,1,4,0,0,2,3,0,0,0,0,14,0.54,1.5,5,0.025,0.02,0.01,0.05,3
-9355.33,-0.0936,90644.67,10133.08,0.1013,-0.726,-0.923,0.009,12,0.0833,1,11,3.8,False,True,-0.0728,0.0,107.26,11586.71,4,0,3,1,4,0,0,2,3,0,0,0,0,14,0.54,1.5,5,0.025,0.02,0.02,0.03,1
-9355.33,-0.0936,90644.67,10133.08,0.1013,-0.726,-0.923,0.009,12,0.0833,1,11,3.8,False,True,-0.0728,0.0,107.26,11586.71,4,0,3,1,4,0,0,2,3,0,0,0,0,14,0.54,1.5,5,0.025,0.02,0.02,0.03,2
-9355.33,-0.0936,90644.67,10133.08,0.1013,-0.726,-0.923,0.009,12,0.0833,1,11,3.8,False,True,-0.0728,0.0,107.26,11586.71,4,0,3,1,4,0,0,2,3,0,0,0,0,14,0.54,1.5,5,0.025,0.02,0.02,0.03,3
-9355.33,-0.0936,90644.67,10133.08,0.1013,-0.726,-0.923,0.009,12,0.0833,1,11,3.8,False,True,-0.0728,0.0,107.26,11586.71,4,0,3,1,4,0,0,2,3,0,0,0,0,14,0.54,1.5,5,0.025,0.02,0.02,0.05,1
-9355.33,-0.0936,90644.67,10133.08,0.1013,-0.726,-0.923,0.009,12,0.0833,1,11,3.8,False,True,-0.0728,0.0,107.26,11586.71,4,0,3,1,4,0,0,2,3,0,0,0,0,14,0.54,1.5,5,0.025,0.02,0.02,0.05,2
-9355.33,-0.0936,90644.67,10133.08,0.1013,-0.726,-0.923,0.009,12,0.0833,1,11,3.8,False,True,-0.0728,0.0,107.26,11586.71,4,0,3,1,4,0,0,2,3,0,0,0,0,14,0.54,1.5,5,0.025,0.02,0.02,0.05,3
-9355.33,-0.0936,90644.67,10133.08,0.1013,-0.726,-0.923,0.009,12,0.0833,1,11,3.8,False,True,-0.0728,0.0,107.26,11586.71,4,0,3,1,4,0,0,2,3,0,0,0,0,14,0.54,1.5,5,0.025,0.03,0.01,0.03,1
-9355.33,-0.0936,90644.67,10133.08,0.1013,-0.726,-0.923,0.009,12,0.0833,1,11,3.8,False,True,-0.0728,0.0,107.26,11586.71,4,0,3,1,4,0,0,2,3,0,0,0,0,14,0.54,1.5,5,0.025,0.03,0.01,0.03,2
-9355.33,-0.0936,90644.67,10133.08,0.1013,-0.726,-0.923,0.009,12,0.0833,1,11,3.8,False,True,-0.0728,0.0,107.26,11586.71,4,0,3,1,4,0,0,2,3,0,0,0,0,14,0.54,1.5,5,0.025,0.03,0.01,0.03,3
-9355.33,-0.0936,90644.67,10133.08,0.1013,-0.726,-0.923,0.009,12,0.0833,1,11,3.8,False,True,-0.0728,0.0,107.26,11586.71,4,0,3,1,4,0,0,2,3,0,0,0,0,14,0.54,1.5,5,0.025,0.03,0.01,0.05,1
-9355.33,-0.0936,90644.67,10133.08,0.1013,-0.726,-0.923,0.009,12,0.0833,1,11,3.8,False,True,-0.0728,0.0,107.26,11586.71,4,0,3,1,4,0,0,2,3,0,0,0,0,14,0.54,1.5,5,0.025,0.03,0.01,0.05,2
-9355.33,-0.0936,90644.67,10133.08,0.1013,-0.726,-0.923,0.009,12,0.0833,1,11,3.8,False,True,-0.0728,0.0,107.26,11586.71,4,0,3,1,4,0,0,2,3,0,0,0,0,14,0.54,1.5,5,0.025,0.03,0.01,0.05,3
-9355.33,-0.0936,90644.67,10133.08,0.1013,-0.726,-0.923,0.009,12,0.0833,1,11,3.8,False,True,-0.0728,0.0,107.26,11586.71,4,0,3,1,4,0,0,2,3,0,0,0,0,14,0.54,1.5,5,0.025,0.03,0.02,0.03,1
-9355.33,-0.0936,90644.67,10133.08,0.1013,-0.726,-0.923,0.009,12,0.0833,1,11,3.8,False,True,-0.0728,0.0,107.26,11586.71,4,0,3,1,4,0,0,2,3,0,0,0,0,14,0.54,1.5,5,0.025,0.03,0.02,0.03,2
-9355.33,-0.0936,90644.67,10133.08,0.1013,-0.726,-0.923,0.009,12,0.0833,1,11,3.8,False,True,-0.0728,0.0,107.26,11586.71,4,0,3,1,4,0,0,2,3,0,0,0,0,14,0.54,1.5,5,0.025,0.03,0.02,0.03,3
-9355.33,-0.0936,90644.67,10133.08,0.1013,-0.726,-0.923,0.009,12,0.0833,1,11,3.8,False,True,-0.0728,0.0,107.26,11586.71,4,0,3,1,4,0,0,2,3,0,0,0,0,14,0.54,1.5,5,0.025,0.03,0.02,0.05,1
-9355.33,-0.0936,90644.67,10133.08,0.1013,-0.726,-0.923,0.009,12,0.0833,1,11,3.8,False,True,-0.0728,0.0,107.26,11586.71,4,0,3,1,4,0,0,2,3,0,0,0,0,14,0.54,1.5,5,0.025,0.03,0.02,0.05,2
-9355.33,-0.0936,90644.67,10133.08,0.1013,-0.726,-0.923,0.009,12,0.0833,1,11,3.8,False,True,-0.0728,0.0,107.26,11586.71,4,0,3,1,4,0,0,2,3,0,0,0,0,14,0.54,1.5,5,0.025,0.03,0.02,0.05,3
-9355.33,-0.0936,90644.67,10133.08,0.1013,-0.726,-0.923,0.009,12,0.0833,1,11,3.8,False,True,-0.0728,0.0,107.26,11586.71,4,0,3,1,4,0,0,2,3,0,0,0,0,14,0.54,1.5,5,0.035,0.02,0.01,0.03,1
-9355.33,-0.0936,90644.67,10133.08,0.1013,-0.726,-0.923,0.009,12,0.0833,1,11,3.8,False,True,-0.0728,0.0,107.26,11586.71,4,0,3,1,4,0,0,2,3,0,0,0,0,14,0.54,1.5,5,0.035,0.02,0.01,0.03,2
-9355.33,-0.0936,90644.67,10133.08,0.1013,-0.726,-0.923,0.009,12,0.0833,1,11,3.8,False,True,-0.0728,0.0,107.26,11586.71,4,0,3,1,4,0,0,2,3,0,0,0,0,14,0.54,1.5,5,0.035,0.02,0.01,0.03,3
-9355.33,-0.0936,90644.67,10133.08,0.1013,-0.726,-0.923,0.009,12,0.0833,1,11,3.8,False,True,-0.0728,0.0,107.26,11586.71,4,0,3,1,4,0,0,2,3,0,0,0,0,14,0.54,1.5,5,0.035,0.02,0.01,0.05,1
-9355.33,-0.0936,90644.67,10133.08,0.1013,-0.726,-0.923,0.009,12,0.0833,1,11,3.8,False,True,-0.0728,0.0,107.26,11586.71,4,0,3,1,4,0,0,2,3,0,0,0,0,14,0.54,1.5,5,0.035,0.02,0.01,0.05,2
-9355.33,-0.0936,90644.67,10133.08,0.1013,-0.726,-0.923,0.009,12,0.0833,1,11,3.8,False,True,-0.0728,0.0,107.26,11586.71,4,0,3,1,4,0,0,2,3,0,0,0,0,14,0.54,1.5,5,0.035,0.02,0.01,0.05,3
-9355.33,-0.0936,90644.67,10133.08,0.1013,-0.726,-0.923,0.009,12,0.0833,1,11,3.8,False,True,-0.0728,0.0,107.26,11586.71,4,0,3,1,4,0,0,2,3,0,0,0,0,14,0.54,1.5,5,0.035,0.02,0.02,0.03,1
-9355.33,-0.0936,90644.67,10133.08,0.1013,-0.726,-0.923,0.009,12,0.0833,1,11,3.8,False,True,-0.0728,0.0,107.26,11586.71,4,0,3,1,4,0,0,2,3,0,0,0,0,14,0.54,1.5,5,0.035,0.02,0.02,0.03,2
-9355.33,-0.0936,90644.67,10133.08,0.1013,-0.726,-0.923,0.009,12,0.0833,1,11,3.8,False,True,-0.0728,0.0,107.26,11586.71,4,0,3,1,4,0,0,2,3,0,0,0,0,14,0.54,1.5,5,0.035,0.02,0.02,0.03,3
-9355.33,-0.0936,90644.67,10133.08,0.1013,-0.726,-0.923,0.009,12,0.0833,1,11,3.8,False,True,-0.0728,0.0,107.26,11586.71,4,0,3,1,4,0,0,2,3,0,0,0,0,14,0.54,1.5,5,0.035,0.02,0.02,0.05,1
-9355.33,-0.0936,90644.67,10133.08,0.1013,-0.726,-0.923,0.009,12,0.0833,1,11,3.8,False,True,-0.0728,0.0,107.26,11586.71,4,0,3,1,4,0,0,2,3,0,0,0,0,14,0.54,1.5,5,0.035,0.02,0.02,0.05,2
-9355.33,-0.0936,90644.67,10133.08,0.1013,-0.726,-0.923,0.009,12,0.0833,1,11,3.8,False,True,-0.0728,0.0,107.26,11586.71,4,0,3,1,4,0,0,2,3,0,0,0,0,14,0.54,1.5,5,0.035,0.02,0.02,0.05,3
-9355.33,-0.0936,90644.67,10133.08,0.1013,-0.726,-0.923,0.009,12,0.0833,1,11,3.8,False,True,-0.0728,0.0,107.26,11586.71,4,0,3,1,4,0,0,2,3,0,0,0,0,14,0.54,1.5,5,0.035,0.03,0.01,0.03,1
-9355.33,-0.0936,90644.67,10133.08,0.1013,-0.726,-0.923,0.009,12,0.0833,1,11,3.8,False,True,-0.0728,0.0,107.26,11586.71,4,0,3,1,4,0,0,2,3,0,0,0,0,14,0.54,1.5,5,0.035,0.03,0.01,0.03,2
-9355.33,-0.0936,90644.67,10133.08,0.1013,-0.726,-0.923,0.009,12,0.0833,1,11,3.8,False,True,-0.0728,0.0,107.26,11586.71,4,0,3,1,4,0,0,2,3,0,0,0,0,14,0.54,1.5,5,0.035,0.03,0.01,0.03,3
-9355.33,-0.0936,90644.67,10133.08,0.1013,-0.726,-0.923,0.009,12,0.0833,1,11,3.8,False,True,-0.0728,0.0,107.26,11586.71,4,0,3,1,4,0,0,2,3,0,0,0,0,14,0.54,1.5,5,0.035,0.03,0.01,0.05,1
-9355.33,-0.0936,90644.67,10133.08,0.1013,-0.726,-0.923,0.009,12,0.0833,1,11,3.8,False,True,-0.0728,0.0,107.26,11586.71,4,0,3,1,4,0,0,2,3,0,0,0,0,14,0.54,1.5,5,0.035,0.03,0.01,0.05,2
-9355.33,-0.0936,90644.67,10133.08,0.1013,-0.726,-0.923,0.009,12,0.0833,1,11,3.8,False,True,-0.0728,0.0,107.26,11586.71,4,0,3,1,4,0,0,2,3,0,0,0,0,14,0.54,1.5,5,0.035,0.03,0.01,0.05,3
-9355.33,-0.0936,90644.67,10133.08,0.1013,-0.726,-0.923,0.009,12,0.0833,1,11,3.8,False,True,-0.0728,0.0,107.26,11586.71,4,0,3,1,4,0,0,2,3,0,0,0,0,14,0.54,1.5,5,0.035,0.03,0.02,0.03,1
-9355.33,-0.0936,90644.67,10133.08,0.1013,-0.726,-0.923,0.009,12,0.0833,1,11,3.8,False,True,-0.0728,0.0,107.26,11586.71,4,0,3,1,4,0,0,2,3,0,0,0,0,14,0.54,1.5,5,0.035,0.03,0.02,0.03,2
-9355.33,-0.0936,90644.67,10133.08,0.1013,-0.726,-0.923,0.009,12,0.0833,1,11,3.8,False,True,-0.0728,0.0,107.26,11586.71,4,0,3,1,4,0,0,2,3,0,0,0,0,14,0.54,1.5,5,0.035,0.03,0.02,0.03,3
-9355.33,-0.0936,90644.67,10133.08,0.1013,-0.726,-0.923,0.009,12,0.0833,1,11,3.8,False,True,-0.0728,0.0,107.26,11586.71,4,0,3,1,4,0,0,2,3,0,0,0,0,14,0.54,1.5,5,0.035,0.03,0.02,0.05,1
-9355.33,-0.0936,90644.67,10133.08,0.1013,-0.726,-0.923,0.009,12,0.0833,1,11,3.8,False,True,-0.0728,0.0,107.26,11586.71,4,0,3,1,4,0,0,2,3,0,0,0,0,14,0.54,1.5,5,0.035,0.03,0.02,0.05,2
-9355.33,-0.0936,90644.67,10133.08,0.1013,-0.726,-0.923,0.009,12,0.0833,1,11,3.8,False,True,-0.0728,0.0,107.26,11586.71,4,0,3,1,4,0,0,2,3,0,0,0,0,14,0.54,1.5,5,0.035,0.03,0.02,0.05,3
-9355.33,-0.0936,90644.67,10133.08,0.1013,-0.726,-0.923,0.009,12,0.0833,1,11,3.8,False,True,-0.0728,0.0,107.26,11586.71,4,0,3,1,4,0,0,2,3,0,0,0,0,14,0.54,1.5,10,0.025,0.02,0.01,0.03,1
-9355.33,-0.0936,90644.67,10133.08,0.1013,-0.726,-0.923,0.009,12,0.0833,1,11,3.8,False,True,-0.0728,0.0,107.26,11586.71,4,0,3,1,4,0,0,2,3,0,0,0,0,14,0.54,1.5,10,0.025,0.02,0.01,0.03,2
-9355.33,-0.0936,90644.67,10133.08,0.1013,-0.726,-0.923,0.009,12,0.0833,1,11,3.8,False,True,-0.0728,0.0,107.26,11586.71,4,0,3,1,4,0,0,2,3,0,0,0,0,14,0.54,1.5,10,0.025,0.02,0.01,0.03,3
-9355.33,-0.0936,90644.67,10133.08,0.1013,-0.726,-0.923,0.009,12,0.0833,1,11,3.8,False,True,-0.0728,0.0,107.26,11586.71,4,0,3,1,4,0,0,2,3,0,0,0,0,14,0.54,1.5,10,0.025,0.02,0.01,0.05,1
