{
  "n_simulations": 200000,
  "trades_per_year": 2226,
  "trade_pool_size": 3181,
  "gpu_used": false,
  "pool_stats": {
    "mean_pnl": 64.01088022634393,
    "median_pnl": 6.112798563136033,
    "std_pnl": 263.7872901348881,
    "win_rate": 0.5498270983967306,
    "avg_win": 200.92787130512014,
    "avg_loss": -103.21524924068095,
    "profit_factor": 2.3776236341609636
  },
  "max_drawdown": {
    "1": 0.00847587034325272,
    "5": 0.009557909951061636,
    "10": 0.010246223766964511,
    "25": 0.01161245973967191,
    "50": 0.013556357610035626,
    "75": 0.01610687087620607,
    "90": 0.019103396523774425,
    "95": 0.02130085269372118,
    "99": 0.026329004905306347
  },
  "annual_return_pct": {
    "1": 114.06593922890322,
    "5": 122.22404379951166,
    "10": 126.63985218146485,
    "25": 134.02009429122546,
    "50": 142.40896354050494,
    "75": 150.80618543522758,
    "90": 158.49099307207666,
    "95": 163.1339347775625,
    "99": 171.79615175112866
  },
  "final_equity": {
    "1": 214065.93922890324,
    "5": 222224.04379951168,
    "10": 226639.85218146484,
    "25": 234020.09429122545,
    "50": 242408.96354050495,
    "75": 250806.18543522758,
    "90": 258490.99307207667,
    "95": 263133.9347775625,
    "99": 271796.15175112867
  },
  "sharpe_ratio": {
    "1": 9.660523649978076,
    "5": 10.187600615390409,
    "10": 10.473186635667858,
    "25": 10.942526257908318,
    "50": 11.457713966841343,
    "75": 11.967182397972964,
    "90": 12.420477626380576,
    "95": 12.691047485710333,
    "99": 13.201866426172028
  },
  "consecutive_losses": {
    "1": 7,
    "5": 7,
    "10": 7,
    "25": 8,
    "50": 9,
    "75": 10,
    "90": 11,
    "95": 12,
    "99": 14
  },
  "ruin_ftmo_10pct": 0.0,
  "ruin_ftmo_5pct_daily": 1e-05,
  "prob_profit_1yr": 1.0,
  "prob_profit_20pct": 1.0,
  "prob_loss_10pct": 0.0,
  "mean_annual_return": 142.49410941608153,
  "median_annual_return": 142.40896354050494,
  "mean_sharpe": 11.45144190565713,
  "median_sharpe": 11.457713966841343
}