{
  "backtest_baseline": {
    "n_simulations": 200000,
    "trades_per_year": 2226,
    "trade_pool_size": 3181,
    "gpu_used": false,
    "pool_stats": {
      "mean_pnl": 64.01088022634393,
      "median_pnl": 6.112798563136033,
      "std_pnl": 263.7872901348881,
      "win_rate": 0.5498270983967306,
      "avg_win": 200.92787130512014,
      "avg_loss": -103.21524924068095,
      "profit_factor": 2.3776236341609636
    },
    "max_drawdown": {
      "1": 0.00847587034325272,
      "5": 0.009557909951061636,
      "10": 0.010246223766964511,
      "25": 0.01161245973967191,
      "50": 0.013556357610035626,
      "75": 0.01610687087620607,
      "90": 0.019103396523774425,
      "95": 0.02130085269372118,
      "99": 0.026329004905306347
    },
    "annual_return_pct": {
      "1": 114.06593922890322,
      "5": 122.22404379951166,
      "10": 126.63985218146485,
      "25": 134.02009429122546,
      "50": 142.40896354050494,
      "75": 150.80618543522758,
      "90": 158.49099307207666,
      "95": 163.1339347775625,
      "99": 171.79615175112866
    },
    "final_equity": {
      "1": 214065.93922890324,
      "5": 222224.04379951168,
      "10": 226639.85218146484,
      "25": 234020.09429122545,
      "50": 242408.96354050495,
      "75": 250806.18543522758,
      "90": 258490.99307207667,
      "95": 263133.9347775625,
      "99": 271796.15175112867
    },
    "sharpe_ratio": {
      "1": 9.660523649978076,
      "5": 10.187600615390409,
      "10": 10.473186635667858,
      "25": 10.942526257908318,
      "50": 11.457713966841343,
      "75": 11.967182397972964,
      "90": 12.420477626380576,
      "95": 12.691047485710333,
      "99": 13.201866426172028
    },
    "consecutive_losses": {
      "1": 7,
      "5": 7,
      "10": 7,
      "25": 8,
      "50": 9,
      "75": 10,
      "90": 11,
      "95": 12,
      "99": 14
    },
    "ruin_ftmo_10pct": 0.0,
    "ruin_ftmo_5pct_daily": 1e-05,
    "prob_profit_1yr": 1.0,
    "prob_profit_20pct": 1.0,
    "prob_loss_10pct": 0.0,
    "mean_annual_return": 142.49410941608153,
    "median_annual_return": 142.40896354050494,
    "mean_sharpe": 11.45144190565713,
    "median_sharpe": 11.457713966841343
  },
  "stress_50pct_decay": {
    "n_simulations": 200000,
    "trades_per_year": 2226,
    "trade_pool_size": 3181,
    "gpu_used": false,
    "pool_stats": {
      "mean_pnl": 9.51928157138317,
      "median_pnl": 2.9821526618463436,
      "std_pnl": 149.7035675820711,
      "win_rate": 0.5498270983967306,
      "avg_win": 99.10678977783313,
      "avg_loss": -99.90009821428788,
      "profit_factor": 1.2116698046420942
    },
    "max_drawdown": {
      "1": 0.0176857140529809,
      "5": 0.0207060747255592,
      "10": 0.02268061191571201,
      "25": 0.026731927089772865,
      "50": 0.03263482743923684,
      "75": 0.04059261924153268,
      "90": 0.050112689296547525,
      "95": 0.05705887208750016,
      "99": 0.07272569700089752
    },
    "annual_return_pct": {
      "1": 4.999449990573326,
      "5": 9.67081161675272,
      "10": 12.156614335512975,
      "25": 16.37428636465134,
      "50": 21.130720466972125,
      "75": 25.95685741683014,
      "90": 30.301468970043075,
      "95": 32.89232492779285,
      "99": 37.75055771179548
    },
    "final_equity": {
      "1": 104999.44999057332,
      "5": 109670.81161675272,
      "10": 112156.61433551298,
      "25": 116374.28636465134,
      "50": 121130.72046697212,
      "75": 125956.85741683014,
      "90": 130301.46897004308,
      "95": 132892.32492779286,
      "99": 137750.55771179547
    },
    "sharpe_ratio": {
      "1": 0.7289297485800416,
      "5": 1.3983601565021295,
      "10": 1.7509528436735577,
      "25": 2.340976244247747,
      "50": 2.994377066545936,
      "75": 3.6477740366702056,
      "90": 4.2246790931615195,
      "95": 4.56662060812689,
      "99": 5.206552868781362
    },
    "consecutive_losses": {
      "1": 7,
      "5": 7,
      "10": 7,
      "25": 8,
      "50": 9,
      "75": 10,
      "90": 11,
      "95": 12,
      "99": 14
    },
    "ruin_ftmo_10pct": 0.000645,
    "ruin_ftmo_5pct_daily": 0.10102,
    "prob_profit_1yr": 0.99881,
    "prob_profit_20pct": 0.56408,
    "prob_loss_10pct": 0.0,
    "mean_annual_return": 21.188468982622187,
    "median_annual_return": 21.130720466972125,
    "mean_sharpe": 2.99056419707148,
    "median_sharpe": 2.994377066545936
  },
  "stress_70pct_decay": {
    "n_simulations": 200000,
    "trades_per_year": 2226,
    "trade_pool_size": 3181,
    "gpu_used": false,
    "pool_stats": {
      "mean_pnl": -12.277357890601131,
      "median_pnl": 1.789291597107806,
      "std_pnl": 112.1329495426835,
      "win_rate": 0.5498270983967306,
      "avg_win": 59.46407386669988,
      "avg_loss": -99.90009821428788,
      "profit_factor": 0.7270018827852565
    },
    "max_drawdown": {
      "1": 0.16234571876275303,
      "5": 0.19689218226842078,
      "10": 0.2152786931427794,
      "25": 0.2463964085997627,
      "50": 0.28071237411600136,
      "75": 0.3155730103646171,
      "90": 0.3468842763503216,
      "95": 0.3654384870517491,
      "99": 0.40105483548671705
    },
    "annual_return_pct": {
      "1": -39.640724804276005,
      "5": -36.01362673180807,
      "10": -34.12256869362682,
      "25": -30.91937571890653,
      "50": -27.34301660139318,
      "75": -23.785587969359632,
      "90": -20.563376948410987,
      "95": -18.628358301678837,
      "99": -15.002085459691044
    },
    "final_equity": {
      "1": 60359.27519572399,
      "5": 63986.373268191935,
      "10": 65877.43130637318,
      "25": 69080.62428109348,
      "50": 72656.98339860683,
      "75": 76214.41203064036,
      "90": 79436.623051589,
      "95": 81371.64169832117,
      "99": 84997.91454030895
    },
    "sharpe_ratio": {
      "1": -7.564934595694609,
      "5": -6.860015401737167,
      "10": -6.483705821924396,
      "25": -5.861923069811951,
      "50": -5.171947267585505,
      "75": -4.488367043185171,
      "90": -3.870299588702215,
      "95": -3.501835392948987,
      "99": -2.8123666676101617
    },
    "consecutive_losses": {
      "1": 7,
      "5": 7,
      "10": 7,
      "25": 8,
      "50": 9,
      "75": 10,
      "90": 11,
      "95": 12,
      "99": 14
    },
    "ruin_ftmo_10pct": 0.999845,
    "ruin_ftmo_5pct_daily": 1.0,
    "prob_profit_1yr": 0.0,
    "prob_profit_20pct": 0.0,
    "prob_loss_10pct": 0.999435,
    "mean_annual_return": -27.345093221270822,
    "median_annual_return": -27.34301660139318,
    "mean_sharpe": -5.175644171374958,
    "median_sharpe": -5.171947267585505
  },
  "stress_regime_change": {
    "n_simulations": 200000,
    "trades_per_year": 2226,
    "trade_pool_size": 3181,
    "gpu_used": false,
    "pool_stats": {
      "mean_pnl": 30.357637911840555,
      "median_pnl": -0.48376655557729065,
      "std_pnl": 261.13333191696535,
      "win_rate": 0.4951273184533166,
      "avg_win": 195.432718403518,
      "avg_loss": -131.5310618231482,
      "profit_factor": 1.45714900486204
    },
    "max_drawdown": {
      "1": 0.01866302035388923,
      "5": 0.021587963850110792,
      "10": 0.02343782703531005,
      "25": 0.027129340427236817,
      "50": 0.03238815559542814,
      "75": 0.03929399583063396,
      "90": 0.0475194692671971,
      "95": 0.05342314462169706,
      "99": 0.06728632766691658
    },
    "annual_return_pct": {
      "1": 39.20700753843479,
      "5": 47.43681011002555,
      "10": 51.8811023370335,
      "25": 59.24937209243306,
      "50": 67.5410077335872,
      "75": 75.83781680999842,
      "90": 83.50909890725612,
      "95": 88.21688372670624,
      "99": 96.83493404457653
    },
    "final_equity": {
      "1": 139207.0075384348,
      "5": 147436.81011002554,
      "10": 151881.1023370335,
      "25": 159249.37209243307,
      "50": 167541.00773358718,
      "75": 175837.81680999842,
      "90": 183509.09890725612,
      "95": 188216.88372670623,
      "99": 196834.93404457654
    },